# Blender v3.2.2 OBJ File: ''
# www.blender.org
mtllib metal_stand.mtl
o metal_stand
v 0.885600 -0.000002 -0.722920
v 0.883704 -0.057922 -0.722920
v 0.878023 -0.115595 -0.722920
v 0.868583 -0.172773 -0.722920
v 0.855424 -0.229211 -0.722920
v 0.838601 -0.284668 -0.722920
v 0.818187 -0.338905 -0.722920
v 0.794270 -0.391691 -0.722920
v 0.766952 -0.442801 -0.722920
v 0.736349 -0.492013 -0.722920
v 0.702593 -0.539119 -0.722920
v 0.665829 -0.583917 -0.722920
v 0.626214 -0.626214 -0.722920
v 0.583917 -0.665829 -0.722920
v 0.539119 -0.702594 -0.722920
v 0.492013 -0.736349 -0.722920
v 0.442800 -0.766952 -0.722920
v 0.391691 -0.794270 -0.722920
v 0.338905 -0.818187 -0.722920
v 0.284667 -0.838601 -0.722920
v 0.229211 -0.855424 -0.722920
v 0.172773 -0.868583 -0.722920
v 0.115595 -0.878023 -0.722920
v 0.057922 -0.883704 -0.722920
v 0.000001 -0.885600 -0.722920
v -0.057920 -0.883704 -0.722920
v -0.115592 -0.878024 -0.722920
v -0.172770 -0.868584 -0.722920
v -0.229208 -0.855424 -0.722920
v -0.284665 -0.838602 -0.722920
v -0.338903 -0.818188 -0.722920
v -0.391689 -0.794271 -0.722920
v -0.442798 -0.766953 -0.722920
v -0.492011 -0.736351 -0.722920
v -0.539117 -0.702595 -0.722920
v -0.583915 -0.665831 -0.722920
v -0.626212 -0.626215 -0.722920
v -0.665828 -0.583918 -0.722920
v -0.702592 -0.539121 -0.722920
v -0.736348 -0.492015 -0.722920
v -0.766951 -0.442802 -0.722920
v -0.794270 -0.391693 -0.722920
v -0.818187 -0.338906 -0.722920
v -0.838601 -0.284669 -0.722920
v -0.855423 -0.229212 -0.722920
v -0.868583 -0.172774 -0.722920
v -0.878023 -0.115596 -0.722920
v -0.883704 -0.057922 -0.722920
v -0.885600 -0.000001 -0.722920
v -0.883704 0.057920 -0.722920
v -0.878024 0.115593 -0.722920
v -0.868584 0.172771 -0.722920
v -0.855424 0.229209 -0.722920
v -0.838602 0.284666 -0.722920
v -0.818188 0.338904 -0.722920
v -0.794271 0.391690 -0.722920
v -0.766952 0.442799 -0.722920
v -0.736350 0.492013 -0.722920
v -0.702594 0.539119 -0.722920
v -0.665830 0.583916 -0.722920
v -0.626214 0.626214 -0.722920
v -0.583917 0.665829 -0.722920
v -0.539119 0.702594 -0.722920
v -0.492013 0.736350 -0.722920
v -0.442800 0.766952 -0.722920
v -0.391691 0.794271 -0.722920
v -0.338904 0.818188 -0.722920
v -0.284667 0.838601 -0.722920
v -0.229210 0.855424 -0.722920
v -0.172772 0.868583 -0.722920
v -0.115594 0.878024 -0.722920
v -0.057921 0.883704 -0.722920
v 0.000000 0.885600 -0.722920
v 0.057921 0.883704 -0.722920
v 0.115594 0.878024 -0.722920
v 0.172772 0.868583 -0.722920
v 0.229210 0.855424 -0.722920
v 0.284667 0.838601 -0.722920
v 0.338905 0.818188 -0.722920
v 0.391691 0.794270 -0.722920
v 0.442800 0.766952 -0.722920
v 0.492013 0.736349 -0.722920
v 0.539119 0.702594 -0.722920
v 0.583917 0.665829 -0.722920
v 0.626214 0.626214 -0.722920
v 0.665829 0.583917 -0.722920
v 0.702594 0.539119 -0.722920
v 0.736350 0.492013 -0.722920
v 0.766952 0.442800 -0.722920
v 0.794271 0.391691 -0.722920
v 0.818188 0.338904 -0.722920
v 0.838601 0.284667 -0.722920
v 0.855424 0.229210 -0.722920
v 0.868583 0.172772 -0.722920
v 0.878024 0.115594 -0.722920
v 0.883704 0.057921 -0.722920
v 0.884762 -0.000002 -0.716553
v 0.882867 -0.057868 -0.716553
v 0.877192 -0.115486 -0.716553
v 0.867761 -0.172610 -0.716553
v 0.854614 -0.228994 -0.716553
v 0.837807 -0.284398 -0.716553
v 0.817413 -0.338584 -0.716553
v 0.793518 -0.391321 -0.716553
v 0.766226 -0.442381 -0.716553
v 0.735652 -0.491548 -0.716553
v 0.701928 -0.538609 -0.716553
v 0.665199 -0.583364 -0.716553
v 0.625621 -0.625621 -0.716553
v 0.583364 -0.665199 -0.716553
v 0.538609 -0.701929 -0.716553
v 0.491547 -0.735652 -0.716553
v 0.442381 -0.766226 -0.716553
v 0.391321 -0.793518 -0.716553
v 0.338584 -0.817413 -0.716553
v 0.284398 -0.837807 -0.716553
v 0.228994 -0.854614 -0.716553
v 0.172609 -0.867761 -0.716553
v 0.115486 -0.877192 -0.716553
v 0.057867 -0.882867 -0.716553
v 0.000001 -0.884762 -0.716553
v -0.057865 -0.882867 -0.716553
v -0.115483 -0.877193 -0.716553
v -0.172607 -0.867762 -0.716553
v -0.228992 -0.854615 -0.716553
v -0.284396 -0.837808 -0.716553
v -0.338582 -0.817414 -0.716553
v -0.391318 -0.793520 -0.716553
v -0.442379 -0.766227 -0.716553
v -0.491545 -0.735654 -0.716553
v -0.538607 -0.701930 -0.716553
v -0.583362 -0.665201 -0.716553
v -0.625619 -0.625623 -0.716553
v -0.665198 -0.583366 -0.716553
v -0.701927 -0.538611 -0.716553
v -0.735651 -0.491549 -0.716553
v -0.766225 -0.442383 -0.716553
v -0.793518 -0.391322 -0.716553
v -0.817413 -0.338585 -0.716553
v -0.837807 -0.284399 -0.716553
v -0.854614 -0.228995 -0.716553
v -0.867761 -0.172610 -0.716553
v -0.877192 -0.115486 -0.716553
v -0.882867 -0.057868 -0.716553
v -0.884762 -0.000001 -0.716553
v -0.882867 0.057865 -0.716553
v -0.877193 0.115483 -0.716553
v -0.867761 0.172607 -0.716553
v -0.854614 0.228992 -0.716553
v -0.837808 0.284396 -0.716553
v -0.817414 0.338583 -0.716553
v -0.793519 0.391319 -0.716553
v -0.766226 0.442380 -0.716553
v -0.735653 0.491547 -0.716553
v -0.701929 0.538608 -0.716553
v -0.665199 0.583364 -0.716553
v -0.625621 0.625621 -0.716553
v -0.583364 0.665199 -0.716553
v -0.538609 0.701929 -0.716553
v -0.491547 0.735653 -0.716553
v -0.442381 0.766226 -0.716553
v -0.391320 0.793519 -0.716553
v -0.338583 0.817413 -0.716553
v -0.284397 0.837808 -0.716553
v -0.228993 0.854614 -0.716553
v -0.172608 0.867761 -0.716553
v -0.115484 0.877192 -0.716553
v -0.057866 0.882867 -0.716553
v 0.000000 0.884762 -0.716553
v 0.057866 0.882867 -0.716553
v 0.115485 0.877192 -0.716553
v 0.172609 0.867761 -0.716553
v 0.228993 0.854614 -0.716553
v 0.284397 0.837808 -0.716553
v 0.338584 0.817413 -0.716553
v 0.391320 0.793519 -0.716553
v 0.442381 0.766226 -0.716553
v 0.491547 0.735652 -0.716553
v 0.538609 0.701929 -0.716553
v 0.583364 0.665199 -0.716553
v 0.625621 0.625621 -0.716553
v 0.665199 0.583364 -0.716553
v 0.701929 0.538609 -0.716553
v 0.735653 0.491547 -0.716553
v 0.766226 0.442381 -0.716553
v 0.793519 0.391320 -0.716553
v 0.817413 0.338584 -0.716553
v 0.837808 0.284397 -0.716553
v 0.854614 0.228993 -0.716553
v 0.867761 0.172608 -0.716553
v 0.877192 0.115485 -0.716553
v 0.882867 0.057866 -0.716553
v 0.882304 -0.000002 -0.710620
v 0.880415 -0.057707 -0.710620
v 0.874756 -0.115165 -0.710620
v 0.865351 -0.172130 -0.710620
v 0.852240 -0.228358 -0.710620
v 0.835480 -0.283608 -0.710620
v 0.815143 -0.337644 -0.710620
v 0.791314 -0.390234 -0.710620
v 0.764098 -0.441153 -0.710620
v 0.733609 -0.490182 -0.710620
v 0.699979 -0.537113 -0.710620
v 0.663351 -0.581744 -0.710620
v 0.623883 -0.623883 -0.710620
v 0.581744 -0.663351 -0.710620
v 0.537113 -0.699979 -0.710620
v 0.490182 -0.733609 -0.710620
v 0.441152 -0.764098 -0.710620
v 0.390234 -0.791314 -0.710620
v 0.337644 -0.815143 -0.710620
v 0.283608 -0.835480 -0.710620
v 0.228358 -0.852240 -0.710620
v 0.172130 -0.865351 -0.710620
v 0.115165 -0.874756 -0.710620
v 0.057707 -0.880415 -0.710620
v 0.000001 -0.882304 -0.710620
v -0.057704 -0.880415 -0.710620
v -0.115162 -0.874756 -0.710620
v -0.172127 -0.865351 -0.710620
v -0.228355 -0.852241 -0.710620
v -0.283606 -0.835481 -0.710620
v -0.337641 -0.815144 -0.710620
v -0.390231 -0.791316 -0.710620
v -0.441150 -0.764099 -0.710620
v -0.490180 -0.733610 -0.710620
v -0.537111 -0.699981 -0.710620
v -0.581742 -0.663353 -0.710620
v -0.623882 -0.623885 -0.710620
v -0.663350 -0.581745 -0.710620
v -0.699978 -0.537115 -0.710620
v -0.733608 -0.490184 -0.710620
v -0.764097 -0.441154 -0.710620
v -0.791314 -0.390235 -0.710620
v -0.815142 -0.337645 -0.710620
v -0.835480 -0.283609 -0.710620
v -0.852240 -0.228359 -0.710620
v -0.865351 -0.172131 -0.710620
v -0.874756 -0.115165 -0.710620
v -0.880415 -0.057707 -0.710620
v -0.882304 -0.000001 -0.710620
v -0.880415 0.057704 -0.710620
v -0.874756 0.115163 -0.710620
v -0.865351 0.172128 -0.710620
v -0.852241 0.228356 -0.710620
v -0.835481 0.283607 -0.710620
v -0.815143 0.337642 -0.710620
v -0.791315 0.390233 -0.710620
v -0.764098 0.441152 -0.710620
v -0.733609 0.490182 -0.710620
v -0.699979 0.537112 -0.710620
v -0.663352 0.581743 -0.710620
v -0.623883 0.623883 -0.710620
v -0.581744 0.663351 -0.710620
v -0.537113 0.699979 -0.710620
v -0.490182 0.733609 -0.710620
v -0.441152 0.764098 -0.710620
v -0.390233 0.791315 -0.710620
v -0.337643 0.815143 -0.710620
v -0.283607 0.835481 -0.710620
v -0.228357 0.852241 -0.710620
v -0.172129 0.865351 -0.710620
v -0.115164 0.874756 -0.710620
v -0.057705 0.880415 -0.710620
v 0.000000 0.882304 -0.710620
v 0.057706 0.880415 -0.710620
v 0.115164 0.874756 -0.710620
v 0.172129 0.865351 -0.710620
v 0.228357 0.852240 -0.710620
v 0.283608 0.835480 -0.710620
v 0.337643 0.815143 -0.710620
v 0.390233 0.791315 -0.710620
v 0.441152 0.764098 -0.710620
v 0.490182 0.733609 -0.710620
v 0.537113 0.699979 -0.710620
v 0.581744 0.663351 -0.710620
v 0.623883 0.623883 -0.710620
v 0.663352 0.581744 -0.710620
v 0.699979 0.537113 -0.710620
v 0.733609 0.490182 -0.710620
v 0.764098 0.441152 -0.710620
v 0.791315 0.390233 -0.710620
v 0.815143 0.337643 -0.710620
v 0.835480 0.283607 -0.710620
v 0.852240 0.228357 -0.710620
v 0.865351 0.172129 -0.710620
v 0.874756 0.115164 -0.710620
v 0.880415 0.057705 -0.710620
v 0.878395 -0.000002 -0.705525
v 0.876514 -0.057451 -0.705525
v 0.870880 -0.114655 -0.705525
v 0.861516 -0.171367 -0.705525
v 0.848464 -0.227346 -0.705525
v 0.831778 -0.282352 -0.705525
v 0.811531 -0.336148 -0.705525
v 0.787808 -0.388505 -0.705525
v 0.760712 -0.439198 -0.705525
v 0.730358 -0.488010 -0.705525
v 0.696877 -0.534733 -0.705525
v 0.660412 -0.579166 -0.705525
v 0.621119 -0.621119 -0.705525
v 0.579166 -0.660412 -0.705525
v 0.534733 -0.696877 -0.705525
v 0.488010 -0.730358 -0.705525
v 0.439198 -0.760712 -0.705525
v 0.388505 -0.787808 -0.705525
v 0.336148 -0.811531 -0.705525
v 0.282351 -0.831778 -0.705525
v 0.227346 -0.848464 -0.705525
v 0.171367 -0.861517 -0.705525
v 0.114655 -0.870880 -0.705525
v 0.057451 -0.876514 -0.705525
v 0.000001 -0.878395 -0.705525
v -0.057448 -0.876514 -0.705525
v -0.114652 -0.870880 -0.705525
v -0.171365 -0.861517 -0.705525
v -0.227344 -0.848465 -0.705525
v -0.282349 -0.831779 -0.705525
v -0.336145 -0.811532 -0.705525
v -0.388502 -0.787809 -0.705525
v -0.439196 -0.760713 -0.705525
v -0.488008 -0.730360 -0.705525
v -0.534731 -0.696879 -0.705525
v -0.579164 -0.660414 -0.705525
v -0.621117 -0.621121 -0.705525
v -0.660411 -0.579168 -0.705525
v -0.696876 -0.534735 -0.705525
v -0.730357 -0.488012 -0.705525
v -0.760711 -0.439199 -0.705525
v -0.787808 -0.388506 -0.705525
v -0.811530 -0.336149 -0.705525
v -0.831778 -0.282352 -0.705525
v -0.848464 -0.227347 -0.705525
v -0.861516 -0.171368 -0.705525
v -0.870880 -0.114655 -0.705525
v -0.876514 -0.057451 -0.705525
v -0.878395 -0.000001 -0.705525
v -0.876514 0.057449 -0.705525
v -0.870880 0.114652 -0.705525
v -0.861517 0.171365 -0.705525
v -0.848464 0.227344 -0.705525
v -0.831779 0.282350 -0.705525
v -0.811531 0.336146 -0.705525
v -0.787809 0.388503 -0.705525
v -0.760713 0.439197 -0.705525
v -0.730359 0.488010 -0.705525
v -0.696878 0.534733 -0.705525
v -0.660412 0.579166 -0.705525
v -0.621119 0.621119 -0.705525
v -0.579166 0.660412 -0.705525
v -0.534733 0.696877 -0.705525
v -0.488010 0.730359 -0.705525
v -0.439197 0.760712 -0.705525
v -0.388504 0.787809 -0.705525
v -0.336147 0.811531 -0.705525
v -0.282351 0.831779 -0.705525
v -0.227345 0.848464 -0.705525
v -0.171366 0.861517 -0.705525
v -0.114653 0.870880 -0.705525
v -0.057450 0.876514 -0.705525
v 0.000000 0.878395 -0.705525
v 0.057450 0.876514 -0.705525
v 0.114654 0.870880 -0.705525
v 0.171366 0.861517 -0.705525
v 0.227345 0.848464 -0.705525
v 0.282351 0.831779 -0.705525
v 0.336147 0.811531 -0.705525
v 0.388504 0.787808 -0.705525
v 0.439197 0.760712 -0.705525
v 0.488010 0.730359 -0.705525
v 0.534733 0.696877 -0.705525
v 0.579166 0.660412 -0.705525
v 0.621119 0.621119 -0.705525
v 0.660412 0.579166 -0.705525
v 0.696878 0.534733 -0.705525
v 0.730359 0.488010 -0.705525
v 0.760712 0.439197 -0.705525
v 0.787808 0.388504 -0.705525
v 0.811531 0.336147 -0.705525
v 0.831779 0.282351 -0.705525
v 0.848464 0.227345 -0.705525
v 0.861517 0.171366 -0.705525
v 0.870880 0.114654 -0.705525
v 0.876514 0.057450 -0.705525
v 0.873300 -0.000002 -0.701616
v 0.871430 -0.057118 -0.701616
v 0.865829 -0.113990 -0.701616
v 0.856520 -0.170374 -0.701616
v 0.843543 -0.226028 -0.701616
v 0.826954 -0.280714 -0.701616
v 0.806824 -0.334198 -0.701616
v 0.783239 -0.386251 -0.701616
v 0.756300 -0.436651 -0.701616
v 0.726122 -0.485180 -0.701616
v 0.692835 -0.531632 -0.701616
v 0.656582 -0.575807 -0.701616
v 0.617516 -0.617516 -0.701616
v 0.575807 -0.656582 -0.701616
v 0.531631 -0.692835 -0.701616
v 0.485180 -0.726122 -0.701616
v 0.436650 -0.756300 -0.701616
v 0.386251 -0.783239 -0.701616
v 0.334198 -0.806824 -0.701616
v 0.280714 -0.826954 -0.701616
v 0.226027 -0.843543 -0.701616
v 0.170373 -0.856520 -0.701616
v 0.113990 -0.865829 -0.701616
v 0.057118 -0.871430 -0.701616
v 0.000001 -0.873300 -0.701616
v -0.057115 -0.871430 -0.701616
v -0.113987 -0.865829 -0.701616
v -0.170371 -0.856520 -0.701616
v -0.226025 -0.843543 -0.701616
v -0.280711 -0.826955 -0.701616
v -0.334196 -0.806825 -0.701616
v -0.386249 -0.783240 -0.701616
v -0.436648 -0.756301 -0.701616
v -0.485178 -0.726124 -0.701616
v -0.531629 -0.692837 -0.701616
v -0.575805 -0.656583 -0.701616
v -0.617515 -0.617518 -0.701616
v -0.656580 -0.575808 -0.701616
v -0.692834 -0.531633 -0.701616
v -0.726121 -0.485181 -0.701616
v -0.756299 -0.436652 -0.701616
v -0.783238 -0.386252 -0.701616
v -0.806823 -0.334199 -0.701616
v -0.826954 -0.280715 -0.701616
v -0.843543 -0.226028 -0.701616
v -0.856519 -0.170374 -0.701616
v -0.865829 -0.113990 -0.701616
v -0.871430 -0.057118 -0.701616
v -0.873300 -0.000001 -0.701616
v -0.871430 0.057115 -0.701616
v -0.865829 0.113987 -0.701616
v -0.856520 0.170371 -0.701616
v -0.843543 0.226026 -0.701616
v -0.826954 0.280712 -0.701616
v -0.806824 0.334197 -0.701616
v -0.783239 0.386250 -0.701616
v -0.756300 0.436650 -0.701616
v -0.726123 0.485179 -0.701616
v -0.692836 0.531631 -0.701616
v -0.656582 0.575806 -0.701616
v -0.617517 0.617516 -0.701616
v -0.575807 0.656582 -0.701616
v -0.531631 0.692835 -0.701616
v -0.485179 0.726122 -0.701616
v -0.436650 0.756300 -0.701616
v -0.386250 0.783239 -0.701616
v -0.334197 0.806824 -0.701616
v -0.280713 0.826954 -0.701616
v -0.226026 0.843543 -0.701616
v -0.170372 0.856520 -0.701616
v -0.113988 0.865829 -0.701616
v -0.057116 0.871430 -0.701616
v 0.000000 0.873300 -0.701616
v 0.057117 0.871430 -0.701616
v 0.113989 0.865829 -0.701616
v 0.170373 0.856520 -0.701616
v 0.226027 0.843543 -0.701616
v 0.280713 0.826954 -0.701616
v 0.334198 0.806824 -0.701616
v 0.386251 0.783239 -0.701616
v 0.436650 0.756300 -0.701616
v 0.485180 0.726122 -0.701616
v 0.531631 0.692835 -0.701616
v 0.575807 0.656582 -0.701616
v 0.617516 0.617516 -0.701616
v 0.656582 0.575807 -0.701616
v 0.692836 0.531631 -0.701616
v 0.726122 0.485179 -0.701616
v 0.756300 0.436650 -0.701616
v 0.783239 0.386251 -0.701616
v 0.806824 0.334197 -0.701616
v 0.826954 0.280713 -0.701616
v 0.843543 0.226027 -0.701616
v 0.856520 0.170372 -0.701616
v 0.865829 0.113989 -0.701616
v 0.871430 0.057117 -0.701616
v 0.867367 -0.000002 -0.699158
v 0.865510 -0.056730 -0.699158
v 0.859946 -0.113215 -0.699158
v 0.850700 -0.169216 -0.699158
v 0.837812 -0.224492 -0.699158
v 0.821336 -0.278807 -0.699158
v 0.801342 -0.331928 -0.699158
v 0.777918 -0.383627 -0.699158
v 0.751162 -0.433684 -0.699158
v 0.721189 -0.481884 -0.699158
v 0.688128 -0.528020 -0.699158
v 0.652121 -0.571895 -0.699158
v 0.613321 -0.613321 -0.699158
v 0.571895 -0.652121 -0.699158
v 0.528020 -0.688128 -0.699158
v 0.481883 -0.721189 -0.699158
v 0.433684 -0.751162 -0.699158
v 0.383627 -0.777918 -0.699158
v 0.331927 -0.801342 -0.699158
v 0.278807 -0.821336 -0.699158
v 0.224492 -0.837812 -0.699158
v 0.169216 -0.850701 -0.699158
v 0.113215 -0.859946 -0.699158
v 0.056730 -0.865510 -0.699158
v 0.000001 -0.867367 -0.699158
v -0.056727 -0.865510 -0.699158
v -0.113213 -0.859947 -0.699158
v -0.169213 -0.850701 -0.699158
v -0.224489 -0.837813 -0.699158
v -0.278804 -0.821337 -0.699158
v -0.331925 -0.801343 -0.699158
v -0.383625 -0.777919 -0.699158
v -0.433682 -0.751163 -0.699158
v -0.481881 -0.721191 -0.699158
v -0.528018 -0.688130 -0.699158
v -0.571893 -0.652123 -0.699158
v -0.613319 -0.613323 -0.699158
v -0.652119 -0.571897 -0.699158
v -0.688127 -0.528021 -0.699158
v -0.721188 -0.481885 -0.699158
v -0.751161 -0.433685 -0.699158
v -0.777917 -0.383628 -0.699158
v -0.801342 -0.331929 -0.699158
v -0.821335 -0.278808 -0.699158
v -0.837812 -0.224493 -0.699158
v -0.850700 -0.169216 -0.699158
v -0.859946 -0.113216 -0.699158
v -0.865510 -0.056730 -0.699158
v -0.867367 -0.000001 -0.699158
v -0.865510 0.056727 -0.699158
v -0.859947 0.113213 -0.699158
v -0.850701 0.169214 -0.699158
v -0.837812 0.224490 -0.699158
v -0.821336 0.278805 -0.699158
v -0.801343 0.331926 -0.699158
v -0.777918 0.383626 -0.699158
v -0.751162 0.433683 -0.699158
v -0.721190 0.481883 -0.699158
v -0.688129 0.528019 -0.699158
v -0.652121 0.571895 -0.699158
v -0.613321 0.613321 -0.699158
v -0.571895 0.652121 -0.699158
v -0.528020 0.688128 -0.699158
v -0.481883 0.721189 -0.699158
v -0.433683 0.751162 -0.699158
v -0.383626 0.777918 -0.699158
v -0.331927 0.801343 -0.699158
v -0.278806 0.821336 -0.699158
v -0.224491 0.837812 -0.699158
v -0.169215 0.850701 -0.699158
v -0.113214 0.859947 -0.699158
v -0.056728 0.865510 -0.699158
v 0.000000 0.867367 -0.699158
v 0.056729 0.865510 -0.699158
v 0.113214 0.859946 -0.699158
v 0.169215 0.850701 -0.699158
v 0.224491 0.837812 -0.699158
v 0.278806 0.821336 -0.699158
v 0.331927 0.801343 -0.699158
v 0.383627 0.777918 -0.699158
v 0.433684 0.751162 -0.699158
v 0.481883 0.721189 -0.699158
v 0.528020 0.688128 -0.699158
v 0.571895 0.652121 -0.699158
v 0.613321 0.613321 -0.699158
v 0.652121 0.571895 -0.699158
v 0.688129 0.528019 -0.699158
v 0.721189 0.481883 -0.699158
v 0.751162 0.433683 -0.699158
v 0.777918 0.383627 -0.699158
v 0.801343 0.331927 -0.699158
v 0.821336 0.278806 -0.699158
v 0.837812 0.224491 -0.699158
v 0.850701 0.169215 -0.699158
v 0.859947 0.113214 -0.699158
v 0.865510 0.056729 -0.699158
v 0.861000 -0.000001 -0.698320
v 0.859156 -0.056313 -0.698320
v 0.853634 -0.112384 -0.698320
v 0.844456 -0.167974 -0.698320
v 0.831662 -0.222844 -0.698320
v 0.815307 -0.276760 -0.698320
v 0.795460 -0.329491 -0.698320
v 0.772207 -0.380811 -0.698320
v 0.745648 -0.430501 -0.698320
v 0.715895 -0.478346 -0.698320
v 0.683077 -0.524144 -0.698320
v 0.647334 -0.567697 -0.698320
v 0.608819 -0.608819 -0.698320
v 0.567697 -0.647334 -0.698320
v 0.524144 -0.683077 -0.698320
v 0.478346 -0.715895 -0.698320
v 0.430500 -0.745648 -0.698320
v 0.380811 -0.772207 -0.698320
v 0.329491 -0.795460 -0.698320
v 0.276760 -0.815307 -0.698320
v 0.222844 -0.831662 -0.698320
v 0.167974 -0.844456 -0.698320
v 0.112384 -0.853634 -0.698320
v 0.056313 -0.859156 -0.698320
v 0.000001 -0.861000 -0.698320
v -0.056311 -0.859157 -0.698320
v -0.112382 -0.853634 -0.698320
v -0.167971 -0.844456 -0.698320
v -0.222842 -0.831663 -0.698320
v -0.276758 -0.815307 -0.698320
v -0.329489 -0.795461 -0.698320
v -0.380809 -0.772208 -0.698320
v -0.430498 -0.745649 -0.698320
v -0.478344 -0.715897 -0.698320
v -0.524142 -0.683079 -0.698320
v -0.567695 -0.647336 -0.698320
v -0.608817 -0.608821 -0.698320
v -0.647333 -0.567698 -0.698320
v -0.683076 -0.524145 -0.698320
v -0.715894 -0.478348 -0.698320
v -0.745647 -0.430502 -0.698320
v -0.772207 -0.380812 -0.698320
v -0.795460 -0.329492 -0.698320
v -0.815306 -0.276761 -0.698320
v -0.831662 -0.222845 -0.698320
v -0.844456 -0.167974 -0.698320
v -0.853634 -0.112385 -0.698320
v -0.859156 -0.056313 -0.698320
v -0.861000 -0.000001 -0.698320
v -0.859157 0.056311 -0.698320
v -0.853634 0.112382 -0.698320
v -0.844456 0.167972 -0.698320
v -0.831662 0.222842 -0.698320
v -0.815307 0.276759 -0.698320
v -0.795461 0.329490 -0.698320
v -0.772208 0.380810 -0.698320
v -0.745648 0.430500 -0.698320
v -0.715896 0.478346 -0.698320
v -0.683077 0.524143 -0.698320
v -0.647334 0.567697 -0.698320
v -0.608819 0.608819 -0.698320
v -0.567697 0.647334 -0.698320
v -0.524144 0.683077 -0.698320
v -0.478346 0.715895 -0.698320
v -0.430500 0.745648 -0.698320
v -0.380810 0.772208 -0.698320
v -0.329490 0.795460 -0.698320
v -0.276759 0.815307 -0.698320
v -0.222843 0.831662 -0.698320
v -0.167973 0.844456 -0.698320
v -0.112383 0.853634 -0.698320
v -0.056312 0.859157 -0.698320
v 0.000000 0.861000 -0.698320
v 0.056312 0.859156 -0.698320
v 0.112383 0.853634 -0.698320
v 0.167973 0.844456 -0.698320
v 0.222843 0.831662 -0.698320
v 0.276760 0.815307 -0.698320
v 0.329491 0.795460 -0.698320
v 0.380811 0.772207 -0.698320
v 0.430500 0.745648 -0.698320
v 0.478346 0.715895 -0.698320
v 0.524144 0.683077 -0.698320
v 0.567697 0.647334 -0.698320
v 0.608819 0.608819 -0.698320
v 0.647334 0.567697 -0.698320
v 0.683077 0.524144 -0.698320
v 0.715895 0.478346 -0.698320
v 0.745648 0.430500 -0.698320
v 0.772207 0.380811 -0.698320
v 0.795460 0.329490 -0.698320
v 0.815307 0.276759 -0.698320
v 0.831662 0.222843 -0.698320
v 0.844456 0.167973 -0.698320
v 0.853634 0.112383 -0.698320
v 0.859157 0.056312 -0.698320
v 0.854633 -0.000001 -0.699158
v 0.852803 -0.055897 -0.699158
v 0.847321 -0.111553 -0.699158
v 0.838211 -0.166732 -0.699158
v 0.825512 -0.221196 -0.699158
v 0.809277 -0.274714 -0.699158
v 0.789578 -0.327055 -0.699158
v 0.766497 -0.377995 -0.699158
v 0.740134 -0.427317 -0.699158
v 0.710601 -0.474809 -0.699158
v 0.678026 -0.520268 -0.699158
v 0.642547 -0.563499 -0.699158
v 0.604317 -0.604317 -0.699158
v 0.563499 -0.642547 -0.699158
v 0.520268 -0.678026 -0.699158
v 0.474809 -0.710601 -0.699158
v 0.427317 -0.740134 -0.699158
v 0.377995 -0.766497 -0.699158
v 0.327054 -0.789578 -0.699158
v 0.274713 -0.809278 -0.699158
v 0.221196 -0.825512 -0.699158
v 0.166732 -0.838211 -0.699158
v 0.111553 -0.847321 -0.699158
v 0.055897 -0.852803 -0.699158
v 0.000001 -0.854633 -0.699158
v -0.055894 -0.852803 -0.699158
v -0.111551 -0.847322 -0.699158
v -0.166729 -0.838212 -0.699158
v -0.221194 -0.825513 -0.699158
v -0.274711 -0.809278 -0.699158
v -0.327052 -0.789579 -0.699158
v -0.377993 -0.766498 -0.699158
v -0.427315 -0.740135 -0.699158
v -0.474807 -0.710603 -0.699158
v -0.520266 -0.678027 -0.699158
v -0.563497 -0.642549 -0.699158
v -0.604315 -0.604318 -0.699158
v -0.642546 -0.563500 -0.699158
v -0.678025 -0.520269 -0.699158
v -0.710600 -0.474810 -0.699158
v -0.740133 -0.427318 -0.699158
v -0.766496 -0.377996 -0.699158
v -0.789577 -0.327056 -0.699158
v -0.809277 -0.274714 -0.699158
v -0.825512 -0.221197 -0.699158
v -0.838211 -0.166732 -0.699158
v -0.847321 -0.111553 -0.699158
v -0.852803 -0.055897 -0.699158
v -0.854633 -0.000001 -0.699158
v -0.852803 0.055894 -0.699158
v -0.847322 0.111551 -0.699158
v -0.838212 0.166730 -0.699158
v -0.825512 0.221194 -0.699158
v -0.809278 0.274712 -0.699158
v -0.789578 0.327053 -0.699158
v -0.766497 0.377994 -0.699158
v -0.740134 0.427316 -0.699158
v -0.710602 0.474808 -0.699158
v -0.678026 0.520267 -0.699158
v -0.642547 0.563498 -0.699158
v -0.604317 0.604317 -0.699158
v -0.563499 0.642547 -0.699158
v -0.520268 0.678026 -0.699158
v -0.474809 0.710601 -0.699158
v -0.427316 0.740134 -0.699158
v -0.377994 0.766497 -0.699158
v -0.327054 0.789578 -0.699158
v -0.274713 0.809278 -0.699158
v -0.221195 0.825512 -0.699158
v -0.166730 0.838212 -0.699158
v -0.111552 0.847322 -0.699158
v -0.055895 0.852803 -0.699158
v 0.000000 0.854633 -0.699158
v 0.055896 0.852803 -0.699158
v 0.111552 0.847322 -0.699158
v 0.166731 0.838211 -0.699158
v 0.221195 0.825512 -0.699158
v 0.274713 0.809278 -0.699158
v 0.327054 0.789578 -0.699158
v 0.377995 0.766497 -0.699158
v 0.427317 0.740134 -0.699158
v 0.474809 0.710601 -0.699158
v 0.520268 0.678026 -0.699158
v 0.563499 0.642547 -0.699158
v 0.604317 0.604317 -0.699158
v 0.642547 0.563499 -0.699158
v 0.678026 0.520268 -0.699158
v 0.710601 0.474809 -0.699158
v 0.740134 0.427316 -0.699158
v 0.766497 0.377995 -0.699158
v 0.789578 0.327054 -0.699158
v 0.809278 0.274713 -0.699158
v 0.825512 0.221195 -0.699158
v 0.838211 0.166731 -0.699158
v 0.847322 0.111552 -0.699158
v 0.852803 0.055896 -0.699158
v 0.848700 -0.000001 -0.701616
v 0.846883 -0.055509 -0.701616
v 0.841439 -0.110779 -0.701616
v 0.832392 -0.165574 -0.701616
v 0.819781 -0.219661 -0.701616
v 0.803659 -0.272807 -0.701616
v 0.784096 -0.324784 -0.701616
v 0.761176 -0.375371 -0.701616
v 0.734995 -0.424351 -0.701616
v 0.705668 -0.471513 -0.701616
v 0.673319 -0.516656 -0.701616
v 0.638086 -0.559587 -0.701616
v 0.600121 -0.600122 -0.701616
v 0.559587 -0.638086 -0.701616
v 0.516656 -0.673319 -0.701616
v 0.471513 -0.705668 -0.701616
v 0.424350 -0.734996 -0.701616
v 0.375371 -0.761176 -0.701616
v 0.324784 -0.784096 -0.701616
v 0.272806 -0.803659 -0.701616
v 0.219660 -0.819781 -0.701616
v 0.165574 -0.832392 -0.701616
v 0.110779 -0.841439 -0.701616
v 0.055509 -0.846883 -0.701616
v 0.000001 -0.848700 -0.701616
v -0.055506 -0.846883 -0.701616
v -0.110776 -0.841439 -0.701616
v -0.165572 -0.832393 -0.701616
v -0.219658 -0.819782 -0.701616
v -0.272804 -0.803660 -0.701616
v -0.324782 -0.784097 -0.701616
v -0.375369 -0.761177 -0.701616
v -0.424348 -0.734997 -0.701616
v -0.471511 -0.705670 -0.701616
v -0.516654 -0.673320 -0.701616
v -0.559585 -0.638088 -0.701616
v -0.600120 -0.600123 -0.701616
v -0.638085 -0.559588 -0.701616
v -0.673318 -0.516658 -0.701616
v -0.705667 -0.471514 -0.701616
v -0.734995 -0.424352 -0.701616
v -0.761175 -0.375372 -0.701616
v -0.784096 -0.324785 -0.701616
v -0.803659 -0.272807 -0.701616
v -0.819781 -0.219661 -0.701616
v -0.832392 -0.165575 -0.701616
v -0.841439 -0.110779 -0.701616
v -0.846883 -0.055509 -0.701616
v -0.848700 -0.000001 -0.701616
v -0.846883 0.055506 -0.701616
v -0.841439 0.110776 -0.701616
v -0.832393 0.165572 -0.701616
v -0.819781 0.219659 -0.701616
v -0.803660 0.272805 -0.701616
v -0.784097 0.324783 -0.701616
v -0.761176 0.375370 -0.701616
v -0.734996 0.424350 -0.701616
v -0.705669 0.471512 -0.701616
v -0.673319 0.516656 -0.701616
v -0.638087 0.559587 -0.701616
v -0.600122 0.600121 -0.701616
v -0.559587 0.638086 -0.701616
v -0.516656 0.673319 -0.701616
v -0.471512 0.705668 -0.701616
v -0.424350 0.734996 -0.701616
v -0.375370 0.761176 -0.701616
v -0.324783 0.784097 -0.701616
v -0.272805 0.803660 -0.701616
v -0.219660 0.819781 -0.701616
v -0.165573 0.832392 -0.701616
v -0.110777 0.841439 -0.701616
v -0.055507 0.846883 -0.701616
v 0.000000 0.848700 -0.701616
v 0.055508 0.846883 -0.701616
v 0.110778 0.841439 -0.701616
v 0.165573 0.832392 -0.701616
v 0.219660 0.819781 -0.701616
v 0.272806 0.803660 -0.701616
v 0.324784 0.784097 -0.701616
v 0.375370 0.761176 -0.701616
v 0.424350 0.734996 -0.701616
v 0.471513 0.705668 -0.701616
v 0.516656 0.673319 -0.701616
v 0.559587 0.638086 -0.701616
v 0.600122 0.600121 -0.701616
v 0.638086 0.559587 -0.701616
v 0.673319 0.516656 -0.701616
v 0.705668 0.471512 -0.701616
v 0.734996 0.424350 -0.701616
v 0.761176 0.375370 -0.701616
v 0.784097 0.324783 -0.701616
v 0.803660 0.272806 -0.701616
v 0.819781 0.219660 -0.701616
v 0.832392 0.165573 -0.701616
v 0.841439 0.110778 -0.701616
v 0.846883 0.055508 -0.701616
v 0.843605 -0.000001 -0.705525
v 0.841799 -0.055176 -0.705525
v 0.836388 -0.110114 -0.705525
v 0.827395 -0.164580 -0.705525
v 0.814860 -0.218342 -0.705525
v 0.798835 -0.271169 -0.705525
v 0.779389 -0.322834 -0.705525
v 0.756606 -0.373118 -0.705525
v 0.730583 -0.421803 -0.705525
v 0.701432 -0.468682 -0.705525
v 0.669277 -0.513555 -0.705525
v 0.634256 -0.556228 -0.705525
v 0.596519 -0.596519 -0.705525
v 0.556228 -0.634256 -0.705525
v 0.513554 -0.669277 -0.705525
v 0.468682 -0.701432 -0.705525
v 0.421803 -0.730583 -0.705525
v 0.373117 -0.756606 -0.705525
v 0.322834 -0.779389 -0.705525
v 0.271169 -0.798835 -0.705525
v 0.218342 -0.814860 -0.705525
v 0.164580 -0.827395 -0.705525
v 0.110114 -0.836388 -0.705525
v 0.055176 -0.841799 -0.705525
v 0.000001 -0.843605 -0.705525
v -0.055173 -0.841799 -0.705525
v -0.110111 -0.836388 -0.705525
v -0.164578 -0.827396 -0.705525
v -0.218339 -0.814860 -0.705525
v -0.271166 -0.798836 -0.705525
v -0.322832 -0.779390 -0.705525
v -0.373115 -0.756607 -0.705525
v -0.421801 -0.730585 -0.705525
v -0.468680 -0.701433 -0.705525
v -0.513552 -0.669278 -0.705525
v -0.556226 -0.634258 -0.705525
v -0.596517 -0.596521 -0.705525
v -0.634254 -0.556229 -0.705525
v -0.669276 -0.513556 -0.705525
v -0.701431 -0.468684 -0.705525
v -0.730582 -0.421804 -0.705525
v -0.756606 -0.373119 -0.705525
v -0.779389 -0.322835 -0.705525
v -0.798835 -0.271170 -0.705525
v -0.814860 -0.218343 -0.705525
v -0.827395 -0.164581 -0.705525
v -0.836388 -0.110114 -0.705525
v -0.841799 -0.055176 -0.705525
v -0.843605 -0.000001 -0.705525
v -0.841799 0.055173 -0.705525
v -0.836388 0.110111 -0.705525
v -0.827396 0.164578 -0.705525
v -0.814860 0.218340 -0.705525
v -0.798835 0.271167 -0.705525
v -0.779390 0.322833 -0.705525
v -0.756607 0.373116 -0.705525
v -0.730584 0.421802 -0.705525
v -0.701432 0.468682 -0.705525
v -0.669277 0.513554 -0.705525
v -0.634256 0.556227 -0.705525
v -0.596519 0.596519 -0.705525
v -0.556228 0.634256 -0.705525
v -0.513554 0.669277 -0.705525
v -0.468682 0.701432 -0.705525
v -0.421802 0.730584 -0.705525
v -0.373117 0.756607 -0.705525
v -0.322834 0.779390 -0.705525
v -0.271168 0.798835 -0.705525
v -0.218341 0.814860 -0.705525
v -0.164579 0.827396 -0.705525
v -0.110112 0.836388 -0.705525
v -0.055174 0.841799 -0.705525
v 0.000000 0.843605 -0.705525
v 0.055175 0.841799 -0.705525
v 0.110113 0.836388 -0.705525
v 0.164579 0.827395 -0.705525
v 0.218341 0.814860 -0.705525
v 0.271168 0.798835 -0.705525
v 0.322834 0.779390 -0.705525
v 0.373117 0.756606 -0.705525
v 0.421803 0.730583 -0.705525
v 0.468682 0.701432 -0.705525
v 0.513554 0.669277 -0.705525
v 0.556228 0.634256 -0.705525
v 0.596519 0.596519 -0.705525
v 0.634256 0.556227 -0.705525
v 0.669277 0.513554 -0.705525
v 0.701432 0.468682 -0.705525
v 0.730584 0.421803 -0.705525
v 0.756606 0.373117 -0.705525
v 0.779390 0.322834 -0.705525
v 0.798835 0.271168 -0.705525
v 0.814860 0.218341 -0.705525
v 0.827395 0.164579 -0.705525
v 0.836388 0.110113 -0.705525
v 0.841799 0.055174 -0.705525
v 0.839696 -0.000001 -0.710620
v 0.837898 -0.054920 -0.710620
v 0.832512 -0.109604 -0.710620
v 0.823561 -0.163818 -0.710620
v 0.811084 -0.217330 -0.710620
v 0.795133 -0.269912 -0.710620
v 0.775777 -0.321338 -0.710620
v 0.753100 -0.371389 -0.710620
v 0.727198 -0.419848 -0.710620
v 0.698181 -0.466510 -0.710620
v 0.666175 -0.511175 -0.710620
v 0.631317 -0.553650 -0.710620
v 0.593754 -0.593755 -0.710620
v 0.553650 -0.631317 -0.710620
v 0.511174 -0.666175 -0.710620
v 0.466510 -0.698181 -0.710620
v 0.419848 -0.727198 -0.710620
v 0.371388 -0.753100 -0.710620
v 0.321338 -0.775778 -0.710620
v 0.269912 -0.795133 -0.710620
v 0.217330 -0.811084 -0.710620
v 0.163817 -0.823561 -0.710620
v 0.109603 -0.832512 -0.710620
v 0.054920 -0.837898 -0.710620
v 0.000001 -0.839696 -0.710620
v -0.054917 -0.837898 -0.710620
v -0.109601 -0.832512 -0.710620
v -0.163815 -0.823562 -0.710620
v -0.217328 -0.811084 -0.710620
v -0.269910 -0.795134 -0.710620
v -0.321336 -0.775778 -0.710620
v -0.371386 -0.753101 -0.710620
v -0.419846 -0.727199 -0.710620
v -0.466508 -0.698183 -0.710620
v -0.511173 -0.666177 -0.710620
v -0.553648 -0.631318 -0.710620
v -0.593753 -0.593756 -0.710620
v -0.631315 -0.553652 -0.710620
v -0.666174 -0.511176 -0.710620
v -0.698180 -0.466512 -0.710620
v -0.727197 -0.419850 -0.710620
v -0.753099 -0.371390 -0.710620
v -0.775777 -0.321339 -0.710620
v -0.795133 -0.269913 -0.710620
v -0.811083 -0.217331 -0.710620
v -0.823561 -0.163818 -0.710620
v -0.832512 -0.109604 -0.710620
v -0.837898 -0.054920 -0.710620
v -0.839696 -0.000001 -0.710620
v -0.837898 0.054918 -0.710620
v -0.832512 0.109601 -0.710620
v -0.823561 0.163816 -0.710620
v -0.811084 0.217328 -0.710620
v -0.795133 0.269911 -0.710620
v -0.775778 0.321337 -0.710620
v -0.753101 0.371387 -0.710620
v -0.727198 0.419847 -0.710620
v -0.698182 0.466510 -0.710620
v -0.666176 0.511174 -0.710620
v -0.631317 0.553650 -0.710620
v -0.593755 0.593754 -0.710620
v -0.553650 0.631317 -0.710620
v -0.511174 0.666175 -0.710620
v -0.466510 0.698182 -0.710620
v -0.419848 0.727198 -0.710620
v -0.371388 0.753100 -0.710620
v -0.321337 0.775778 -0.710620
v -0.269911 0.795133 -0.710620
v -0.217329 0.811084 -0.710620
v -0.163816 0.823561 -0.710620
v -0.109602 0.832512 -0.710620
v -0.054919 0.837898 -0.710620
v 0.000000 0.839696 -0.710620
v 0.054919 0.837898 -0.710620
v 0.109602 0.832512 -0.710620
v 0.163817 0.823561 -0.710620
v 0.217329 0.811084 -0.710620
v 0.269911 0.795133 -0.710620
v 0.321338 0.775778 -0.710620
v 0.371388 0.753100 -0.710620
v 0.419848 0.727198 -0.710620
v 0.466510 0.698181 -0.710620
v 0.511174 0.666175 -0.710620
v 0.553650 0.631317 -0.710620
v 0.593755 0.593754 -0.710620
v 0.631317 0.553650 -0.710620
v 0.666175 0.511174 -0.710620
v 0.698182 0.466510 -0.710620
v 0.727198 0.419848 -0.710620
v 0.753100 0.371388 -0.710620
v 0.775778 0.321338 -0.710620
v 0.795133 0.269911 -0.710620
v 0.811084 0.217329 -0.710620
v 0.823561 0.163817 -0.710620
v 0.832512 0.109602 -0.710620
v 0.837898 0.054919 -0.710620
v 0.837238 -0.000001 -0.716553
v 0.835446 -0.054759 -0.716553
v 0.830075 -0.109283 -0.716553
v 0.821151 -0.163338 -0.716553
v 0.808710 -0.216694 -0.716553
v 0.792806 -0.269122 -0.716553
v 0.773507 -0.320398 -0.716553
v 0.750896 -0.370302 -0.716553
v 0.725069 -0.418620 -0.716553
v 0.696138 -0.465145 -0.716553
v 0.664226 -0.509679 -0.716553
v 0.629469 -0.552030 -0.716553
v 0.592017 -0.592017 -0.716553
v 0.552030 -0.629469 -0.716553
v 0.509678 -0.664226 -0.716553
v 0.465145 -0.696138 -0.716553
v 0.418619 -0.725069 -0.716553
v 0.370301 -0.750896 -0.716553
v 0.320398 -0.773507 -0.716553
v 0.269122 -0.792806 -0.716553
v 0.216694 -0.808710 -0.716553
v 0.163338 -0.821151 -0.716553
v 0.109283 -0.830075 -0.716553
v 0.054759 -0.835446 -0.716553
v 0.000001 -0.837238 -0.716553
v -0.054757 -0.835446 -0.716553
v -0.109280 -0.830076 -0.716553
v -0.163336 -0.821151 -0.716553
v -0.216692 -0.808711 -0.716553
v -0.269120 -0.792807 -0.716553
v -0.320395 -0.773508 -0.716553
v -0.370299 -0.750897 -0.716553
v -0.418617 -0.725071 -0.716553
v -0.465143 -0.696139 -0.716553
v -0.509677 -0.664227 -0.716553
v -0.552028 -0.629471 -0.716553
v -0.592015 -0.592018 -0.716553
v -0.629468 -0.552031 -0.716553
v -0.664224 -0.509680 -0.716553
v -0.696137 -0.465146 -0.716553
v -0.725069 -0.418621 -0.716553
v -0.750895 -0.370303 -0.716553
v -0.773507 -0.320399 -0.716553
v -0.792806 -0.269123 -0.716553
v -0.808710 -0.216695 -0.716553
v -0.821151 -0.163339 -0.716553
v -0.830075 -0.109283 -0.716553
v -0.835446 -0.054759 -0.716553
v -0.837238 -0.000001 -0.716553
v -0.835446 0.054757 -0.716553
v -0.830076 0.109280 -0.716553
v -0.821151 0.163336 -0.716553
v -0.808710 0.216692 -0.716553
v -0.792806 0.269121 -0.716553
v -0.773508 0.320397 -0.716553
v -0.750896 0.370300 -0.716553
v -0.725070 0.418619 -0.716553
v -0.696138 0.465144 -0.716553
v -0.664226 0.509678 -0.716553
v -0.629469 0.552029 -0.716553
v -0.592017 0.592017 -0.716553
v -0.552030 0.629469 -0.716553
v -0.509678 0.664226 -0.716553
v -0.465145 0.696138 -0.716553
v -0.418619 0.725070 -0.716553
v -0.370301 0.750896 -0.716553
v -0.320397 0.773507 -0.716553
v -0.269121 0.792806 -0.716553
v -0.216693 0.808710 -0.716553
v -0.163337 0.821151 -0.716553
v -0.109281 0.830076 -0.716553
v -0.054758 0.835446 -0.716553
v 0.000000 0.837238 -0.716553
v 0.054758 0.835446 -0.716553
v 0.109282 0.830076 -0.716553
v 0.163337 0.821151 -0.716553
v 0.216693 0.808710 -0.716553
v 0.269122 0.792806 -0.716553
v 0.320397 0.773507 -0.716553
v 0.370301 0.750896 -0.716553
v 0.418619 0.725070 -0.716553
v 0.465145 0.696138 -0.716553
v 0.509678 0.664226 -0.716553
v 0.552030 0.629469 -0.716553
v 0.592017 0.592017 -0.716553
v 0.629469 0.552029 -0.716553
v 0.664226 0.509678 -0.716553
v 0.696138 0.465145 -0.716553
v 0.725070 0.418619 -0.716553
v 0.750896 0.370301 -0.716553
v 0.773507 0.320397 -0.716553
v 0.792806 0.269121 -0.716553
v 0.808710 0.216693 -0.716553
v 0.821151 0.163337 -0.716553
v 0.830076 0.109282 -0.716553
v 0.835446 0.054758 -0.716553
v 0.836400 -0.000001 -0.722920
v 0.834609 -0.054705 -0.722920
v 0.829244 -0.109173 -0.722920
v 0.820329 -0.163175 -0.722920
v 0.807900 -0.216477 -0.722920
v 0.792012 -0.268853 -0.722920
v 0.772733 -0.320077 -0.722920
v 0.750144 -0.369931 -0.722920
v 0.724343 -0.418201 -0.722920
v 0.695441 -0.464679 -0.722920
v 0.663561 -0.509168 -0.722920
v 0.628839 -0.551477 -0.722920
v 0.591424 -0.591424 -0.722920
v 0.551477 -0.628839 -0.722920
v 0.509168 -0.663561 -0.722920
v 0.464679 -0.695441 -0.722920
v 0.418200 -0.724344 -0.722920
v 0.369931 -0.750144 -0.722920
v 0.320077 -0.772733 -0.722920
v 0.268853 -0.792012 -0.722920
v 0.216477 -0.807900 -0.722920
v 0.163174 -0.820329 -0.722920
v 0.109173 -0.829244 -0.722920
v 0.054704 -0.834609 -0.722920
v 0.000001 -0.836400 -0.722920
v -0.054702 -0.834609 -0.722920
v -0.109171 -0.829245 -0.722920
v -0.163172 -0.820329 -0.722920
v -0.216475 -0.807901 -0.722920
v -0.268850 -0.792013 -0.722920
v -0.320075 -0.772734 -0.722920
v -0.369929 -0.750145 -0.722920
v -0.418198 -0.724345 -0.722920
v -0.464677 -0.695442 -0.722920
v -0.509166 -0.663562 -0.722920
v -0.551475 -0.628840 -0.722920
v -0.591422 -0.591426 -0.722920
v -0.628837 -0.551479 -0.722920
v -0.663559 -0.509170 -0.722920
v -0.695440 -0.464681 -0.722920
v -0.724343 -0.418202 -0.722920
v -0.750144 -0.369932 -0.722920
v -0.772732 -0.320078 -0.722920
v -0.792012 -0.268854 -0.722920
v -0.807900 -0.216478 -0.722920
v -0.820329 -0.163175 -0.722920
v -0.829244 -0.109174 -0.722920
v -0.834609 -0.054705 -0.722920
v -0.836400 -0.000001 -0.722920
v -0.834609 0.054702 -0.722920
v -0.829245 0.109171 -0.722920
v -0.820329 0.163173 -0.722920
v -0.807901 0.216475 -0.722920
v -0.792013 0.268851 -0.722920
v -0.772733 0.320076 -0.722920
v -0.750145 0.369930 -0.722920
v -0.724344 0.418200 -0.722920
v -0.695441 0.464679 -0.722920
v -0.663561 0.509168 -0.722920
v -0.628839 0.551477 -0.722920
v -0.591424 0.591424 -0.722920
v -0.551477 0.628839 -0.722920
v -0.509168 0.663561 -0.722920
v -0.464679 0.695441 -0.722920
v -0.418200 0.724344 -0.722920
v -0.369930 0.750144 -0.722920
v -0.320076 0.772733 -0.722920
v -0.268852 0.792012 -0.722920
v -0.216476 0.807900 -0.722920
v -0.163173 0.820329 -0.722920
v -0.109172 0.829245 -0.722920
v -0.054703 0.834609 -0.722920
v 0.000000 0.836400 -0.722920
v 0.054703 0.834609 -0.722920
v 0.109172 0.829244 -0.722920
v 0.163174 0.820329 -0.722920
v 0.216476 0.807900 -0.722920
v 0.268852 0.792012 -0.722920
v 0.320077 0.772733 -0.722920
v 0.369930 0.750144 -0.722920
v 0.418200 0.724344 -0.722920
v 0.464679 0.695441 -0.722920
v 0.509168 0.663561 -0.722920
v 0.551477 0.628839 -0.722920
v 0.591424 0.591424 -0.722920
v 0.628839 0.551477 -0.722920
v 0.663561 0.509168 -0.722920
v 0.695441 0.464679 -0.722920
v 0.724344 0.418200 -0.722920
v 0.750144 0.369930 -0.722920
v 0.772733 0.320076 -0.722920
v 0.792012 0.268852 -0.722920
v 0.807900 0.216476 -0.722920
v 0.820329 0.163174 -0.722920
v 0.829245 0.109172 -0.722920
v 0.834609 0.054703 -0.722920
v 0.837238 -0.000001 -0.729287
v 0.835446 -0.054759 -0.729287
v 0.830075 -0.109283 -0.729287
v 0.821151 -0.163338 -0.729287
v 0.808710 -0.216694 -0.729287
v 0.792806 -0.269122 -0.729287
v 0.773507 -0.320398 -0.729287
v 0.750896 -0.370302 -0.729287
v 0.725069 -0.418620 -0.729287
v 0.696138 -0.465145 -0.729287
v 0.664226 -0.509679 -0.729287
v 0.629469 -0.552030 -0.729287
v 0.592017 -0.592017 -0.729287
v 0.552030 -0.629469 -0.729287
v 0.509678 -0.664226 -0.729287
v 0.465145 -0.696138 -0.729287
v 0.418619 -0.725069 -0.729287
v 0.370301 -0.750896 -0.729287
v 0.320398 -0.773507 -0.729287
v 0.269122 -0.792806 -0.729287
v 0.216694 -0.808710 -0.729287
v 0.163338 -0.821151 -0.729287
v 0.109283 -0.830075 -0.729287
v 0.054759 -0.835446 -0.729287
v 0.000001 -0.837238 -0.729287
v -0.054757 -0.835446 -0.729287
v -0.109280 -0.830076 -0.729287
v -0.163336 -0.821151 -0.729287
v -0.216692 -0.808711 -0.729287
v -0.269120 -0.792807 -0.729287
v -0.320395 -0.773508 -0.729287
v -0.370299 -0.750897 -0.729287
v -0.418617 -0.725071 -0.729287
v -0.465143 -0.696139 -0.729287
v -0.509677 -0.664227 -0.729287
v -0.552028 -0.629471 -0.729287
v -0.592015 -0.592018 -0.729287
v -0.629468 -0.552031 -0.729287
v -0.664224 -0.509680 -0.729287
v -0.696137 -0.465146 -0.729287
v -0.725069 -0.418621 -0.729287
v -0.750895 -0.370303 -0.729287
v -0.773507 -0.320399 -0.729287
v -0.792806 -0.269123 -0.729287
v -0.808710 -0.216695 -0.729287
v -0.821151 -0.163339 -0.729287
v -0.830075 -0.109283 -0.729287
v -0.835446 -0.054759 -0.729287
v -0.837238 -0.000001 -0.729287
v -0.835446 0.054757 -0.729287
v -0.830076 0.109280 -0.729287
v -0.821151 0.163336 -0.729287
v -0.808710 0.216692 -0.729287
v -0.792806 0.269121 -0.729287
v -0.773508 0.320397 -0.729287
v -0.750896 0.370300 -0.729287
v -0.725070 0.418619 -0.729287
v -0.696138 0.465144 -0.729287
v -0.664226 0.509678 -0.729287
v -0.629469 0.552029 -0.729287
v -0.592017 0.592017 -0.729287
v -0.552030 0.629469 -0.729287
v -0.509678 0.664226 -0.729287
v -0.465145 0.696138 -0.729287
v -0.418619 0.725070 -0.729287
v -0.370301 0.750896 -0.729287
v -0.320397 0.773507 -0.729287
v -0.269121 0.792806 -0.729287
v -0.216693 0.808710 -0.729287
v -0.163337 0.821151 -0.729287
v -0.109281 0.830076 -0.729287
v -0.054758 0.835446 -0.729287
v 0.000000 0.837238 -0.729287
v 0.054758 0.835446 -0.729287
v 0.109282 0.830076 -0.729287
v 0.163337 0.821151 -0.729287
v 0.216693 0.808710 -0.729287
v 0.269122 0.792806 -0.729287
v 0.320397 0.773507 -0.729287
v 0.370301 0.750896 -0.729287
v 0.418619 0.725070 -0.729287
v 0.465145 0.696138 -0.729287
v 0.509678 0.664226 -0.729287
v 0.552030 0.629469 -0.729287
v 0.592017 0.592017 -0.729287
v 0.629469 0.552029 -0.729287
v 0.664226 0.509678 -0.729287
v 0.696138 0.465145 -0.729287
v 0.725070 0.418619 -0.729287
v 0.750896 0.370301 -0.729287
v 0.773507 0.320397 -0.729287
v 0.792806 0.269121 -0.729287
v 0.808710 0.216693 -0.729287
v 0.821151 0.163337 -0.729287
v 0.830076 0.109282 -0.729287
v 0.835446 0.054758 -0.729287
v 0.839696 -0.000001 -0.735220
v 0.837898 -0.054920 -0.735220
v 0.832512 -0.109604 -0.735220
v 0.823561 -0.163818 -0.735220
v 0.811084 -0.217330 -0.735220
v 0.795133 -0.269912 -0.735220
v 0.775777 -0.321338 -0.735220
v 0.753100 -0.371389 -0.735220
v 0.727198 -0.419848 -0.735220
v 0.698181 -0.466510 -0.735220
v 0.666175 -0.511175 -0.735220
v 0.631317 -0.553650 -0.735220
v 0.593754 -0.593755 -0.735220
v 0.553650 -0.631317 -0.735220
v 0.511174 -0.666175 -0.735220
v 0.466510 -0.698181 -0.735220
v 0.419848 -0.727198 -0.735220
v 0.371388 -0.753100 -0.735220
v 0.321338 -0.775778 -0.735220
v 0.269912 -0.795133 -0.735220
v 0.217330 -0.811084 -0.735220
v 0.163817 -0.823561 -0.735220
v 0.109603 -0.832512 -0.735220
v 0.054920 -0.837898 -0.735220
v 0.000001 -0.839696 -0.735220
v -0.054917 -0.837898 -0.735220
v -0.109601 -0.832512 -0.735220
v -0.163815 -0.823562 -0.735220
v -0.217328 -0.811084 -0.735220
v -0.269910 -0.795134 -0.735220
v -0.321336 -0.775778 -0.735220
v -0.371386 -0.753101 -0.735220
v -0.419846 -0.727199 -0.735220
v -0.466508 -0.698183 -0.735220
v -0.511173 -0.666177 -0.735220
v -0.553648 -0.631318 -0.735220
v -0.593753 -0.593756 -0.735220
v -0.631315 -0.553652 -0.735220
v -0.666174 -0.511176 -0.735220
v -0.698180 -0.466512 -0.735220
v -0.727197 -0.419850 -0.735220
v -0.753099 -0.371390 -0.735220
v -0.775777 -0.321339 -0.735220
v -0.795133 -0.269913 -0.735220
v -0.811083 -0.217331 -0.735220
v -0.823561 -0.163818 -0.735220
v -0.832512 -0.109604 -0.735220
v -0.837898 -0.054920 -0.735220
v -0.839696 -0.000001 -0.735220
v -0.837898 0.054918 -0.735220
v -0.832512 0.109601 -0.735220
v -0.823561 0.163816 -0.735220
v -0.811084 0.217328 -0.735220
v -0.795133 0.269911 -0.735220
v -0.775778 0.321337 -0.735220
v -0.753101 0.371387 -0.735220
v -0.727198 0.419847 -0.735220
v -0.698182 0.466510 -0.735220
v -0.666176 0.511174 -0.735220
v -0.631317 0.553650 -0.735220
v -0.593755 0.593754 -0.735220
v -0.553650 0.631317 -0.735220
v -0.511174 0.666175 -0.735220
v -0.466510 0.698182 -0.735220
v -0.419848 0.727198 -0.735220
v -0.371388 0.753100 -0.735220
v -0.321337 0.775778 -0.735220
v -0.269911 0.795133 -0.735220
v -0.217329 0.811084 -0.735220
v -0.163816 0.823561 -0.735220
v -0.109602 0.832512 -0.735220
v -0.054919 0.837898 -0.735220
v 0.000000 0.839696 -0.735220
v 0.054919 0.837898 -0.735220
v 0.109602 0.832512 -0.735220
v 0.163817 0.823561 -0.735220
v 0.217329 0.811084 -0.735220
v 0.269911 0.795133 -0.735220
v 0.321338 0.775778 -0.735220
v 0.371388 0.753100 -0.735220
v 0.419848 0.727198 -0.735220
v 0.466510 0.698181 -0.735220
v 0.511174 0.666175 -0.735220
v 0.553650 0.631317 -0.735220
v 0.593755 0.593754 -0.735220
v 0.631317 0.553650 -0.735220
v 0.666175 0.511174 -0.735220
v 0.698182 0.466510 -0.735220
v 0.727198 0.419848 -0.735220
v 0.753100 0.371388 -0.735220
v 0.775778 0.321338 -0.735220
v 0.795133 0.269911 -0.735220
v 0.811084 0.217329 -0.735220
v 0.823561 0.163817 -0.735220
v 0.832512 0.109602 -0.735220
v 0.837898 0.054919 -0.735220
v 0.843605 -0.000001 -0.740315
v 0.841799 -0.055176 -0.740315
v 0.836388 -0.110114 -0.740315
v 0.827395 -0.164580 -0.740315
v 0.814860 -0.218342 -0.740315
v 0.798835 -0.271169 -0.740315
v 0.779389 -0.322834 -0.740315
v 0.756606 -0.373118 -0.740315
v 0.730583 -0.421803 -0.740315
v 0.701432 -0.468682 -0.740315
v 0.669277 -0.513555 -0.740315
v 0.634256 -0.556228 -0.740315
v 0.596519 -0.596519 -0.740315
v 0.556228 -0.634256 -0.740315
v 0.513554 -0.669277 -0.740315
v 0.468682 -0.701432 -0.740315
v 0.421803 -0.730583 -0.740315
v 0.373117 -0.756606 -0.740315
v 0.322834 -0.779389 -0.740315
v 0.271169 -0.798835 -0.740315
v 0.218342 -0.814860 -0.740315
v 0.164580 -0.827395 -0.740315
v 0.110114 -0.836388 -0.740315
v 0.055176 -0.841799 -0.740315
v 0.000001 -0.843605 -0.740315
v -0.055173 -0.841799 -0.740315
v -0.110111 -0.836388 -0.740315
v -0.164578 -0.827396 -0.740315
v -0.218339 -0.814860 -0.740315
v -0.271166 -0.798836 -0.740315
v -0.322832 -0.779390 -0.740315
v -0.373115 -0.756607 -0.740315
v -0.421801 -0.730585 -0.740315
v -0.468680 -0.701433 -0.740315
v -0.513552 -0.669278 -0.740315
v -0.556226 -0.634258 -0.740315
v -0.596517 -0.596521 -0.740315
v -0.634254 -0.556229 -0.740315
v -0.669276 -0.513556 -0.740315
v -0.701431 -0.468684 -0.740315
v -0.730582 -0.421804 -0.740315
v -0.756606 -0.373119 -0.740315
v -0.779389 -0.322835 -0.740315
v -0.798835 -0.271170 -0.740315
v -0.814860 -0.218343 -0.740315
v -0.827395 -0.164581 -0.740315
v -0.836388 -0.110114 -0.740315
v -0.841799 -0.055176 -0.740315
v -0.843605 -0.000001 -0.740315
v -0.841799 0.055173 -0.740315
v -0.836388 0.110111 -0.740315
v -0.827396 0.164578 -0.740315
v -0.814860 0.218340 -0.740315
v -0.798835 0.271167 -0.740315
v -0.779390 0.322833 -0.740315
v -0.756607 0.373116 -0.740315
v -0.730584 0.421802 -0.740315
v -0.701432 0.468682 -0.740315
v -0.669277 0.513554 -0.740315
v -0.634256 0.556227 -0.740315
v -0.596519 0.596519 -0.740315
v -0.556228 0.634256 -0.740315
v -0.513554 0.669277 -0.740315
v -0.468682 0.701432 -0.740315
v -0.421802 0.730584 -0.740315
v -0.373117 0.756607 -0.740315
v -0.322834 0.779390 -0.740315
v -0.271168 0.798835 -0.740315
v -0.218341 0.814860 -0.740315
v -0.164579 0.827396 -0.740315
v -0.110112 0.836388 -0.740315
v -0.055174 0.841799 -0.740315
v 0.000000 0.843605 -0.740315
v 0.055175 0.841799 -0.740315
v 0.110113 0.836388 -0.740315
v 0.164579 0.827395 -0.740315
v 0.218341 0.814860 -0.740315
v 0.271168 0.798835 -0.740315
v 0.322834 0.779390 -0.740315
v 0.373117 0.756606 -0.740315
v 0.421803 0.730583 -0.740315
v 0.468682 0.701432 -0.740315
v 0.513554 0.669277 -0.740315
v 0.556228 0.634256 -0.740315
v 0.596519 0.596519 -0.740315
v 0.634256 0.556227 -0.740315
v 0.669277 0.513554 -0.740315
v 0.701432 0.468682 -0.740315
v 0.730584 0.421803 -0.740315
v 0.756606 0.373117 -0.740315
v 0.779390 0.322834 -0.740315
v 0.798835 0.271168 -0.740315
v 0.814860 0.218341 -0.740315
v 0.827395 0.164579 -0.740315
v 0.836388 0.110113 -0.740315
v 0.841799 0.055174 -0.740315
v 0.848700 -0.000001 -0.744224
v 0.846883 -0.055509 -0.744224
v 0.841439 -0.110779 -0.744224
v 0.832392 -0.165574 -0.744224
v 0.819781 -0.219661 -0.744224
v 0.803659 -0.272807 -0.744224
v 0.784096 -0.324784 -0.744224
v 0.761176 -0.375371 -0.744224
v 0.734995 -0.424351 -0.744224
v 0.705668 -0.471513 -0.744224
v 0.673319 -0.516656 -0.744224
v 0.638086 -0.559587 -0.744224
v 0.600121 -0.600122 -0.744224
v 0.559587 -0.638086 -0.744224
v 0.516656 -0.673319 -0.744224
v 0.471513 -0.705668 -0.744224
v 0.424350 -0.734996 -0.744224
v 0.375371 -0.761176 -0.744224
v 0.324784 -0.784096 -0.744224
v 0.272806 -0.803659 -0.744224
v 0.219660 -0.819781 -0.744224
v 0.165574 -0.832392 -0.744224
v 0.110779 -0.841439 -0.744224
v 0.055509 -0.846883 -0.744224
v 0.000001 -0.848700 -0.744224
v -0.055506 -0.846883 -0.744224
v -0.110776 -0.841439 -0.744224
v -0.165572 -0.832393 -0.744224
v -0.219658 -0.819782 -0.744224
v -0.272804 -0.803660 -0.744224
v -0.324782 -0.784097 -0.744224
v -0.375369 -0.761177 -0.744224
v -0.424348 -0.734997 -0.744224
v -0.471511 -0.705670 -0.744224
v -0.516654 -0.673320 -0.744224
v -0.559585 -0.638088 -0.744224
v -0.600120 -0.600123 -0.744224
v -0.638085 -0.559588 -0.744224
v -0.673318 -0.516658 -0.744224
v -0.705667 -0.471514 -0.744224
v -0.734995 -0.424352 -0.744224
v -0.761175 -0.375372 -0.744224
v -0.784096 -0.324785 -0.744224
v -0.803659 -0.272807 -0.744224
v -0.819781 -0.219661 -0.744224
v -0.832392 -0.165575 -0.744224
v -0.841439 -0.110779 -0.744224
v -0.846883 -0.055509 -0.744224
v -0.848700 -0.000001 -0.744224
v -0.846883 0.055506 -0.744224
v -0.841439 0.110776 -0.744224
v -0.832393 0.165572 -0.744224
v -0.819781 0.219659 -0.744224
v -0.803660 0.272805 -0.744224
v -0.784097 0.324783 -0.744224
v -0.761176 0.375370 -0.744224
v -0.734996 0.424350 -0.744224
v -0.705669 0.471512 -0.744224
v -0.673319 0.516656 -0.744224
v -0.638087 0.559587 -0.744224
v -0.600122 0.600121 -0.744224
v -0.559587 0.638086 -0.744224
v -0.516656 0.673319 -0.744224
v -0.471512 0.705668 -0.744224
v -0.424350 0.734996 -0.744224
v -0.375370 0.761176 -0.744224
v -0.324783 0.784097 -0.744224
v -0.272805 0.803660 -0.744224
v -0.219660 0.819781 -0.744224
v -0.165573 0.832392 -0.744224
v -0.110777 0.841439 -0.744224
v -0.055507 0.846883 -0.744224
v 0.000000 0.848700 -0.744224
v 0.055508 0.846883 -0.744224
v 0.110778 0.841439 -0.744224
v 0.165573 0.832392 -0.744224
v 0.219660 0.819781 -0.744224
v 0.272806 0.803660 -0.744224
v 0.324784 0.784097 -0.744224
v 0.375370 0.761176 -0.744224
v 0.424350 0.734996 -0.744224
v 0.471513 0.705668 -0.744224
v 0.516656 0.673319 -0.744224
v 0.559587 0.638086 -0.744224
v 0.600122 0.600121 -0.744224
v 0.638086 0.559587 -0.744224
v 0.673319 0.516656 -0.744224
v 0.705668 0.471512 -0.744224
v 0.734996 0.424350 -0.744224
v 0.761176 0.375370 -0.744224
v 0.784097 0.324783 -0.744224
v 0.803660 0.272806 -0.744224
v 0.819781 0.219660 -0.744224
v 0.832392 0.165573 -0.744224
v 0.841439 0.110778 -0.744224
v 0.846883 0.055508 -0.744224
v 0.854633 -0.000001 -0.746682
v 0.852803 -0.055897 -0.746682
v 0.847321 -0.111553 -0.746682
v 0.838211 -0.166732 -0.746682
v 0.825512 -0.221196 -0.746682
v 0.809277 -0.274714 -0.746682
v 0.789578 -0.327055 -0.746682
v 0.766497 -0.377995 -0.746682
v 0.740134 -0.427317 -0.746682
v 0.710601 -0.474809 -0.746682
v 0.678026 -0.520268 -0.746682
v 0.642547 -0.563499 -0.746682
v 0.604317 -0.604317 -0.746682
v 0.563499 -0.642547 -0.746682
v 0.520268 -0.678026 -0.746682
v 0.474809 -0.710601 -0.746682
v 0.427317 -0.740134 -0.746682
v 0.377995 -0.766497 -0.746682
v 0.327054 -0.789578 -0.746682
v 0.274713 -0.809278 -0.746682
v 0.221196 -0.825512 -0.746682
v 0.166732 -0.838211 -0.746682
v 0.111553 -0.847321 -0.746682
v 0.055897 -0.852803 -0.746682
v 0.000001 -0.854633 -0.746682
v -0.055894 -0.852803 -0.746682
v -0.111551 -0.847322 -0.746682
v -0.166729 -0.838212 -0.746682
v -0.221194 -0.825513 -0.746682
v -0.274711 -0.809278 -0.746682
v -0.327052 -0.789579 -0.746682
v -0.377993 -0.766498 -0.746682
v -0.427315 -0.740135 -0.746682
v -0.474807 -0.710603 -0.746682
v -0.520266 -0.678027 -0.746682
v -0.563497 -0.642549 -0.746682
v -0.604315 -0.604318 -0.746682
v -0.642546 -0.563500 -0.746682
v -0.678025 -0.520269 -0.746682
v -0.710600 -0.474810 -0.746682
v -0.740133 -0.427318 -0.746682
v -0.766496 -0.377996 -0.746682
v -0.789577 -0.327056 -0.746682
v -0.809277 -0.274714 -0.746682
v -0.825512 -0.221197 -0.746682
v -0.838211 -0.166732 -0.746682
v -0.847321 -0.111553 -0.746682
v -0.852803 -0.055897 -0.746682
v -0.854633 -0.000001 -0.746682
v -0.852803 0.055894 -0.746682
v -0.847322 0.111551 -0.746682
v -0.838212 0.166730 -0.746682
v -0.825512 0.221194 -0.746682
v -0.809278 0.274712 -0.746682
v -0.789578 0.327053 -0.746682
v -0.766497 0.377994 -0.746682
v -0.740134 0.427316 -0.746682
v -0.710602 0.474808 -0.746682
v -0.678026 0.520267 -0.746682
v -0.642547 0.563498 -0.746682
v -0.604317 0.604317 -0.746682
v -0.563499 0.642547 -0.746682
v -0.520268 0.678026 -0.746682
v -0.474809 0.710601 -0.746682
v -0.427316 0.740134 -0.746682
v -0.377994 0.766497 -0.746682
v -0.327054 0.789578 -0.746682
v -0.274713 0.809278 -0.746682
v -0.221195 0.825512 -0.746682
v -0.166730 0.838212 -0.746682
v -0.111552 0.847322 -0.746682
v -0.055895 0.852803 -0.746682
v 0.000000 0.854633 -0.746682
v 0.055896 0.852803 -0.746682
v 0.111552 0.847322 -0.746682
v 0.166731 0.838211 -0.746682
v 0.221195 0.825512 -0.746682
v 0.274713 0.809278 -0.746682
v 0.327054 0.789578 -0.746682
v 0.377995 0.766497 -0.746682
v 0.427317 0.740134 -0.746682
v 0.474809 0.710601 -0.746682
v 0.520268 0.678026 -0.746682
v 0.563499 0.642547 -0.746682
v 0.604317 0.604317 -0.746682
v 0.642547 0.563499 -0.746682
v 0.678026 0.520268 -0.746682
v 0.710601 0.474809 -0.746682
v 0.740134 0.427316 -0.746682
v 0.766497 0.377995 -0.746682
v 0.789578 0.327054 -0.746682
v 0.809278 0.274713 -0.746682
v 0.825512 0.221195 -0.746682
v 0.838211 0.166731 -0.746682
v 0.847322 0.111552 -0.746682
v 0.852803 0.055896 -0.746682
v 0.861000 -0.000001 -0.747520
v 0.859156 -0.056313 -0.747520
v 0.853634 -0.112384 -0.747520
v 0.844456 -0.167974 -0.747520
v 0.831662 -0.222844 -0.747520
v 0.815307 -0.276760 -0.747520
v 0.795460 -0.329491 -0.747520
v 0.772207 -0.380811 -0.747520
v 0.745648 -0.430501 -0.747520
v 0.715895 -0.478346 -0.747520
v 0.683077 -0.524144 -0.747520
v 0.647334 -0.567697 -0.747520
v 0.608819 -0.608819 -0.747520
v 0.567697 -0.647334 -0.747520
v 0.524144 -0.683077 -0.747520
v 0.478346 -0.715895 -0.747520
v 0.430500 -0.745648 -0.747520
v 0.380811 -0.772207 -0.747520
v 0.329491 -0.795460 -0.747520
v 0.276760 -0.815307 -0.747520
v 0.222844 -0.831662 -0.747520
v 0.167974 -0.844456 -0.747520
v 0.112384 -0.853634 -0.747520
v 0.056313 -0.859156 -0.747520
v 0.000001 -0.861000 -0.747520
v -0.056311 -0.859157 -0.747520
v -0.112382 -0.853634 -0.747520
v -0.167971 -0.844456 -0.747520
v -0.222842 -0.831663 -0.747520
v -0.276758 -0.815307 -0.747520
v -0.329489 -0.795461 -0.747520
v -0.380809 -0.772208 -0.747520
v -0.430498 -0.745649 -0.747520
v -0.478344 -0.715897 -0.747520
v -0.524142 -0.683079 -0.747520
v -0.567695 -0.647336 -0.747520
v -0.608817 -0.608821 -0.747520
v -0.647333 -0.567698 -0.747520
v -0.683076 -0.524145 -0.747520
v -0.715894 -0.478348 -0.747520
v -0.745647 -0.430502 -0.747520
v -0.772207 -0.380812 -0.747520
v -0.795460 -0.329492 -0.747520
v -0.815306 -0.276761 -0.747520
v -0.831662 -0.222845 -0.747520
v -0.844456 -0.167974 -0.747520
v -0.853634 -0.112385 -0.747520
v -0.859156 -0.056313 -0.747520
v -0.861000 -0.000001 -0.747520
v -0.859157 0.056311 -0.747520
v -0.853634 0.112382 -0.747520
v -0.844456 0.167972 -0.747520
v -0.831662 0.222842 -0.747520
v -0.815307 0.276759 -0.747520
v -0.795461 0.329490 -0.747520
v -0.772208 0.380810 -0.747520
v -0.745648 0.430500 -0.747520
v -0.715896 0.478346 -0.747520
v -0.683077 0.524143 -0.747520
v -0.647334 0.567697 -0.747520
v -0.608819 0.608819 -0.747520
v -0.567697 0.647334 -0.747520
v -0.524144 0.683077 -0.747520
v -0.478346 0.715895 -0.747520
v -0.430500 0.745648 -0.747520
v -0.380810 0.772208 -0.747520
v -0.329490 0.795460 -0.747520
v -0.276759 0.815307 -0.747520
v -0.222843 0.831662 -0.747520
v -0.167973 0.844456 -0.747520
v -0.112383 0.853634 -0.747520
v -0.056312 0.859157 -0.747520
v 0.000000 0.861000 -0.747520
v 0.056312 0.859156 -0.747520
v 0.112383 0.853634 -0.747520
v 0.167973 0.844456 -0.747520
v 0.222843 0.831662 -0.747520
v 0.276760 0.815307 -0.747520
v 0.329491 0.795460 -0.747520
v 0.380811 0.772207 -0.747520
v 0.430500 0.745648 -0.747520
v 0.478346 0.715895 -0.747520
v 0.524144 0.683077 -0.747520
v 0.567697 0.647334 -0.747520
v 0.608819 0.608819 -0.747520
v 0.647334 0.567697 -0.747520
v 0.683077 0.524144 -0.747520
v 0.715895 0.478346 -0.747520
v 0.745648 0.430500 -0.747520
v 0.772207 0.380811 -0.747520
v 0.795460 0.329490 -0.747520
v 0.815307 0.276759 -0.747520
v 0.831662 0.222843 -0.747520
v 0.844456 0.167973 -0.747520
v 0.853634 0.112383 -0.747520
v 0.859157 0.056312 -0.747520
v 0.867367 -0.000002 -0.746682
v 0.865510 -0.056730 -0.746682
v 0.859946 -0.113215 -0.746682
v 0.850700 -0.169216 -0.746682
v 0.837812 -0.224492 -0.746682
v 0.821336 -0.278807 -0.746682
v 0.801342 -0.331928 -0.746682
v 0.777918 -0.383627 -0.746682
v 0.751162 -0.433684 -0.746682
v 0.721189 -0.481884 -0.746682
v 0.688128 -0.528020 -0.746682
v 0.652121 -0.571895 -0.746682
v 0.613321 -0.613321 -0.746682
v 0.571895 -0.652121 -0.746682
v 0.528020 -0.688128 -0.746682
v 0.481883 -0.721189 -0.746682
v 0.433684 -0.751162 -0.746682
v 0.383627 -0.777918 -0.746682
v 0.331927 -0.801342 -0.746682
v 0.278807 -0.821336 -0.746682
v 0.224492 -0.837812 -0.746682
v 0.169216 -0.850701 -0.746682
v 0.113215 -0.859946 -0.746682
v 0.056730 -0.865510 -0.746682
v 0.000001 -0.867367 -0.746682
v -0.056727 -0.865510 -0.746682
v -0.113213 -0.859947 -0.746682
v -0.169213 -0.850701 -0.746682
v -0.224489 -0.837813 -0.746682
v -0.278804 -0.821337 -0.746682
v -0.331925 -0.801343 -0.746682
v -0.383625 -0.777919 -0.746682
v -0.433682 -0.751163 -0.746682
v -0.481881 -0.721191 -0.746682
v -0.528018 -0.688130 -0.746682
v -0.571893 -0.652123 -0.746682
v -0.613319 -0.613323 -0.746682
v -0.652119 -0.571897 -0.746682
v -0.688127 -0.528021 -0.746682
v -0.721188 -0.481885 -0.746682
v -0.751161 -0.433685 -0.746682
v -0.777917 -0.383628 -0.746682
v -0.801342 -0.331929 -0.746682
v -0.821335 -0.278808 -0.746682
v -0.837812 -0.224493 -0.746682
v -0.850700 -0.169216 -0.746682
v -0.859946 -0.113216 -0.746682
v -0.865510 -0.056730 -0.746682
v -0.867367 -0.000001 -0.746682
v -0.865510 0.056727 -0.746682
v -0.859947 0.113213 -0.746682
v -0.850701 0.169214 -0.746682
v -0.837812 0.224490 -0.746682
v -0.821336 0.278805 -0.746682
v -0.801343 0.331926 -0.746682
v -0.777918 0.383626 -0.746682
v -0.751162 0.433683 -0.746682
v -0.721190 0.481883 -0.746682
v -0.688129 0.528019 -0.746682
v -0.652121 0.571895 -0.746682
v -0.613321 0.613321 -0.746682
v -0.571895 0.652121 -0.746682
v -0.528020 0.688128 -0.746682
v -0.481883 0.721189 -0.746682
v -0.433683 0.751162 -0.746682
v -0.383626 0.777918 -0.746682
v -0.331927 0.801343 -0.746682
v -0.278806 0.821336 -0.746682
v -0.224491 0.837812 -0.746682
v -0.169215 0.850701 -0.746682
v -0.113214 0.859947 -0.746682
v -0.056728 0.865510 -0.746682
v 0.000000 0.867367 -0.746682
v 0.056729 0.865510 -0.746682
v 0.113214 0.859946 -0.746682
v 0.169215 0.850701 -0.746682
v 0.224491 0.837812 -0.746682
v 0.278806 0.821336 -0.746682
v 0.331927 0.801343 -0.746682
v 0.383627 0.777918 -0.746682
v 0.433684 0.751162 -0.746682
v 0.481883 0.721189 -0.746682
v 0.528020 0.688128 -0.746682
v 0.571895 0.652121 -0.746682
v 0.613321 0.613321 -0.746682
v 0.652121 0.571895 -0.746682
v 0.688129 0.528019 -0.746682
v 0.721189 0.481883 -0.746682
v 0.751162 0.433683 -0.746682
v 0.777918 0.383627 -0.746682
v 0.801343 0.331927 -0.746682
v 0.821336 0.278806 -0.746682
v 0.837812 0.224491 -0.746682
v 0.850701 0.169215 -0.746682
v 0.859947 0.113214 -0.746682
v 0.865510 0.056729 -0.746682
v 0.873300 -0.000002 -0.744224
v 0.871430 -0.057118 -0.744224
v 0.865829 -0.113990 -0.744224
v 0.856520 -0.170374 -0.744224
v 0.843543 -0.226028 -0.744224
v 0.826954 -0.280714 -0.744224
v 0.806824 -0.334198 -0.744224
v 0.783239 -0.386251 -0.744224
v 0.756300 -0.436651 -0.744224
v 0.726122 -0.485180 -0.744224
v 0.692835 -0.531632 -0.744224
v 0.656582 -0.575807 -0.744224
v 0.617516 -0.617516 -0.744224
v 0.575807 -0.656582 -0.744224
v 0.531631 -0.692835 -0.744224
v 0.485180 -0.726122 -0.744224
v 0.436650 -0.756300 -0.744224
v 0.386251 -0.783239 -0.744224
v 0.334198 -0.806824 -0.744224
v 0.280714 -0.826954 -0.744224
v 0.226027 -0.843543 -0.744224
v 0.170373 -0.856520 -0.744224
v 0.113990 -0.865829 -0.744224
v 0.057118 -0.871430 -0.744224
v 0.000001 -0.873300 -0.744224
v -0.057115 -0.871430 -0.744224
v -0.113987 -0.865829 -0.744224
v -0.170371 -0.856520 -0.744224
v -0.226025 -0.843543 -0.744224
v -0.280711 -0.826955 -0.744224
v -0.334196 -0.806825 -0.744224
v -0.386249 -0.783240 -0.744224
v -0.436648 -0.756301 -0.744224
v -0.485178 -0.726124 -0.744224
v -0.531629 -0.692837 -0.744224
v -0.575805 -0.656583 -0.744224
v -0.617515 -0.617518 -0.744224
v -0.656580 -0.575808 -0.744224
v -0.692834 -0.531633 -0.744224
v -0.726121 -0.485181 -0.744224
v -0.756299 -0.436652 -0.744224
v -0.783238 -0.386252 -0.744224
v -0.806823 -0.334199 -0.744224
v -0.826954 -0.280715 -0.744224
v -0.843543 -0.226028 -0.744224
v -0.856519 -0.170374 -0.744224
v -0.865829 -0.113990 -0.744224
v -0.871430 -0.057118 -0.744224
v -0.873300 -0.000001 -0.744224
v -0.871430 0.057115 -0.744224
v -0.865829 0.113987 -0.744224
v -0.856520 0.170371 -0.744224
v -0.843543 0.226026 -0.744224
v -0.826954 0.280712 -0.744224
v -0.806824 0.334197 -0.744224
v -0.783239 0.386250 -0.744224
v -0.756300 0.436650 -0.744224
v -0.726123 0.485179 -0.744224
v -0.692836 0.531631 -0.744224
v -0.656582 0.575806 -0.744224
v -0.617517 0.617516 -0.744224
v -0.575807 0.656582 -0.744224
v -0.531631 0.692835 -0.744224
v -0.485179 0.726122 -0.744224
v -0.436650 0.756300 -0.744224
v -0.386250 0.783239 -0.744224
v -0.334197 0.806824 -0.744224
v -0.280713 0.826954 -0.744224
v -0.226026 0.843543 -0.744224
v -0.170372 0.856520 -0.744224
v -0.113988 0.865829 -0.744224
v -0.057116 0.871430 -0.744224
v 0.000000 0.873300 -0.744224
v 0.057117 0.871430 -0.744224
v 0.113989 0.865829 -0.744224
v 0.170373 0.856520 -0.744224
v 0.226027 0.843543 -0.744224
v 0.280713 0.826954 -0.744224
v 0.334198 0.806824 -0.744224
v 0.386251 0.783239 -0.744224
v 0.436650 0.756300 -0.744224
v 0.485180 0.726122 -0.744224
v 0.531631 0.692835 -0.744224
v 0.575807 0.656582 -0.744224
v 0.617516 0.617516 -0.744224
v 0.656582 0.575807 -0.744224
v 0.692836 0.531631 -0.744224
v 0.726122 0.485179 -0.744224
v 0.756300 0.436650 -0.744224
v 0.783239 0.386251 -0.744224
v 0.806824 0.334197 -0.744224
v 0.826954 0.280713 -0.744224
v 0.843543 0.226027 -0.744224
v 0.856520 0.170372 -0.744224
v 0.865829 0.113989 -0.744224
v 0.871430 0.057117 -0.744224
v 0.878395 -0.000002 -0.740315
v 0.876514 -0.057451 -0.740315
v 0.870880 -0.114655 -0.740315
v 0.861516 -0.171367 -0.740315
v 0.848464 -0.227346 -0.740315
v 0.831778 -0.282352 -0.740315
v 0.811531 -0.336148 -0.740315
v 0.787808 -0.388505 -0.740315
v 0.760712 -0.439198 -0.740315
v 0.730358 -0.488010 -0.740315
v 0.696877 -0.534733 -0.740315
v 0.660412 -0.579166 -0.740315
v 0.621119 -0.621119 -0.740315
v 0.579166 -0.660412 -0.740315
v 0.534733 -0.696877 -0.740315
v 0.488010 -0.730358 -0.740315
v 0.439198 -0.760712 -0.740315
v 0.388505 -0.787808 -0.740315
v 0.336148 -0.811531 -0.740315
v 0.282351 -0.831778 -0.740315
v 0.227346 -0.848464 -0.740315
v 0.171367 -0.861517 -0.740315
v 0.114655 -0.870880 -0.740315
v 0.057451 -0.876514 -0.740315
v 0.000001 -0.878395 -0.740315
v -0.057448 -0.876514 -0.740315
v -0.114652 -0.870880 -0.740315
v -0.171365 -0.861517 -0.740315
v -0.227344 -0.848465 -0.740315
v -0.282349 -0.831779 -0.740315
v -0.336145 -0.811532 -0.740315
v -0.388502 -0.787809 -0.740315
v -0.439196 -0.760713 -0.740315
v -0.488008 -0.730360 -0.740315
v -0.534731 -0.696879 -0.740315
v -0.579164 -0.660414 -0.740315
v -0.621117 -0.621121 -0.740315
v -0.660411 -0.579168 -0.740315
v -0.696876 -0.534735 -0.740315
v -0.730357 -0.488012 -0.740315
v -0.760711 -0.439199 -0.740315
v -0.787808 -0.388506 -0.740315
v -0.811530 -0.336149 -0.740315
v -0.831778 -0.282352 -0.740315
v -0.848464 -0.227347 -0.740315
v -0.861516 -0.171368 -0.740315
v -0.870880 -0.114655 -0.740315
v -0.876514 -0.057451 -0.740315
v -0.878395 -0.000001 -0.740315
v -0.876514 0.057449 -0.740315
v -0.870880 0.114652 -0.740315
v -0.861517 0.171365 -0.740315
v -0.848464 0.227344 -0.740315
v -0.831779 0.282350 -0.740315
v -0.811531 0.336146 -0.740315
v -0.787809 0.388503 -0.740315
v -0.760713 0.439197 -0.740315
v -0.730359 0.488010 -0.740315
v -0.696878 0.534733 -0.740315
v -0.660412 0.579166 -0.740315
v -0.621119 0.621119 -0.740315
v -0.579166 0.660412 -0.740315
v -0.534733 0.696877 -0.740315
v -0.488010 0.730359 -0.740315
v -0.439197 0.760712 -0.740315
v -0.388504 0.787809 -0.740315
v -0.336147 0.811531 -0.740315
v -0.282351 0.831779 -0.740315
v -0.227345 0.848464 -0.740315
v -0.171366 0.861517 -0.740315
v -0.114653 0.870880 -0.740315
v -0.057450 0.876514 -0.740315
v 0.000000 0.878395 -0.740315
v 0.057450 0.876514 -0.740315
v 0.114654 0.870880 -0.740315
v 0.171366 0.861517 -0.740315
v 0.227345 0.848464 -0.740315
v 0.282351 0.831779 -0.740315
v 0.336147 0.811531 -0.740315
v 0.388504 0.787808 -0.740315
v 0.439197 0.760712 -0.740315
v 0.488010 0.730359 -0.740315
v 0.534733 0.696877 -0.740315
v 0.579166 0.660412 -0.740315
v 0.621119 0.621119 -0.740315
v 0.660412 0.579166 -0.740315
v 0.696878 0.534733 -0.740315
v 0.730359 0.488010 -0.740315
v 0.760712 0.439197 -0.740315
v 0.787808 0.388504 -0.740315
v 0.811531 0.336147 -0.740315
v 0.831779 0.282351 -0.740315
v 0.848464 0.227345 -0.740315
v 0.861517 0.171366 -0.740315
v 0.870880 0.114654 -0.740315
v 0.876514 0.057450 -0.740315
v 0.882304 -0.000002 -0.735220
v 0.880415 -0.057707 -0.735220
v 0.874756 -0.115165 -0.735220
v 0.865351 -0.172130 -0.735220
v 0.852240 -0.228358 -0.735220
v 0.835480 -0.283608 -0.735220
v 0.815143 -0.337644 -0.735220
v 0.791314 -0.390234 -0.735220
v 0.764098 -0.441153 -0.735220
v 0.733609 -0.490182 -0.735220
v 0.699979 -0.537113 -0.735220
v 0.663351 -0.581744 -0.735220
v 0.623883 -0.623883 -0.735220
v 0.581744 -0.663351 -0.735220
v 0.537113 -0.699979 -0.735220
v 0.490182 -0.733609 -0.735220
v 0.441152 -0.764098 -0.735220
v 0.390234 -0.791314 -0.735220
v 0.337644 -0.815143 -0.735220
v 0.283608 -0.835480 -0.735220
v 0.228358 -0.852240 -0.735220
v 0.172130 -0.865351 -0.735220
v 0.115165 -0.874756 -0.735220
v 0.057707 -0.880415 -0.735220
v 0.000001 -0.882304 -0.735220
v -0.057704 -0.880415 -0.735220
v -0.115162 -0.874756 -0.735220
v -0.172127 -0.865351 -0.735220
v -0.228355 -0.852241 -0.735220
v -0.283606 -0.835481 -0.735220
v -0.337641 -0.815144 -0.735220
v -0.390231 -0.791316 -0.735220
v -0.441150 -0.764099 -0.735220
v -0.490180 -0.733610 -0.735220
v -0.537111 -0.699981 -0.735220
v -0.581742 -0.663353 -0.735220
v -0.623882 -0.623885 -0.735220
v -0.663350 -0.581745 -0.735220
v -0.699978 -0.537115 -0.735220
v -0.733608 -0.490184 -0.735220
v -0.764097 -0.441154 -0.735220
v -0.791314 -0.390235 -0.735220
v -0.815142 -0.337645 -0.735220
v -0.835480 -0.283609 -0.735220
v -0.852240 -0.228359 -0.735220
v -0.865351 -0.172131 -0.735220
v -0.874756 -0.115165 -0.735220
v -0.880415 -0.057707 -0.735220
v -0.882304 -0.000001 -0.735220
v -0.880415 0.057704 -0.735220
v -0.874756 0.115163 -0.735220
v -0.865351 0.172128 -0.735220
v -0.852241 0.228356 -0.735220
v -0.835481 0.283607 -0.735220
v -0.815143 0.337642 -0.735220
v -0.791315 0.390233 -0.735220
v -0.764098 0.441152 -0.735220
v -0.733609 0.490182 -0.735220
v -0.699979 0.537112 -0.735220
v -0.663352 0.581743 -0.735220
v -0.623883 0.623883 -0.735220
v -0.581744 0.663351 -0.735220
v -0.537113 0.699979 -0.735220
v -0.490182 0.733609 -0.735220
v -0.441152 0.764098 -0.735220
v -0.390233 0.791315 -0.735220
v -0.337643 0.815143 -0.735220
v -0.283607 0.835481 -0.735220
v -0.228357 0.852241 -0.735220
v -0.172129 0.865351 -0.735220
v -0.115164 0.874756 -0.735220
v -0.057705 0.880415 -0.735220
v 0.000000 0.882304 -0.735220
v 0.057706 0.880415 -0.735220
v 0.115164 0.874756 -0.735220
v 0.172129 0.865351 -0.735220
v 0.228357 0.852240 -0.735220
v 0.283608 0.835480 -0.735220
v 0.337643 0.815143 -0.735220
v 0.390233 0.791315 -0.735220
v 0.441152 0.764098 -0.735220
v 0.490182 0.733609 -0.735220
v 0.537113 0.699979 -0.735220
v 0.581744 0.663351 -0.735220
v 0.623883 0.623883 -0.735220
v 0.663352 0.581744 -0.735220
v 0.699979 0.537113 -0.735220
v 0.733609 0.490182 -0.735220
v 0.764098 0.441152 -0.735220
v 0.791315 0.390233 -0.735220
v 0.815143 0.337643 -0.735220
v 0.835480 0.283607 -0.735220
v 0.852240 0.228357 -0.735220
v 0.865351 0.172129 -0.735220
v 0.874756 0.115164 -0.735220
v 0.880415 0.057705 -0.735220
v 0.884762 -0.000002 -0.729287
v 0.882867 -0.057868 -0.729287
v 0.877192 -0.115486 -0.729287
v 0.867761 -0.172610 -0.729287
v 0.854614 -0.228994 -0.729287
v 0.837807 -0.284398 -0.729287
v 0.817413 -0.338584 -0.729287
v 0.793518 -0.391321 -0.729287
v 0.766226 -0.442381 -0.729287
v 0.735652 -0.491548 -0.729287
v 0.701928 -0.538609 -0.729287
v 0.665199 -0.583364 -0.729287
v 0.625621 -0.625621 -0.729287
v 0.583364 -0.665199 -0.729287
v 0.538609 -0.701929 -0.729287
v 0.491547 -0.735652 -0.729287
v 0.442381 -0.766226 -0.729287
v 0.391321 -0.793519 -0.729287
v 0.338584 -0.817413 -0.729287
v 0.284398 -0.837807 -0.729287
v 0.228994 -0.854614 -0.729287
v 0.172609 -0.867761 -0.729287
v 0.115486 -0.877192 -0.729287
v 0.057867 -0.882867 -0.729287
v 0.000001 -0.884762 -0.729287
v -0.057865 -0.882868 -0.729287
v -0.115483 -0.877193 -0.729287
v -0.172607 -0.867762 -0.729287
v -0.228992 -0.854615 -0.729287
v -0.284396 -0.837808 -0.729287
v -0.338582 -0.817414 -0.729287
v -0.391318 -0.793520 -0.729287
v -0.442379 -0.766227 -0.729287
v -0.491545 -0.735654 -0.729287
v -0.538607 -0.701930 -0.729287
v -0.583362 -0.665201 -0.729287
v -0.625619 -0.625623 -0.729287
v -0.665198 -0.583366 -0.729287
v -0.701927 -0.538611 -0.729287
v -0.735651 -0.491549 -0.729287
v -0.766225 -0.442383 -0.729287
v -0.793518 -0.391322 -0.729287
v -0.817413 -0.338585 -0.729287
v -0.837807 -0.284399 -0.729287
v -0.854614 -0.228995 -0.729287
v -0.867761 -0.172610 -0.729287
v -0.877192 -0.115486 -0.729287
v -0.882867 -0.057868 -0.729287
v -0.884762 -0.000001 -0.729287
v -0.882868 0.057865 -0.729287
v -0.877193 0.115483 -0.729287
v -0.867762 0.172607 -0.729287
v -0.854615 0.228992 -0.729287
v -0.837808 0.284397 -0.729287
v -0.817414 0.338583 -0.729287
v -0.793519 0.391320 -0.729287
v -0.766227 0.442380 -0.729287
v -0.735653 0.491547 -0.729287
v -0.701929 0.538609 -0.729287
v -0.665199 0.583364 -0.729287
v -0.625621 0.625621 -0.729287
v -0.583364 0.665199 -0.729287
v -0.538609 0.701929 -0.729287
v -0.491547 0.735653 -0.729287
v -0.442381 0.766226 -0.729287
v -0.391320 0.793519 -0.729287
v -0.338583 0.817413 -0.729287
v -0.284397 0.837808 -0.729287
v -0.228993 0.854614 -0.729287
v -0.172608 0.867761 -0.729287
v -0.115484 0.877193 -0.729287
v -0.057866 0.882867 -0.729287
v 0.000000 0.884762 -0.729287
v 0.057866 0.882867 -0.729287
v 0.115485 0.877192 -0.729287
v 0.172609 0.867761 -0.729287
v 0.228993 0.854614 -0.729287
v 0.284397 0.837808 -0.729287
v 0.338584 0.817413 -0.729287
v 0.391320 0.793519 -0.729287
v 0.442381 0.766226 -0.729287
v 0.491547 0.735653 -0.729287
v 0.538609 0.701929 -0.729287
v 0.583364 0.665199 -0.729287
v 0.625621 0.625621 -0.729287
v 0.665199 0.583364 -0.729287
v 0.701929 0.538609 -0.729287
v 0.735653 0.491547 -0.729287
v 0.766226 0.442381 -0.729287
v 0.793519 0.391320 -0.729287
v 0.817413 0.338584 -0.729287
v 0.837808 0.284397 -0.729287
v 0.854614 0.228993 -0.729287
v 0.867761 0.172608 -0.729287
v 0.877193 0.115485 -0.729287
v 0.882867 0.057866 -0.729287
v 0.867871 -0.000000 -0.717362
v 0.868054 0.003472 -0.717116
v 0.868595 0.006840 -0.716393
v 0.869474 0.010000 -0.715216
v 0.870672 0.012853 -0.713612
v 0.872148 0.015319 -0.711637
v 0.873856 0.017321 -0.709351
v 0.875747 0.018791 -0.706819
v 0.877763 0.019693 -0.704121
v 0.879841 0.020000 -0.701340
v 0.881919 0.019693 -0.698559
v 0.883935 0.018791 -0.695861
v 0.885826 0.017321 -0.693329
v 0.887534 0.015319 -0.691043
v 0.889010 0.012853 -0.689068
v 0.890208 0.010000 -0.687464
v 0.891087 0.006840 -0.686287
v 0.891628 0.003472 -0.685564
v 0.891811 0.000000 -0.685318
v 0.891628 -0.003472 -0.685564
v 0.891088 -0.006840 -0.686287
v 0.890208 -0.010000 -0.687464
v 0.889010 -0.012853 -0.689068
v 0.887534 -0.015319 -0.691043
v 0.885826 -0.017321 -0.693329
v 0.883935 -0.018791 -0.695861
v 0.881919 -0.019693 -0.698559
v 0.879841 -0.020000 -0.701340
v 0.877763 -0.019693 -0.704121
v 0.875747 -0.018791 -0.706819
v 0.873856 -0.017321 -0.709351
v 0.872148 -0.015319 -0.711637
v 0.870672 -0.012853 -0.713612
v 0.869474 -0.010000 -0.715216
v 0.868595 -0.006840 -0.716393
v 0.868054 -0.003472 -0.717116
v 0.822490 -0.000000 -0.679619
v 0.822703 0.003472 -0.679398
v 0.823328 0.006840 -0.678748
v 0.824347 0.010000 -0.677691
v 0.825734 0.012853 -0.676251
v 0.827443 0.015319 -0.674478
v 0.829421 0.017321 -0.672425
v 0.831611 0.018791 -0.670152
v 0.833946 0.019693 -0.667729
v 0.836352 0.020000 -0.665232
v 0.838758 0.019693 -0.662734
v 0.841092 0.018791 -0.660312
v 0.843283 0.017321 -0.658039
v 0.845260 0.015319 -0.655986
v 0.846969 0.012853 -0.654213
v 0.848357 0.010000 -0.652773
v 0.849375 0.006840 -0.651715
v 0.850001 0.003472 -0.651066
v 0.850214 0.000000 -0.650845
v 0.850001 -0.003472 -0.651066
v 0.849375 -0.006840 -0.651715
v 0.848357 -0.010000 -0.652773
v 0.846969 -0.012853 -0.654213
v 0.845260 -0.015319 -0.655986
v 0.843283 -0.017321 -0.658038
v 0.841092 -0.018791 -0.660312
v 0.838758 -0.019693 -0.662734
v 0.836352 -0.020000 -0.665232
v 0.833946 -0.019693 -0.667729
v 0.831611 -0.018791 -0.670152
v 0.829421 -0.017321 -0.672425
v 0.827443 -0.015319 -0.674478
v 0.825735 -0.012853 -0.676251
v 0.824347 -0.010000 -0.677691
v 0.823328 -0.006840 -0.678748
v 0.822703 -0.003472 -0.679398
v 0.785662 -0.000000 -0.641128
v 0.785899 0.003472 -0.640935
v 0.786595 0.006840 -0.640368
v 0.787728 0.010000 -0.639442
v 0.789272 0.012853 -0.638183
v 0.791173 0.015319 -0.636631
v 0.793373 0.017321 -0.634835
v 0.795809 0.018791 -0.632847
v 0.798406 0.019693 -0.630727
v 0.801083 0.020000 -0.628542
v 0.803760 0.019693 -0.626358
v 0.806357 0.018791 -0.624238
v 0.808793 0.017321 -0.622249
v 0.810993 0.015319 -0.620454
v 0.812894 0.012853 -0.618902
v 0.814438 0.010000 -0.617643
v 0.815571 0.006840 -0.616717
v 0.816267 0.003472 -0.616149
v 0.816504 0.000000 -0.615956
v 0.816267 -0.003472 -0.616149
v 0.815571 -0.006840 -0.616717
v 0.814438 -0.010000 -0.617643
v 0.812894 -0.012853 -0.618902
v 0.810993 -0.015319 -0.620454
v 0.808793 -0.017321 -0.622249
v 0.806357 -0.018791 -0.624238
v 0.803760 -0.019693 -0.626357
v 0.801083 -0.020000 -0.628542
v 0.798406 -0.019693 -0.630727
v 0.795809 -0.018791 -0.632847
v 0.793373 -0.017321 -0.634835
v 0.791173 -0.015319 -0.636631
v 0.789272 -0.012853 -0.638182
v 0.787728 -0.010000 -0.639442
v 0.786595 -0.006840 -0.640367
v 0.785899 -0.003472 -0.640935
v 0.756650 -0.000000 -0.602154
v 0.756905 0.003472 -0.601990
v 0.757658 0.006840 -0.601509
v 0.758883 0.010000 -0.600727
v 0.760551 0.012853 -0.599661
v 0.762606 0.015319 -0.598348
v 0.764984 0.017321 -0.596828
v 0.767618 0.018791 -0.595145
v 0.770425 0.019693 -0.593352
v 0.773319 0.020000 -0.591503
v 0.776213 0.019693 -0.589654
v 0.779020 0.018791 -0.587861
v 0.781654 0.017321 -0.586178
v 0.784032 0.015319 -0.584658
v 0.786086 0.012853 -0.583346
v 0.787755 0.010000 -0.582280
v 0.788980 0.006840 -0.581497
v 0.789732 0.003472 -0.581016
v 0.789988 0.000000 -0.580853
v 0.789732 -0.003472 -0.581016
v 0.788980 -0.006840 -0.581497
v 0.787755 -0.010000 -0.582280
v 0.786087 -0.012853 -0.583345
v 0.784032 -0.015319 -0.584659
v 0.781654 -0.017321 -0.586178
v 0.779020 -0.018791 -0.587861
v 0.776213 -0.019693 -0.589654
v 0.773319 -0.020000 -0.591503
v 0.770425 -0.019693 -0.593352
v 0.767618 -0.018791 -0.595145
v 0.764984 -0.017321 -0.596828
v 0.762606 -0.015319 -0.598348
v 0.760551 -0.012853 -0.599661
v 0.758883 -0.010000 -0.600727
v 0.757658 -0.006840 -0.601509
v 0.756905 -0.003472 -0.601990
v 0.734714 -0.000000 -0.562955
v 0.734985 0.003472 -0.562823
v 0.735780 0.006840 -0.562435
v 0.737076 0.010000 -0.561802
v 0.738841 0.012853 -0.560940
v 0.741014 0.015319 -0.559879
v 0.743529 0.017321 -0.558650
v 0.746315 0.018791 -0.557290
v 0.749283 0.019693 -0.555840
v 0.752344 0.020000 -0.554346
v 0.755404 0.019693 -0.552851
v 0.758373 0.018791 -0.551401
v 0.761159 0.017321 -0.550041
v 0.763674 0.015319 -0.548812
v 0.765847 0.012853 -0.547751
v 0.767611 0.010000 -0.546889
v 0.768907 0.006840 -0.546256
v 0.769703 0.003472 -0.545868
v 0.769974 0.000000 -0.545736
v 0.769703 -0.003472 -0.545868
v 0.768907 -0.006840 -0.546256
v 0.767612 -0.010000 -0.546889
v 0.765847 -0.012853 -0.547751
v 0.763674 -0.015319 -0.548812
v 0.761159 -0.017321 -0.550040
v 0.758373 -0.018791 -0.551401
v 0.755404 -0.019693 -0.552851
v 0.752344 -0.020000 -0.554346
v 0.749283 -0.019693 -0.555840
v 0.746315 -0.018791 -0.557290
v 0.743529 -0.017321 -0.558650
v 0.741014 -0.015319 -0.559879
v 0.738841 -0.012853 -0.560940
v 0.737076 -0.010000 -0.561802
v 0.735780 -0.006840 -0.562435
v 0.734985 -0.003472 -0.562823
v 0.719118 -0.000000 -0.523795
v 0.719400 0.003472 -0.523696
v 0.720226 0.006840 -0.523402
v 0.721573 0.010000 -0.522925
v 0.723407 0.012853 -0.522275
v 0.725666 0.015319 -0.521475
v 0.728280 0.017321 -0.520548
v 0.731176 0.018791 -0.519522
v 0.734261 0.019693 -0.518428
v 0.737442 0.020000 -0.517301
v 0.740623 0.019693 -0.516174
v 0.743709 0.018791 -0.515080
v 0.746604 0.017321 -0.514054
v 0.749218 0.015319 -0.513128
v 0.751477 0.012853 -0.512327
v 0.753311 0.010000 -0.511678
v 0.754658 0.006840 -0.511200
v 0.755485 0.003472 -0.510907
v 0.755766 0.000000 -0.510807
v 0.755485 -0.003472 -0.510907
v 0.754658 -0.006840 -0.511200
v 0.753311 -0.010000 -0.511677
v 0.751477 -0.012853 -0.512327
v 0.749218 -0.015319 -0.513128
v 0.746604 -0.017321 -0.514054
v 0.743709 -0.018791 -0.515080
v 0.740623 -0.019693 -0.516174
v 0.737442 -0.020000 -0.517301
v 0.734261 -0.019693 -0.518429
v 0.731176 -0.018791 -0.519522
v 0.728280 -0.017321 -0.520548
v 0.725666 -0.015319 -0.521475
v 0.723407 -0.012853 -0.522275
v 0.721573 -0.010000 -0.522925
v 0.720226 -0.006840 -0.523402
v 0.719400 -0.003472 -0.523695
v 0.709123 -0.000000 -0.484935
v 0.709412 0.003472 -0.484868
v 0.710259 0.006840 -0.484673
v 0.711639 0.010000 -0.484354
v 0.713518 0.012853 -0.483921
v 0.715832 0.015319 -0.483386
v 0.718511 0.017321 -0.482768
v 0.721477 0.018791 -0.482084
v 0.724639 0.019693 -0.481354
v 0.727898 0.020000 -0.480602
v 0.731157 0.019693 -0.479850
v 0.734319 0.018791 -0.479120
v 0.737285 0.017321 -0.478435
v 0.739964 0.015319 -0.477817
v 0.742278 0.012853 -0.477283
v 0.744157 0.010000 -0.476849
v 0.745537 0.006840 -0.476531
v 0.746384 0.003472 -0.476335
v 0.746672 0.000000 -0.476269
v 0.746384 -0.003472 -0.476335
v 0.745537 -0.006840 -0.476531
v 0.744157 -0.010000 -0.476849
v 0.742278 -0.012853 -0.477283
v 0.739964 -0.015319 -0.477817
v 0.737285 -0.017321 -0.478435
v 0.734319 -0.018791 -0.479120
v 0.731157 -0.019693 -0.479849
v 0.727898 -0.020000 -0.480602
v 0.724639 -0.019693 -0.481354
v 0.721477 -0.018791 -0.482084
v 0.718511 -0.017321 -0.482768
v 0.715832 -0.015319 -0.483386
v 0.713518 -0.012853 -0.483921
v 0.711639 -0.010000 -0.484354
v 0.710259 -0.006840 -0.484673
v 0.709412 -0.003472 -0.484868
v 0.703992 -0.000000 -0.446636
v 0.704284 0.003472 -0.446603
v 0.705141 0.006840 -0.446505
v 0.706538 0.010000 -0.446347
v 0.708440 0.012853 -0.446131
v 0.710783 0.015319 -0.445865
v 0.713494 0.017321 -0.445557
v 0.716497 0.018791 -0.445216
v 0.719697 0.019693 -0.444853
v 0.722996 0.020000 -0.444479
v 0.726294 0.019693 -0.444104
v 0.729495 0.018791 -0.443741
v 0.732497 0.017321 -0.443400
v 0.735208 0.015319 -0.443092
v 0.737551 0.012853 -0.442826
v 0.739453 0.010000 -0.442611
v 0.740850 0.006840 -0.442452
v 0.741707 0.003472 -0.442355
v 0.741999 0.000000 -0.442322
v 0.741707 -0.003472 -0.442354
v 0.740850 -0.006840 -0.442452
v 0.739453 -0.010000 -0.442610
v 0.737551 -0.012853 -0.442826
v 0.735208 -0.015319 -0.443092
v 0.732497 -0.017321 -0.443400
v 0.729495 -0.018791 -0.443741
v 0.726294 -0.019693 -0.444104
v 0.722996 -0.020000 -0.444479
v 0.719697 -0.019693 -0.444853
v 0.716497 -0.018791 -0.445216
v 0.713494 -0.017321 -0.445557
v 0.710783 -0.015319 -0.445865
v 0.708440 -0.012853 -0.446131
v 0.706538 -0.010000 -0.446347
v 0.705141 -0.006840 -0.446505
v 0.704284 -0.003472 -0.446603
v 0.702986 -0.000000 -0.409159
v 0.703279 0.003472 -0.409159
v 0.704137 0.006840 -0.409160
v 0.705536 0.010000 -0.409160
v 0.707441 0.012853 -0.409160
v 0.709788 0.015319 -0.409161
v 0.712503 0.017321 -0.409161
v 0.715510 0.018791 -0.409162
v 0.718715 0.019693 -0.409163
v 0.722019 0.020000 -0.409163
v 0.725323 0.019693 -0.409164
v 0.728529 0.018791 -0.409165
v 0.731536 0.017321 -0.409165
v 0.734251 0.015319 -0.409166
v 0.736598 0.012853 -0.409166
v 0.738503 0.010000 -0.409167
v 0.739902 0.006840 -0.409167
v 0.740760 0.003472 -0.409167
v 0.741053 0.000000 -0.409167
v 0.740760 -0.003472 -0.409167
v 0.739902 -0.006840 -0.409167
v 0.738503 -0.010000 -0.409166
v 0.736598 -0.012853 -0.409166
v 0.734251 -0.015319 -0.409166
v 0.731536 -0.017321 -0.409165
v 0.728529 -0.018791 -0.409165
v 0.725323 -0.019693 -0.409164
v 0.722019 -0.020000 -0.409163
v 0.718715 -0.019693 -0.409163
v 0.715510 -0.018791 -0.409162
v 0.712503 -0.017321 -0.409161
v 0.709788 -0.015319 -0.409161
v 0.707441 -0.012853 -0.409160
v 0.705536 -0.010000 -0.409160
v 0.704137 -0.006840 -0.409160
v 0.703278 -0.003472 -0.409160
v 0.705368 -0.000000 -0.372767
v 0.705658 0.003472 -0.372800
v 0.706510 0.006840 -0.372896
v 0.707898 0.010000 -0.373052
v 0.709789 0.012853 -0.373264
v 0.712117 0.015319 -0.373525
v 0.714811 0.017321 -0.373827
v 0.717795 0.018791 -0.374162
v 0.720975 0.019693 -0.374519
v 0.724254 0.020000 -0.374887
v 0.727532 0.019693 -0.375255
v 0.730712 0.018791 -0.375612
v 0.733696 0.017321 -0.375947
v 0.736391 0.015319 -0.376250
v 0.738719 0.012853 -0.376511
v 0.740609 0.010000 -0.376723
v 0.741997 0.006840 -0.376879
v 0.742849 0.003472 -0.376975
v 0.743139 0.000000 -0.377007
v 0.742849 -0.003472 -0.376974
v 0.741997 -0.006840 -0.376879
v 0.740609 -0.010000 -0.376723
v 0.738719 -0.012853 -0.376511
v 0.736391 -0.015319 -0.376250
v 0.733697 -0.017321 -0.375947
v 0.730712 -0.018791 -0.375612
v 0.727532 -0.019693 -0.375255
v 0.724254 -0.020000 -0.374887
v 0.720975 -0.019693 -0.374519
v 0.717795 -0.018791 -0.374162
v 0.714811 -0.017321 -0.373827
v 0.712117 -0.015319 -0.373525
v 0.709789 -0.012853 -0.373264
v 0.707898 -0.010000 -0.373052
v 0.706510 -0.006840 -0.372896
v 0.705658 -0.003472 -0.372800
v 0.710707 -0.000000 -0.337566
v 0.710992 0.003472 -0.337630
v 0.711831 0.006840 -0.337817
v 0.713196 0.010000 -0.338124
v 0.715056 0.012853 -0.338540
v 0.717347 0.015319 -0.339053
v 0.719997 0.017321 -0.339648
v 0.722933 0.018791 -0.340305
v 0.726062 0.019693 -0.341007
v 0.729288 0.020000 -0.341730
v 0.732513 0.019693 -0.342452
v 0.735642 0.018791 -0.343153
v 0.738578 0.017321 -0.343811
v 0.741229 0.015319 -0.344405
v 0.743519 0.012853 -0.344919
v 0.745379 0.010000 -0.345335
v 0.746745 0.006840 -0.345641
v 0.747583 0.003472 -0.345829
v 0.747868 0.000000 -0.345893
v 0.747583 -0.003472 -0.345829
v 0.746745 -0.006840 -0.345641
v 0.745379 -0.010000 -0.345335
v 0.743519 -0.012853 -0.344919
v 0.741229 -0.015319 -0.344405
v 0.738578 -0.017321 -0.343811
v 0.735642 -0.018791 -0.343153
v 0.732513 -0.019693 -0.342452
v 0.729288 -0.020000 -0.341729
v 0.726062 -0.019693 -0.341007
v 0.722933 -0.018791 -0.340305
v 0.719997 -0.017321 -0.339648
v 0.717347 -0.015319 -0.339053
v 0.715056 -0.012853 -0.338540
v 0.713196 -0.010000 -0.338124
v 0.711831 -0.006840 -0.337817
v 0.710992 -0.003472 -0.337630
v 0.719802 -0.000000 -0.303036
v 0.720080 0.003472 -0.303131
v 0.720898 0.006840 -0.303407
v 0.722230 0.010000 -0.303857
v 0.724045 0.012853 -0.304469
v 0.726280 0.015319 -0.305224
v 0.728866 0.017321 -0.306097
v 0.731731 0.018791 -0.307064
v 0.734783 0.019693 -0.308095
v 0.737930 0.020000 -0.309157
v 0.741077 0.019693 -0.310220
v 0.744130 0.018791 -0.311251
v 0.746995 0.017321 -0.312218
v 0.749581 0.015319 -0.313091
v 0.751816 0.012853 -0.313845
v 0.753630 0.010000 -0.314458
v 0.754963 0.006840 -0.314908
v 0.755781 0.003472 -0.315184
v 0.756059 0.000000 -0.315278
v 0.755781 -0.003472 -0.315184
v 0.754963 -0.006840 -0.314908
v 0.753630 -0.010000 -0.314458
v 0.751816 -0.012853 -0.313845
v 0.749581 -0.015319 -0.313091
v 0.746995 -0.017321 -0.312218
v 0.744130 -0.018791 -0.311251
v 0.741077 -0.019693 -0.310220
v 0.737930 -0.020000 -0.309157
v 0.734783 -0.019693 -0.308095
v 0.731731 -0.018791 -0.307064
v 0.728866 -0.017321 -0.306097
v 0.726280 -0.015319 -0.305224
v 0.724045 -0.012853 -0.304469
v 0.722231 -0.010000 -0.303857
v 0.720898 -0.006840 -0.303407
v 0.720080 -0.003472 -0.303131
v 0.733759 -0.000000 -0.268507
v 0.734028 0.003472 -0.268630
v 0.734819 0.006840 -0.268990
v 0.736108 0.010000 -0.269576
v 0.737863 0.012853 -0.270375
v 0.740025 0.015319 -0.271358
v 0.742527 0.017321 -0.272497
v 0.745298 0.018791 -0.273757
v 0.748251 0.019693 -0.275101
v 0.751296 0.020000 -0.276486
v 0.754340 0.019693 -0.277871
v 0.757293 0.018791 -0.279215
v 0.760064 0.017321 -0.280475
v 0.762566 0.015319 -0.281613
v 0.764728 0.012853 -0.282597
v 0.766483 0.010000 -0.283396
v 0.767772 0.006840 -0.283982
v 0.768564 0.003472 -0.284342
v 0.768833 0.000000 -0.284464
v 0.768564 -0.003472 -0.284342
v 0.767772 -0.006840 -0.283982
v 0.766483 -0.010000 -0.283395
v 0.764728 -0.012853 -0.282597
v 0.762566 -0.015319 -0.281613
v 0.760064 -0.017321 -0.280475
v 0.757293 -0.018791 -0.279215
v 0.754340 -0.019693 -0.277871
v 0.751296 -0.020000 -0.276486
v 0.748251 -0.019693 -0.275101
v 0.745298 -0.018791 -0.273757
v 0.742527 -0.017321 -0.272497
v 0.740025 -0.015319 -0.271358
v 0.737864 -0.012853 -0.270375
v 0.736108 -0.010000 -0.269576
v 0.734819 -0.006840 -0.268990
v 0.734028 -0.003472 -0.268630
v 0.753684 -0.000000 -0.233305
v 0.753942 0.003472 -0.233454
v 0.754701 0.006840 -0.233893
v 0.755937 0.010000 -0.234608
v 0.757619 0.012853 -0.235581
v 0.759692 0.015319 -0.236780
v 0.762091 0.017321 -0.238167
v 0.764748 0.018791 -0.239704
v 0.767579 0.019693 -0.241342
v 0.770498 0.020000 -0.243030
v 0.773417 0.019693 -0.244718
v 0.776248 0.018791 -0.246356
v 0.778905 0.017321 -0.247892
v 0.781304 0.015319 -0.249280
v 0.783376 0.012853 -0.250479
v 0.785059 0.010000 -0.251452
v 0.786295 0.006840 -0.252167
v 0.787054 0.003472 -0.252606
v 0.787312 0.000000 -0.252755
v 0.787054 -0.003472 -0.252606
v 0.786295 -0.006840 -0.252167
v 0.785059 -0.010000 -0.251452
v 0.783376 -0.012853 -0.250479
v 0.781304 -0.015319 -0.249280
v 0.778905 -0.017321 -0.247892
v 0.776248 -0.018791 -0.246356
v 0.773417 -0.019693 -0.244718
v 0.770498 -0.020000 -0.243030
v 0.767579 -0.019693 -0.241342
v 0.764748 -0.018791 -0.239704
v 0.762091 -0.017321 -0.238167
v 0.759692 -0.015319 -0.236780
v 0.757620 -0.012853 -0.235581
v 0.755937 -0.010000 -0.234608
v 0.754701 -0.006840 -0.233893
v 0.753942 -0.003472 -0.233454
v 0.780684 -0.000000 -0.196756
v 0.780929 0.003472 -0.196930
v 0.781649 0.006840 -0.197442
v 0.782823 0.010000 -0.198276
v 0.784421 0.012853 -0.199412
v 0.786390 0.015319 -0.200811
v 0.788667 0.017321 -0.202430
v 0.791190 0.018791 -0.204223
v 0.793879 0.019693 -0.206134
v 0.796651 0.020000 -0.208104
v 0.799423 0.019693 -0.210074
v 0.802111 0.018791 -0.211985
v 0.804634 0.017321 -0.213778
v 0.806912 0.015319 -0.215397
v 0.808881 0.012853 -0.216796
v 0.810479 0.010000 -0.217932
v 0.811652 0.006840 -0.218766
v 0.812373 0.003472 -0.219278
v 0.812618 0.000000 -0.219452
v 0.812373 -0.003472 -0.219278
v 0.811652 -0.006840 -0.218766
v 0.810479 -0.010000 -0.217932
v 0.808881 -0.012853 -0.216796
v 0.806912 -0.015319 -0.215397
v 0.804634 -0.017321 -0.213778
v 0.802111 -0.018791 -0.211985
v 0.799423 -0.019693 -0.210074
v 0.796651 -0.020000 -0.208104
v 0.793879 -0.019693 -0.206134
v 0.791190 -0.018791 -0.204223
v 0.788667 -0.017321 -0.202430
v 0.786390 -0.015319 -0.200811
v 0.784421 -0.012853 -0.199412
v 0.782823 -0.010000 -0.198276
v 0.781650 -0.006840 -0.197442
v 0.780929 -0.003472 -0.196930
v 0.815865 -0.000000 -0.158187
v 0.816095 0.003472 -0.158384
v 0.816772 0.006840 -0.158963
v 0.817875 0.010000 -0.159907
v 0.819377 0.012853 -0.161192
v 0.821226 0.015319 -0.162774
v 0.823367 0.017321 -0.164605
v 0.825738 0.018791 -0.166633
v 0.828264 0.019693 -0.168795
v 0.830869 0.020000 -0.171023
v 0.833473 0.019693 -0.173252
v 0.836000 0.018791 -0.175413
v 0.838371 0.017321 -0.177441
v 0.840511 0.015319 -0.179273
v 0.842361 0.012853 -0.180855
v 0.843862 0.010000 -0.182140
v 0.844965 0.006840 -0.183083
v 0.845642 0.003472 -0.183662
v 0.845873 0.000000 -0.183859
v 0.845642 -0.003472 -0.183662
v 0.844965 -0.006840 -0.183083
v 0.843862 -0.010000 -0.182140
v 0.842361 -0.012853 -0.180855
v 0.840511 -0.015319 -0.179273
v 0.838371 -0.017321 -0.177441
v 0.836000 -0.018791 -0.175413
v 0.833473 -0.019693 -0.173251
v 0.830869 -0.020000 -0.171023
v 0.828264 -0.019693 -0.168795
v 0.825738 -0.018791 -0.166633
v 0.823367 -0.017321 -0.164605
v 0.821226 -0.015319 -0.162774
v 0.819377 -0.012853 -0.161192
v 0.817875 -0.010000 -0.159907
v 0.816772 -0.006840 -0.158963
v 0.816095 -0.003472 -0.158384
v 0.860333 -0.000000 -0.116926
v 0.860547 0.003472 -0.117144
v 0.861175 0.006840 -0.117783
v 0.862199 0.010000 -0.118825
v 0.863594 0.012853 -0.120244
v 0.865312 0.015319 -0.121992
v 0.867299 0.017321 -0.124014
v 0.869501 0.018791 -0.126254
v 0.871847 0.019693 -0.128642
v 0.874265 0.020000 -0.131103
v 0.876684 0.019693 -0.133564
v 0.879030 0.018791 -0.135951
v 0.881231 0.017321 -0.138191
v 0.883219 0.015319 -0.140213
v 0.884937 0.012853 -0.141961
v 0.886331 0.010000 -0.143380
v 0.887355 0.006840 -0.144422
v 0.887984 0.003472 -0.145061
v 0.888198 0.000000 -0.145279
v 0.887984 -0.003472 -0.145061
v 0.887355 -0.006840 -0.144421
v 0.886331 -0.010000 -0.143380
v 0.884937 -0.012853 -0.141961
v 0.883219 -0.015319 -0.140213
v 0.881232 -0.017321 -0.138191
v 0.879030 -0.018791 -0.135951
v 0.876684 -0.019693 -0.133563
v 0.874265 -0.020000 -0.131103
v 0.871847 -0.019693 -0.128641
v 0.869501 -0.018791 -0.126254
v 0.867299 -0.017321 -0.124014
v 0.865312 -0.015319 -0.121992
v 0.863594 -0.012853 -0.120244
v 0.862199 -0.010000 -0.118825
v 0.861175 -0.006840 -0.117783
v 0.860547 -0.003472 -0.117144
v 0.915194 -0.000000 -0.072299
v 0.915390 0.003472 -0.072535
v 0.915966 0.006840 -0.073228
v 0.916904 0.010000 -0.074357
v 0.918181 0.012853 -0.075894
v 0.919754 0.015319 -0.077787
v 0.921575 0.017321 -0.079978
v 0.923591 0.018791 -0.082404
v 0.925740 0.019693 -0.084991
v 0.927955 0.020000 -0.087657
v 0.930170 0.019693 -0.090322
v 0.932319 0.018791 -0.092909
v 0.934335 0.017321 -0.095335
v 0.936155 0.015319 -0.097526
v 0.937728 0.012853 -0.099419
v 0.939005 0.010000 -0.100956
v 0.939943 0.006840 -0.102085
v 0.940519 0.003472 -0.102778
v 0.940715 0.000000 -0.103014
v 0.940519 -0.003472 -0.102778
v 0.939943 -0.006840 -0.102085
v 0.939005 -0.010000 -0.100956
v 0.937728 -0.012853 -0.099419
v 0.936155 -0.015319 -0.097526
v 0.934335 -0.017321 -0.095335
v 0.932319 -0.018791 -0.092909
v 0.930170 -0.019693 -0.090322
v 0.927955 -0.020000 -0.087656
v 0.925740 -0.019693 -0.084991
v 0.923591 -0.018791 -0.082404
v 0.921575 -0.017321 -0.079978
v 0.919754 -0.015319 -0.077787
v 0.918181 -0.012853 -0.075894
v 0.916904 -0.010000 -0.074357
v 0.915966 -0.006840 -0.073228
v 0.915390 -0.003472 -0.072535
v 0.981555 -0.000000 -0.023634
v 0.981732 0.003472 -0.023885
v 0.982251 0.006840 -0.024624
v 0.983096 0.010000 -0.025826
v 0.984246 0.012853 -0.027465
v 0.985663 0.015319 -0.029482
v 0.987303 0.017321 -0.031817
v 0.989120 0.018791 -0.034403
v 0.991055 0.019693 -0.037159
v 0.993051 0.020000 -0.040000
v 0.995046 0.019693 -0.042841
v 0.996982 0.018791 -0.045597
v 0.998799 0.017321 -0.048183
v 1.000439 0.015319 -0.050518
v 1.001856 0.012853 -0.052535
v 1.003006 0.010000 -0.054174
v 1.003851 0.006840 -0.055376
v 1.004370 0.003472 -0.056115
v 1.004547 0.000000 -0.056366
v 1.004370 -0.003472 -0.056115
v 1.003851 -0.006840 -0.055376
v 1.003006 -0.010000 -0.054173
v 1.001856 -0.012853 -0.052535
v 1.000439 -0.015319 -0.050518
v 0.998799 -0.017321 -0.048183
v 0.996982 -0.018791 -0.045597
v 0.995047 -0.019693 -0.042841
v 0.993051 -0.020000 -0.040000
v 0.991055 -0.019693 -0.037159
v 0.989120 -0.018791 -0.034403
v 0.987303 -0.017321 -0.031817
v 0.985663 -0.015319 -0.029482
v 0.984246 -0.012853 -0.027465
v 0.983096 -0.010000 -0.025826
v 0.982251 -0.006840 -0.024624
v 0.981732 -0.003472 -0.023885
v 0.433935 -0.751598 -0.717362
v 0.437034 -0.750021 -0.717116
v 0.440221 -0.748805 -0.716393
v 0.443397 -0.747987 -0.715216
v 0.446467 -0.747598 -0.713612
v 0.449340 -0.747643 -0.711637
v 0.451928 -0.748121 -0.709351
v 0.454147 -0.749024 -0.706819
v 0.455936 -0.750319 -0.704121
v 0.457241 -0.751965 -0.701340
v 0.458014 -0.753918 -0.698559
v 0.458240 -0.756115 -0.695861
v 0.457913 -0.758488 -0.693329
v 0.457033 -0.760968 -0.691043
v 0.455636 -0.763478 -0.689068
v 0.453764 -0.765942 -0.687464
v 0.451467 -0.768284 -0.686287
v 0.448820 -0.770436 -0.685564
v 0.445906 -0.772331 -0.685318
v 0.442807 -0.773908 -0.685564
v 0.439620 -0.775124 -0.686287
v 0.436444 -0.775942 -0.687464
v 0.433374 -0.776331 -0.689068
v 0.430501 -0.776286 -0.691043
v 0.427913 -0.775808 -0.693329
v 0.425694 -0.774905 -0.695861
v 0.423905 -0.773611 -0.698559
v 0.422600 -0.771965 -0.701340
v 0.421827 -0.770012 -0.704121
v 0.421601 -0.767815 -0.706819
v 0.421928 -0.765442 -0.709351
v 0.422808 -0.762962 -0.711637
v 0.424205 -0.760451 -0.713612
v 0.426077 -0.757987 -0.715216
v 0.428374 -0.755645 -0.716393
v 0.431021 -0.753493 -0.717116
v 0.411245 -0.712297 -0.679619
v 0.414358 -0.710745 -0.679398
v 0.417588 -0.709603 -0.678748
v 0.420834 -0.708905 -0.677691
v 0.423998 -0.708680 -0.676251
v 0.426988 -0.708928 -0.674478
v 0.429710 -0.709639 -0.672425
v 0.432079 -0.710801 -0.670152
v 0.434027 -0.712371 -0.667729
v 0.435496 -0.714302 -0.665232
v 0.436434 -0.716539 -0.662734
v 0.436819 -0.719012 -0.660312
v 0.436641 -0.721644 -0.658039
v 0.435896 -0.724357 -0.655986
v 0.434616 -0.727070 -0.654213
v 0.432839 -0.729698 -0.652773
v 0.430611 -0.732161 -0.651715
v 0.428007 -0.734386 -0.651066
v 0.425107 -0.736307 -0.650845
v 0.421994 -0.737858 -0.651066
v 0.418764 -0.739001 -0.651715
v 0.415518 -0.739698 -0.652773
v 0.412353 -0.739923 -0.654213
v 0.409364 -0.739676 -0.655986
v 0.406641 -0.738965 -0.658038
v 0.404273 -0.737803 -0.660312
v 0.402324 -0.736232 -0.662734
v 0.400855 -0.734302 -0.665232
v 0.399918 -0.732064 -0.667729
v 0.399532 -0.729592 -0.670152
v 0.399710 -0.726960 -0.672425
v 0.400455 -0.724246 -0.674478
v 0.401736 -0.721534 -0.676251
v 0.403513 -0.718906 -0.677691
v 0.405741 -0.716443 -0.678748
v 0.408345 -0.714217 -0.679398
v 0.392831 -0.680403 -0.641128
v 0.395956 -0.678873 -0.640935
v 0.399221 -0.677791 -0.640368
v 0.402524 -0.677192 -0.639442
v 0.405767 -0.677103 -0.638183
v 0.408853 -0.677516 -0.636631
v 0.411686 -0.678421 -0.634835
v 0.414178 -0.679796 -0.632847
v 0.416258 -0.681593 -0.630727
v 0.417862 -0.683758 -0.628542
v 0.418935 -0.686230 -0.626358
v 0.419451 -0.688930 -0.624238
v 0.419397 -0.691775 -0.622249
v 0.418763 -0.694681 -0.620454
v 0.417578 -0.697561 -0.618902
v 0.415879 -0.700324 -0.617643
v 0.413709 -0.702885 -0.616717
v 0.411140 -0.705172 -0.616149
v 0.408252 -0.707113 -0.615956
v 0.405127 -0.708644 -0.616149
v 0.401862 -0.709725 -0.616717
v 0.398559 -0.710324 -0.617643
v 0.395316 -0.710414 -0.618902
v 0.392230 -0.710000 -0.620454
v 0.389397 -0.709096 -0.622249
v 0.386905 -0.707721 -0.624238
v 0.384825 -0.705923 -0.626357
v 0.383221 -0.703758 -0.628542
v 0.382148 -0.701286 -0.630727
v 0.381632 -0.698586 -0.632847
v 0.381686 -0.695741 -0.634835
v 0.382320 -0.692835 -0.636631
v 0.383505 -0.689956 -0.638182
v 0.385204 -0.687193 -0.639442
v 0.387374 -0.684631 -0.640367
v 0.389943 -0.682344 -0.640935
v 0.378325 -0.655278 -0.602154
v 0.381459 -0.653763 -0.601990
v 0.384752 -0.652731 -0.601509
v 0.388102 -0.652212 -0.600727
v 0.391407 -0.652230 -0.599661
v 0.394569 -0.652777 -0.598348
v 0.397492 -0.653836 -0.596828
v 0.400082 -0.655382 -0.595145
v 0.402267 -0.657361 -0.593352
v 0.403980 -0.659714 -0.591503
v 0.405161 -0.662373 -0.589654
v 0.405783 -0.665255 -0.587861
v 0.405827 -0.668272 -0.586178
v 0.405282 -0.671332 -0.584658
v 0.404174 -0.674344 -0.583346
v 0.402538 -0.677216 -0.582280
v 0.400413 -0.679857 -0.581497
v 0.397873 -0.682192 -0.581016
v 0.394994 -0.684150 -0.580853
v 0.391859 -0.685664 -0.581016
v 0.388567 -0.686697 -0.581497
v 0.385217 -0.687216 -0.582280
v 0.381912 -0.687198 -0.583345
v 0.378749 -0.686651 -0.584659
v 0.375827 -0.685592 -0.586178
v 0.373237 -0.684046 -0.587861
v 0.371052 -0.682066 -0.589654
v 0.369339 -0.679714 -0.591503
v 0.368158 -0.677054 -0.593352
v 0.367536 -0.674172 -0.595145
v 0.367492 -0.671156 -0.596828
v 0.368037 -0.668096 -0.598348
v 0.369145 -0.665084 -0.599661
v 0.370781 -0.662212 -0.600727
v 0.372905 -0.659571 -0.601509
v 0.375446 -0.657235 -0.601990
v 0.367357 -0.636281 -0.562955
v 0.370499 -0.634780 -0.562823
v 0.373814 -0.633785 -0.562435
v 0.377198 -0.633327 -0.561802
v 0.380552 -0.633428 -0.560940
v 0.383773 -0.634078 -0.559879
v 0.386765 -0.635255 -0.558650
v 0.389431 -0.636932 -0.557290
v 0.391696 -0.639052 -0.555840
v 0.393492 -0.641549 -0.554346
v 0.394757 -0.644353 -0.552851
v 0.395460 -0.647375 -0.551401
v 0.395579 -0.650523 -0.550041
v 0.395103 -0.653701 -0.548812
v 0.394055 -0.656816 -0.547751
v 0.392466 -0.659771 -0.546889
v 0.390377 -0.662473 -0.546256
v 0.387858 -0.664846 -0.545868
v 0.384987 -0.666817 -0.545736
v 0.381845 -0.668318 -0.545868
v 0.378530 -0.669313 -0.546256
v 0.375145 -0.669771 -0.546889
v 0.371792 -0.669670 -0.547751
v 0.368570 -0.669020 -0.548812
v 0.365579 -0.667843 -0.550040
v 0.362913 -0.666166 -0.551401
v 0.360648 -0.664046 -0.552851
v 0.358851 -0.661549 -0.554346
v 0.357587 -0.658745 -0.555840
v 0.356884 -0.655723 -0.557290
v 0.356765 -0.652575 -0.558650
v 0.357241 -0.649396 -0.559879
v 0.358289 -0.646281 -0.560940
v 0.359878 -0.643327 -0.561802
v 0.361967 -0.640624 -0.562435
v 0.364486 -0.638252 -0.562823
v 0.359559 -0.622775 -0.523795
v 0.362706 -0.621282 -0.523696
v 0.366037 -0.620314 -0.523402
v 0.369447 -0.619901 -0.522925
v 0.372835 -0.620062 -0.522275
v 0.376099 -0.620786 -0.521475
v 0.379140 -0.622049 -0.520548
v 0.381861 -0.623821 -0.519522
v 0.384185 -0.626042 -0.518428
v 0.386042 -0.628644 -0.517301
v 0.387366 -0.631552 -0.516174
v 0.388127 -0.634675 -0.515080
v 0.388302 -0.637918 -0.514054
v 0.387875 -0.641183 -0.513128
v 0.386870 -0.644372 -0.512327
v 0.385316 -0.647386 -0.511678
v 0.383252 -0.650133 -0.511200
v 0.380749 -0.652533 -0.510907
v 0.377883 -0.654513 -0.510807
v 0.374736 -0.656005 -0.510907
v 0.371406 -0.656973 -0.511200
v 0.367995 -0.657387 -0.511677
v 0.364607 -0.657225 -0.512327
v 0.361343 -0.656501 -0.513128
v 0.358302 -0.655238 -0.514054
v 0.355581 -0.653466 -0.515080
v 0.353257 -0.651245 -0.516174
v 0.351401 -0.648644 -0.517301
v 0.350076 -0.645735 -0.518429
v 0.349315 -0.642612 -0.519522
v 0.349140 -0.639369 -0.520548
v 0.349567 -0.636105 -0.521475
v 0.350572 -0.632916 -0.522275
v 0.352126 -0.629901 -0.522925
v 0.354190 -0.627154 -0.523402
v 0.356693 -0.624754 -0.523695
v 0.354562 -0.614119 -0.484935
v 0.357713 -0.612633 -0.484868
v 0.361053 -0.611682 -0.484673
v 0.364480 -0.611297 -0.484354
v 0.367890 -0.611498 -0.483921
v 0.371183 -0.612270 -0.483386
v 0.374255 -0.613588 -0.482768
v 0.377012 -0.615422 -0.482084
v 0.379374 -0.617709 -0.481354
v 0.381269 -0.620378 -0.480602
v 0.382633 -0.623354 -0.479850
v 0.383432 -0.626543 -0.479120
v 0.383643 -0.629847 -0.478435
v 0.383248 -0.633168 -0.477817
v 0.382270 -0.636405 -0.477283
v 0.380739 -0.639459 -0.476849
v 0.378692 -0.642234 -0.476531
v 0.376199 -0.644652 -0.476335
v 0.373336 -0.646637 -0.476269
v 0.370185 -0.648124 -0.476335
v 0.366845 -0.649074 -0.476531
v 0.363418 -0.649459 -0.476849
v 0.360008 -0.649258 -0.477283
v 0.356715 -0.648487 -0.477817
v 0.353643 -0.647168 -0.478435
v 0.350886 -0.645334 -0.479120
v 0.348524 -0.643047 -0.479849
v 0.346628 -0.640378 -0.480602
v 0.345265 -0.637402 -0.481354
v 0.344466 -0.634213 -0.482084
v 0.344255 -0.630909 -0.482768
v 0.344650 -0.627588 -0.483386
v 0.345628 -0.624351 -0.483921
v 0.347159 -0.621297 -0.484354
v 0.349206 -0.618522 -0.484673
v 0.351699 -0.616104 -0.484868
v 0.351996 -0.609675 -0.446636
v 0.355149 -0.608192 -0.446603
v 0.358494 -0.607250 -0.446505
v 0.361929 -0.606880 -0.446347
v 0.365351 -0.607101 -0.446131
v 0.368658 -0.607897 -0.445865
v 0.371747 -0.609244 -0.445557
v 0.374521 -0.611109 -0.445216
v 0.376903 -0.613429 -0.444853
v 0.378818 -0.616132 -0.444479
v 0.380202 -0.619143 -0.444104
v 0.381020 -0.622366 -0.443741
v 0.381249 -0.625701 -0.443400
v 0.380871 -0.629050 -0.443092
v 0.379907 -0.632311 -0.442826
v 0.378387 -0.635385 -0.442611
v 0.376348 -0.638175 -0.442452
v 0.373860 -0.640602 -0.442355
v 0.371000 -0.642590 -0.442322
v 0.367847 -0.644073 -0.442354
v 0.364502 -0.645015 -0.442452
v 0.361066 -0.645385 -0.442610
v 0.357644 -0.645164 -0.442826
v 0.354338 -0.644369 -0.443092
v 0.351249 -0.643022 -0.443400
v 0.348474 -0.641156 -0.443741
v 0.346093 -0.638836 -0.444104
v 0.344177 -0.636133 -0.444479
v 0.342794 -0.633122 -0.444853
v 0.341975 -0.629900 -0.445216
v 0.341747 -0.626564 -0.445557
v 0.342125 -0.623215 -0.445865
v 0.343089 -0.619954 -0.446131
v 0.344609 -0.616880 -0.446347
v 0.346647 -0.614090 -0.446505
v 0.349135 -0.611664 -0.446603
v 0.351493 -0.608804 -0.409159
v 0.354646 -0.607321 -0.409159
v 0.357992 -0.606381 -0.409160
v 0.361428 -0.606012 -0.409160
v 0.364852 -0.606236 -0.409160
v 0.368160 -0.607035 -0.409161
v 0.371251 -0.608385 -0.409161
v 0.374028 -0.610255 -0.409162
v 0.376412 -0.612579 -0.409163
v 0.378330 -0.615287 -0.409163
v 0.379716 -0.618302 -0.409164
v 0.380537 -0.621529 -0.409165
v 0.380768 -0.624868 -0.409165
v 0.380392 -0.628221 -0.409166
v 0.379430 -0.631486 -0.409166
v 0.377912 -0.634562 -0.409167
v 0.375874 -0.637354 -0.409167
v 0.373387 -0.639781 -0.409167
v 0.370526 -0.641770 -0.409167
v 0.367373 -0.643253 -0.409167
v 0.364027 -0.644193 -0.409167
v 0.360591 -0.644562 -0.409166
v 0.357168 -0.644339 -0.409166
v 0.353859 -0.643540 -0.409166
v 0.350768 -0.642189 -0.409165
v 0.347991 -0.640320 -0.409165
v 0.345607 -0.637995 -0.409164
v 0.343689 -0.635287 -0.409163
v 0.342303 -0.632272 -0.409163
v 0.341482 -0.629045 -0.409162
v 0.341251 -0.625706 -0.409161
v 0.341627 -0.622354 -0.409161
v 0.342589 -0.619089 -0.409160
v 0.344108 -0.616012 -0.409160
v 0.346145 -0.613221 -0.409160
v 0.348633 -0.610793 -0.409160
v 0.352684 -0.610867 -0.372767
v 0.355836 -0.609382 -0.372800
v 0.359179 -0.608436 -0.372896
v 0.362609 -0.608058 -0.373052
v 0.366026 -0.608268 -0.373264
v 0.369325 -0.609052 -0.373525
v 0.372405 -0.610384 -0.373827
v 0.375171 -0.612233 -0.374162
v 0.377542 -0.614536 -0.374519
v 0.379447 -0.617222 -0.374887
v 0.380821 -0.620215 -0.375255
v 0.381629 -0.623420 -0.375612
v 0.381848 -0.626740 -0.375947
v 0.381462 -0.630074 -0.376250
v 0.380491 -0.633323 -0.376511
v 0.378965 -0.636386 -0.376723
v 0.376922 -0.639169 -0.376879
v 0.374431 -0.641591 -0.376975
v 0.371570 -0.643578 -0.377007
v 0.368418 -0.645062 -0.376974
v 0.365075 -0.646008 -0.376879
v 0.361644 -0.646386 -0.376723
v 0.358228 -0.646176 -0.376511
v 0.354929 -0.645392 -0.376250
v 0.351848 -0.644060 -0.375947
v 0.349083 -0.642211 -0.375612
v 0.346711 -0.639908 -0.375255
v 0.344806 -0.637222 -0.374887
v 0.343433 -0.634229 -0.374519
v 0.342624 -0.631024 -0.374162
v 0.342405 -0.627705 -0.373827
v 0.342792 -0.624371 -0.373525
v 0.343763 -0.621122 -0.373264
v 0.345289 -0.618058 -0.373052
v 0.347332 -0.615276 -0.372896
v 0.349822 -0.612854 -0.372800
v 0.355354 -0.615490 -0.337566
v 0.358503 -0.614001 -0.337630
v 0.361839 -0.613043 -0.337817
v 0.365258 -0.612646 -0.338124
v 0.368659 -0.612830 -0.338540
v 0.371940 -0.613581 -0.339053
v 0.374999 -0.614876 -0.339648
v 0.377740 -0.616683 -0.340305
v 0.380086 -0.618942 -0.341007
v 0.381964 -0.621582 -0.341730
v 0.383311 -0.624529 -0.342452
v 0.384094 -0.627689 -0.343153
v 0.384289 -0.630967 -0.343811
v 0.383881 -0.634264 -0.344405
v 0.382891 -0.637480 -0.344919
v 0.381350 -0.640517 -0.345335
v 0.379296 -0.643280 -0.345641
v 0.376798 -0.645690 -0.345829
v 0.373934 -0.647673 -0.345893
v 0.370785 -0.649162 -0.345829
v 0.367449 -0.650120 -0.345641
v 0.364029 -0.650517 -0.345335
v 0.360629 -0.650333 -0.344919
v 0.357348 -0.649582 -0.344405
v 0.354289 -0.648288 -0.343811
v 0.351548 -0.646480 -0.343153
v 0.349202 -0.644222 -0.342452
v 0.347323 -0.641582 -0.341729
v 0.345977 -0.638635 -0.341007
v 0.345194 -0.635474 -0.340305
v 0.344999 -0.632196 -0.339648
v 0.345407 -0.628900 -0.339053
v 0.346397 -0.625683 -0.338540
v 0.347938 -0.622646 -0.338124
v 0.349992 -0.619883 -0.337817
v 0.352489 -0.617473 -0.337630
v 0.359901 -0.623367 -0.303036
v 0.363047 -0.621872 -0.303131
v 0.366372 -0.620896 -0.303407
v 0.369776 -0.620470 -0.303857
v 0.373154 -0.620615 -0.304469
v 0.376406 -0.621317 -0.305224
v 0.379433 -0.622556 -0.306097
v 0.382138 -0.624302 -0.307064
v 0.384446 -0.626495 -0.308095
v 0.386286 -0.629066 -0.309157
v 0.387593 -0.631945 -0.310220
v 0.388338 -0.635040 -0.311251
v 0.388497 -0.638256 -0.312218
v 0.388057 -0.641497 -0.313091
v 0.387039 -0.644665 -0.313845
v 0.385475 -0.647663 -0.314458
v 0.383405 -0.650397 -0.314908
v 0.380897 -0.652789 -0.315184
v 0.378029 -0.654766 -0.315278
v 0.374884 -0.656261 -0.315184
v 0.371558 -0.657237 -0.314908
v 0.368155 -0.657663 -0.314458
v 0.364777 -0.657518 -0.313845
v 0.361524 -0.656815 -0.313091
v 0.358497 -0.655577 -0.312218
v 0.355792 -0.653831 -0.311251
v 0.353484 -0.651638 -0.310220
v 0.351645 -0.649066 -0.309157
v 0.350337 -0.646188 -0.308095
v 0.349592 -0.643093 -0.307064
v 0.349433 -0.639877 -0.306097
v 0.349874 -0.636636 -0.305224
v 0.350891 -0.633468 -0.304469
v 0.352455 -0.630470 -0.303857
v 0.354526 -0.627736 -0.303407
v 0.357033 -0.625344 -0.303131
v 0.366879 -0.635454 -0.268507
v 0.370021 -0.633951 -0.268630
v 0.373333 -0.632952 -0.268990
v 0.376714 -0.632488 -0.269576
v 0.380063 -0.632582 -0.270375
v 0.383279 -0.633221 -0.271358
v 0.386264 -0.634387 -0.272497
v 0.388922 -0.636052 -0.273757
v 0.391180 -0.638158 -0.275101
v 0.392968 -0.640641 -0.276486
v 0.394225 -0.643431 -0.277871
v 0.394920 -0.646440 -0.279215
v 0.395032 -0.649575 -0.280475
v 0.394549 -0.652742 -0.281613
v 0.393495 -0.655847 -0.282597
v 0.391902 -0.658794 -0.283396
v 0.389810 -0.661490 -0.283982
v 0.387289 -0.663860 -0.284342
v 0.384416 -0.665829 -0.284464
v 0.381275 -0.667332 -0.284342
v 0.377963 -0.668330 -0.283982
v 0.374581 -0.668794 -0.283395
v 0.371233 -0.668701 -0.282597
v 0.368017 -0.668061 -0.281613
v 0.365032 -0.666895 -0.280475
v 0.362374 -0.665231 -0.279215
v 0.360115 -0.663124 -0.277871
v 0.358327 -0.660641 -0.276486
v 0.357071 -0.657851 -0.275101
v 0.356376 -0.654842 -0.273757
v 0.356264 -0.651708 -0.272497
v 0.356746 -0.648540 -0.271358
v 0.357801 -0.645435 -0.270375
v 0.359394 -0.642488 -0.269576
v 0.361486 -0.639792 -0.268990
v 0.364007 -0.637423 -0.268630
v 0.376842 -0.652709 -0.233305
v 0.379978 -0.651197 -0.233454
v 0.383274 -0.650170 -0.233893
v 0.386629 -0.649660 -0.234608
v 0.389941 -0.649691 -0.235581
v 0.393112 -0.650253 -0.236780
v 0.396045 -0.651330 -0.238167
v 0.398647 -0.652896 -0.239704
v 0.400844 -0.654896 -0.241342
v 0.402569 -0.657271 -0.243030
v 0.403763 -0.659952 -0.244718
v 0.404397 -0.662855 -0.246356
v 0.404452 -0.665891 -0.247892
v 0.403918 -0.668969 -0.249280
v 0.402819 -0.671997 -0.250479
v 0.401190 -0.674881 -0.251452
v 0.399071 -0.677532 -0.252167
v 0.396534 -0.679873 -0.252606
v 0.393656 -0.681832 -0.252755
v 0.390520 -0.683345 -0.252606
v 0.387224 -0.684371 -0.252167
v 0.383869 -0.684881 -0.251452
v 0.380557 -0.684850 -0.250479
v 0.377385 -0.684288 -0.249280
v 0.374452 -0.683212 -0.247892
v 0.371851 -0.681646 -0.246356
v 0.369654 -0.679645 -0.244718
v 0.367928 -0.677271 -0.243030
v 0.366735 -0.674590 -0.241342
v 0.366101 -0.671686 -0.239704
v 0.366045 -0.668650 -0.238167
v 0.366580 -0.665572 -0.236780
v 0.367679 -0.662544 -0.235581
v 0.369308 -0.659660 -0.234608
v 0.371427 -0.657010 -0.233893
v 0.373964 -0.654669 -0.233454
v 0.390342 -0.676092 -0.196756
v 0.393471 -0.674568 -0.196930
v 0.396748 -0.673508 -0.197442
v 0.400072 -0.672945 -0.198276
v 0.403342 -0.672902 -0.199412
v 0.406461 -0.673374 -0.200811
v 0.409334 -0.674346 -0.202430
v 0.411868 -0.675796 -0.204223
v 0.413994 -0.677673 -0.206134
v 0.415646 -0.679920 -0.208104
v 0.416766 -0.682474 -0.210074
v 0.417329 -0.685254 -0.211985
v 0.417317 -0.688174 -0.213778
v 0.416723 -0.691147 -0.215397
v 0.415572 -0.694085 -0.216796
v 0.413900 -0.696895 -0.217932
v 0.411750 -0.699492 -0.218766
v 0.409193 -0.701800 -0.219278
v 0.406309 -0.703748 -0.219452
v 0.403180 -0.705271 -0.219278
v 0.399903 -0.706331 -0.218766
v 0.396579 -0.706895 -0.217932
v 0.393309 -0.706938 -0.216796
v 0.390190 -0.706466 -0.215397
v 0.387317 -0.705494 -0.213778
v 0.384783 -0.704044 -0.211985
v 0.382657 -0.702167 -0.210074
v 0.381005 -0.699920 -0.208104
v 0.379885 -0.697366 -0.206134
v 0.379322 -0.694586 -0.204223
v 0.379334 -0.691666 -0.202430
v 0.379928 -0.688693 -0.200811
v 0.381079 -0.685755 -0.199412
v 0.382751 -0.682945 -0.198276
v 0.384901 -0.680348 -0.197442
v 0.387458 -0.678040 -0.196930
v 0.407932 -0.706560 -0.158187
v 0.411054 -0.705023 -0.158384
v 0.414310 -0.703925 -0.158963
v 0.417598 -0.703300 -0.159907
v 0.420820 -0.703174 -0.161192
v 0.423880 -0.703543 -0.162774
v 0.426683 -0.704396 -0.164605
v 0.429142 -0.705714 -0.166633
v 0.431187 -0.707451 -0.168795
v 0.432755 -0.709553 -0.171023
v 0.433791 -0.711963 -0.173252
v 0.434273 -0.714602 -0.175413
v 0.434185 -0.717390 -0.177441
v 0.433522 -0.720245 -0.179273
v 0.432312 -0.723079 -0.180855
v 0.430591 -0.725806 -0.182140
v 0.428406 -0.728341 -0.183083
v 0.425828 -0.730612 -0.183662
v 0.422936 -0.732547 -0.183859
v 0.419814 -0.734084 -0.183662
v 0.416559 -0.735181 -0.183083
v 0.413271 -0.735806 -0.182140
v 0.410049 -0.735932 -0.180855
v 0.406989 -0.735563 -0.179273
v 0.404185 -0.734711 -0.177441
v 0.401727 -0.733392 -0.175413
v 0.399682 -0.731656 -0.173251
v 0.398114 -0.729553 -0.171023
v 0.397077 -0.727144 -0.168795
v 0.396596 -0.724505 -0.166633
v 0.396683 -0.721717 -0.164605
v 0.397347 -0.718862 -0.162774
v 0.398557 -0.716028 -0.161192
v 0.400277 -0.713300 -0.159907
v 0.402463 -0.710765 -0.158963
v 0.405041 -0.708495 -0.158384
v 0.430166 -0.745070 -0.116926
v 0.433280 -0.743519 -0.117144
v 0.436511 -0.742380 -0.117783
v 0.439760 -0.741687 -0.118825
v 0.442928 -0.741468 -0.120244
v 0.445922 -0.741722 -0.121992
v 0.448650 -0.742443 -0.124014
v 0.451023 -0.743614 -0.126254
v 0.452978 -0.745195 -0.128642
v 0.454453 -0.747136 -0.131103
v 0.455397 -0.749384 -0.133564
v 0.455788 -0.751867 -0.135951
v 0.455616 -0.754509 -0.138191
v 0.454876 -0.757231 -0.140213
v 0.453600 -0.759951 -0.141961
v 0.451826 -0.762585 -0.143380
v 0.449601 -0.765052 -0.144422
v 0.446999 -0.767281 -0.145061
v 0.444099 -0.769202 -0.145279
v 0.440985 -0.770753 -0.145061
v 0.437754 -0.771892 -0.144421
v 0.434505 -0.772585 -0.143380
v 0.431337 -0.772804 -0.141961
v 0.428343 -0.772550 -0.140213
v 0.425616 -0.771829 -0.138191
v 0.423242 -0.770658 -0.135951
v 0.421287 -0.769077 -0.133563
v 0.419812 -0.767136 -0.131103
v 0.418869 -0.764888 -0.128641
v 0.418477 -0.762405 -0.126254
v 0.418650 -0.759763 -0.124014
v 0.419389 -0.757041 -0.121992
v 0.420666 -0.754321 -0.120244
v 0.422439 -0.751687 -0.118825
v 0.424664 -0.749220 -0.117783
v 0.427267 -0.746991 -0.117144
v 0.457597 -0.792582 -0.072299
v 0.460702 -0.791015 -0.072535
v 0.463906 -0.789830 -0.073228
v 0.467112 -0.789062 -0.074357
v 0.470222 -0.788742 -0.075894
v 0.473144 -0.788871 -0.077787
v 0.475787 -0.789447 -0.079978
v 0.478069 -0.790458 -0.082404
v 0.479924 -0.791867 -0.084991
v 0.481298 -0.793632 -0.087657
v 0.482139 -0.795704 -0.090322
v 0.482432 -0.798016 -0.092909
v 0.482167 -0.800497 -0.095335
v 0.481344 -0.803075 -0.097526
v 0.479995 -0.805670 -0.099419
v 0.478163 -0.808203 -0.100956
v 0.475895 -0.810595 -0.102085
v 0.473266 -0.812778 -0.102778
v 0.470358 -0.814683 -0.103014
v 0.467253 -0.816249 -0.102778
v 0.464048 -0.817435 -0.102085
v 0.460842 -0.818203 -0.100956
v 0.457733 -0.818523 -0.099419
v 0.454811 -0.818394 -0.097526
v 0.452167 -0.817818 -0.095335
v 0.449886 -0.816807 -0.092909
v 0.448030 -0.815397 -0.090322
v 0.446657 -0.813632 -0.087656
v 0.445815 -0.811561 -0.084991
v 0.445522 -0.809248 -0.082404
v 0.445787 -0.806767 -0.079978
v 0.446611 -0.804190 -0.077787
v 0.447959 -0.801595 -0.075894
v 0.449792 -0.799062 -0.074357
v 0.452060 -0.796670 -0.073228
v 0.454688 -0.794487 -0.072535
v 0.490778 -0.850052 -0.023634
v 0.493873 -0.848469 -0.023885
v 0.497049 -0.847234 -0.024624
v 0.500208 -0.846386 -0.025826
v 0.503254 -0.845955 -0.027465
v 0.506098 -0.845950 -0.029482
v 0.508652 -0.846369 -0.031817
v 0.510833 -0.847207 -0.034403
v 0.512582 -0.848433 -0.037159
v 0.513846 -0.850007 -0.040000
v 0.514578 -0.851889 -0.042841
v 0.514764 -0.854017 -0.045597
v 0.514399 -0.856325 -0.048183
v 0.513486 -0.858746 -0.050518
v 0.512059 -0.861206 -0.052535
v 0.510163 -0.863629 -0.054174
v 0.507849 -0.865941 -0.055376
v 0.505192 -0.868074 -0.056115
v 0.502273 -0.869963 -0.056366
v 0.499178 -0.871546 -0.056115
v 0.496002 -0.872781 -0.055376
v 0.492843 -0.873629 -0.054173
v 0.489797 -0.874059 -0.052535
v 0.486953 -0.874065 -0.050518
v 0.484399 -0.873645 -0.048183
v 0.482218 -0.872807 -0.045597
v 0.480469 -0.871582 -0.042841
v 0.479205 -0.870007 -0.040000
v 0.478473 -0.868126 -0.037159
v 0.478287 -0.865998 -0.034403
v 0.478652 -0.863690 -0.031817
v 0.479565 -0.861269 -0.029482
v 0.480992 -0.858809 -0.027465
v 0.482888 -0.856386 -0.025826
v 0.485202 -0.854074 -0.024624
v 0.487859 -0.851941 -0.023885
v -0.433935 -0.751598 -0.717362
v -0.431020 -0.753493 -0.717116
v -0.428374 -0.755645 -0.716393
v -0.426077 -0.757987 -0.715216
v -0.424205 -0.760451 -0.713612
v -0.422808 -0.762962 -0.711637
v -0.421928 -0.765442 -0.709351
v -0.421601 -0.767815 -0.706819
v -0.421827 -0.770012 -0.704121
v -0.422600 -0.771965 -0.701340
v -0.423905 -0.773611 -0.698559
v -0.425694 -0.774905 -0.695861
v -0.427913 -0.775808 -0.693329
v -0.430501 -0.776286 -0.691043
v -0.433374 -0.776331 -0.689068
v -0.436444 -0.775942 -0.687464
v -0.439620 -0.775124 -0.686287
v -0.442807 -0.773908 -0.685564
v -0.445906 -0.772331 -0.685318
v -0.448821 -0.770436 -0.685564
v -0.451467 -0.768285 -0.686287
v -0.453764 -0.765942 -0.687464
v -0.455636 -0.763478 -0.689068
v -0.457033 -0.760967 -0.691043
v -0.457913 -0.758488 -0.693329
v -0.458240 -0.756115 -0.695861
v -0.458014 -0.753918 -0.698559
v -0.457241 -0.751965 -0.701340
v -0.455936 -0.750319 -0.704121
v -0.454147 -0.749024 -0.706819
v -0.451928 -0.748121 -0.709351
v -0.449340 -0.747643 -0.711637
v -0.446467 -0.747598 -0.713612
v -0.443397 -0.747987 -0.715216
v -0.440221 -0.748805 -0.716393
v -0.437034 -0.750021 -0.717116
v -0.411245 -0.712297 -0.679619
v -0.408345 -0.714217 -0.679398
v -0.405741 -0.716443 -0.678748
v -0.403513 -0.718905 -0.677691
v -0.401736 -0.721534 -0.676251
v -0.400455 -0.724246 -0.674478
v -0.399710 -0.726960 -0.672425
v -0.399532 -0.729592 -0.670152
v -0.399918 -0.732064 -0.667729
v -0.400855 -0.734302 -0.665232
v -0.402324 -0.736232 -0.662734
v -0.404273 -0.737803 -0.660312
v -0.406641 -0.738965 -0.658039
v -0.409364 -0.739676 -0.655986
v -0.412353 -0.739923 -0.654213
v -0.415518 -0.739698 -0.652773
v -0.418764 -0.739001 -0.651715
v -0.421994 -0.737858 -0.651066
v -0.425107 -0.736307 -0.650845
v -0.428007 -0.734386 -0.651066
v -0.430611 -0.732161 -0.651715
v -0.432839 -0.729698 -0.652773
v -0.434616 -0.727070 -0.654213
v -0.435896 -0.724357 -0.655986
v -0.436641 -0.721644 -0.658038
v -0.436819 -0.719012 -0.660312
v -0.436434 -0.716539 -0.662734
v -0.435496 -0.714302 -0.665232
v -0.434027 -0.712371 -0.667729
v -0.432079 -0.710801 -0.670152
v -0.429710 -0.709639 -0.672425
v -0.426988 -0.708927 -0.674478
v -0.423999 -0.708681 -0.676251
v -0.420834 -0.708906 -0.677691
v -0.417588 -0.709603 -0.678748
v -0.414358 -0.710745 -0.679398
v -0.392831 -0.680403 -0.641128
v -0.389943 -0.682344 -0.640935
v -0.387374 -0.684631 -0.640368
v -0.385204 -0.687192 -0.639442
v -0.383505 -0.689956 -0.638183
v -0.382320 -0.692835 -0.636631
v -0.381686 -0.695741 -0.634835
v -0.381632 -0.698586 -0.632847
v -0.382148 -0.701286 -0.630727
v -0.383221 -0.703758 -0.628542
v -0.384825 -0.705923 -0.626358
v -0.386905 -0.707721 -0.624238
v -0.389397 -0.709096 -0.622249
v -0.392230 -0.710000 -0.620454
v -0.395316 -0.710414 -0.618902
v -0.398559 -0.710324 -0.617643
v -0.401862 -0.709725 -0.616717
v -0.405127 -0.708644 -0.616149
v -0.408252 -0.707113 -0.615956
v -0.411140 -0.705172 -0.616149
v -0.413709 -0.702885 -0.616717
v -0.415879 -0.700324 -0.617643
v -0.417578 -0.697561 -0.618902
v -0.418763 -0.694681 -0.620454
v -0.419397 -0.691775 -0.622249
v -0.419451 -0.688930 -0.624238
v -0.418935 -0.686230 -0.626357
v -0.417862 -0.683758 -0.628542
v -0.416258 -0.681593 -0.630727
v -0.414178 -0.679796 -0.632847
v -0.411686 -0.678421 -0.634835
v -0.408853 -0.677516 -0.636631
v -0.405767 -0.677103 -0.638182
v -0.402524 -0.677193 -0.639442
v -0.399221 -0.677791 -0.640367
v -0.395956 -0.678873 -0.640935
v -0.378325 -0.655278 -0.602154
v -0.375446 -0.657235 -0.601990
v -0.372905 -0.659571 -0.601509
v -0.370781 -0.662212 -0.600727
v -0.369144 -0.665083 -0.599661
v -0.368037 -0.668096 -0.598348
v -0.367492 -0.671156 -0.596828
v -0.367536 -0.674172 -0.595145
v -0.368158 -0.677054 -0.593352
v -0.369339 -0.679714 -0.591503
v -0.371052 -0.682066 -0.589654
v -0.373237 -0.684046 -0.587861
v -0.375827 -0.685592 -0.586178
v -0.378749 -0.686651 -0.584658
v -0.381912 -0.687197 -0.583346
v -0.385217 -0.687216 -0.582280
v -0.388567 -0.686697 -0.581497
v -0.391859 -0.685664 -0.581016
v -0.394994 -0.684150 -0.580853
v -0.397873 -0.682192 -0.581016
v -0.400414 -0.679857 -0.581497
v -0.402538 -0.677216 -0.582280
v -0.404175 -0.674344 -0.583345
v -0.405282 -0.671332 -0.584659
v -0.405827 -0.668272 -0.586178
v -0.405783 -0.665255 -0.587861
v -0.405161 -0.662373 -0.589654
v -0.403980 -0.659714 -0.591503
v -0.402267 -0.657361 -0.593352
v -0.400082 -0.655382 -0.595145
v -0.397492 -0.653836 -0.596828
v -0.394570 -0.652777 -0.598348
v -0.391407 -0.652230 -0.599661
v -0.388102 -0.652212 -0.600727
v -0.384752 -0.652731 -0.601509
v -0.381459 -0.653763 -0.601990
v -0.367357 -0.636281 -0.562955
v -0.364486 -0.638252 -0.562823
v -0.361967 -0.640624 -0.562435
v -0.359878 -0.643327 -0.561802
v -0.358289 -0.646281 -0.560940
v -0.357241 -0.649396 -0.559879
v -0.356765 -0.652575 -0.558650
v -0.356884 -0.655723 -0.557290
v -0.357587 -0.658745 -0.555840
v -0.358851 -0.661549 -0.554346
v -0.360647 -0.664046 -0.552851
v -0.362913 -0.666166 -0.551401
v -0.365579 -0.667843 -0.550041
v -0.368570 -0.669020 -0.548812
v -0.371792 -0.669670 -0.547751
v -0.375145 -0.669771 -0.546889
v -0.378530 -0.669313 -0.546256
v -0.381845 -0.668318 -0.545868
v -0.384987 -0.666817 -0.545736
v -0.387858 -0.664846 -0.545868
v -0.390377 -0.662473 -0.546256
v -0.392466 -0.659771 -0.546889
v -0.394055 -0.656816 -0.547751
v -0.395103 -0.653701 -0.548812
v -0.395579 -0.650523 -0.550040
v -0.395460 -0.647375 -0.551401
v -0.394757 -0.644353 -0.552851
v -0.393492 -0.641549 -0.554346
v -0.391696 -0.639052 -0.555840
v -0.389431 -0.636932 -0.557290
v -0.386765 -0.635255 -0.558650
v -0.383773 -0.634078 -0.559879
v -0.380552 -0.633428 -0.560940
v -0.377198 -0.633327 -0.561802
v -0.373814 -0.633785 -0.562435
v -0.370499 -0.634780 -0.562823
v -0.359559 -0.622775 -0.523795
v -0.356693 -0.624754 -0.523696
v -0.354190 -0.627154 -0.523402
v -0.352126 -0.629901 -0.522925
v -0.350572 -0.632915 -0.522275
v -0.349567 -0.636105 -0.521475
v -0.349140 -0.639369 -0.520548
v -0.349315 -0.642612 -0.519522
v -0.350076 -0.645735 -0.518428
v -0.351400 -0.648643 -0.517301
v -0.353257 -0.651245 -0.516174
v -0.355581 -0.653466 -0.515080
v -0.358302 -0.655238 -0.514054
v -0.361343 -0.656501 -0.513128
v -0.364607 -0.657225 -0.512327
v -0.367995 -0.657386 -0.511678
v -0.371406 -0.656973 -0.511200
v -0.374736 -0.656005 -0.510907
v -0.377883 -0.654513 -0.510807
v -0.380749 -0.652533 -0.510907
v -0.383252 -0.650133 -0.511200
v -0.385316 -0.647387 -0.511677
v -0.386870 -0.644372 -0.512327
v -0.387875 -0.641183 -0.513128
v -0.388302 -0.637918 -0.514054
v -0.388127 -0.634675 -0.515080
v -0.387366 -0.631552 -0.516174
v -0.386042 -0.628644 -0.517301
v -0.384185 -0.626042 -0.518429
v -0.381861 -0.623821 -0.519522
v -0.379140 -0.622049 -0.520548
v -0.376099 -0.620786 -0.521475
v -0.372835 -0.620062 -0.522275
v -0.369447 -0.619901 -0.522925
v -0.366037 -0.620314 -0.523402
v -0.362706 -0.621282 -0.523695
v -0.354562 -0.614119 -0.484935
v -0.351699 -0.616104 -0.484868
v -0.349206 -0.618522 -0.484673
v -0.347159 -0.621297 -0.484354
v -0.345628 -0.624351 -0.483921
v -0.344650 -0.627588 -0.483386
v -0.344255 -0.630909 -0.482768
v -0.344466 -0.634213 -0.482084
v -0.345265 -0.637402 -0.481354
v -0.346628 -0.640378 -0.480602
v -0.348524 -0.643047 -0.479850
v -0.350886 -0.645334 -0.479120
v -0.353643 -0.647168 -0.478435
v -0.356715 -0.648487 -0.477817
v -0.360008 -0.649258 -0.477283
v -0.363418 -0.649459 -0.476849
v -0.366845 -0.649074 -0.476531
v -0.370185 -0.648124 -0.476335
v -0.373336 -0.646637 -0.476269
v -0.376199 -0.644652 -0.476335
v -0.378692 -0.642234 -0.476531
v -0.380739 -0.639459 -0.476849
v -0.382270 -0.636405 -0.477283
v -0.383248 -0.633168 -0.477817
v -0.383643 -0.629848 -0.478435
v -0.383432 -0.626543 -0.479120
v -0.382633 -0.623354 -0.479849
v -0.381269 -0.620378 -0.480602
v -0.379374 -0.617709 -0.481354
v -0.377012 -0.615422 -0.482084
v -0.374255 -0.613588 -0.482768
v -0.371183 -0.612270 -0.483386
v -0.367890 -0.611498 -0.483921
v -0.364480 -0.611297 -0.484354
v -0.361053 -0.611682 -0.484673
v -0.357713 -0.612633 -0.484868
v -0.351996 -0.609675 -0.446636
v -0.349135 -0.611664 -0.446603
v -0.346647 -0.614090 -0.446505
v -0.344609 -0.616880 -0.446347
v -0.343089 -0.619954 -0.446131
v -0.342125 -0.623215 -0.445865
v -0.341747 -0.626564 -0.445557
v -0.341975 -0.629900 -0.445216
v -0.342794 -0.633122 -0.444853
v -0.344177 -0.636132 -0.444479
v -0.346093 -0.638836 -0.444104
v -0.348474 -0.641156 -0.443741
v -0.351249 -0.643022 -0.443400
v -0.354338 -0.644369 -0.443092
v -0.357644 -0.645165 -0.442826
v -0.361066 -0.645385 -0.442611
v -0.364502 -0.645015 -0.442452
v -0.367847 -0.644073 -0.442355
v -0.371000 -0.642590 -0.442322
v -0.373860 -0.640602 -0.442354
v -0.376348 -0.638175 -0.442452
v -0.378387 -0.635385 -0.442610
v -0.379907 -0.632311 -0.442826
v -0.380871 -0.629050 -0.443092
v -0.381249 -0.625701 -0.443400
v -0.381020 -0.622366 -0.443741
v -0.380202 -0.619143 -0.444104
v -0.378818 -0.616133 -0.444479
v -0.376903 -0.613429 -0.444853
v -0.374521 -0.611109 -0.445216
v -0.371747 -0.609244 -0.445557
v -0.368658 -0.607897 -0.445865
v -0.365351 -0.607101 -0.446131
v -0.361929 -0.606880 -0.446347
v -0.358494 -0.607250 -0.446505
v -0.355149 -0.608192 -0.446603
v -0.351493 -0.608804 -0.409159
v -0.348633 -0.610793 -0.409159
v -0.346145 -0.613221 -0.409160
v -0.344108 -0.616012 -0.409160
v -0.342589 -0.619089 -0.409160
v -0.341627 -0.622354 -0.409161
v -0.341251 -0.625706 -0.409161
v -0.341482 -0.629045 -0.409162
v -0.342303 -0.632272 -0.409163
v -0.343689 -0.635287 -0.409163
v -0.345607 -0.637995 -0.409164
v -0.347991 -0.640320 -0.409165
v -0.350768 -0.642189 -0.409165
v -0.353859 -0.643540 -0.409166
v -0.357168 -0.644339 -0.409166
v -0.360591 -0.644562 -0.409167
v -0.364027 -0.644193 -0.409167
v -0.367373 -0.643253 -0.409167
v -0.370526 -0.641770 -0.409167
v -0.373387 -0.639781 -0.409167
v -0.375874 -0.637354 -0.409167
v -0.377912 -0.634562 -0.409166
v -0.379430 -0.631486 -0.409166
v -0.380392 -0.628221 -0.409166
v -0.380768 -0.624869 -0.409165
v -0.380537 -0.621529 -0.409165
v -0.379716 -0.618302 -0.409164
v -0.378330 -0.615287 -0.409163
v -0.376412 -0.612579 -0.409163
v -0.374028 -0.610255 -0.409162
v -0.371251 -0.608385 -0.409161
v -0.368160 -0.607035 -0.409161
v -0.364852 -0.606236 -0.409160
v -0.361428 -0.606012 -0.409160
v -0.357992 -0.606381 -0.409160
v -0.354646 -0.607321 -0.409160
v -0.352684 -0.610867 -0.372767
v -0.349822 -0.612854 -0.372800
v -0.347332 -0.615276 -0.372896
v -0.345289 -0.618058 -0.373052
v -0.343763 -0.621122 -0.373264
v -0.342792 -0.624371 -0.373525
v -0.342406 -0.627705 -0.373827
v -0.342624 -0.631024 -0.374162
v -0.343433 -0.634229 -0.374519
v -0.344806 -0.637222 -0.374887
v -0.346711 -0.639908 -0.375255
v -0.349083 -0.642211 -0.375612
v -0.351848 -0.644060 -0.375947
v -0.354929 -0.645392 -0.376250
v -0.358228 -0.646176 -0.376511
v -0.361644 -0.646386 -0.376723
v -0.365075 -0.646008 -0.376879
v -0.368418 -0.645062 -0.376975
v -0.371570 -0.643578 -0.377007
v -0.374431 -0.641591 -0.376974
v -0.376922 -0.639169 -0.376879
v -0.378965 -0.636386 -0.376723
v -0.380491 -0.633323 -0.376511
v -0.381462 -0.630074 -0.376250
v -0.381848 -0.626740 -0.375947
v -0.381629 -0.623420 -0.375612
v -0.380821 -0.620215 -0.375255
v -0.379447 -0.617222 -0.374887
v -0.377542 -0.614536 -0.374519
v -0.375171 -0.612234 -0.374162
v -0.372405 -0.610384 -0.373827
v -0.369325 -0.609052 -0.373525
v -0.366026 -0.608268 -0.373264
v -0.362609 -0.608058 -0.373052
v -0.359179 -0.608436 -0.372896
v -0.355836 -0.609382 -0.372800
v -0.355354 -0.615490 -0.337566
v -0.352489 -0.617473 -0.337630
v -0.349992 -0.619883 -0.337817
v -0.347938 -0.622646 -0.338124
v -0.346397 -0.625683 -0.338540
v -0.345407 -0.628900 -0.339053
v -0.344999 -0.632196 -0.339648
v -0.345194 -0.635474 -0.340305
v -0.345976 -0.638635 -0.341007
v -0.347323 -0.641582 -0.341730
v -0.349202 -0.644222 -0.342452
v -0.351548 -0.646480 -0.343153
v -0.354289 -0.648288 -0.343811
v -0.357348 -0.649582 -0.344405
v -0.360628 -0.650333 -0.344919
v -0.364029 -0.650517 -0.345335
v -0.367449 -0.650120 -0.345641
v -0.370785 -0.649162 -0.345829
v -0.373934 -0.647673 -0.345893
v -0.376798 -0.645690 -0.345829
v -0.379296 -0.643280 -0.345641
v -0.381350 -0.640517 -0.345335
v -0.382891 -0.637480 -0.344919
v -0.383881 -0.634264 -0.344405
v -0.384289 -0.630967 -0.343811
v -0.384094 -0.627689 -0.343153
v -0.383311 -0.624529 -0.342452
v -0.381964 -0.621582 -0.341729
v -0.380086 -0.618942 -0.341007
v -0.377740 -0.616683 -0.340305
v -0.374999 -0.614876 -0.339648
v -0.371940 -0.613581 -0.339053
v -0.368659 -0.612830 -0.338540
v -0.365258 -0.612646 -0.338124
v -0.361839 -0.613044 -0.337817
v -0.358503 -0.614001 -0.337630
v -0.359901 -0.623367 -0.303036
v -0.357033 -0.625344 -0.303131
v -0.354526 -0.627736 -0.303407
v -0.352455 -0.630470 -0.303857
v -0.350891 -0.633468 -0.304469
v -0.349874 -0.636636 -0.305224
v -0.349433 -0.639877 -0.306097
v -0.349592 -0.643093 -0.307064
v -0.350337 -0.646188 -0.308095
v -0.351645 -0.649066 -0.309157
v -0.353484 -0.651638 -0.310220
v -0.355792 -0.653831 -0.311251
v -0.358497 -0.655577 -0.312218
v -0.361524 -0.656815 -0.313091
v -0.364777 -0.657518 -0.313845
v -0.368155 -0.657663 -0.314458
v -0.371558 -0.657237 -0.314908
v -0.374884 -0.656261 -0.315184
v -0.378029 -0.654766 -0.315278
v -0.380897 -0.652789 -0.315184
v -0.383405 -0.650397 -0.314908
v -0.385475 -0.647663 -0.314458
v -0.387039 -0.644665 -0.313845
v -0.388057 -0.641497 -0.313091
v -0.388497 -0.638256 -0.312218
v -0.388338 -0.635040 -0.311251
v -0.387593 -0.631945 -0.310220
v -0.386286 -0.629066 -0.309157
v -0.384446 -0.626495 -0.308095
v -0.382138 -0.624302 -0.307064
v -0.379433 -0.622556 -0.306097
v -0.376406 -0.621317 -0.305224
v -0.373154 -0.620615 -0.304469
v -0.369776 -0.620470 -0.303857
v -0.366372 -0.620896 -0.303407
v -0.363047 -0.621872 -0.303131
v -0.366879 -0.635454 -0.268507
v -0.364007 -0.637423 -0.268630
v -0.361486 -0.639792 -0.268990
v -0.359394 -0.642488 -0.269576
v -0.357801 -0.645435 -0.270375
v -0.356746 -0.648540 -0.271358
v -0.356264 -0.651708 -0.272497
v -0.356376 -0.654842 -0.273757
v -0.357071 -0.657851 -0.275101
v -0.358327 -0.660641 -0.276486
v -0.360115 -0.663124 -0.277871
v -0.362374 -0.665230 -0.279215
v -0.365032 -0.666895 -0.280475
v -0.368017 -0.668061 -0.281613
v -0.371233 -0.668701 -0.282597
v -0.374581 -0.668794 -0.283396
v -0.377963 -0.668330 -0.283982
v -0.381275 -0.667332 -0.284342
v -0.384416 -0.665829 -0.284464
v -0.387289 -0.663860 -0.284342
v -0.389810 -0.661491 -0.283982
v -0.391902 -0.658794 -0.283395
v -0.393495 -0.655847 -0.282597
v -0.394549 -0.652742 -0.281613
v -0.395032 -0.649575 -0.280475
v -0.394920 -0.646440 -0.279215
v -0.394225 -0.643431 -0.277871
v -0.392968 -0.640641 -0.276486
v -0.391180 -0.638158 -0.275101
v -0.388922 -0.636052 -0.273757
v -0.386264 -0.634387 -0.272497
v -0.383279 -0.633221 -0.271358
v -0.380063 -0.632582 -0.270375
v -0.376714 -0.632488 -0.269576
v -0.373333 -0.632952 -0.268990
v -0.370021 -0.633951 -0.268630
v -0.376842 -0.652709 -0.233305
v -0.373964 -0.654669 -0.233454
v -0.371427 -0.657010 -0.233893
v -0.369308 -0.659660 -0.234608
v -0.367679 -0.662544 -0.235581
v -0.366580 -0.665572 -0.236780
v -0.366046 -0.668650 -0.238167
v -0.366101 -0.671686 -0.239704
v -0.366735 -0.674590 -0.241342
v -0.367928 -0.677271 -0.243030
v -0.369654 -0.679645 -0.244718
v -0.371851 -0.681646 -0.246356
v -0.374452 -0.683212 -0.247892
v -0.377385 -0.684288 -0.249280
v -0.380557 -0.684850 -0.250479
v -0.383869 -0.684881 -0.251452
v -0.387224 -0.684371 -0.252167
v -0.390520 -0.683344 -0.252606
v -0.393656 -0.681832 -0.252755
v -0.396534 -0.679873 -0.252606
v -0.399071 -0.677532 -0.252167
v -0.401190 -0.674881 -0.251452
v -0.402819 -0.671997 -0.250479
v -0.403918 -0.668969 -0.249280
v -0.404453 -0.665891 -0.247892
v -0.404397 -0.662855 -0.246356
v -0.403763 -0.659952 -0.244718
v -0.402569 -0.657271 -0.243030
v -0.400844 -0.654897 -0.241342
v -0.398647 -0.652896 -0.239704
v -0.396045 -0.651330 -0.238167
v -0.393113 -0.650253 -0.236780
v -0.389941 -0.649691 -0.235581
v -0.386629 -0.649660 -0.234608
v -0.383274 -0.650170 -0.233893
v -0.379978 -0.651197 -0.233454
v -0.390342 -0.676092 -0.196756
v -0.387458 -0.678040 -0.196930
v -0.384901 -0.680348 -0.197442
v -0.382751 -0.682945 -0.198276
v -0.381079 -0.685755 -0.199412
v -0.379928 -0.688693 -0.200811
v -0.379334 -0.691666 -0.202430
v -0.379322 -0.694586 -0.204223
v -0.379885 -0.697366 -0.206134
v -0.381005 -0.699920 -0.208104
v -0.382657 -0.702167 -0.210074
v -0.384783 -0.704044 -0.211985
v -0.387317 -0.705494 -0.213778
v -0.390190 -0.706466 -0.215397
v -0.393309 -0.706938 -0.216796
v -0.396579 -0.706895 -0.217932
v -0.399903 -0.706331 -0.218766
v -0.403180 -0.705271 -0.219278
v -0.406309 -0.703748 -0.219452
v -0.409193 -0.701800 -0.219278
v -0.411750 -0.699492 -0.218766
v -0.413900 -0.696895 -0.217932
v -0.415572 -0.694085 -0.216796
v -0.416723 -0.691147 -0.215397
v -0.417317 -0.688174 -0.213778
v -0.417329 -0.685254 -0.211985
v -0.416766 -0.682474 -0.210074
v -0.415646 -0.679920 -0.208104
v -0.413994 -0.677673 -0.206134
v -0.411868 -0.675796 -0.204223
v -0.409334 -0.674346 -0.202430
v -0.406461 -0.673374 -0.200811
v -0.403342 -0.672902 -0.199412
v -0.400072 -0.672945 -0.198276
v -0.396748 -0.673508 -0.197442
v -0.393471 -0.674568 -0.196930
v -0.407932 -0.706560 -0.158187
v -0.405041 -0.708495 -0.158384
v -0.402463 -0.710765 -0.158963
v -0.400277 -0.713300 -0.159907
v -0.398557 -0.716028 -0.161192
v -0.397347 -0.718862 -0.162774
v -0.396683 -0.721717 -0.164605
v -0.396596 -0.724505 -0.166633
v -0.397077 -0.727144 -0.168795
v -0.398114 -0.729553 -0.171023
v -0.399682 -0.731656 -0.173252
v -0.401727 -0.733392 -0.175413
v -0.404185 -0.734711 -0.177441
v -0.406989 -0.735563 -0.179273
v -0.410049 -0.735932 -0.180855
v -0.413271 -0.735806 -0.182140
v -0.416559 -0.735181 -0.183083
v -0.419814 -0.734084 -0.183662
v -0.422936 -0.732547 -0.183859
v -0.425828 -0.730612 -0.183662
v -0.428406 -0.728342 -0.183083
v -0.430591 -0.725806 -0.182140
v -0.432312 -0.723079 -0.180855
v -0.433522 -0.720245 -0.179273
v -0.434185 -0.717390 -0.177441
v -0.434273 -0.714602 -0.175413
v -0.433791 -0.711963 -0.173251
v -0.432755 -0.709553 -0.171023
v -0.431187 -0.707451 -0.168795
v -0.429142 -0.705714 -0.166633
v -0.426683 -0.704396 -0.164605
v -0.423880 -0.703543 -0.162774
v -0.420820 -0.703174 -0.161192
v -0.417598 -0.703300 -0.159907
v -0.414310 -0.703926 -0.158963
v -0.411054 -0.705023 -0.158384
v -0.430166 -0.745070 -0.116926
v -0.427267 -0.746991 -0.117144
v -0.424664 -0.749220 -0.117783
v -0.422439 -0.751687 -0.118825
v -0.420666 -0.754321 -0.120244
v -0.419389 -0.757041 -0.121992
v -0.418650 -0.759763 -0.124014
v -0.418477 -0.762405 -0.126254
v -0.418869 -0.764888 -0.128642
v -0.419812 -0.767136 -0.131103
v -0.421287 -0.769077 -0.133564
v -0.423242 -0.770658 -0.135951
v -0.425616 -0.771829 -0.138191
v -0.428343 -0.772550 -0.140213
v -0.431337 -0.772804 -0.141961
v -0.434505 -0.772585 -0.143380
v -0.437754 -0.771892 -0.144422
v -0.440985 -0.770752 -0.145061
v -0.444099 -0.769202 -0.145279
v -0.446999 -0.767281 -0.145061
v -0.449601 -0.765052 -0.144421
v -0.451826 -0.762585 -0.143380
v -0.453600 -0.759951 -0.141961
v -0.454876 -0.757231 -0.140213
v -0.455616 -0.754509 -0.138191
v -0.455788 -0.751867 -0.135951
v -0.455397 -0.749384 -0.133563
v -0.454453 -0.747136 -0.131103
v -0.452978 -0.745195 -0.128641
v -0.451023 -0.743614 -0.126254
v -0.448650 -0.742443 -0.124014
v -0.445922 -0.741722 -0.121992
v -0.442928 -0.741468 -0.120244
v -0.439760 -0.741687 -0.118825
v -0.436511 -0.742380 -0.117783
v -0.433280 -0.743519 -0.117144
v -0.457597 -0.792582 -0.072299
v -0.454688 -0.794487 -0.072535
v -0.452060 -0.796670 -0.073228
v -0.449792 -0.799062 -0.074357
v -0.447959 -0.801595 -0.075894
v -0.446611 -0.804190 -0.077787
v -0.445787 -0.806767 -0.079978
v -0.445522 -0.809248 -0.082404
v -0.445815 -0.811561 -0.084991
v -0.446657 -0.813632 -0.087657
v -0.448030 -0.815397 -0.090322
v -0.449886 -0.816807 -0.092909
v -0.452167 -0.817818 -0.095335
v -0.454811 -0.818394 -0.097526
v -0.457733 -0.818523 -0.099419
v -0.460842 -0.818202 -0.100956
v -0.464048 -0.817435 -0.102085
v -0.467253 -0.816249 -0.102778
v -0.470358 -0.814683 -0.103014
v -0.473266 -0.812778 -0.102778
v -0.475895 -0.810595 -0.102085
v -0.478163 -0.808203 -0.100956
v -0.479995 -0.805670 -0.099419
v -0.481344 -0.803075 -0.097526
v -0.482167 -0.800498 -0.095335
v -0.482432 -0.798016 -0.092909
v -0.482140 -0.795704 -0.090322
v -0.481298 -0.793632 -0.087656
v -0.479924 -0.791867 -0.084991
v -0.478069 -0.790458 -0.082404
v -0.475787 -0.789447 -0.079978
v -0.473143 -0.788871 -0.077787
v -0.470222 -0.788742 -0.075894
v -0.467112 -0.789062 -0.074357
v -0.463906 -0.789830 -0.073228
v -0.460702 -0.791015 -0.072535
v -0.490778 -0.850052 -0.023634
v -0.487859 -0.851941 -0.023885
v -0.485202 -0.854074 -0.024624
v -0.482888 -0.856386 -0.025826
v -0.480992 -0.858809 -0.027465
v -0.479565 -0.861269 -0.029482
v -0.478652 -0.863690 -0.031817
v -0.478287 -0.865998 -0.034403
v -0.478473 -0.868126 -0.037159
v -0.479205 -0.870007 -0.040000
v -0.480469 -0.871582 -0.042841
v -0.482218 -0.872807 -0.045597
v -0.484399 -0.873645 -0.048183
v -0.486953 -0.874065 -0.050518
v -0.489797 -0.874059 -0.052535
v -0.492843 -0.873629 -0.054174
v -0.496002 -0.872781 -0.055376
v -0.499178 -0.871546 -0.056115
v -0.502273 -0.869963 -0.056366
v -0.505192 -0.868074 -0.056115
v -0.507849 -0.865941 -0.055376
v -0.510163 -0.863629 -0.054173
v -0.512059 -0.861206 -0.052535
v -0.513486 -0.858746 -0.050518
v -0.514399 -0.856325 -0.048183
v -0.514764 -0.854017 -0.045597
v -0.514578 -0.851889 -0.042841
v -0.513846 -0.850007 -0.040000
v -0.512582 -0.848433 -0.037159
v -0.510833 -0.847208 -0.034403
v -0.508652 -0.846369 -0.031817
v -0.506098 -0.845950 -0.029482
v -0.503254 -0.845955 -0.027465
v -0.500208 -0.846386 -0.025826
v -0.497049 -0.847234 -0.024624
v -0.493873 -0.848469 -0.023885
v -0.867871 0.000000 -0.717362
v -0.868054 -0.003472 -0.717116
v -0.868595 -0.006840 -0.716393
v -0.869474 -0.010000 -0.715216
v -0.870672 -0.012853 -0.713612
v -0.872148 -0.015319 -0.711637
v -0.873856 -0.017321 -0.709351
v -0.875747 -0.018791 -0.706819
v -0.877763 -0.019693 -0.704121
v -0.879841 -0.020000 -0.701340
v -0.881919 -0.019693 -0.698559
v -0.883935 -0.018791 -0.695861
v -0.885826 -0.017321 -0.693329
v -0.887534 -0.015319 -0.691043
v -0.889010 -0.012853 -0.689068
v -0.890208 -0.010000 -0.687464
v -0.891087 -0.006840 -0.686287
v -0.891628 -0.003472 -0.685564
v -0.891811 -0.000000 -0.685318
v -0.891628 0.003472 -0.685564
v -0.891088 0.006840 -0.686287
v -0.890208 0.010000 -0.687464
v -0.889010 0.012853 -0.689068
v -0.887534 0.015319 -0.691043
v -0.885826 0.017321 -0.693329
v -0.883935 0.018791 -0.695861
v -0.881919 0.019693 -0.698559
v -0.879841 0.020000 -0.701340
v -0.877763 0.019693 -0.704121
v -0.875747 0.018791 -0.706819
v -0.873856 0.017321 -0.709351
v -0.872148 0.015319 -0.711637
v -0.870672 0.012853 -0.713612
v -0.869474 0.010000 -0.715216
v -0.868595 0.006840 -0.716393
v -0.868054 0.003472 -0.717116
v -0.822490 0.000000 -0.679619
v -0.822703 -0.003472 -0.679398
v -0.823328 -0.006840 -0.678748
v -0.824347 -0.010000 -0.677691
v -0.825734 -0.012853 -0.676251
v -0.827443 -0.015319 -0.674478
v -0.829421 -0.017321 -0.672425
v -0.831611 -0.018791 -0.670152
v -0.833946 -0.019693 -0.667729
v -0.836352 -0.020000 -0.665232
v -0.838758 -0.019693 -0.662734
v -0.841092 -0.018791 -0.660312
v -0.843283 -0.017321 -0.658039
v -0.845260 -0.015319 -0.655986
v -0.846969 -0.012853 -0.654213
v -0.848357 -0.010000 -0.652773
v -0.849375 -0.006840 -0.651715
v -0.850001 -0.003472 -0.651066
v -0.850214 -0.000000 -0.650845
v -0.850001 0.003472 -0.651066
v -0.849375 0.006840 -0.651715
v -0.848357 0.010000 -0.652773
v -0.846969 0.012853 -0.654213
v -0.845260 0.015319 -0.655986
v -0.843283 0.017321 -0.658038
v -0.841092 0.018791 -0.660312
v -0.838758 0.019693 -0.662734
v -0.836352 0.020000 -0.665232
v -0.833946 0.019693 -0.667729
v -0.831611 0.018791 -0.670152
v -0.829421 0.017321 -0.672425
v -0.827443 0.015319 -0.674478
v -0.825735 0.012853 -0.676251
v -0.824347 0.010000 -0.677691
v -0.823328 0.006840 -0.678748
v -0.822703 0.003472 -0.679398
v -0.785662 0.000000 -0.641128
v -0.785899 -0.003472 -0.640935
v -0.786595 -0.006840 -0.640368
v -0.787728 -0.010000 -0.639442
v -0.789272 -0.012853 -0.638183
v -0.791173 -0.015319 -0.636631
v -0.793373 -0.017321 -0.634835
v -0.795809 -0.018791 -0.632847
v -0.798406 -0.019693 -0.630727
v -0.801083 -0.020000 -0.628542
v -0.803760 -0.019693 -0.626358
v -0.806357 -0.018791 -0.624238
v -0.808793 -0.017321 -0.622249
v -0.810993 -0.015319 -0.620454
v -0.812894 -0.012853 -0.618902
v -0.814438 -0.010000 -0.617643
v -0.815571 -0.006840 -0.616717
v -0.816267 -0.003472 -0.616149
v -0.816504 -0.000000 -0.615956
v -0.816267 0.003472 -0.616149
v -0.815571 0.006840 -0.616717
v -0.814438 0.010000 -0.617643
v -0.812894 0.012853 -0.618902
v -0.810993 0.015319 -0.620454
v -0.808793 0.017321 -0.622249
v -0.806357 0.018791 -0.624238
v -0.803760 0.019693 -0.626357
v -0.801083 0.020000 -0.628542
v -0.798406 0.019693 -0.630727
v -0.795809 0.018791 -0.632847
v -0.793373 0.017321 -0.634835
v -0.791173 0.015319 -0.636631
v -0.789272 0.012853 -0.638182
v -0.787728 0.010000 -0.639442
v -0.786595 0.006840 -0.640367
v -0.785899 0.003472 -0.640935
v -0.756650 0.000000 -0.602154
v -0.756905 -0.003472 -0.601990
v -0.757658 -0.006840 -0.601509
v -0.758883 -0.010000 -0.600727
v -0.760551 -0.012853 -0.599661
v -0.762606 -0.015319 -0.598348
v -0.764984 -0.017321 -0.596828
v -0.767618 -0.018791 -0.595145
v -0.770425 -0.019693 -0.593352
v -0.773319 -0.020000 -0.591503
v -0.776213 -0.019693 -0.589654
v -0.779020 -0.018791 -0.587861
v -0.781654 -0.017321 -0.586178
v -0.784032 -0.015319 -0.584658
v -0.786086 -0.012853 -0.583346
v -0.787755 -0.010000 -0.582280
v -0.788980 -0.006840 -0.581497
v -0.789732 -0.003472 -0.581016
v -0.789988 -0.000000 -0.580853
v -0.789732 0.003472 -0.581016
v -0.788980 0.006840 -0.581497
v -0.787755 0.010000 -0.582280
v -0.786087 0.012853 -0.583345
v -0.784032 0.015319 -0.584659
v -0.781654 0.017321 -0.586178
v -0.779020 0.018791 -0.587861
v -0.776213 0.019693 -0.589654
v -0.773319 0.020000 -0.591503
v -0.770425 0.019693 -0.593352
v -0.767618 0.018791 -0.595145
v -0.764984 0.017321 -0.596828
v -0.762606 0.015319 -0.598348
v -0.760551 0.012853 -0.599661
v -0.758883 0.010000 -0.600727
v -0.757658 0.006840 -0.601509
v -0.756905 0.003472 -0.601990
v -0.734714 0.000000 -0.562955
v -0.734985 -0.003472 -0.562823
v -0.735780 -0.006840 -0.562435
v -0.737076 -0.010000 -0.561802
v -0.738841 -0.012853 -0.560940
v -0.741014 -0.015319 -0.559879
v -0.743529 -0.017321 -0.558650
v -0.746315 -0.018791 -0.557290
v -0.749283 -0.019693 -0.555840
v -0.752344 -0.020000 -0.554346
v -0.755404 -0.019693 -0.552851
v -0.758373 -0.018791 -0.551401
v -0.761159 -0.017321 -0.550041
v -0.763674 -0.015319 -0.548812
v -0.765847 -0.012853 -0.547751
v -0.767611 -0.010000 -0.546889
v -0.768907 -0.006840 -0.546256
v -0.769703 -0.003472 -0.545868
v -0.769974 -0.000000 -0.545736
v -0.769703 0.003472 -0.545868
v -0.768907 0.006840 -0.546256
v -0.767612 0.010000 -0.546889
v -0.765847 0.012853 -0.547751
v -0.763674 0.015319 -0.548812
v -0.761159 0.017321 -0.550040
v -0.758373 0.018791 -0.551401
v -0.755404 0.019693 -0.552851
v -0.752344 0.020000 -0.554346
v -0.749283 0.019693 -0.555840
v -0.746315 0.018791 -0.557290
v -0.743529 0.017321 -0.558650
v -0.741014 0.015319 -0.559879
v -0.738841 0.012853 -0.560940
v -0.737076 0.010000 -0.561802
v -0.735780 0.006840 -0.562435
v -0.734985 0.003472 -0.562823
v -0.719118 0.000000 -0.523795
v -0.719400 -0.003472 -0.523696
v -0.720226 -0.006840 -0.523402
v -0.721573 -0.010000 -0.522925
v -0.723407 -0.012853 -0.522275
v -0.725666 -0.015319 -0.521475
v -0.728280 -0.017321 -0.520548
v -0.731176 -0.018791 -0.519522
v -0.734261 -0.019693 -0.518428
v -0.737442 -0.020000 -0.517301
v -0.740623 -0.019693 -0.516174
v -0.743709 -0.018791 -0.515080
v -0.746604 -0.017321 -0.514054
v -0.749218 -0.015319 -0.513128
v -0.751477 -0.012853 -0.512327
v -0.753311 -0.010000 -0.511678
v -0.754658 -0.006840 -0.511200
v -0.755485 -0.003472 -0.510907
v -0.755766 -0.000000 -0.510807
v -0.755485 0.003472 -0.510907
v -0.754658 0.006840 -0.511200
v -0.753311 0.010000 -0.511677
v -0.751477 0.012853 -0.512327
v -0.749218 0.015319 -0.513128
v -0.746604 0.017321 -0.514054
v -0.743709 0.018791 -0.515080
v -0.740623 0.019693 -0.516174
v -0.737442 0.020000 -0.517301
v -0.734261 0.019693 -0.518429
v -0.731176 0.018791 -0.519522
v -0.728280 0.017321 -0.520548
v -0.725666 0.015319 -0.521475
v -0.723407 0.012853 -0.522275
v -0.721573 0.010000 -0.522925
v -0.720226 0.006840 -0.523402
v -0.719400 0.003472 -0.523695
v -0.709123 0.000000 -0.484935
v -0.709412 -0.003472 -0.484868
v -0.710259 -0.006840 -0.484673
v -0.711639 -0.010000 -0.484354
v -0.713518 -0.012853 -0.483921
v -0.715832 -0.015319 -0.483386
v -0.718511 -0.017321 -0.482768
v -0.721477 -0.018791 -0.482084
v -0.724639 -0.019693 -0.481354
v -0.727898 -0.020000 -0.480602
v -0.731157 -0.019693 -0.479850
v -0.734319 -0.018791 -0.479120
v -0.737285 -0.017321 -0.478435
v -0.739964 -0.015319 -0.477817
v -0.742278 -0.012853 -0.477283
v -0.744157 -0.010000 -0.476849
v -0.745537 -0.006840 -0.476531
v -0.746384 -0.003472 -0.476335
v -0.746672 -0.000000 -0.476269
v -0.746384 0.003472 -0.476335
v -0.745537 0.006840 -0.476531
v -0.744157 0.010000 -0.476849
v -0.742278 0.012853 -0.477283
v -0.739964 0.015319 -0.477817
v -0.737285 0.017321 -0.478435
v -0.734319 0.018791 -0.479120
v -0.731157 0.019693 -0.479849
v -0.727898 0.020000 -0.480602
v -0.724639 0.019693 -0.481354
v -0.721477 0.018791 -0.482084
v -0.718511 0.017321 -0.482768
v -0.715832 0.015319 -0.483386
v -0.713518 0.012853 -0.483921
v -0.711639 0.010000 -0.484354
v -0.710259 0.006840 -0.484673
v -0.709412 0.003472 -0.484868
v -0.703992 0.000000 -0.446636
v -0.704284 -0.003472 -0.446603
v -0.705141 -0.006840 -0.446505
v -0.706538 -0.010000 -0.446347
v -0.708440 -0.012853 -0.446131
v -0.710783 -0.015319 -0.445865
v -0.713494 -0.017321 -0.445557
v -0.716497 -0.018791 -0.445216
v -0.719697 -0.019693 -0.444853
v -0.722996 -0.020000 -0.444479
v -0.726294 -0.019693 -0.444104
v -0.729495 -0.018791 -0.443741
v -0.732497 -0.017321 -0.443400
v -0.735208 -0.015319 -0.443092
v -0.737551 -0.012853 -0.442826
v -0.739453 -0.010000 -0.442611
v -0.740850 -0.006840 -0.442452
v -0.741707 -0.003472 -0.442355
v -0.741999 -0.000000 -0.442322
v -0.741707 0.003472 -0.442354
v -0.740850 0.006840 -0.442452
v -0.739453 0.010000 -0.442610
v -0.737551 0.012853 -0.442826
v -0.735208 0.015319 -0.443092
v -0.732497 0.017321 -0.443400
v -0.729495 0.018791 -0.443741
v -0.726294 0.019693 -0.444104
v -0.722996 0.020000 -0.444479
v -0.719697 0.019693 -0.444853
v -0.716497 0.018791 -0.445216
v -0.713494 0.017321 -0.445557
v -0.710783 0.015319 -0.445865
v -0.708440 0.012853 -0.446131
v -0.706538 0.010000 -0.446347
v -0.705141 0.006840 -0.446505
v -0.704284 0.003472 -0.446603
v -0.702986 0.000000 -0.409159
v -0.703279 -0.003472 -0.409159
v -0.704137 -0.006840 -0.409160
v -0.705536 -0.010000 -0.409160
v -0.707441 -0.012853 -0.409160
v -0.709788 -0.015319 -0.409161
v -0.712503 -0.017321 -0.409161
v -0.715510 -0.018791 -0.409162
v -0.718715 -0.019693 -0.409163
v -0.722019 -0.020000 -0.409163
v -0.725323 -0.019693 -0.409164
v -0.728529 -0.018791 -0.409165
v -0.731536 -0.017321 -0.409165
v -0.734251 -0.015319 -0.409166
v -0.736598 -0.012853 -0.409166
v -0.738503 -0.010000 -0.409167
v -0.739902 -0.006840 -0.409167
v -0.740760 -0.003472 -0.409167
v -0.741053 -0.000000 -0.409167
v -0.740760 0.003472 -0.409167
v -0.739902 0.006840 -0.409167
v -0.738503 0.010000 -0.409166
v -0.736598 0.012853 -0.409166
v -0.734251 0.015319 -0.409166
v -0.731536 0.017321 -0.409165
v -0.728529 0.018791 -0.409165
v -0.725323 0.019693 -0.409164
v -0.722019 0.020000 -0.409163
v -0.718715 0.019693 -0.409163
v -0.715510 0.018791 -0.409162
v -0.712503 0.017321 -0.409161
v -0.709788 0.015319 -0.409161
v -0.707441 0.012853 -0.409160
v -0.705536 0.010000 -0.409160
v -0.704137 0.006840 -0.409160
v -0.703278 0.003472 -0.409160
v -0.705368 0.000000 -0.372767
v -0.705658 -0.003472 -0.372800
v -0.706510 -0.006840 -0.372896
v -0.707898 -0.010000 -0.373052
v -0.709789 -0.012853 -0.373264
v -0.712117 -0.015319 -0.373525
v -0.714811 -0.017321 -0.373827
v -0.717795 -0.018791 -0.374162
v -0.720975 -0.019693 -0.374519
v -0.724254 -0.020000 -0.374887
v -0.727532 -0.019693 -0.375255
v -0.730712 -0.018791 -0.375612
v -0.733696 -0.017321 -0.375947
v -0.736391 -0.015319 -0.376250
v -0.738719 -0.012853 -0.376511
v -0.740609 -0.010000 -0.376723
v -0.741997 -0.006840 -0.376879
v -0.742849 -0.003472 -0.376975
v -0.743139 -0.000000 -0.377007
v -0.742849 0.003472 -0.376974
v -0.741997 0.006840 -0.376879
v -0.740609 0.010000 -0.376723
v -0.738719 0.012853 -0.376511
v -0.736391 0.015319 -0.376250
v -0.733697 0.017321 -0.375947
v -0.730712 0.018791 -0.375612
v -0.727532 0.019693 -0.375255
v -0.724254 0.020000 -0.374887
v -0.720975 0.019693 -0.374519
v -0.717795 0.018791 -0.374162
v -0.714811 0.017321 -0.373827
v -0.712117 0.015319 -0.373525
v -0.709789 0.012853 -0.373264
v -0.707898 0.010000 -0.373052
v -0.706510 0.006840 -0.372896
v -0.705658 0.003472 -0.372800
v -0.710707 0.000000 -0.337566
v -0.710992 -0.003472 -0.337630
v -0.711831 -0.006840 -0.337817
v -0.713196 -0.010000 -0.338124
v -0.715056 -0.012853 -0.338540
v -0.717347 -0.015319 -0.339053
v -0.719997 -0.017321 -0.339648
v -0.722933 -0.018791 -0.340305
v -0.726062 -0.019693 -0.341007
v -0.729288 -0.020000 -0.341730
v -0.732513 -0.019693 -0.342452
v -0.735642 -0.018791 -0.343153
v -0.738578 -0.017321 -0.343811
v -0.741229 -0.015319 -0.344405
v -0.743519 -0.012853 -0.344919
v -0.745379 -0.010000 -0.345335
v -0.746745 -0.006840 -0.345641
v -0.747583 -0.003472 -0.345829
v -0.747868 -0.000000 -0.345893
v -0.747583 0.003472 -0.345829
v -0.746745 0.006840 -0.345641
v -0.745379 0.010000 -0.345335
v -0.743519 0.012853 -0.344919
v -0.741229 0.015319 -0.344405
v -0.738578 0.017321 -0.343811
v -0.735642 0.018791 -0.343153
v -0.732513 0.019693 -0.342452
v -0.729288 0.020000 -0.341729
v -0.726062 0.019693 -0.341007
v -0.722933 0.018791 -0.340305
v -0.719997 0.017321 -0.339648
v -0.717347 0.015319 -0.339053
v -0.715056 0.012853 -0.338540
v -0.713196 0.010000 -0.338124
v -0.711831 0.006840 -0.337817
v -0.710992 0.003472 -0.337630
v -0.719802 0.000000 -0.303036
v -0.720080 -0.003472 -0.303131
v -0.720898 -0.006840 -0.303407
v -0.722230 -0.010000 -0.303857
v -0.724045 -0.012853 -0.304469
v -0.726280 -0.015319 -0.305224
v -0.728866 -0.017321 -0.306097
v -0.731731 -0.018791 -0.307064
v -0.734783 -0.019693 -0.308095
v -0.737930 -0.020000 -0.309157
v -0.741077 -0.019693 -0.310220
v -0.744130 -0.018791 -0.311251
v -0.746995 -0.017321 -0.312218
v -0.749581 -0.015319 -0.313091
v -0.751816 -0.012853 -0.313845
v -0.753630 -0.010000 -0.314458
v -0.754963 -0.006840 -0.314908
v -0.755781 -0.003472 -0.315184
v -0.756059 -0.000000 -0.315278
v -0.755781 0.003472 -0.315184
v -0.754963 0.006840 -0.314908
v -0.753630 0.010000 -0.314458
v -0.751816 0.012853 -0.313845
v -0.749581 0.015319 -0.313091
v -0.746995 0.017321 -0.312218
v -0.744130 0.018791 -0.311251
v -0.741077 0.019693 -0.310220
v -0.737930 0.020000 -0.309157
v -0.734783 0.019693 -0.308095
v -0.731731 0.018791 -0.307064
v -0.728866 0.017321 -0.306097
v -0.726280 0.015319 -0.305224
v -0.724045 0.012853 -0.304469
v -0.722231 0.010000 -0.303857
v -0.720898 0.006840 -0.303407
v -0.720080 0.003472 -0.303131
v -0.733759 0.000000 -0.268507
v -0.734028 -0.003472 -0.268630
v -0.734819 -0.006840 -0.268990
v -0.736108 -0.010000 -0.269576
v -0.737863 -0.012853 -0.270375
v -0.740025 -0.015319 -0.271358
v -0.742527 -0.017321 -0.272497
v -0.745298 -0.018791 -0.273757
v -0.748251 -0.019693 -0.275101
v -0.751296 -0.020000 -0.276486
v -0.754340 -0.019693 -0.277871
v -0.757293 -0.018791 -0.279215
v -0.760064 -0.017321 -0.280475
v -0.762566 -0.015319 -0.281613
v -0.764728 -0.012853 -0.282597
v -0.766483 -0.010000 -0.283396
v -0.767772 -0.006840 -0.283982
v -0.768564 -0.003472 -0.284342
v -0.768833 -0.000000 -0.284464
v -0.768564 0.003472 -0.284342
v -0.767772 0.006840 -0.283982
v -0.766483 0.010000 -0.283395
v -0.764728 0.012853 -0.282597
v -0.762566 0.015319 -0.281613
v -0.760064 0.017321 -0.280475
v -0.757293 0.018791 -0.279215
v -0.754340 0.019693 -0.277871
v -0.751296 0.020000 -0.276486
v -0.748251 0.019693 -0.275101
v -0.745298 0.018791 -0.273757
v -0.742527 0.017321 -0.272497
v -0.740025 0.015319 -0.271358
v -0.737864 0.012853 -0.270375
v -0.736108 0.010000 -0.269576
v -0.734819 0.006840 -0.268990
v -0.734028 0.003472 -0.268630
v -0.753684 0.000000 -0.233305
v -0.753942 -0.003472 -0.233454
v -0.754701 -0.006840 -0.233893
v -0.755937 -0.010000 -0.234608
v -0.757619 -0.012853 -0.235581
v -0.759692 -0.015319 -0.236780
v -0.762091 -0.017321 -0.238167
v -0.764748 -0.018791 -0.239704
v -0.767579 -0.019693 -0.241342
v -0.770498 -0.020000 -0.243030
v -0.773417 -0.019693 -0.244718
v -0.776248 -0.018791 -0.246356
v -0.778905 -0.017321 -0.247892
v -0.781304 -0.015319 -0.249280
v -0.783376 -0.012853 -0.250479
v -0.785059 -0.010000 -0.251452
v -0.786295 -0.006840 -0.252167
v -0.787054 -0.003472 -0.252606
v -0.787312 -0.000000 -0.252755
v -0.787054 0.003472 -0.252606
v -0.786295 0.006840 -0.252167
v -0.785059 0.010000 -0.251452
v -0.783376 0.012853 -0.250479
v -0.781304 0.015319 -0.249280
v -0.778905 0.017321 -0.247892
v -0.776248 0.018791 -0.246356
v -0.773417 0.019693 -0.244718
v -0.770498 0.020000 -0.243030
v -0.767579 0.019693 -0.241342
v -0.764748 0.018791 -0.239704
v -0.762091 0.017321 -0.238167
v -0.759692 0.015319 -0.236780
v -0.757620 0.012853 -0.235581
v -0.755937 0.010000 -0.234608
v -0.754701 0.006840 -0.233893
v -0.753942 0.003472 -0.233454
v -0.780684 0.000000 -0.196756
v -0.780929 -0.003472 -0.196930
v -0.781649 -0.006840 -0.197442
v -0.782823 -0.010000 -0.198276
v -0.784421 -0.012853 -0.199412
v -0.786390 -0.015319 -0.200811
v -0.788667 -0.017321 -0.202430
v -0.791190 -0.018791 -0.204223
v -0.793879 -0.019693 -0.206134
v -0.796651 -0.020000 -0.208104
v -0.799423 -0.019693 -0.210074
v -0.802111 -0.018791 -0.211985
v -0.804634 -0.017321 -0.213778
v -0.806912 -0.015319 -0.215397
v -0.808881 -0.012853 -0.216796
v -0.810479 -0.010000 -0.217932
v -0.811652 -0.006840 -0.218766
v -0.812373 -0.003472 -0.219278
v -0.812618 -0.000000 -0.219452
v -0.812373 0.003472 -0.219278
v -0.811652 0.006840 -0.218766
v -0.810479 0.010000 -0.217932
v -0.808881 0.012853 -0.216796
v -0.806912 0.015319 -0.215397
v -0.804634 0.017321 -0.213778
v -0.802111 0.018791 -0.211985
v -0.799423 0.019693 -0.210074
v -0.796651 0.020000 -0.208104
v -0.793879 0.019693 -0.206134
v -0.791190 0.018791 -0.204223
v -0.788667 0.017321 -0.202430
v -0.786390 0.015319 -0.200811
v -0.784421 0.012853 -0.199412
v -0.782823 0.010000 -0.198276
v -0.781650 0.006840 -0.197442
v -0.780929 0.003472 -0.196930
v -0.815865 0.000000 -0.158187
v -0.816095 -0.003472 -0.158384
v -0.816772 -0.006840 -0.158963
v -0.817875 -0.010000 -0.159907
v -0.819377 -0.012853 -0.161192
v -0.821226 -0.015319 -0.162774
v -0.823367 -0.017321 -0.164605
v -0.825738 -0.018791 -0.166633
v -0.828264 -0.019693 -0.168795
v -0.830869 -0.020000 -0.171023
v -0.833473 -0.019693 -0.173252
v -0.836000 -0.018791 -0.175413
v -0.838371 -0.017321 -0.177441
v -0.840511 -0.015319 -0.179273
v -0.842361 -0.012853 -0.180855
v -0.843862 -0.010000 -0.182140
v -0.844965 -0.006840 -0.183083
v -0.845642 -0.003472 -0.183662
v -0.845873 -0.000000 -0.183859
v -0.845642 0.003472 -0.183662
v -0.844965 0.006840 -0.183083
v -0.843862 0.010000 -0.182140
v -0.842361 0.012853 -0.180855
v -0.840511 0.015319 -0.179273
v -0.838371 0.017321 -0.177441
v -0.836000 0.018791 -0.175413
v -0.833473 0.019693 -0.173251
v -0.830869 0.020000 -0.171023
v -0.828264 0.019693 -0.168795
v -0.825738 0.018791 -0.166633
v -0.823367 0.017321 -0.164605
v -0.821226 0.015319 -0.162774
v -0.819377 0.012853 -0.161192
v -0.817875 0.010000 -0.159907
v -0.816772 0.006840 -0.158963
v -0.816095 0.003472 -0.158384
v -0.860333 0.000000 -0.116926
v -0.860547 -0.003472 -0.117144
v -0.861175 -0.006840 -0.117783
v -0.862199 -0.010000 -0.118825
v -0.863594 -0.012853 -0.120244
v -0.865312 -0.015319 -0.121992
v -0.867299 -0.017321 -0.124014
v -0.869501 -0.018791 -0.126254
v -0.871847 -0.019693 -0.128642
v -0.874265 -0.020000 -0.131103
v -0.876684 -0.019693 -0.133564
v -0.879030 -0.018791 -0.135951
v -0.881231 -0.017321 -0.138191
v -0.883219 -0.015319 -0.140213
v -0.884937 -0.012853 -0.141961
v -0.886331 -0.010000 -0.143380
v -0.887355 -0.006840 -0.144422
v -0.887984 -0.003472 -0.145061
v -0.888198 -0.000000 -0.145279
v -0.887984 0.003472 -0.145061
v -0.887355 0.006840 -0.144421
v -0.886331 0.010000 -0.143380
v -0.884937 0.012853 -0.141961
v -0.883219 0.015319 -0.140213
v -0.881232 0.017321 -0.138191
v -0.879030 0.018791 -0.135951
v -0.876684 0.019693 -0.133563
v -0.874265 0.020000 -0.131103
v -0.871847 0.019693 -0.128641
v -0.869501 0.018791 -0.126254
v -0.867299 0.017321 -0.124014
v -0.865312 0.015319 -0.121992
v -0.863594 0.012853 -0.120244
v -0.862199 0.010000 -0.118825
v -0.861175 0.006840 -0.117783
v -0.860547 0.003472 -0.117144
v -0.915194 0.000000 -0.072299
v -0.915390 -0.003472 -0.072535
v -0.915966 -0.006840 -0.073228
v -0.916904 -0.010000 -0.074357
v -0.918181 -0.012853 -0.075894
v -0.919754 -0.015319 -0.077787
v -0.921575 -0.017321 -0.079978
v -0.923591 -0.018791 -0.082404
v -0.925740 -0.019693 -0.084991
v -0.927955 -0.020000 -0.087657
v -0.930170 -0.019693 -0.090322
v -0.932319 -0.018791 -0.092909
v -0.934335 -0.017321 -0.095335
v -0.936155 -0.015319 -0.097526
v -0.937728 -0.012853 -0.099419
v -0.939005 -0.010000 -0.100956
v -0.939943 -0.006840 -0.102085
v -0.940519 -0.003472 -0.102778
v -0.940715 -0.000000 -0.103014
v -0.940519 0.003472 -0.102778
v -0.939943 0.006840 -0.102085
v -0.939005 0.010000 -0.100956
v -0.937728 0.012853 -0.099419
v -0.936155 0.015319 -0.097526
v -0.934335 0.017321 -0.095335
v -0.932319 0.018791 -0.092909
v -0.930170 0.019693 -0.090322
v -0.927955 0.020000 -0.087656
v -0.925740 0.019693 -0.084991
v -0.923591 0.018791 -0.082404
v -0.921575 0.017321 -0.079978
v -0.919754 0.015319 -0.077787
v -0.918181 0.012853 -0.075894
v -0.916904 0.010000 -0.074357
v -0.915966 0.006840 -0.073228
v -0.915390 0.003472 -0.072535
v -0.981555 0.000000 -0.023634
v -0.981732 -0.003472 -0.023885
v -0.982251 -0.006840 -0.024624
v -0.983096 -0.010000 -0.025826
v -0.984246 -0.012853 -0.027465
v -0.985663 -0.015319 -0.029482
v -0.987303 -0.017321 -0.031817
v -0.989120 -0.018791 -0.034403
v -0.991055 -0.019693 -0.037159
v -0.993051 -0.020000 -0.040000
v -0.995046 -0.019693 -0.042841
v -0.996982 -0.018791 -0.045597
v -0.998799 -0.017321 -0.048183
v -1.000439 -0.015319 -0.050518
v -1.001856 -0.012853 -0.052535
v -1.003006 -0.010000 -0.054174
v -1.003851 -0.006840 -0.055376
v -1.004370 -0.003472 -0.056115
v -1.004547 -0.000000 -0.056366
v -1.004370 0.003472 -0.056115
v -1.003851 0.006840 -0.055376
v -1.003006 0.010000 -0.054173
v -1.001856 0.012853 -0.052535
v -1.000439 0.015319 -0.050518
v -0.998799 0.017321 -0.048183
v -0.996982 0.018791 -0.045597
v -0.995047 0.019693 -0.042841
v -0.993051 0.020000 -0.040000
v -0.991055 0.019693 -0.037159
v -0.989120 0.018791 -0.034403
v -0.987303 0.017321 -0.031817
v -0.985663 0.015319 -0.029482
v -0.984246 0.012853 -0.027465
v -0.983096 0.010000 -0.025826
v -0.982251 0.006840 -0.024624
v -0.981732 0.003472 -0.023885
v -0.433935 0.751598 -0.717362
v -0.437034 0.750021 -0.717116
v -0.440221 0.748805 -0.716393
v -0.443397 0.747987 -0.715216
v -0.446467 0.747598 -0.713612
v -0.449340 0.747643 -0.711637
v -0.451928 0.748121 -0.709351
v -0.454147 0.749024 -0.706819
v -0.455936 0.750319 -0.704121
v -0.457241 0.751965 -0.701340
v -0.458014 0.753918 -0.698559
v -0.458240 0.756115 -0.695861
v -0.457913 0.758488 -0.693329
v -0.457033 0.760968 -0.691043
v -0.455636 0.763478 -0.689068
v -0.453764 0.765942 -0.687464
v -0.451467 0.768284 -0.686287
v -0.448820 0.770436 -0.685564
v -0.445906 0.772331 -0.685318
v -0.442807 0.773908 -0.685564
v -0.439620 0.775124 -0.686287
v -0.436444 0.775942 -0.687464
v -0.433374 0.776331 -0.689068
v -0.430501 0.776286 -0.691043
v -0.427913 0.775808 -0.693329
v -0.425694 0.774905 -0.695861
v -0.423905 0.773611 -0.698559
v -0.422600 0.771965 -0.701340
v -0.421827 0.770012 -0.704121
v -0.421601 0.767815 -0.706819
v -0.421928 0.765442 -0.709351
v -0.422808 0.762962 -0.711637
v -0.424205 0.760451 -0.713612
v -0.426077 0.757987 -0.715216
v -0.428374 0.755645 -0.716393
v -0.431021 0.753493 -0.717116
v -0.411245 0.712297 -0.679619
v -0.414358 0.710745 -0.679398
v -0.417588 0.709603 -0.678748
v -0.420834 0.708905 -0.677691
v -0.423998 0.708680 -0.676251
v -0.426988 0.708928 -0.674478
v -0.429710 0.709639 -0.672425
v -0.432079 0.710801 -0.670152
v -0.434027 0.712371 -0.667729
v -0.435496 0.714302 -0.665232
v -0.436434 0.716539 -0.662734
v -0.436819 0.719012 -0.660312
v -0.436641 0.721644 -0.658039
v -0.435896 0.724357 -0.655986
v -0.434616 0.727070 -0.654213
v -0.432839 0.729698 -0.652773
v -0.430611 0.732161 -0.651715
v -0.428007 0.734386 -0.651066
v -0.425107 0.736307 -0.650845
v -0.421994 0.737858 -0.651066
v -0.418764 0.739001 -0.651715
v -0.415518 0.739698 -0.652773
v -0.412353 0.739923 -0.654213
v -0.409364 0.739676 -0.655986
v -0.406641 0.738965 -0.658038
v -0.404273 0.737803 -0.660312
v -0.402324 0.736232 -0.662734
v -0.400855 0.734302 -0.665232
v -0.399918 0.732064 -0.667729
v -0.399532 0.729592 -0.670152
v -0.399710 0.726960 -0.672425
v -0.400455 0.724246 -0.674478
v -0.401736 0.721534 -0.676251
v -0.403513 0.718906 -0.677691
v -0.405741 0.716443 -0.678748
v -0.408345 0.714217 -0.679398
v -0.392831 0.680403 -0.641128
v -0.395956 0.678873 -0.640935
v -0.399221 0.677791 -0.640368
v -0.402524 0.677192 -0.639442
v -0.405767 0.677103 -0.638183
v -0.408853 0.677516 -0.636631
v -0.411686 0.678421 -0.634835
v -0.414178 0.679796 -0.632847
v -0.416258 0.681593 -0.630727
v -0.417862 0.683758 -0.628542
v -0.418935 0.686230 -0.626358
v -0.419451 0.688930 -0.624238
v -0.419397 0.691775 -0.622249
v -0.418763 0.694681 -0.620454
v -0.417578 0.697561 -0.618902
v -0.415879 0.700324 -0.617643
v -0.413709 0.702885 -0.616717
v -0.411140 0.705172 -0.616149
v -0.408252 0.707113 -0.615956
v -0.405127 0.708644 -0.616149
v -0.401862 0.709725 -0.616717
v -0.398559 0.710324 -0.617643
v -0.395316 0.710414 -0.618902
v -0.392230 0.710000 -0.620454
v -0.389397 0.709096 -0.622249
v -0.386905 0.707721 -0.624238
v -0.384825 0.705923 -0.626357
v -0.383221 0.703758 -0.628542
v -0.382148 0.701286 -0.630727
v -0.381632 0.698586 -0.632847
v -0.381686 0.695741 -0.634835
v -0.382320 0.692835 -0.636631
v -0.383505 0.689956 -0.638182
v -0.385204 0.687193 -0.639442
v -0.387374 0.684631 -0.640367
v -0.389943 0.682344 -0.640935
v -0.378325 0.655278 -0.602154
v -0.381459 0.653763 -0.601990
v -0.384752 0.652731 -0.601509
v -0.388102 0.652212 -0.600727
v -0.391407 0.652230 -0.599661
v -0.394569 0.652777 -0.598348
v -0.397492 0.653836 -0.596828
v -0.400082 0.655382 -0.595145
v -0.402267 0.657361 -0.593352
v -0.403980 0.659714 -0.591503
v -0.405161 0.662373 -0.589654
v -0.405783 0.665255 -0.587861
v -0.405827 0.668272 -0.586178
v -0.405282 0.671332 -0.584658
v -0.404174 0.674344 -0.583346
v -0.402538 0.677216 -0.582280
v -0.400413 0.679857 -0.581497
v -0.397873 0.682192 -0.581016
v -0.394994 0.684150 -0.580853
v -0.391859 0.685664 -0.581016
v -0.388567 0.686697 -0.581497
v -0.385217 0.687216 -0.582280
v -0.381912 0.687198 -0.583345
v -0.378749 0.686651 -0.584659
v -0.375827 0.685592 -0.586178
v -0.373237 0.684046 -0.587861
v -0.371052 0.682066 -0.589654
v -0.369339 0.679714 -0.591503
v -0.368158 0.677054 -0.593352
v -0.367536 0.674172 -0.595145
v -0.367492 0.671156 -0.596828
v -0.368037 0.668096 -0.598348
v -0.369145 0.665084 -0.599661
v -0.370781 0.662212 -0.600727
v -0.372905 0.659571 -0.601509
v -0.375446 0.657235 -0.601990
v -0.367357 0.636281 -0.562955
v -0.370499 0.634780 -0.562823
v -0.373814 0.633785 -0.562435
v -0.377198 0.633327 -0.561802
v -0.380552 0.633428 -0.560940
v -0.383773 0.634078 -0.559879
v -0.386765 0.635255 -0.558650
v -0.389431 0.636932 -0.557290
v -0.391696 0.639052 -0.555840
v -0.393492 0.641549 -0.554346
v -0.394757 0.644353 -0.552851
v -0.395460 0.647375 -0.551401
v -0.395579 0.650523 -0.550041
v -0.395103 0.653701 -0.548812
v -0.394055 0.656816 -0.547751
v -0.392466 0.659771 -0.546889
v -0.390377 0.662473 -0.546256
v -0.387858 0.664846 -0.545868
v -0.384987 0.666817 -0.545736
v -0.381845 0.668318 -0.545868
v -0.378530 0.669313 -0.546256
v -0.375145 0.669771 -0.546889
v -0.371792 0.669670 -0.547751
v -0.368570 0.669020 -0.548812
v -0.365579 0.667843 -0.550040
v -0.362913 0.666166 -0.551401
v -0.360648 0.664046 -0.552851
v -0.358851 0.661549 -0.554346
v -0.357587 0.658745 -0.555840
v -0.356884 0.655723 -0.557290
v -0.356765 0.652575 -0.558650
v -0.357241 0.649396 -0.559879
v -0.358289 0.646281 -0.560940
v -0.359878 0.643327 -0.561802
v -0.361967 0.640624 -0.562435
v -0.364486 0.638252 -0.562823
v -0.359559 0.622775 -0.523795
v -0.362706 0.621282 -0.523696
v -0.366037 0.620314 -0.523402
v -0.369447 0.619901 -0.522925
v -0.372835 0.620062 -0.522275
v -0.376099 0.620786 -0.521475
v -0.379140 0.622049 -0.520548
v -0.381861 0.623821 -0.519522
v -0.384185 0.626042 -0.518428
v -0.386042 0.628644 -0.517301
v -0.387366 0.631552 -0.516174
v -0.388127 0.634675 -0.515080
v -0.388302 0.637918 -0.514054
v -0.387875 0.641183 -0.513128
v -0.386870 0.644372 -0.512327
v -0.385316 0.647386 -0.511678
v -0.383252 0.650133 -0.511200
v -0.380749 0.652533 -0.510907
v -0.377883 0.654513 -0.510807
v -0.374736 0.656005 -0.510907
v -0.371406 0.656973 -0.511200
v -0.367995 0.657387 -0.511677
v -0.364607 0.657225 -0.512327
v -0.361343 0.656501 -0.513128
v -0.358302 0.655238 -0.514054
v -0.355581 0.653466 -0.515080
v -0.353257 0.651245 -0.516174
v -0.351401 0.648644 -0.517301
v -0.350076 0.645735 -0.518429
v -0.349315 0.642612 -0.519522
v -0.349140 0.639369 -0.520548
v -0.349567 0.636105 -0.521475
v -0.350572 0.632916 -0.522275
v -0.352126 0.629901 -0.522925
v -0.354190 0.627154 -0.523402
v -0.356693 0.624754 -0.523695
v -0.354562 0.614119 -0.484935
v -0.357713 0.612633 -0.484868
v -0.361053 0.611682 -0.484673
v -0.364480 0.611297 -0.484354
v -0.367890 0.611498 -0.483921
v -0.371183 0.612270 -0.483386
v -0.374255 0.613588 -0.482768
v -0.377012 0.615422 -0.482084
v -0.379374 0.617709 -0.481354
v -0.381269 0.620378 -0.480602
v -0.382633 0.623354 -0.479850
v -0.383432 0.626543 -0.479120
v -0.383643 0.629847 -0.478435
v -0.383248 0.633168 -0.477817
v -0.382270 0.636405 -0.477283
v -0.380739 0.639459 -0.476849
v -0.378692 0.642234 -0.476531
v -0.376199 0.644652 -0.476335
v -0.373336 0.646637 -0.476269
v -0.370185 0.648124 -0.476335
v -0.366845 0.649074 -0.476531
v -0.363418 0.649459 -0.476849
v -0.360008 0.649258 -0.477283
v -0.356715 0.648487 -0.477817
v -0.353643 0.647168 -0.478435
v -0.350886 0.645334 -0.479120
v -0.348524 0.643047 -0.479849
v -0.346628 0.640378 -0.480602
v -0.345265 0.637402 -0.481354
v -0.344466 0.634213 -0.482084
v -0.344255 0.630909 -0.482768
v -0.344650 0.627588 -0.483386
v -0.345628 0.624351 -0.483921
v -0.347159 0.621297 -0.484354
v -0.349206 0.618522 -0.484673
v -0.351699 0.616104 -0.484868
v -0.351996 0.609675 -0.446636
v -0.355149 0.608192 -0.446603
v -0.358494 0.607250 -0.446505
v -0.361929 0.606880 -0.446347
v -0.365351 0.607101 -0.446131
v -0.368658 0.607897 -0.445865
v -0.371747 0.609244 -0.445557
v -0.374521 0.611109 -0.445216
v -0.376903 0.613429 -0.444853
v -0.378818 0.616132 -0.444479
v -0.380202 0.619143 -0.444104
v -0.381020 0.622366 -0.443741
v -0.381249 0.625701 -0.443400
v -0.380871 0.629050 -0.443092
v -0.379907 0.632311 -0.442826
v -0.378387 0.635385 -0.442611
v -0.376348 0.638175 -0.442452
v -0.373860 0.640602 -0.442355
v -0.371000 0.642590 -0.442322
v -0.367847 0.644073 -0.442354
v -0.364502 0.645015 -0.442452
v -0.361066 0.645385 -0.442610
v -0.357644 0.645164 -0.442826
v -0.354338 0.644369 -0.443092
v -0.351249 0.643022 -0.443400
v -0.348474 0.641156 -0.443741
v -0.346093 0.638836 -0.444104
v -0.344177 0.636133 -0.444479
v -0.342794 0.633122 -0.444853
v -0.341975 0.629900 -0.445216
v -0.341747 0.626564 -0.445557
v -0.342125 0.623215 -0.445865
v -0.343089 0.619954 -0.446131
v -0.344609 0.616880 -0.446347
v -0.346647 0.614090 -0.446505
v -0.349135 0.611664 -0.446603
v -0.351493 0.608804 -0.409159
v -0.354646 0.607321 -0.409159
v -0.357992 0.606381 -0.409160
v -0.361428 0.606012 -0.409160
v -0.364852 0.606236 -0.409160
v -0.368160 0.607035 -0.409161
v -0.371251 0.608385 -0.409161
v -0.374028 0.610255 -0.409162
v -0.376412 0.612579 -0.409163
v -0.378330 0.615287 -0.409163
v -0.379716 0.618302 -0.409164
v -0.380537 0.621529 -0.409165
v -0.380768 0.624868 -0.409165
v -0.380392 0.628221 -0.409166
v -0.379430 0.631486 -0.409166
v -0.377912 0.634562 -0.409167
v -0.375874 0.637354 -0.409167
v -0.373387 0.639781 -0.409167
v -0.370526 0.641770 -0.409167
v -0.367373 0.643253 -0.409167
v -0.364027 0.644193 -0.409167
v -0.360591 0.644562 -0.409166
v -0.357168 0.644339 -0.409166
v -0.353859 0.643540 -0.409166
v -0.350768 0.642189 -0.409165
v -0.347991 0.640320 -0.409165
v -0.345607 0.637995 -0.409164
v -0.343689 0.635287 -0.409163
v -0.342303 0.632272 -0.409163
v -0.341482 0.629045 -0.409162
v -0.341251 0.625706 -0.409161
v -0.341627 0.622354 -0.409161
v -0.342589 0.619089 -0.409160
v -0.344108 0.616012 -0.409160
v -0.346145 0.613221 -0.409160
v -0.348633 0.610793 -0.409160
v -0.352684 0.610867 -0.372767
v -0.355836 0.609382 -0.372800
v -0.359179 0.608436 -0.372896
v -0.362609 0.608058 -0.373052
v -0.366026 0.608268 -0.373264
v -0.369325 0.609052 -0.373525
v -0.372405 0.610384 -0.373827
v -0.375171 0.612233 -0.374162
v -0.377542 0.614536 -0.374519
v -0.379447 0.617222 -0.374887
v -0.380821 0.620215 -0.375255
v -0.381629 0.623420 -0.375612
v -0.381848 0.626740 -0.375947
v -0.381462 0.630074 -0.376250
v -0.380491 0.633323 -0.376511
v -0.378965 0.636386 -0.376723
v -0.376922 0.639169 -0.376879
v -0.374431 0.641591 -0.376975
v -0.371570 0.643578 -0.377007
v -0.368418 0.645062 -0.376974
v -0.365075 0.646008 -0.376879
v -0.361644 0.646386 -0.376723
v -0.358228 0.646176 -0.376511
v -0.354929 0.645392 -0.376250
v -0.351848 0.644060 -0.375947
v -0.349083 0.642211 -0.375612
v -0.346711 0.639908 -0.375255
v -0.344806 0.637222 -0.374887
v -0.343433 0.634229 -0.374519
v -0.342624 0.631024 -0.374162
v -0.342405 0.627705 -0.373827
v -0.342792 0.624371 -0.373525
v -0.343763 0.621122 -0.373264
v -0.345289 0.618058 -0.373052
v -0.347332 0.615276 -0.372896
v -0.349822 0.612854 -0.372800
v -0.355354 0.615490 -0.337566
v -0.358503 0.614001 -0.337630
v -0.361839 0.613043 -0.337817
v -0.365258 0.612646 -0.338124
v -0.368659 0.612830 -0.338540
v -0.371940 0.613581 -0.339053
v -0.374999 0.614876 -0.339648
v -0.377740 0.616683 -0.340305
v -0.380086 0.618942 -0.341007
v -0.381964 0.621582 -0.341730
v -0.383311 0.624529 -0.342452
v -0.384094 0.627689 -0.343153
v -0.384289 0.630967 -0.343811
v -0.383881 0.634264 -0.344405
v -0.382891 0.637480 -0.344919
v -0.381350 0.640517 -0.345335
v -0.379296 0.643280 -0.345641
v -0.376798 0.645690 -0.345829
v -0.373934 0.647673 -0.345893
v -0.370785 0.649162 -0.345829
v -0.367449 0.650120 -0.345641
v -0.364029 0.650517 -0.345335
v -0.360629 0.650333 -0.344919
v -0.357348 0.649582 -0.344405
v -0.354289 0.648288 -0.343811
v -0.351548 0.646480 -0.343153
v -0.349202 0.644222 -0.342452
v -0.347323 0.641582 -0.341729
v -0.345977 0.638635 -0.341007
v -0.345194 0.635474 -0.340305
v -0.344999 0.632196 -0.339648
v -0.345407 0.628900 -0.339053
v -0.346397 0.625683 -0.338540
v -0.347938 0.622646 -0.338124
v -0.349992 0.619883 -0.337817
v -0.352489 0.617473 -0.337630
v -0.359901 0.623367 -0.303036
v -0.363047 0.621872 -0.303131
v -0.366372 0.620896 -0.303407
v -0.369776 0.620470 -0.303857
v -0.373154 0.620615 -0.304469
v -0.376406 0.621317 -0.305224
v -0.379433 0.622556 -0.306097
v -0.382138 0.624302 -0.307064
v -0.384446 0.626495 -0.308095
v -0.386286 0.629066 -0.309157
v -0.387593 0.631945 -0.310220
v -0.388338 0.635040 -0.311251
v -0.388497 0.638256 -0.312218
v -0.388057 0.641497 -0.313091
v -0.387039 0.644665 -0.313845
v -0.385475 0.647663 -0.314458
v -0.383405 0.650397 -0.314908
v -0.380897 0.652789 -0.315184
v -0.378029 0.654766 -0.315278
v -0.374884 0.656261 -0.315184
v -0.371558 0.657237 -0.314908
v -0.368155 0.657663 -0.314458
v -0.364777 0.657518 -0.313845
v -0.361524 0.656815 -0.313091
v -0.358497 0.655577 -0.312218
v -0.355792 0.653831 -0.311251
v -0.353484 0.651638 -0.310220
v -0.351645 0.649066 -0.309157
v -0.350337 0.646188 -0.308095
v -0.349592 0.643093 -0.307064
v -0.349433 0.639877 -0.306097
v -0.349874 0.636636 -0.305224
v -0.350891 0.633468 -0.304469
v -0.352455 0.630470 -0.303857
v -0.354526 0.627736 -0.303407
v -0.357033 0.625344 -0.303131
v -0.366879 0.635454 -0.268507
v -0.370021 0.633951 -0.268630
v -0.373333 0.632952 -0.268990
v -0.376714 0.632488 -0.269576
v -0.380063 0.632582 -0.270375
v -0.383279 0.633221 -0.271358
v -0.386264 0.634387 -0.272497
v -0.388922 0.636052 -0.273757
v -0.391180 0.638158 -0.275101
v -0.392968 0.640641 -0.276486
v -0.394225 0.643431 -0.277871
v -0.394920 0.646440 -0.279215
v -0.395032 0.649575 -0.280475
v -0.394549 0.652742 -0.281613
v -0.393495 0.655847 -0.282597
v -0.391902 0.658794 -0.283396
v -0.389810 0.661490 -0.283982
v -0.387289 0.663860 -0.284342
v -0.384416 0.665829 -0.284464
v -0.381275 0.667332 -0.284342
v -0.377963 0.668330 -0.283982
v -0.374581 0.668794 -0.283395
v -0.371233 0.668701 -0.282597
v -0.368017 0.668061 -0.281613
v -0.365032 0.666895 -0.280475
v -0.362374 0.665231 -0.279215
v -0.360115 0.663124 -0.277871
v -0.358327 0.660641 -0.276486
v -0.357071 0.657851 -0.275101
v -0.356376 0.654842 -0.273757
v -0.356264 0.651708 -0.272497
v -0.356746 0.648540 -0.271358
v -0.357801 0.645435 -0.270375
v -0.359394 0.642488 -0.269576
v -0.361486 0.639792 -0.268990
v -0.364007 0.637423 -0.268630
v -0.376842 0.652709 -0.233305
v -0.379978 0.651197 -0.233454
v -0.383274 0.650170 -0.233893
v -0.386629 0.649660 -0.234608
v -0.389941 0.649691 -0.235581
v -0.393112 0.650253 -0.236780
v -0.396045 0.651330 -0.238167
v -0.398647 0.652896 -0.239704
v -0.400844 0.654896 -0.241342
v -0.402569 0.657271 -0.243030
v -0.403763 0.659952 -0.244718
v -0.404397 0.662855 -0.246356
v -0.404452 0.665891 -0.247892
v -0.403918 0.668969 -0.249280
v -0.402819 0.671997 -0.250479
v -0.401190 0.674881 -0.251452
v -0.399071 0.677532 -0.252167
v -0.396534 0.679873 -0.252606
v -0.393656 0.681832 -0.252755
v -0.390520 0.683345 -0.252606
v -0.387224 0.684371 -0.252167
v -0.383869 0.684881 -0.251452
v -0.380557 0.684850 -0.250479
v -0.377385 0.684288 -0.249280
v -0.374452 0.683212 -0.247892
v -0.371851 0.681646 -0.246356
v -0.369654 0.679645 -0.244718
v -0.367928 0.677271 -0.243030
v -0.366735 0.674590 -0.241342
v -0.366101 0.671686 -0.239704
v -0.366045 0.668650 -0.238167
v -0.366580 0.665572 -0.236780
v -0.367679 0.662544 -0.235581
v -0.369308 0.659660 -0.234608
v -0.371427 0.657010 -0.233893
v -0.373964 0.654669 -0.233454
v -0.390342 0.676092 -0.196756
v -0.393471 0.674568 -0.196930
v -0.396748 0.673508 -0.197442
v -0.400072 0.672945 -0.198276
v -0.403342 0.672902 -0.199412
v -0.406461 0.673374 -0.200811
v -0.409334 0.674346 -0.202430
v -0.411868 0.675796 -0.204223
v -0.413994 0.677673 -0.206134
v -0.415646 0.679920 -0.208104
v -0.416766 0.682474 -0.210074
v -0.417329 0.685254 -0.211985
v -0.417317 0.688174 -0.213778
v -0.416723 0.691147 -0.215397
v -0.415572 0.694085 -0.216796
v -0.413900 0.696895 -0.217932
v -0.411750 0.699492 -0.218766
v -0.409193 0.701800 -0.219278
v -0.406309 0.703748 -0.219452
v -0.403180 0.705271 -0.219278
v -0.399903 0.706331 -0.218766
v -0.396579 0.706895 -0.217932
v -0.393309 0.706938 -0.216796
v -0.390190 0.706466 -0.215397
v -0.387317 0.705494 -0.213778
v -0.384783 0.704044 -0.211985
v -0.382657 0.702167 -0.210074
v -0.381005 0.699920 -0.208104
v -0.379885 0.697366 -0.206134
v -0.379322 0.694586 -0.204223
v -0.379334 0.691666 -0.202430
v -0.379928 0.688693 -0.200811
v -0.381079 0.685755 -0.199412
v -0.382751 0.682945 -0.198276
v -0.384901 0.680348 -0.197442
v -0.387458 0.678040 -0.196930
v -0.407932 0.706560 -0.158187
v -0.411054 0.705023 -0.158384
v -0.414310 0.703925 -0.158963
v -0.417598 0.703300 -0.159907
v -0.420820 0.703174 -0.161192
v -0.423880 0.703543 -0.162774
v -0.426683 0.704396 -0.164605
v -0.429142 0.705714 -0.166633
v -0.431187 0.707451 -0.168795
v -0.432755 0.709553 -0.171023
v -0.433791 0.711963 -0.173252
v -0.434273 0.714602 -0.175413
v -0.434185 0.717390 -0.177441
v -0.433522 0.720245 -0.179273
v -0.432312 0.723079 -0.180855
v -0.430591 0.725806 -0.182140
v -0.428406 0.728341 -0.183083
v -0.425828 0.730612 -0.183662
v -0.422936 0.732547 -0.183859
v -0.419814 0.734084 -0.183662
v -0.416559 0.735181 -0.183083
v -0.413271 0.735806 -0.182140
v -0.410049 0.735932 -0.180855
v -0.406989 0.735563 -0.179273
v -0.404185 0.734711 -0.177441
v -0.401727 0.733392 -0.175413
v -0.399682 0.731656 -0.173251
v -0.398114 0.729553 -0.171023
v -0.397077 0.727144 -0.168795
v -0.396596 0.724505 -0.166633
v -0.396683 0.721717 -0.164605
v -0.397347 0.718862 -0.162774
v -0.398557 0.716028 -0.161192
v -0.400277 0.713300 -0.159907
v -0.402463 0.710765 -0.158963
v -0.405041 0.708495 -0.158384
v -0.430166 0.745070 -0.116926
v -0.433280 0.743519 -0.117144
v -0.436511 0.742380 -0.117783
v -0.439760 0.741687 -0.118825
v -0.442928 0.741468 -0.120244
v -0.445922 0.741722 -0.121992
v -0.448650 0.742443 -0.124014
v -0.451023 0.743614 -0.126254
v -0.452978 0.745195 -0.128642
v -0.454453 0.747136 -0.131103
v -0.455397 0.749384 -0.133564
v -0.455788 0.751867 -0.135951
v -0.455616 0.754509 -0.138191
v -0.454876 0.757231 -0.140213
v -0.453600 0.759951 -0.141961
v -0.451826 0.762585 -0.143380
v -0.449601 0.765052 -0.144422
v -0.446999 0.767281 -0.145061
v -0.444099 0.769202 -0.145279
v -0.440985 0.770753 -0.145061
v -0.437754 0.771892 -0.144421
v -0.434505 0.772585 -0.143380
v -0.431337 0.772804 -0.141961
v -0.428343 0.772550 -0.140213
v -0.425616 0.771829 -0.138191
v -0.423242 0.770658 -0.135951
v -0.421287 0.769077 -0.133563
v -0.419812 0.767136 -0.131103
v -0.418869 0.764888 -0.128641
v -0.418477 0.762405 -0.126254
v -0.418650 0.759763 -0.124014
v -0.419389 0.757041 -0.121992
v -0.420666 0.754321 -0.120244
v -0.422439 0.751687 -0.118825
v -0.424664 0.749220 -0.117783
v -0.427267 0.746991 -0.117144
v -0.457597 0.792582 -0.072299
v -0.460702 0.791015 -0.072535
v -0.463906 0.789830 -0.073228
v -0.467112 0.789062 -0.074357
v -0.470222 0.788742 -0.075894
v -0.473144 0.788871 -0.077787
v -0.475787 0.789447 -0.079978
v -0.478069 0.790458 -0.082404
v -0.479924 0.791867 -0.084991
v -0.481298 0.793632 -0.087657
v -0.482139 0.795704 -0.090322
v -0.482432 0.798016 -0.092909
v -0.482167 0.800497 -0.095335
v -0.481344 0.803075 -0.097526
v -0.479995 0.805670 -0.099419
v -0.478163 0.808203 -0.100956
v -0.475895 0.810595 -0.102085
v -0.473266 0.812778 -0.102778
v -0.470358 0.814683 -0.103014
v -0.467253 0.816249 -0.102778
v -0.464048 0.817435 -0.102085
v -0.460842 0.818203 -0.100956
v -0.457733 0.818523 -0.099419
v -0.454811 0.818394 -0.097526
v -0.452167 0.817818 -0.095335
v -0.449886 0.816807 -0.092909
v -0.448030 0.815397 -0.090322
v -0.446657 0.813632 -0.087656
v -0.445815 0.811561 -0.084991
v -0.445522 0.809248 -0.082404
v -0.445787 0.806767 -0.079978
v -0.446611 0.804190 -0.077787
v -0.447959 0.801595 -0.075894
v -0.449792 0.799062 -0.074357
v -0.452060 0.796670 -0.073228
v -0.454688 0.794487 -0.072535
v -0.490778 0.850052 -0.023634
v -0.493873 0.848469 -0.023885
v -0.497049 0.847234 -0.024624
v -0.500208 0.846386 -0.025826
v -0.503254 0.845955 -0.027465
v -0.506098 0.845950 -0.029482
v -0.508652 0.846369 -0.031817
v -0.510833 0.847207 -0.034403
v -0.512582 0.848433 -0.037159
v -0.513846 0.850007 -0.040000
v -0.514578 0.851889 -0.042841
v -0.514764 0.854017 -0.045597
v -0.514399 0.856325 -0.048183
v -0.513486 0.858746 -0.050518
v -0.512059 0.861206 -0.052535
v -0.510163 0.863629 -0.054174
v -0.507849 0.865941 -0.055376
v -0.505192 0.868074 -0.056115
v -0.502273 0.869963 -0.056366
v -0.499178 0.871546 -0.056115
v -0.496002 0.872781 -0.055376
v -0.492843 0.873629 -0.054173
v -0.489797 0.874059 -0.052535
v -0.486953 0.874065 -0.050518
v -0.484399 0.873645 -0.048183
v -0.482218 0.872807 -0.045597
v -0.480469 0.871582 -0.042841
v -0.479205 0.870007 -0.040000
v -0.478473 0.868126 -0.037159
v -0.478287 0.865998 -0.034403
v -0.478652 0.863690 -0.031817
v -0.479565 0.861269 -0.029482
v -0.480992 0.858809 -0.027465
v -0.482888 0.856386 -0.025826
v -0.485202 0.854074 -0.024624
v -0.487859 0.851941 -0.023885
v 0.433935 0.751598 -0.717362
v 0.431020 0.753493 -0.717116
v 0.428374 0.755645 -0.716393
v 0.426077 0.757987 -0.715216
v 0.424205 0.760451 -0.713612
v 0.422808 0.762962 -0.711637
v 0.421928 0.765442 -0.709351
v 0.421601 0.767815 -0.706819
v 0.421827 0.770012 -0.704121
v 0.422600 0.771965 -0.701340
v 0.423905 0.773611 -0.698559
v 0.425694 0.774905 -0.695861
v 0.427913 0.775808 -0.693329
v 0.430501 0.776286 -0.691043
v 0.433374 0.776331 -0.689068
v 0.436444 0.775942 -0.687464
v 0.439620 0.775124 -0.686287
v 0.442807 0.773908 -0.685564
v 0.445906 0.772331 -0.685318
v 0.448821 0.770436 -0.685564
v 0.451467 0.768285 -0.686287
v 0.453764 0.765942 -0.687464
v 0.455636 0.763478 -0.689068
v 0.457033 0.760967 -0.691043
v 0.457913 0.758488 -0.693329
v 0.458240 0.756115 -0.695861
v 0.458014 0.753918 -0.698559
v 0.457241 0.751965 -0.701340
v 0.455936 0.750319 -0.704121
v 0.454147 0.749024 -0.706819
v 0.451928 0.748121 -0.709351
v 0.449340 0.747643 -0.711637
v 0.446467 0.747598 -0.713612
v 0.443397 0.747987 -0.715216
v 0.440221 0.748805 -0.716393
v 0.437034 0.750021 -0.717116
v 0.411245 0.712297 -0.679619
v 0.408345 0.714217 -0.679398
v 0.405741 0.716443 -0.678748
v 0.403513 0.718905 -0.677691
v 0.401736 0.721534 -0.676251
v 0.400455 0.724246 -0.674478
v 0.399710 0.726960 -0.672425
v 0.399532 0.729592 -0.670152
v 0.399918 0.732064 -0.667729
v 0.400855 0.734302 -0.665232
v 0.402324 0.736232 -0.662734
v 0.404273 0.737803 -0.660312
v 0.406641 0.738965 -0.658039
v 0.409364 0.739676 -0.655986
v 0.412353 0.739923 -0.654213
v 0.415518 0.739698 -0.652773
v 0.418764 0.739001 -0.651715
v 0.421994 0.737858 -0.651066
v 0.425107 0.736307 -0.650845
v 0.428007 0.734386 -0.651066
v 0.430611 0.732161 -0.651715
v 0.432839 0.729698 -0.652773
v 0.434616 0.727070 -0.654213
v 0.435896 0.724357 -0.655986
v 0.436641 0.721644 -0.658038
v 0.436819 0.719012 -0.660312
v 0.436434 0.716539 -0.662734
v 0.435496 0.714302 -0.665232
v 0.434027 0.712371 -0.667729
v 0.432079 0.710801 -0.670152
v 0.429710 0.709639 -0.672425
v 0.426988 0.708927 -0.674478
v 0.423999 0.708681 -0.676251
v 0.420834 0.708906 -0.677691
v 0.417588 0.709603 -0.678748
v 0.414358 0.710745 -0.679398
v 0.392831 0.680403 -0.641128
v 0.389943 0.682344 -0.640935
v 0.387374 0.684631 -0.640368
v 0.385204 0.687192 -0.639442
v 0.383505 0.689956 -0.638183
v 0.382320 0.692835 -0.636631
v 0.381686 0.695741 -0.634835
v 0.381632 0.698586 -0.632847
v 0.382148 0.701286 -0.630727
v 0.383221 0.703758 -0.628542
v 0.384825 0.705923 -0.626358
v 0.386905 0.707721 -0.624238
v 0.389397 0.709096 -0.622249
v 0.392230 0.710000 -0.620454
v 0.395316 0.710414 -0.618902
v 0.398559 0.710324 -0.617643
v 0.401862 0.709725 -0.616717
v 0.405127 0.708644 -0.616149
v 0.408252 0.707113 -0.615956
v 0.411140 0.705172 -0.616149
v 0.413709 0.702885 -0.616717
v 0.415879 0.700324 -0.617643
v 0.417578 0.697561 -0.618902
v 0.418763 0.694681 -0.620454
v 0.419397 0.691775 -0.622249
v 0.419451 0.688930 -0.624238
v 0.418935 0.686230 -0.626357
v 0.417862 0.683758 -0.628542
v 0.416258 0.681593 -0.630727
v 0.414178 0.679796 -0.632847
v 0.411686 0.678421 -0.634835
v 0.408853 0.677516 -0.636631
v 0.405767 0.677103 -0.638182
v 0.402524 0.677193 -0.639442
v 0.399221 0.677791 -0.640367
v 0.395956 0.678873 -0.640935
v 0.378325 0.655278 -0.602154
v 0.375446 0.657235 -0.601990
v 0.372905 0.659571 -0.601509
v 0.370781 0.662212 -0.600727
v 0.369144 0.665083 -0.599661
v 0.368037 0.668096 -0.598348
v 0.367492 0.671156 -0.596828
v 0.367536 0.674172 -0.595145
v 0.368158 0.677054 -0.593352
v 0.369339 0.679714 -0.591503
v 0.371052 0.682066 -0.589654
v 0.373237 0.684046 -0.587861
v 0.375827 0.685592 -0.586178
v 0.378749 0.686651 -0.584658
v 0.381912 0.687197 -0.583346
v 0.385217 0.687216 -0.582280
v 0.388567 0.686697 -0.581497
v 0.391859 0.685664 -0.581016
v 0.394994 0.684150 -0.580853
v 0.397873 0.682192 -0.581016
v 0.400414 0.679857 -0.581497
v 0.402538 0.677216 -0.582280
v 0.404175 0.674344 -0.583345
v 0.405282 0.671332 -0.584659
v 0.405827 0.668272 -0.586178
v 0.405783 0.665255 -0.587861
v 0.405161 0.662373 -0.589654
v 0.403980 0.659714 -0.591503
v 0.402267 0.657361 -0.593352
v 0.400082 0.655382 -0.595145
v 0.397492 0.653836 -0.596828
v 0.394570 0.652777 -0.598348
v 0.391407 0.652230 -0.599661
v 0.388102 0.652212 -0.600727
v 0.384752 0.652731 -0.601509
v 0.381459 0.653763 -0.601990
v 0.367357 0.636281 -0.562955
v 0.364486 0.638252 -0.562823
v 0.361967 0.640624 -0.562435
v 0.359878 0.643327 -0.561802
v 0.358289 0.646281 -0.560940
v 0.357241 0.649396 -0.559879
v 0.356765 0.652575 -0.558650
v 0.356884 0.655723 -0.557290
v 0.357587 0.658745 -0.555840
v 0.358851 0.661549 -0.554346
v 0.360647 0.664046 -0.552851
v 0.362913 0.666166 -0.551401
v 0.365579 0.667843 -0.550041
v 0.368570 0.669020 -0.548812
v 0.371792 0.669670 -0.547751
v 0.375145 0.669771 -0.546889
v 0.378530 0.669313 -0.546256
v 0.381845 0.668318 -0.545868
v 0.384987 0.666817 -0.545736
v 0.387858 0.664846 -0.545868
v 0.390377 0.662473 -0.546256
v 0.392466 0.659771 -0.546889
v 0.394055 0.656816 -0.547751
v 0.395103 0.653701 -0.548812
v 0.395579 0.650523 -0.550040
v 0.395460 0.647375 -0.551401
v 0.394757 0.644353 -0.552851
v 0.393492 0.641549 -0.554346
v 0.391696 0.639052 -0.555840
v 0.389431 0.636932 -0.557290
v 0.386765 0.635255 -0.558650
v 0.383773 0.634078 -0.559879
v 0.380552 0.633428 -0.560940
v 0.377198 0.633327 -0.561802
v 0.373814 0.633785 -0.562435
v 0.370499 0.634780 -0.562823
v 0.359559 0.622775 -0.523795
v 0.356693 0.624754 -0.523696
v 0.354190 0.627154 -0.523402
v 0.352126 0.629901 -0.522925
v 0.350572 0.632915 -0.522275
v 0.349567 0.636105 -0.521475
v 0.349140 0.639369 -0.520548
v 0.349315 0.642612 -0.519522
v 0.350076 0.645735 -0.518428
v 0.351400 0.648643 -0.517301
v 0.353257 0.651245 -0.516174
v 0.355581 0.653466 -0.515080
v 0.358302 0.655238 -0.514054
v 0.361343 0.656501 -0.513128
v 0.364607 0.657225 -0.512327
v 0.367995 0.657386 -0.511678
v 0.371406 0.656973 -0.511200
v 0.374736 0.656005 -0.510907
v 0.377883 0.654513 -0.510807
v 0.380749 0.652533 -0.510907
v 0.383252 0.650133 -0.511200
v 0.385316 0.647387 -0.511677
v 0.386870 0.644372 -0.512327
v 0.387875 0.641183 -0.513128
v 0.388302 0.637918 -0.514054
v 0.388127 0.634675 -0.515080
v 0.387366 0.631552 -0.516174
v 0.386042 0.628644 -0.517301
v 0.384185 0.626042 -0.518429
v 0.381861 0.623821 -0.519522
v 0.379140 0.622049 -0.520548
v 0.376099 0.620786 -0.521475
v 0.372835 0.620062 -0.522275
v 0.369447 0.619901 -0.522925
v 0.366037 0.620314 -0.523402
v 0.362706 0.621282 -0.523695
v 0.354562 0.614119 -0.484935
v 0.351699 0.616104 -0.484868
v 0.349206 0.618522 -0.484673
v 0.347159 0.621297 -0.484354
v 0.345628 0.624351 -0.483921
v 0.344650 0.627588 -0.483386
v 0.344255 0.630909 -0.482768
v 0.344466 0.634213 -0.482084
v 0.345265 0.637402 -0.481354
v 0.346628 0.640378 -0.480602
v 0.348524 0.643047 -0.479850
v 0.350886 0.645334 -0.479120
v 0.353643 0.647168 -0.478435
v 0.356715 0.648487 -0.477817
v 0.360008 0.649258 -0.477283
v 0.363418 0.649459 -0.476849
v 0.366845 0.649074 -0.476531
v 0.370185 0.648124 -0.476335
v 0.373336 0.646637 -0.476269
v 0.376199 0.644652 -0.476335
v 0.378692 0.642234 -0.476531
v 0.380739 0.639459 -0.476849
v 0.382270 0.636405 -0.477283
v 0.383248 0.633168 -0.477817
v 0.383643 0.629848 -0.478435
v 0.383432 0.626543 -0.479120
v 0.382633 0.623354 -0.479849
v 0.381269 0.620378 -0.480602
v 0.379374 0.617709 -0.481354
v 0.377012 0.615422 -0.482084
v 0.374255 0.613588 -0.482768
v 0.371183 0.612270 -0.483386
v 0.367890 0.611498 -0.483921
v 0.364480 0.611297 -0.484354
v 0.361053 0.611682 -0.484673
v 0.357713 0.612633 -0.484868
v 0.351996 0.609675 -0.446636
v 0.349135 0.611664 -0.446603
v 0.346647 0.614090 -0.446505
v 0.344609 0.616880 -0.446347
v 0.343089 0.619954 -0.446131
v 0.342125 0.623215 -0.445865
v 0.341747 0.626564 -0.445557
v 0.341975 0.629900 -0.445216
v 0.342794 0.633122 -0.444853
v 0.344177 0.636132 -0.444479
v 0.346093 0.638836 -0.444104
v 0.348474 0.641156 -0.443741
v 0.351249 0.643022 -0.443400
v 0.354338 0.644369 -0.443092
v 0.357644 0.645165 -0.442826
v 0.361066 0.645385 -0.442611
v 0.364502 0.645015 -0.442452
v 0.367847 0.644073 -0.442355
v 0.371000 0.642590 -0.442322
v 0.373860 0.640602 -0.442354
v 0.376348 0.638175 -0.442452
v 0.378387 0.635385 -0.442610
v 0.379907 0.632311 -0.442826
v 0.380871 0.629050 -0.443092
v 0.381249 0.625701 -0.443400
v 0.381020 0.622366 -0.443741
v 0.380202 0.619143 -0.444104
v 0.378818 0.616133 -0.444479
v 0.376903 0.613429 -0.444853
v 0.374521 0.611109 -0.445216
v 0.371747 0.609244 -0.445557
v 0.368658 0.607897 -0.445865
v 0.365351 0.607101 -0.446131
v 0.361929 0.606880 -0.446347
v 0.358494 0.607250 -0.446505
v 0.355149 0.608192 -0.446603
v 0.351493 0.608804 -0.409159
v 0.348633 0.610793 -0.409159
v 0.346145 0.613221 -0.409160
v 0.344108 0.616012 -0.409160
v 0.342589 0.619089 -0.409160
v 0.341627 0.622354 -0.409161
v 0.341251 0.625706 -0.409161
v 0.341482 0.629045 -0.409162
v 0.342303 0.632272 -0.409163
v 0.343689 0.635287 -0.409163
v 0.345607 0.637995 -0.409164
v 0.347991 0.640320 -0.409165
v 0.350768 0.642189 -0.409165
v 0.353859 0.643540 -0.409166
v 0.357168 0.644339 -0.409166
v 0.360591 0.644562 -0.409167
v 0.364027 0.644193 -0.409167
v 0.367373 0.643253 -0.409167
v 0.370526 0.641770 -0.409167
v 0.373387 0.639781 -0.409167
v 0.375874 0.637354 -0.409167
v 0.377912 0.634562 -0.409166
v 0.379430 0.631486 -0.409166
v 0.380392 0.628221 -0.409166
v 0.380768 0.624869 -0.409165
v 0.380537 0.621529 -0.409165
v 0.379716 0.618302 -0.409164
v 0.378330 0.615287 -0.409163
v 0.376412 0.612579 -0.409163
v 0.374028 0.610255 -0.409162
v 0.371251 0.608385 -0.409161
v 0.368160 0.607035 -0.409161
v 0.364852 0.606236 -0.409160
v 0.361428 0.606012 -0.409160
v 0.357992 0.606381 -0.409160
v 0.354646 0.607321 -0.409160
v 0.352684 0.610867 -0.372767
v 0.349822 0.612854 -0.372800
v 0.347332 0.615276 -0.372896
v 0.345289 0.618058 -0.373052
v 0.343763 0.621122 -0.373264
v 0.342792 0.624371 -0.373525
v 0.342406 0.627705 -0.373827
v 0.342624 0.631024 -0.374162
v 0.343433 0.634229 -0.374519
v 0.344806 0.637222 -0.374887
v 0.346711 0.639908 -0.375255
v 0.349083 0.642211 -0.375612
v 0.351848 0.644060 -0.375947
v 0.354929 0.645392 -0.376250
v 0.358228 0.646176 -0.376511
v 0.361644 0.646386 -0.376723
v 0.365075 0.646008 -0.376879
v 0.368418 0.645062 -0.376975
v 0.371570 0.643578 -0.377007
v 0.374431 0.641591 -0.376974
v 0.376922 0.639169 -0.376879
v 0.378965 0.636386 -0.376723
v 0.380491 0.633323 -0.376511
v 0.381462 0.630074 -0.376250
v 0.381848 0.626740 -0.375947
v 0.381629 0.623420 -0.375612
v 0.380821 0.620215 -0.375255
v 0.379447 0.617222 -0.374887
v 0.377542 0.614536 -0.374519
v 0.375171 0.612234 -0.374162
v 0.372405 0.610384 -0.373827
v 0.369325 0.609052 -0.373525
v 0.366026 0.608268 -0.373264
v 0.362609 0.608058 -0.373052
v 0.359179 0.608436 -0.372896
v 0.355836 0.609382 -0.372800
v 0.355354 0.615490 -0.337566
v 0.352489 0.617473 -0.337630
v 0.349992 0.619883 -0.337817
v 0.347938 0.622646 -0.338124
v 0.346397 0.625683 -0.338540
v 0.345407 0.628900 -0.339053
v 0.344999 0.632196 -0.339648
v 0.345194 0.635474 -0.340305
v 0.345976 0.638635 -0.341007
v 0.347323 0.641582 -0.341730
v 0.349202 0.644222 -0.342452
v 0.351548 0.646480 -0.343153
v 0.354289 0.648288 -0.343811
v 0.357348 0.649582 -0.344405
v 0.360628 0.650333 -0.344919
v 0.364029 0.650517 -0.345335
v 0.367449 0.650120 -0.345641
v 0.370785 0.649162 -0.345829
v 0.373934 0.647673 -0.345893
v 0.376798 0.645690 -0.345829
v 0.379296 0.643280 -0.345641
v 0.381350 0.640517 -0.345335
v 0.382891 0.637480 -0.344919
v 0.383881 0.634264 -0.344405
v 0.384289 0.630967 -0.343811
v 0.384094 0.627689 -0.343153
v 0.383311 0.624529 -0.342452
v 0.381964 0.621582 -0.341729
v 0.380086 0.618942 -0.341007
v 0.377740 0.616683 -0.340305
v 0.374999 0.614876 -0.339648
v 0.371940 0.613581 -0.339053
v 0.368659 0.612830 -0.338540
v 0.365258 0.612646 -0.338124
v 0.361839 0.613044 -0.337817
v 0.358503 0.614001 -0.337630
v 0.359901 0.623367 -0.303036
v 0.357033 0.625344 -0.303131
v 0.354526 0.627736 -0.303407
v 0.352455 0.630470 -0.303857
v 0.350891 0.633468 -0.304469
v 0.349874 0.636636 -0.305224
v 0.349433 0.639877 -0.306097
v 0.349592 0.643093 -0.307064
v 0.350337 0.646188 -0.308095
v 0.351645 0.649066 -0.309157
v 0.353484 0.651638 -0.310220
v 0.355792 0.653831 -0.311251
v 0.358497 0.655577 -0.312218
v 0.361524 0.656815 -0.313091
v 0.364777 0.657518 -0.313845
v 0.368155 0.657663 -0.314458
v 0.371558 0.657237 -0.314908
v 0.374884 0.656261 -0.315184
v 0.378029 0.654766 -0.315278
v 0.380897 0.652789 -0.315184
v 0.383405 0.650397 -0.314908
v 0.385475 0.647663 -0.314458
v 0.387039 0.644665 -0.313845
v 0.388057 0.641497 -0.313091
v 0.388497 0.638256 -0.312218
v 0.388338 0.635040 -0.311251
v 0.387593 0.631945 -0.310220
v 0.386286 0.629066 -0.309157
v 0.384446 0.626495 -0.308095
v 0.382138 0.624302 -0.307064
v 0.379433 0.622556 -0.306097
v 0.376406 0.621317 -0.305224
v 0.373154 0.620615 -0.304469
v 0.369776 0.620470 -0.303857
v 0.366372 0.620896 -0.303407
v 0.363047 0.621872 -0.303131
v 0.366879 0.635454 -0.268507
v 0.364007 0.637423 -0.268630
v 0.361486 0.639792 -0.268990
v 0.359394 0.642488 -0.269576
v 0.357801 0.645435 -0.270375
v 0.356746 0.648540 -0.271358
v 0.356264 0.651708 -0.272497
v 0.356376 0.654842 -0.273757
v 0.357071 0.657851 -0.275101
v 0.358327 0.660641 -0.276486
v 0.360115 0.663124 -0.277871
v 0.362374 0.665230 -0.279215
v 0.365032 0.666895 -0.280475
v 0.368017 0.668061 -0.281613
v 0.371233 0.668701 -0.282597
v 0.374581 0.668794 -0.283396
v 0.377963 0.668330 -0.283982
v 0.381275 0.667332 -0.284342
v 0.384416 0.665829 -0.284464
v 0.387289 0.663860 -0.284342
v 0.389810 0.661491 -0.283982
v 0.391902 0.658794 -0.283395
v 0.393495 0.655847 -0.282597
v 0.394549 0.652742 -0.281613
v 0.395032 0.649575 -0.280475
v 0.394920 0.646440 -0.279215
v 0.394225 0.643431 -0.277871
v 0.392968 0.640641 -0.276486
v 0.391180 0.638158 -0.275101
v 0.388922 0.636052 -0.273757
v 0.386264 0.634387 -0.272497
v 0.383279 0.633221 -0.271358
v 0.380063 0.632582 -0.270375
v 0.376714 0.632488 -0.269576
v 0.373333 0.632952 -0.268990
v 0.370021 0.633951 -0.268630
v 0.376842 0.652709 -0.233305
v 0.373964 0.654669 -0.233454
v 0.371427 0.657010 -0.233893
v 0.369308 0.659660 -0.234608
v 0.367679 0.662544 -0.235581
v 0.366580 0.665572 -0.236780
v 0.366046 0.668650 -0.238167
v 0.366101 0.671686 -0.239704
v 0.366735 0.674590 -0.241342
v 0.367928 0.677271 -0.243030
v 0.369654 0.679645 -0.244718
v 0.371851 0.681646 -0.246356
v 0.374452 0.683212 -0.247892
v 0.377385 0.684288 -0.249280
v 0.380557 0.684850 -0.250479
v 0.383869 0.684881 -0.251452
v 0.387224 0.684371 -0.252167
v 0.390520 0.683344 -0.252606
v 0.393656 0.681832 -0.252755
v 0.396534 0.679873 -0.252606
v 0.399071 0.677532 -0.252167
v 0.401190 0.674881 -0.251452
v 0.402819 0.671997 -0.250479
v 0.403918 0.668969 -0.249280
v 0.404453 0.665891 -0.247892
v 0.404397 0.662855 -0.246356
v 0.403763 0.659952 -0.244718
v 0.402569 0.657271 -0.243030
v 0.400844 0.654897 -0.241342
v 0.398647 0.652896 -0.239704
v 0.396045 0.651330 -0.238167
v 0.393113 0.650253 -0.236780
v 0.389941 0.649691 -0.235581
v 0.386629 0.649660 -0.234608
v 0.383274 0.650170 -0.233893
v 0.379978 0.651197 -0.233454
v 0.390342 0.676092 -0.196756
v 0.387458 0.678040 -0.196930
v 0.384901 0.680348 -0.197442
v 0.382751 0.682945 -0.198276
v 0.381079 0.685755 -0.199412
v 0.379928 0.688693 -0.200811
v 0.379334 0.691666 -0.202430
v 0.379322 0.694586 -0.204223
v 0.379885 0.697366 -0.206134
v 0.381005 0.699920 -0.208104
v 0.382657 0.702167 -0.210074
v 0.384783 0.704044 -0.211985
v 0.387317 0.705494 -0.213778
v 0.390190 0.706466 -0.215397
v 0.393309 0.706938 -0.216796
v 0.396579 0.706895 -0.217932
v 0.399903 0.706331 -0.218766
v 0.403180 0.705271 -0.219278
v 0.406309 0.703748 -0.219452
v 0.409193 0.701800 -0.219278
v 0.411750 0.699492 -0.218766
v 0.413900 0.696895 -0.217932
v 0.415572 0.694085 -0.216796
v 0.416723 0.691147 -0.215397
v 0.417317 0.688174 -0.213778
v 0.417329 0.685254 -0.211985
v 0.416766 0.682474 -0.210074
v 0.415646 0.679920 -0.208104
v 0.413994 0.677673 -0.206134
v 0.411868 0.675796 -0.204223
v 0.409334 0.674346 -0.202430
v 0.406461 0.673374 -0.200811
v 0.403342 0.672902 -0.199412
v 0.400072 0.672945 -0.198276
v 0.396748 0.673508 -0.197442
v 0.393471 0.674568 -0.196930
v 0.407932 0.706560 -0.158187
v 0.405041 0.708495 -0.158384
v 0.402463 0.710765 -0.158963
v 0.400277 0.713300 -0.159907
v 0.398557 0.716028 -0.161192
v 0.397347 0.718862 -0.162774
v 0.396683 0.721717 -0.164605
v 0.396596 0.724505 -0.166633
v 0.397077 0.727144 -0.168795
v 0.398114 0.729553 -0.171023
v 0.399682 0.731656 -0.173252
v 0.401727 0.733392 -0.175413
v 0.404185 0.734711 -0.177441
v 0.406989 0.735563 -0.179273
v 0.410049 0.735932 -0.180855
v 0.413271 0.735806 -0.182140
v 0.416559 0.735181 -0.183083
v 0.419814 0.734084 -0.183662
v 0.422936 0.732547 -0.183859
v 0.425828 0.730612 -0.183662
v 0.428406 0.728342 -0.183083
v 0.430591 0.725806 -0.182140
v 0.432312 0.723079 -0.180855
v 0.433522 0.720245 -0.179273
v 0.434185 0.717390 -0.177441
v 0.434273 0.714602 -0.175413
v 0.433791 0.711963 -0.173251
v 0.432755 0.709553 -0.171023
v 0.431187 0.707451 -0.168795
v 0.429142 0.705714 -0.166633
v 0.426683 0.704396 -0.164605
v 0.423880 0.703543 -0.162774
v 0.420820 0.703174 -0.161192
v 0.417598 0.703300 -0.159907
v 0.414310 0.703926 -0.158963
v 0.411054 0.705023 -0.158384
v 0.430166 0.745070 -0.116926
v 0.427267 0.746991 -0.117144
v 0.424664 0.749220 -0.117783
v 0.422439 0.751687 -0.118825
v 0.420666 0.754321 -0.120244
v 0.419389 0.757041 -0.121992
v 0.418650 0.759763 -0.124014
v 0.418477 0.762405 -0.126254
v 0.418869 0.764888 -0.128642
v 0.419812 0.767136 -0.131103
v 0.421287 0.769077 -0.133564
v 0.423242 0.770658 -0.135951
v 0.425616 0.771829 -0.138191
v 0.428343 0.772550 -0.140213
v 0.431337 0.772804 -0.141961
v 0.434505 0.772585 -0.143380
v 0.437754 0.771892 -0.144422
v 0.440985 0.770752 -0.145061
v 0.444099 0.769202 -0.145279
v 0.446999 0.767281 -0.145061
v 0.449601 0.765052 -0.144421
v 0.451826 0.762585 -0.143380
v 0.453600 0.759951 -0.141961
v 0.454876 0.757231 -0.140213
v 0.455616 0.754509 -0.138191
v 0.455788 0.751867 -0.135951
v 0.455397 0.749384 -0.133563
v 0.454453 0.747136 -0.131103
v 0.452978 0.745195 -0.128641
v 0.451023 0.743614 -0.126254
v 0.448650 0.742443 -0.124014
v 0.445922 0.741722 -0.121992
v 0.442928 0.741468 -0.120244
v 0.439760 0.741687 -0.118825
v 0.436511 0.742380 -0.117783
v 0.433280 0.743519 -0.117144
v 0.457597 0.792582 -0.072299
v 0.454688 0.794487 -0.072535
v 0.452060 0.796670 -0.073228
v 0.449792 0.799062 -0.074357
v 0.447959 0.801595 -0.075894
v 0.446611 0.804190 -0.077787
v 0.445787 0.806767 -0.079978
v 0.445522 0.809248 -0.082404
v 0.445815 0.811561 -0.084991
v 0.446657 0.813632 -0.087657
v 0.448030 0.815397 -0.090322
v 0.449886 0.816807 -0.092909
v 0.452167 0.817818 -0.095335
v 0.454811 0.818394 -0.097526
v 0.457733 0.818523 -0.099419
v 0.460842 0.818202 -0.100956
v 0.464048 0.817435 -0.102085
v 0.467253 0.816249 -0.102778
v 0.470358 0.814683 -0.103014
v 0.473266 0.812778 -0.102778
v 0.475895 0.810595 -0.102085
v 0.478163 0.808203 -0.100956
v 0.479995 0.805670 -0.099419
v 0.481344 0.803075 -0.097526
v 0.482167 0.800498 -0.095335
v 0.482432 0.798016 -0.092909
v 0.482140 0.795704 -0.090322
v 0.481298 0.793632 -0.087656
v 0.479924 0.791867 -0.084991
v 0.478069 0.790458 -0.082404
v 0.475787 0.789447 -0.079978
v 0.473143 0.788871 -0.077787
v 0.470222 0.788742 -0.075894
v 0.467112 0.789062 -0.074357
v 0.463906 0.789830 -0.073228
v 0.460702 0.791015 -0.072535
v 0.490778 0.850052 -0.023634
v 0.487859 0.851941 -0.023885
v 0.485202 0.854074 -0.024624
v 0.482888 0.856386 -0.025826
v 0.480992 0.858809 -0.027465
v 0.479565 0.861269 -0.029482
v 0.478652 0.863690 -0.031817
v 0.478287 0.865998 -0.034403
v 0.478473 0.868126 -0.037159
v 0.479205 0.870007 -0.040000
v 0.480469 0.871582 -0.042841
v 0.482218 0.872807 -0.045597
v 0.484399 0.873645 -0.048183
v 0.486953 0.874065 -0.050518
v 0.489797 0.874059 -0.052535
v 0.492843 0.873629 -0.054174
v 0.496002 0.872781 -0.055376
v 0.499178 0.871546 -0.056115
v 0.502273 0.869963 -0.056366
v 0.505192 0.868074 -0.056115
v 0.507849 0.865941 -0.055376
v 0.510163 0.863629 -0.054173
v 0.512059 0.861206 -0.052535
v 0.513486 0.858746 -0.050518
v 0.514399 0.856325 -0.048183
v 0.514764 0.854017 -0.045597
v 0.514578 0.851889 -0.042841
v 0.513846 0.850007 -0.040000
v 0.512582 0.848433 -0.037159
v 0.510833 0.847208 -0.034403
v 0.508652 0.846369 -0.031817
v 0.506098 0.845950 -0.029482
v 0.503254 0.845955 -0.027465
v 0.500208 0.846386 -0.025826
v 0.497049 0.847234 -0.024624
v 0.493873 0.848469 -0.023885
vn -0.9909 0.0324 -0.1305
vn -0.9867 0.0972 -0.1304
vn -0.9782 0.1615 -0.1305
vn -0.9656 0.2251 -0.1305
vn -0.9488 0.2878 -0.1305
vn -0.9279 0.3492 -0.1305
vn -0.9031 0.4092 -0.1305
vn -0.8744 0.4674 -0.1305
vn -0.8419 0.5236 -0.1305
vn -0.8059 0.5775 -0.1305
vn -0.7664 0.6290 -0.1305
vn -0.7236 0.6777 -0.1305
vn -0.6777 0.7236 -0.1305
vn -0.6290 0.7664 -0.1305
vn -0.5775 0.8059 -0.1304
vn -0.5236 0.8419 -0.1305
vn -0.4674 0.8744 -0.1305
vn -0.4092 0.9031 -0.1304
vn -0.3492 0.9279 -0.1305
vn -0.2878 0.9488 -0.1304
vn -0.2251 0.9656 -0.1305
vn -0.1615 0.9782 -0.1305
vn -0.0972 0.9867 -0.1304
vn -0.0324 0.9909 -0.1305
vn 0.0324 0.9909 -0.1304
vn 0.0972 0.9867 -0.1304
vn 0.1615 0.9782 -0.1304
vn 0.2251 0.9656 -0.1305
vn 0.2878 0.9488 -0.1305
vn 0.3492 0.9279 -0.1305
vn 0.4092 0.9031 -0.1305
vn 0.4674 0.8744 -0.1304
vn 0.5236 0.8419 -0.1305
vn 0.5775 0.8059 -0.1305
vn 0.6290 0.7664 -0.1305
vn 0.6777 0.7236 -0.1305
vn 0.7236 0.6778 -0.1305
vn 0.7664 0.6290 -0.1304
vn 0.8059 0.5775 -0.1304
vn 0.8419 0.5236 -0.1305
vn 0.8744 0.4674 -0.1305
vn 0.9031 0.4092 -0.1305
vn 0.9279 0.3492 -0.1305
vn 0.9488 0.2878 -0.1305
vn 0.9656 0.2251 -0.1305
vn 0.9782 0.1615 -0.1305
vn 0.9867 0.0972 -0.1305
vn 0.9909 0.0324 -0.1305
vn 0.9909 -0.0324 -0.1305
vn 0.9867 -0.0972 -0.1305
vn 0.9782 -0.1615 -0.1305
vn 0.9656 -0.2251 -0.1305
vn 0.9488 -0.2878 -0.1305
vn 0.9279 -0.3492 -0.1305
vn 0.9031 -0.4092 -0.1305
vn 0.8744 -0.4674 -0.1305
vn 0.8419 -0.5235 -0.1305
vn 0.8059 -0.5775 -0.1305
vn 0.7664 -0.6290 -0.1305
vn 0.7236 -0.6777 -0.1305
vn 0.6778 -0.7236 -0.1304
vn 0.6290 -0.7664 -0.1305
vn 0.5775 -0.8059 -0.1304
vn 0.5236 -0.8419 -0.1305
vn 0.4674 -0.8744 -0.1305
vn 0.4092 -0.9031 -0.1305
vn 0.3492 -0.9279 -0.1305
vn 0.2878 -0.9488 -0.1305
vn 0.2251 -0.9656 -0.1304
vn 0.1615 -0.9782 -0.1305
vn 0.0972 -0.9867 -0.1304
vn 0.0324 -0.9909 -0.1305
vn -0.0324 -0.9909 -0.1304
vn -0.0972 -0.9867 -0.1305
vn -0.1615 -0.9782 -0.1305
vn -0.2251 -0.9656 -0.1305
vn -0.2878 -0.9488 -0.1305
vn -0.3492 -0.9279 -0.1305
vn -0.4092 -0.9031 -0.1305
vn -0.4674 -0.8744 -0.1305
vn -0.5236 -0.8419 -0.1304
vn -0.5775 -0.8059 -0.1305
vn -0.6290 -0.7664 -0.1305
vn -0.6777 -0.7236 -0.1305
vn -0.7236 -0.6777 -0.1305
vn -0.7664 -0.6290 -0.1305
vn -0.8059 -0.5775 -0.1305
vn -0.8419 -0.5236 -0.1305
vn -0.8744 -0.4674 -0.1305
vn -0.9031 -0.4092 -0.1304
vn -0.9279 -0.3492 -0.1305
vn -0.9488 -0.2878 -0.1305
vn -0.9656 -0.2251 -0.1305
vn -0.9782 -0.1615 -0.1305
vn -0.9867 -0.0972 -0.1305
vn -0.9909 -0.0324 -0.1305
vn -0.9235 0.0302 -0.3825
vn -0.9195 0.0906 -0.3825
vn -0.9116 0.1505 -0.3825
vn -0.8998 0.2098 -0.3825
vn -0.8842 0.2682 -0.3825
vn -0.8647 0.3255 -0.3825
vn -0.8416 0.3813 -0.3825
vn -0.8149 0.4355 -0.3825
vn -0.7846 0.4879 -0.3825
vn -0.7510 0.5382 -0.3825
vn -0.7142 0.5861 -0.3825
vn -0.6744 0.6316 -0.3825
vn -0.6316 0.6744 -0.3825
vn -0.5862 0.7142 -0.3825
vn -0.5382 0.7510 -0.3825
vn -0.4879 0.7846 -0.3825
vn -0.4355 0.8149 -0.3825
vn -0.3813 0.8416 -0.3825
vn -0.3255 0.8647 -0.3825
vn -0.2682 0.8842 -0.3825
vn -0.2098 0.8998 -0.3825
vn -0.1505 0.9116 -0.3825
vn -0.0906 0.9195 -0.3825
vn -0.0302 0.9235 -0.3825
vn 0.0302 0.9235 -0.3825
vn 0.0906 0.9195 -0.3825
vn 0.1505 0.9116 -0.3825
vn 0.2098 0.8998 -0.3825
vn 0.2682 0.8842 -0.3825
vn 0.3255 0.8647 -0.3825
vn 0.3813 0.8416 -0.3825
vn 0.4355 0.8149 -0.3825
vn 0.4879 0.7846 -0.3825
vn 0.5382 0.7510 -0.3825
vn 0.5862 0.7142 -0.3825
vn 0.6316 0.6744 -0.3825
vn 0.6744 0.6316 -0.3825
vn 0.7142 0.5862 -0.3825
vn 0.7510 0.5382 -0.3825
vn 0.7846 0.4879 -0.3825
vn 0.8149 0.4355 -0.3825
vn 0.8416 0.3813 -0.3825
vn 0.8647 0.3255 -0.3825
vn 0.8842 0.2682 -0.3825
vn 0.8998 0.2098 -0.3825
vn 0.9116 0.1505 -0.3825
vn 0.9195 0.0906 -0.3825
vn 0.9235 0.0302 -0.3825
vn 0.9235 -0.0302 -0.3825
vn 0.9195 -0.0906 -0.3825
vn 0.9116 -0.1505 -0.3825
vn 0.8998 -0.2098 -0.3825
vn 0.8842 -0.2682 -0.3825
vn 0.8647 -0.3255 -0.3825
vn 0.8416 -0.3813 -0.3825
vn 0.8149 -0.4356 -0.3825
vn 0.7846 -0.4879 -0.3825
vn 0.7510 -0.5382 -0.3825
vn 0.7142 -0.5861 -0.3825
vn 0.6744 -0.6316 -0.3825
vn 0.6316 -0.6744 -0.3825
vn 0.5862 -0.7142 -0.3825
vn 0.5382 -0.7510 -0.3825
vn 0.4879 -0.7846 -0.3825
vn 0.4356 -0.8149 -0.3825
vn 0.3813 -0.8416 -0.3825
vn 0.3255 -0.8647 -0.3825
vn 0.2682 -0.8842 -0.3825
vn 0.2098 -0.8998 -0.3825
vn 0.1505 -0.9116 -0.3825
vn 0.0906 -0.9195 -0.3825
vn 0.0302 -0.9235 -0.3825
vn -0.0302 -0.9235 -0.3825
vn -0.0906 -0.9195 -0.3825
vn -0.1505 -0.9116 -0.3825
vn -0.2098 -0.8998 -0.3825
vn -0.2682 -0.8842 -0.3825
vn -0.3255 -0.8647 -0.3825
vn -0.3813 -0.8416 -0.3825
vn -0.4355 -0.8148 -0.3825
vn -0.4879 -0.7846 -0.3825
vn -0.5382 -0.7510 -0.3825
vn -0.5862 -0.7142 -0.3825
vn -0.6316 -0.6744 -0.3825
vn -0.6744 -0.6316 -0.3825
vn -0.7142 -0.5861 -0.3825
vn -0.7510 -0.5382 -0.3825
vn -0.7846 -0.4879 -0.3825
vn -0.8149 -0.4355 -0.3825
vn -0.8416 -0.3813 -0.3825
vn -0.8647 -0.3255 -0.3825
vn -0.8842 -0.2682 -0.3825
vn -0.8998 -0.2098 -0.3825
vn -0.9116 -0.1505 -0.3825
vn -0.9195 -0.0906 -0.3825
vn -0.9235 -0.0302 -0.3825
vn -0.7931 0.0260 -0.6086
vn -0.7897 0.0778 -0.6085
vn -0.7829 0.1293 -0.6086
vn -0.7728 0.1802 -0.6086
vn -0.7593 0.2303 -0.6086
vn -0.7426 0.2795 -0.6086
vn -0.7228 0.3275 -0.6085
vn -0.6998 0.3741 -0.6086
vn -0.6738 0.4190 -0.6086
vn -0.6450 0.4622 -0.6085
vn -0.6134 0.5034 -0.6085
vn -0.5792 0.5424 -0.6086
vn -0.5424 0.5791 -0.6086
vn -0.5034 0.6134 -0.6086
vn -0.4622 0.6450 -0.6086
vn -0.4190 0.6738 -0.6086
vn -0.3741 0.6998 -0.6086
vn -0.3275 0.7228 -0.6086
vn -0.2795 0.7427 -0.6086
vn -0.2303 0.7593 -0.6086
vn -0.1802 0.7728 -0.6086
vn -0.1293 0.7829 -0.6086
vn -0.0778 0.7897 -0.6086
vn -0.0260 0.7931 -0.6086
vn 0.0260 0.7931 -0.6086
vn 0.0778 0.7897 -0.6086
vn 0.1293 0.7829 -0.6085
vn 0.1802 0.7728 -0.6086
vn 0.2303 0.7593 -0.6086
vn 0.2795 0.7426 -0.6086
vn 0.3275 0.7228 -0.6085
vn 0.3741 0.6998 -0.6086
vn 0.4190 0.6738 -0.6086
vn 0.4622 0.6450 -0.6086
vn 0.5034 0.6134 -0.6086
vn 0.5424 0.5792 -0.6085
vn 0.5792 0.5424 -0.6086
vn 0.6134 0.5034 -0.6086
vn 0.6450 0.4622 -0.6086
vn 0.6739 0.4190 -0.6086
vn 0.6998 0.3741 -0.6086
vn 0.7228 0.3275 -0.6086
vn 0.7427 0.2795 -0.6085
vn 0.7593 0.2303 -0.6086
vn 0.7728 0.1802 -0.6086
vn 0.7829 0.1293 -0.6085
vn 0.7897 0.0778 -0.6086
vn 0.7931 0.0260 -0.6086
vn 0.7931 -0.0260 -0.6085
vn 0.7897 -0.0778 -0.6085
vn 0.7829 -0.1293 -0.6085
vn 0.7728 -0.1802 -0.6086
vn 0.7593 -0.2303 -0.6086
vn 0.7427 -0.2795 -0.6085
vn 0.7228 -0.3275 -0.6086
vn 0.6998 -0.3741 -0.6086
vn 0.6739 -0.4190 -0.6086
vn 0.6450 -0.4622 -0.6086
vn 0.6134 -0.5034 -0.6086
vn 0.5792 -0.5424 -0.6085
vn 0.5424 -0.5792 -0.6086
vn 0.5034 -0.6134 -0.6086
vn 0.4622 -0.6450 -0.6086
vn 0.4190 -0.6739 -0.6085
vn 0.3741 -0.6998 -0.6085
vn 0.3275 -0.7228 -0.6086
vn 0.2795 -0.7427 -0.6086
vn 0.2303 -0.7594 -0.6085
vn 0.1802 -0.7728 -0.6086
vn 0.1293 -0.7829 -0.6086
vn 0.0778 -0.7897 -0.6086
vn 0.0260 -0.7931 -0.6085
vn -0.0260 -0.7931 -0.6086
vn -0.0778 -0.7897 -0.6086
vn -0.1293 -0.7829 -0.6086
vn -0.1802 -0.7728 -0.6086
vn -0.2303 -0.7593 -0.6086
vn -0.2795 -0.7427 -0.6085
vn -0.3275 -0.7228 -0.6086
vn -0.3741 -0.6998 -0.6086
vn -0.4190 -0.6738 -0.6086
vn -0.4622 -0.6450 -0.6086
vn -0.5034 -0.6134 -0.6086
vn -0.5424 -0.5791 -0.6086
vn -0.5792 -0.5424 -0.6085
vn -0.6134 -0.5034 -0.6086
vn -0.6450 -0.4622 -0.6086
vn -0.6739 -0.4190 -0.6085
vn -0.6998 -0.3741 -0.6086
vn -0.7228 -0.3275 -0.6086
vn -0.7427 -0.2795 -0.6086
vn -0.7593 -0.2303 -0.6086
vn -0.7728 -0.1802 -0.6086
vn -0.7829 -0.1293 -0.6086
vn -0.7897 -0.0778 -0.6086
vn -0.7931 -0.0260 -0.6086
vn -0.6086 0.0199 -0.7932
vn -0.6060 0.0597 -0.7932
vn -0.6008 0.0992 -0.7932
vn -0.5931 0.1383 -0.7932
vn -0.5827 0.1768 -0.7932
vn -0.5699 0.2145 -0.7932
vn -0.5547 0.2513 -0.7932
vn -0.5371 0.2871 -0.7932
vn -0.5171 0.3216 -0.7932
vn -0.4950 0.3547 -0.7932
vn -0.4707 0.3863 -0.7932
vn -0.4445 0.4163 -0.7932
vn -0.4163 0.4445 -0.7932
vn -0.3863 0.4707 -0.7932
vn -0.3547 0.4950 -0.7932
vn -0.3216 0.5171 -0.7932
vn -0.2871 0.5371 -0.7932
vn -0.2513 0.5547 -0.7932
vn -0.2145 0.5699 -0.7932
vn -0.1768 0.5827 -0.7932
vn -0.1383 0.5931 -0.7932
vn -0.0992 0.6008 -0.7932
vn -0.0597 0.6060 -0.7932
vn -0.0199 0.6086 -0.7932
vn 0.0199 0.6086 -0.7932
vn 0.0597 0.6060 -0.7932
vn 0.0992 0.6008 -0.7932
vn 0.1383 0.5931 -0.7932
vn 0.1768 0.5827 -0.7932
vn 0.2145 0.5699 -0.7932
vn 0.2513 0.5547 -0.7932
vn 0.2871 0.5371 -0.7932
vn 0.3216 0.5171 -0.7932
vn 0.3547 0.4950 -0.7932
vn 0.3863 0.4707 -0.7932
vn 0.4163 0.4445 -0.7932
vn 0.4445 0.4163 -0.7932
vn 0.4707 0.3863 -0.7932
vn 0.4950 0.3547 -0.7932
vn 0.5171 0.3216 -0.7932
vn 0.5370 0.2871 -0.7932
vn 0.5547 0.2513 -0.7932
vn 0.5699 0.2145 -0.7932
vn 0.5827 0.1768 -0.7932
vn 0.5930 0.1383 -0.7932
vn 0.6008 0.0992 -0.7932
vn 0.6060 0.0597 -0.7932
vn 0.6086 0.0199 -0.7932
vn 0.6086 -0.0199 -0.7932
vn 0.6060 -0.0597 -0.7932
vn 0.6008 -0.0992 -0.7932
vn 0.5931 -0.1383 -0.7932
vn 0.5827 -0.1768 -0.7932
vn 0.5699 -0.2145 -0.7932
vn 0.5547 -0.2513 -0.7932
vn 0.5371 -0.2871 -0.7932
vn 0.5171 -0.3216 -0.7932
vn 0.4950 -0.3547 -0.7932
vn 0.4707 -0.3863 -0.7932
vn 0.4445 -0.4163 -0.7932
vn 0.4163 -0.4445 -0.7932
vn 0.3863 -0.4707 -0.7932
vn 0.3547 -0.4950 -0.7932
vn 0.3216 -0.5171 -0.7932
vn 0.2871 -0.5371 -0.7932
vn 0.2513 -0.5547 -0.7932
vn 0.2145 -0.5699 -0.7932
vn 0.1768 -0.5827 -0.7932
vn 0.1383 -0.5931 -0.7932
vn 0.0992 -0.6008 -0.7932
vn 0.0597 -0.6060 -0.7932
vn 0.0199 -0.6086 -0.7932
vn -0.0199 -0.6086 -0.7932
vn -0.0597 -0.6060 -0.7932
vn -0.0992 -0.6008 -0.7932
vn -0.1383 -0.5931 -0.7932
vn -0.1768 -0.5827 -0.7932
vn -0.2145 -0.5699 -0.7932
vn -0.2513 -0.5547 -0.7932
vn -0.2871 -0.5371 -0.7932
vn -0.3216 -0.5171 -0.7932
vn -0.3547 -0.4950 -0.7932
vn -0.3863 -0.4707 -0.7932
vn -0.4163 -0.4445 -0.7932
vn -0.4445 -0.4163 -0.7932
vn -0.4707 -0.3863 -0.7932
vn -0.4950 -0.3547 -0.7932
vn -0.5171 -0.3216 -0.7932
vn -0.5371 -0.2871 -0.7932
vn -0.5547 -0.2513 -0.7932
vn -0.5699 -0.2145 -0.7932
vn -0.5827 -0.1768 -0.7932
vn -0.5930 -0.1383 -0.7932
vn -0.6008 -0.0992 -0.7932
vn -0.6060 -0.0597 -0.7932
vn -0.6086 -0.0199 -0.7932
vn -0.3827 0.0125 -0.9238
vn -0.3810 0.0375 -0.9238
vn -0.3777 0.0624 -0.9238
vn -0.3728 0.0869 -0.9238
vn -0.3664 0.1111 -0.9238
vn -0.3583 0.1349 -0.9238
vn -0.3487 0.1580 -0.9238
vn -0.3376 0.1805 -0.9238
vn -0.3251 0.2022 -0.9238
vn -0.3112 0.2230 -0.9238
vn -0.2960 0.2429 -0.9238
vn -0.2794 0.2617 -0.9238
vn -0.2617 0.2794 -0.9238
vn -0.2429 0.2959 -0.9238
vn -0.2230 0.3112 -0.9238
vn -0.2022 0.3251 -0.9238
vn -0.1805 0.3376 -0.9238
vn -0.1580 0.3487 -0.9238
vn -0.1349 0.3583 -0.9238
vn -0.1111 0.3664 -0.9238
vn -0.0869 0.3728 -0.9238
vn -0.0624 0.3777 -0.9238
vn -0.0375 0.3810 -0.9238
vn -0.0125 0.3826 -0.9238
vn 0.0125 0.3827 -0.9238
vn 0.0375 0.3810 -0.9238
vn 0.0624 0.3777 -0.9238
vn 0.0869 0.3729 -0.9238
vn 0.1111 0.3664 -0.9238
vn 0.1349 0.3583 -0.9238
vn 0.1580 0.3487 -0.9238
vn 0.1805 0.3376 -0.9238
vn 0.2022 0.3251 -0.9238
vn 0.2230 0.3112 -0.9238
vn 0.2429 0.2960 -0.9238
vn 0.2617 0.2794 -0.9238
vn 0.2794 0.2617 -0.9238
vn 0.2959 0.2429 -0.9238
vn 0.3112 0.2230 -0.9238
vn 0.3251 0.2022 -0.9238
vn 0.3377 0.1805 -0.9238
vn 0.3487 0.1580 -0.9238
vn 0.3583 0.1349 -0.9238
vn 0.3664 0.1111 -0.9238
vn 0.3729 0.0869 -0.9238
vn 0.3777 0.0624 -0.9238
vn 0.3810 0.0375 -0.9238
vn 0.3826 0.0125 -0.9238
vn 0.3826 -0.0125 -0.9238
vn 0.3810 -0.0375 -0.9238
vn 0.3777 -0.0624 -0.9238
vn 0.3728 -0.0869 -0.9238
vn 0.3664 -0.1111 -0.9238
vn 0.3583 -0.1349 -0.9238
vn 0.3487 -0.1580 -0.9238
vn 0.3376 -0.1805 -0.9238
vn 0.3251 -0.2022 -0.9238
vn 0.3112 -0.2230 -0.9238
vn 0.2959 -0.2429 -0.9238
vn 0.2794 -0.2617 -0.9238
vn 0.2617 -0.2794 -0.9238
vn 0.2429 -0.2960 -0.9238
vn 0.2230 -0.3112 -0.9238
vn 0.2022 -0.3251 -0.9238
vn 0.1805 -0.3376 -0.9238
vn 0.1580 -0.3487 -0.9238
vn 0.1349 -0.3583 -0.9238
vn 0.1111 -0.3664 -0.9238
vn 0.0869 -0.3729 -0.9238
vn 0.0624 -0.3777 -0.9238
vn 0.0375 -0.3810 -0.9238
vn 0.0125 -0.3826 -0.9238
vn -0.0125 -0.3826 -0.9238
vn -0.0375 -0.3810 -0.9238
vn -0.0624 -0.3777 -0.9238
vn -0.0869 -0.3729 -0.9238
vn -0.1111 -0.3664 -0.9238
vn -0.1349 -0.3583 -0.9238
vn -0.1580 -0.3487 -0.9238
vn -0.1805 -0.3376 -0.9238
vn -0.2022 -0.3251 -0.9238
vn -0.2230 -0.3112 -0.9238
vn -0.2429 -0.2960 -0.9238
vn -0.2617 -0.2794 -0.9238
vn -0.2794 -0.2617 -0.9238
vn -0.2959 -0.2429 -0.9238
vn -0.3112 -0.2230 -0.9238
vn -0.3251 -0.2022 -0.9238
vn -0.3377 -0.1805 -0.9238
vn -0.3487 -0.1580 -0.9238
vn -0.3583 -0.1349 -0.9238
vn -0.3664 -0.1111 -0.9238
vn -0.3728 -0.0869 -0.9238
vn -0.3777 -0.0624 -0.9238
vn -0.3810 -0.0375 -0.9238
vn -0.3827 -0.0125 -0.9238
vn -0.1305 0.0043 -0.9914
vn -0.1300 0.0128 -0.9914
vn -0.1288 0.0213 -0.9914
vn -0.1272 0.0297 -0.9914
vn -0.1250 0.0379 -0.9914
vn -0.1222 0.0460 -0.9914
vn -0.1189 0.0539 -0.9914
vn -0.1152 0.0616 -0.9914
vn -0.1109 0.0690 -0.9914
vn -0.1061 0.0761 -0.9914
vn -0.1009 0.0828 -0.9914
vn -0.0953 0.0893 -0.9914
vn -0.0893 0.0953 -0.9914
vn -0.0828 0.1009 -0.9914
vn -0.0761 0.1062 -0.9914
vn -0.0690 0.1109 -0.9914
vn -0.0616 0.1152 -0.9914
vn -0.0539 0.1190 -0.9914
vn -0.0460 0.1222 -0.9914
vn -0.0379 0.1250 -0.9914
vn -0.0297 0.1272 -0.9914
vn -0.0213 0.1289 -0.9914
vn -0.0128 0.1300 -0.9914
vn -0.0043 0.1305 -0.9914
vn 0.0043 0.1305 -0.9914
vn 0.0128 0.1300 -0.9914
vn 0.0213 0.1288 -0.9914
vn 0.0297 0.1272 -0.9914
vn 0.0379 0.1250 -0.9914
vn 0.0460 0.1222 -0.9914
vn 0.0539 0.1190 -0.9914
vn 0.0616 0.1152 -0.9914
vn 0.0690 0.1109 -0.9914
vn 0.0761 0.1062 -0.9914
vn 0.0828 0.1009 -0.9914
vn 0.0893 0.0953 -0.9914
vn 0.0953 0.0893 -0.9914
vn 0.1009 0.0828 -0.9914
vn 0.1061 0.0761 -0.9914
vn 0.1109 0.0690 -0.9914
vn 0.1152 0.0616 -0.9914
vn 0.1189 0.0539 -0.9914
vn 0.1222 0.0460 -0.9914
vn 0.1249 0.0379 -0.9914
vn 0.1272 0.0297 -0.9914
vn 0.1288 0.0213 -0.9914
vn 0.1300 0.0128 -0.9914
vn 0.1305 0.0043 -0.9914
vn 0.1305 -0.0043 -0.9914
vn 0.1300 -0.0128 -0.9914
vn 0.1288 -0.0213 -0.9914
vn 0.1272 -0.0297 -0.9914
vn 0.1250 -0.0379 -0.9914
vn 0.1222 -0.0460 -0.9914
vn 0.1189 -0.0539 -0.9914
vn 0.1151 -0.0616 -0.9914
vn 0.1109 -0.0690 -0.9914
vn 0.1061 -0.0761 -0.9914
vn 0.1009 -0.0828 -0.9914
vn 0.0953 -0.0893 -0.9914
vn 0.0893 -0.0953 -0.9914
vn 0.0828 -0.1010 -0.9914
vn 0.0761 -0.1062 -0.9914
vn 0.0690 -0.1109 -0.9914
vn 0.0616 -0.1152 -0.9914
vn 0.0539 -0.1190 -0.9914
vn 0.0460 -0.1222 -0.9914
vn 0.0379 -0.1250 -0.9914
vn 0.0297 -0.1272 -0.9914
vn 0.0213 -0.1288 -0.9914
vn 0.0128 -0.1300 -0.9914
vn 0.0043 -0.1305 -0.9914
vn -0.0043 -0.1305 -0.9914
vn -0.0128 -0.1300 -0.9914
vn -0.0213 -0.1288 -0.9914
vn -0.0297 -0.1272 -0.9914
vn -0.0379 -0.1250 -0.9914
vn -0.0460 -0.1222 -0.9914
vn -0.0539 -0.1190 -0.9914
vn -0.0616 -0.1152 -0.9914
vn -0.0690 -0.1109 -0.9914
vn -0.0761 -0.1062 -0.9914
vn -0.0828 -0.1010 -0.9914
vn -0.0893 -0.0953 -0.9914
vn -0.0953 -0.0893 -0.9914
vn -0.1009 -0.0828 -0.9914
vn -0.1061 -0.0761 -0.9914
vn -0.1109 -0.0690 -0.9914
vn -0.1152 -0.0616 -0.9914
vn -0.1190 -0.0539 -0.9914
vn -0.1222 -0.0460 -0.9914
vn -0.1250 -0.0379 -0.9914
vn -0.1272 -0.0297 -0.9914
vn -0.1288 -0.0213 -0.9914
vn -0.1300 -0.0128 -0.9914
vn -0.1305 -0.0043 -0.9914
vn 0.1289 -0.0213 -0.9914
vn 0.1190 -0.0539 -0.9914
vn 0.1152 -0.0616 -0.9914
vn 0.1062 -0.0761 -0.9914
vn 0.1010 -0.0828 -0.9914
vn 0.0829 -0.1010 -0.9914
vn 0.0213 -0.1289 -0.9914
vn -0.0213 -0.1289 -0.9914
vn -0.0829 -0.1010 -0.9914
vn -0.1010 -0.0828 -0.9914
vn -0.1062 -0.0761 -0.9914
vn -0.1289 -0.0213 -0.9914
vn -0.1190 0.0539 -0.9914
vn -0.1010 0.0828 -0.9914
vn -0.0829 0.1010 -0.9914
vn -0.0213 0.1288 -0.9914
vn 0.0829 0.1009 -0.9914
vn 0.1010 0.0828 -0.9914
vn 0.1062 0.0761 -0.9914
vn 0.1190 0.0539 -0.9914
vn 0.1250 0.0379 -0.9914
vn 0.1289 0.0213 -0.9914
vn 0.2429 -0.2959 -0.9238
vn 0.0869 -0.3728 -0.9238
vn -0.0869 -0.3728 -0.9238
vn -0.3729 -0.0869 -0.9238
vn -0.3778 -0.0624 -0.9238
vn -0.3826 -0.0125 -0.9238
vn -0.3826 0.0125 -0.9238
vn -0.3729 0.0869 -0.9238
vn -0.2429 0.2960 -0.9238
vn 0.2429 0.2959 -0.9238
vn 0.3728 0.0869 -0.9238
vn 0.3827 0.0125 -0.9238
vn 0.5828 -0.1768 -0.7932
vn 0.5172 -0.3216 -0.7932
vn 0.4708 -0.3863 -0.7932
vn -0.1768 -0.5828 -0.7932
vn -0.5931 -0.1383 -0.7932
vn -0.6087 0.0199 -0.7932
vn -0.5828 0.1768 -0.7932
vn 0.1383 0.5930 -0.7932
vn 0.1768 0.5828 -0.7932
vn 0.5371 0.2871 -0.7932
vn 0.5931 0.1383 -0.7932
vn 0.7931 -0.0260 -0.6086
vn 0.7897 -0.0778 -0.6086
vn 0.7829 -0.1293 -0.6086
vn 0.7426 -0.2795 -0.6086
vn 0.6738 -0.4190 -0.6086
vn 0.5792 -0.5424 -0.6086
vn 0.4622 -0.6450 -0.6085
vn 0.3741 -0.6998 -0.6086
vn 0.2303 -0.7593 -0.6085
vn 0.0778 -0.7897 -0.6085
vn 0.0260 -0.7931 -0.6086
vn -0.0778 -0.7897 -0.6085
vn -0.2795 -0.7426 -0.6086
vn -0.4190 -0.6739 -0.6086
vn -0.5424 -0.5792 -0.6086
vn -0.5792 -0.5424 -0.6086
vn -0.6738 -0.4190 -0.6086
vn -0.7426 -0.2795 -0.6086
vn -0.7897 0.0778 -0.6086
vn -0.7228 0.3275 -0.6086
vn -0.6739 0.4190 -0.6085
vn -0.6450 0.4622 -0.6086
vn -0.6134 0.5034 -0.6086
vn -0.5791 0.5424 -0.6086
vn -0.5424 0.5792 -0.6086
vn -0.4190 0.6739 -0.6085
vn -0.2303 0.7594 -0.6085
vn -0.0260 0.7931 -0.6085
vn 0.0260 0.7931 -0.6085
vn 0.1293 0.7829 -0.6086
vn 0.2795 0.7427 -0.6086
vn 0.3740 0.6998 -0.6086
vn 0.4190 0.6739 -0.6085
vn 0.5424 0.5792 -0.6086
vn 0.5791 0.5424 -0.6086
vn 0.6738 0.4190 -0.6086
vn 0.7426 0.2795 -0.6086
vn 0.7829 0.1293 -0.6086
vn 0.4355 -0.8148 -0.3825
vn -0.4356 -0.8149 -0.3825
vn -0.8149 0.4356 -0.3825
vn 0.5861 0.7142 -0.3825
vn 0.7142 0.5861 -0.3825
vn 0.9488 -0.2878 -0.1304
vn 0.9031 -0.4092 -0.1304
vn 0.8419 -0.5236 -0.1305
vn 0.8059 -0.5775 -0.1304
vn 0.7236 -0.6778 -0.1304
vn 0.6777 -0.7236 -0.1305
vn 0.5775 -0.8059 -0.1305
vn 0.5236 -0.8419 -0.1304
vn 0.2251 -0.9656 -0.1305
vn 0.0972 -0.9867 -0.1305
vn -0.1615 -0.9782 -0.1304
vn -0.4092 -0.9031 -0.1304
vn -0.7236 -0.6778 -0.1305
vn -0.9031 -0.4092 -0.1305
vn -0.9488 -0.2878 -0.1304
vn -0.9656 -0.2251 -0.1304
vn -0.9909 0.0324 -0.1304
vn -0.9867 0.0972 -0.1305
vn -0.6778 0.7236 -0.1305
vn -0.4092 0.9031 -0.1305
vn -0.2878 0.9488 -0.1305
vn -0.0972 0.9867 -0.1305
vn 0.0324 0.9909 -0.1305
vn 0.1615 0.9782 -0.1305
vn 0.3492 0.9279 -0.1304
vn 0.4674 0.8744 -0.1305
vn 0.6778 0.7236 -0.1305
vn 0.7236 0.6777 -0.1305
vn 0.7664 0.6290 -0.1305
vn 0.8059 0.5775 -0.1305
vn 0.8744 0.4674 -0.1304
vn 0.9031 0.4092 -0.1304
vn 0.9782 0.1615 -0.1304
vn 0.9909 -0.0324 0.1305
vn 0.9867 -0.0972 0.1305
vn 0.9782 -0.1615 0.1305
vn 0.9656 -0.2251 0.1305
vn 0.9488 -0.2878 0.1305
vn 0.9279 -0.3492 0.1305
vn 0.9031 -0.4092 0.1305
vn 0.8744 -0.4674 0.1305
vn 0.8419 -0.5236 0.1305
vn 0.8059 -0.5775 0.1305
vn 0.7664 -0.6290 0.1305
vn 0.7236 -0.6778 0.1305
vn 0.6777 -0.7236 0.1305
vn 0.6290 -0.7664 0.1305
vn 0.5775 -0.8059 0.1305
vn 0.5236 -0.8419 0.1305
vn 0.4674 -0.8744 0.1305
vn 0.4092 -0.9031 0.1304
vn 0.3492 -0.9279 0.1305
vn 0.2878 -0.9488 0.1305
vn 0.2251 -0.9656 0.1305
vn 0.1615 -0.9782 0.1305
vn 0.0972 -0.9867 0.1305
vn 0.0324 -0.9909 0.1305
vn -0.0324 -0.9909 0.1304
vn -0.0972 -0.9867 0.1305
vn -0.1615 -0.9782 0.1304
vn -0.2251 -0.9656 0.1305
vn -0.2878 -0.9488 0.1305
vn -0.3492 -0.9279 0.1305
vn -0.4092 -0.9031 0.1305
vn -0.4674 -0.8744 0.1305
vn -0.5236 -0.8419 0.1304
vn -0.5775 -0.8059 0.1305
vn -0.6290 -0.7664 0.1305
vn -0.6777 -0.7236 0.1305
vn -0.7236 -0.6778 0.1305
vn -0.7664 -0.6290 0.1305
vn -0.8059 -0.5775 0.1305
vn -0.8419 -0.5236 0.1305
vn -0.8744 -0.4674 0.1305
vn -0.9031 -0.4092 0.1305
vn -0.9279 -0.3492 0.1305
vn -0.9488 -0.2878 0.1305
vn -0.9656 -0.2251 0.1304
vn -0.9782 -0.1615 0.1305
vn -0.9867 -0.0972 0.1305
vn -0.9909 -0.0324 0.1305
vn -0.9909 0.0324 0.1304
vn -0.9867 0.0972 0.1305
vn -0.9782 0.1615 0.1305
vn -0.9656 0.2251 0.1305
vn -0.9488 0.2878 0.1304
vn -0.9279 0.3492 0.1305
vn -0.9031 0.4092 0.1305
vn -0.8744 0.4674 0.1305
vn -0.8419 0.5236 0.1305
vn -0.8059 0.5775 0.1305
vn -0.7664 0.6290 0.1304
vn -0.7236 0.6777 0.1305
vn -0.6778 0.7236 0.1305
vn -0.6290 0.7664 0.1305
vn -0.5775 0.8059 0.1305
vn -0.5235 0.8419 0.1305
vn -0.4674 0.8744 0.1304
vn -0.4092 0.9031 0.1305
vn -0.3492 0.9279 0.1305
vn -0.2878 0.9488 0.1305
vn -0.2251 0.9656 0.1304
vn -0.1615 0.9782 0.1304
vn -0.0972 0.9867 0.1305
vn -0.0324 0.9909 0.1304
vn 0.0324 0.9909 0.1304
vn 0.0972 0.9867 0.1305
vn 0.1615 0.9782 0.1304
vn 0.2251 0.9656 0.1305
vn 0.2878 0.9488 0.1304
vn 0.3492 0.9279 0.1305
vn 0.4092 0.9031 0.1304
vn 0.4674 0.8744 0.1305
vn 0.5236 0.8419 0.1304
vn 0.5775 0.8059 0.1305
vn 0.6290 0.7664 0.1305
vn 0.6778 0.7236 0.1305
vn 0.7236 0.6777 0.1305
vn 0.7664 0.6290 0.1304
vn 0.8059 0.5775 0.1305
vn 0.8419 0.5236 0.1305
vn 0.8744 0.4674 0.1304
vn 0.9031 0.4092 0.1304
vn 0.9279 0.3492 0.1305
vn 0.9488 0.2878 0.1305
vn 0.9656 0.2251 0.1305
vn 0.9782 0.1615 0.1305
vn 0.9867 0.0972 0.1305
vn 0.9909 0.0324 0.1305
vn 0.9235 -0.0302 0.3825
vn 0.9195 -0.0906 0.3825
vn 0.9116 -0.1505 0.3825
vn 0.8998 -0.2098 0.3825
vn 0.8842 -0.2682 0.3825
vn 0.8647 -0.3255 0.3825
vn 0.8416 -0.3813 0.3825
vn 0.8149 -0.4355 0.3825
vn 0.7846 -0.4879 0.3825
vn 0.7510 -0.5382 0.3825
vn 0.7142 -0.5861 0.3825
vn 0.6744 -0.6316 0.3825
vn 0.6316 -0.6744 0.3825
vn 0.5861 -0.7142 0.3825
vn 0.5382 -0.7510 0.3825
vn 0.4879 -0.7846 0.3825
vn 0.4355 -0.8149 0.3825
vn 0.3813 -0.8416 0.3825
vn 0.3255 -0.8647 0.3825
vn 0.2682 -0.8842 0.3825
vn 0.2098 -0.8998 0.3825
vn 0.1505 -0.9116 0.3825
vn 0.0906 -0.9195 0.3825
vn 0.0302 -0.9235 0.3825
vn -0.0302 -0.9235 0.3825
vn -0.0906 -0.9195 0.3825
vn -0.1505 -0.9116 0.3825
vn -0.2098 -0.8998 0.3825
vn -0.2682 -0.8842 0.3825
vn -0.3255 -0.8647 0.3825
vn -0.3813 -0.8416 0.3825
vn -0.4355 -0.8149 0.3825
vn -0.4879 -0.7846 0.3825
vn -0.5382 -0.7510 0.3825
vn -0.5861 -0.7142 0.3825
vn -0.6316 -0.6744 0.3825
vn -0.6744 -0.6316 0.3825
vn -0.7142 -0.5861 0.3825
vn -0.7510 -0.5382 0.3825
vn -0.7846 -0.4879 0.3825
vn -0.8149 -0.4356 0.3825
vn -0.8416 -0.3813 0.3825
vn -0.8647 -0.3255 0.3825
vn -0.8842 -0.2682 0.3825
vn -0.8998 -0.2098 0.3825
vn -0.9116 -0.1505 0.3825
vn -0.9195 -0.0906 0.3825
vn -0.9235 -0.0302 0.3825
vn -0.9235 0.0302 0.3825
vn -0.9195 0.0906 0.3825
vn -0.9116 0.1505 0.3825
vn -0.8998 0.2098 0.3825
vn -0.8842 0.2682 0.3825
vn -0.8647 0.3255 0.3825
vn -0.8416 0.3813 0.3825
vn -0.8149 0.4356 0.3825
vn -0.7846 0.4879 0.3825
vn -0.7510 0.5382 0.3825
vn -0.7142 0.5862 0.3825
vn -0.6744 0.6316 0.3825
vn -0.6316 0.6744 0.3825
vn -0.5861 0.7142 0.3825
vn -0.5382 0.7510 0.3825
vn -0.4879 0.7846 0.3825
vn -0.4355 0.8149 0.3825
vn -0.3813 0.8416 0.3825
vn -0.3255 0.8647 0.3825
vn -0.2682 0.8842 0.3825
vn -0.2098 0.8998 0.3825
vn -0.1505 0.9116 0.3825
vn -0.0906 0.9195 0.3825
vn -0.0302 0.9235 0.3825
vn 0.0302 0.9235 0.3825
vn 0.0906 0.9195 0.3825
vn 0.1505 0.9116 0.3825
vn 0.2098 0.8998 0.3825
vn 0.2682 0.8842 0.3825
vn 0.3255 0.8647 0.3825
vn 0.3813 0.8416 0.3825
vn 0.4355 0.8149 0.3825
vn 0.4879 0.7846 0.3825
vn 0.5382 0.7510 0.3825
vn 0.5862 0.7142 0.3825
vn 0.6316 0.6744 0.3825
vn 0.6744 0.6316 0.3825
vn 0.7142 0.5861 0.3825
vn 0.7510 0.5382 0.3825
vn 0.7846 0.4879 0.3825
vn 0.8149 0.4355 0.3825
vn 0.8416 0.3813 0.3825
vn 0.8647 0.3255 0.3825
vn 0.8842 0.2682 0.3825
vn 0.8998 0.2098 0.3825
vn 0.9116 0.1505 0.3825
vn 0.9195 0.0906 0.3825
vn 0.9235 0.0302 0.3825
vn 0.7931 -0.0260 0.6085
vn 0.7897 -0.0778 0.6086
vn 0.7829 -0.1293 0.6085
vn 0.7728 -0.1802 0.6085
vn 0.7594 -0.2303 0.6085
vn 0.7427 -0.2795 0.6085
vn 0.7228 -0.3275 0.6085
vn 0.6998 -0.3741 0.6086
vn 0.6739 -0.4190 0.6086
vn 0.6450 -0.4622 0.6086
vn 0.6134 -0.5034 0.6086
vn 0.5792 -0.5424 0.6086
vn 0.5424 -0.5792 0.6086
vn 0.5034 -0.6134 0.6086
vn 0.4622 -0.6450 0.6086
vn 0.4190 -0.6738 0.6086
vn 0.3741 -0.6998 0.6085
vn 0.3275 -0.7228 0.6086
vn 0.2795 -0.7427 0.6085
vn 0.2303 -0.7593 0.6085
vn 0.1802 -0.7728 0.6086
vn 0.1293 -0.7829 0.6086
vn 0.0778 -0.7897 0.6086
vn 0.0260 -0.7931 0.6086
vn -0.0260 -0.7931 0.6086
vn -0.0778 -0.7897 0.6086
vn -0.1293 -0.7829 0.6085
vn -0.1802 -0.7728 0.6086
vn -0.2303 -0.7593 0.6086
vn -0.2795 -0.7426 0.6086
vn -0.3275 -0.7228 0.6085
vn -0.3741 -0.6998 0.6086
vn -0.4190 -0.6739 0.6086
vn -0.4622 -0.6450 0.6086
vn -0.5034 -0.6134 0.6086
vn -0.5424 -0.5792 0.6086
vn -0.5792 -0.5424 0.6086
vn -0.6134 -0.5034 0.6086
vn -0.6450 -0.4622 0.6085
vn -0.6739 -0.4190 0.6085
vn -0.6998 -0.3741 0.6086
vn -0.7228 -0.3275 0.6086
vn -0.7426 -0.2795 0.6086
vn -0.7593 -0.2303 0.6086
vn -0.7728 -0.1802 0.6086
vn -0.7829 -0.1293 0.6086
vn -0.7897 -0.0778 0.6085
vn -0.7931 -0.0260 0.6086
vn -0.7931 0.0260 0.6086
vn -0.7897 0.0778 0.6086
vn -0.7829 0.1293 0.6086
vn -0.7728 0.1802 0.6086
vn -0.7593 0.2303 0.6086
vn -0.7427 0.2795 0.6086
vn -0.7228 0.3275 0.6086
vn -0.6998 0.3741 0.6085
vn -0.6739 0.4190 0.6086
vn -0.6450 0.4622 0.6086
vn -0.6134 0.5034 0.6086
vn -0.5792 0.5424 0.6086
vn -0.5424 0.5792 0.6086
vn -0.5034 0.6134 0.6086
vn -0.4622 0.6450 0.6086
vn -0.4190 0.6739 0.6085
vn -0.3741 0.6998 0.6086
vn -0.3275 0.7228 0.6086
vn -0.2795 0.7427 0.6086
vn -0.2303 0.7593 0.6086
vn -0.1802 0.7728 0.6086
vn -0.1293 0.7829 0.6086
vn -0.0778 0.7897 0.6086
vn -0.0260 0.7931 0.6085
vn 0.0260 0.7931 0.6086
vn 0.0778 0.7897 0.6086
vn 0.1293 0.7829 0.6086
vn 0.1802 0.7728 0.6086
vn 0.2303 0.7593 0.6086
vn 0.2795 0.7426 0.6086
vn 0.3275 0.7228 0.6085
vn 0.3741 0.6998 0.6086
vn 0.4190 0.6738 0.6086
vn 0.4622 0.6450 0.6086
vn 0.5034 0.6134 0.6086
vn 0.5424 0.5791 0.6086
vn 0.5792 0.5424 0.6086
vn 0.6134 0.5034 0.6086
vn 0.6450 0.4622 0.6086
vn 0.6739 0.4190 0.6085
vn 0.6998 0.3741 0.6086
vn 0.7228 0.3275 0.6086
vn 0.7426 0.2795 0.6086
vn 0.7593 0.2303 0.6086
vn 0.7728 0.1802 0.6086
vn 0.7829 0.1293 0.6086
vn 0.7897 0.0778 0.6086
vn 0.7931 0.0260 0.6086
vn 0.6086 -0.0199 0.7932
vn 0.6060 -0.0597 0.7932
vn 0.6008 -0.0992 0.7932
vn 0.5931 -0.1383 0.7932
vn 0.5827 -0.1768 0.7932
vn 0.5699 -0.2145 0.7932
vn 0.5547 -0.2513 0.7932
vn 0.5371 -0.2871 0.7932
vn 0.5171 -0.3216 0.7932
vn 0.4950 -0.3547 0.7932
vn 0.4707 -0.3863 0.7932
vn 0.4445 -0.4163 0.7932
vn 0.4163 -0.4445 0.7932
vn 0.3863 -0.4707 0.7932
vn 0.3547 -0.4950 0.7932
vn 0.3216 -0.5171 0.7932
vn 0.2871 -0.5371 0.7932
vn 0.2513 -0.5547 0.7932
vn 0.2145 -0.5699 0.7932
vn 0.1768 -0.5827 0.7932
vn 0.1383 -0.5930 0.7932
vn 0.0992 -0.6008 0.7932
vn 0.0597 -0.6060 0.7932
vn 0.0199 -0.6086 0.7932
vn -0.0199 -0.6086 0.7932
vn -0.0597 -0.6060 0.7932
vn -0.0992 -0.6008 0.7932
vn -0.1383 -0.5931 0.7932
vn -0.1768 -0.5827 0.7932
vn -0.2145 -0.5699 0.7932
vn -0.2513 -0.5547 0.7932
vn -0.2871 -0.5371 0.7932
vn -0.3216 -0.5171 0.7932
vn -0.3547 -0.4950 0.7932
vn -0.3863 -0.4707 0.7932
vn -0.4163 -0.4445 0.7932
vn -0.4445 -0.4163 0.7932
vn -0.4707 -0.3863 0.7932
vn -0.4950 -0.3547 0.7932
vn -0.5171 -0.3216 0.7932
vn -0.5371 -0.2871 0.7932
vn -0.5547 -0.2513 0.7932
vn -0.5699 -0.2145 0.7932
vn -0.5827 -0.1768 0.7932
vn -0.5930 -0.1383 0.7932
vn -0.6008 -0.0992 0.7932
vn -0.6060 -0.0597 0.7932
vn -0.6086 -0.0199 0.7932
vn -0.6086 0.0199 0.7932
vn -0.6060 0.0597 0.7932
vn -0.6008 0.0992 0.7932
vn -0.5931 0.1383 0.7932
vn -0.5827 0.1768 0.7932
vn -0.5699 0.2145 0.7932
vn -0.5547 0.2513 0.7932
vn -0.5371 0.2871 0.7932
vn -0.5171 0.3216 0.7932
vn -0.4950 0.3547 0.7932
vn -0.4707 0.3863 0.7932
vn -0.4445 0.4163 0.7932
vn -0.4163 0.4445 0.7932
vn -0.3863 0.4707 0.7932
vn -0.3547 0.4950 0.7932
vn -0.3216 0.5171 0.7932
vn -0.2871 0.5371 0.7932
vn -0.2513 0.5547 0.7932
vn -0.2145 0.5699 0.7932
vn -0.1768 0.5827 0.7932
vn -0.1383 0.5930 0.7932
vn -0.0992 0.6008 0.7932
vn -0.0597 0.6060 0.7932
vn -0.0199 0.6086 0.7932
vn 0.0199 0.6086 0.7932
vn 0.0597 0.6060 0.7932
vn 0.0992 0.6008 0.7932
vn 0.1383 0.5931 0.7932
vn 0.1768 0.5827 0.7932
vn 0.2145 0.5699 0.7932
vn 0.2513 0.5547 0.7932
vn 0.2871 0.5371 0.7932
vn 0.3216 0.5171 0.7932
vn 0.3547 0.4950 0.7932
vn 0.3863 0.4707 0.7932
vn 0.4163 0.4445 0.7932
vn 0.4445 0.4163 0.7932
vn 0.4707 0.3863 0.7932
vn 0.4950 0.3547 0.7932
vn 0.5171 0.3216 0.7932
vn 0.5371 0.2871 0.7932
vn 0.5547 0.2513 0.7932
vn 0.5699 0.2145 0.7932
vn 0.5827 0.1768 0.7932
vn 0.5930 0.1383 0.7932
vn 0.6008 0.0992 0.7932
vn 0.6060 0.0597 0.7932
vn 0.6086 0.0199 0.7932
vn 0.3827 -0.0125 0.9238
vn 0.3810 -0.0375 0.9238
vn 0.3778 -0.0624 0.9238
vn 0.3729 -0.0869 0.9238
vn 0.3664 -0.1111 0.9238
vn 0.3583 -0.1349 0.9238
vn 0.3487 -0.1580 0.9238
vn 0.3377 -0.1805 0.9238
vn 0.3251 -0.2022 0.9238
vn 0.3112 -0.2230 0.9238
vn 0.2960 -0.2429 0.9238
vn 0.2794 -0.2617 0.9238
vn 0.2617 -0.2794 0.9238
vn 0.2429 -0.2960 0.9238
vn 0.2230 -0.3112 0.9238
vn 0.2022 -0.3251 0.9238
vn 0.1805 -0.3376 0.9238
vn 0.1580 -0.3487 0.9238
vn 0.1349 -0.3583 0.9238
vn 0.1111 -0.3664 0.9238
vn 0.0869 -0.3729 0.9238
vn 0.0624 -0.3777 0.9238
vn 0.0375 -0.3810 0.9238
vn 0.0125 -0.3827 0.9238
vn -0.0125 -0.3827 0.9238
vn -0.0375 -0.3810 0.9238
vn -0.0624 -0.3777 0.9238
vn -0.0869 -0.3729 0.9238
vn -0.1111 -0.3664 0.9238
vn -0.1349 -0.3583 0.9238
vn -0.1580 -0.3487 0.9238
vn -0.1805 -0.3377 0.9238
vn -0.2022 -0.3251 0.9238
vn -0.2230 -0.3112 0.9238
vn -0.2429 -0.2960 0.9238
vn -0.2617 -0.2794 0.9238
vn -0.2794 -0.2617 0.9238
vn -0.2960 -0.2429 0.9238
vn -0.3112 -0.2230 0.9238
vn -0.3251 -0.2022 0.9238
vn -0.3377 -0.1805 0.9238
vn -0.3487 -0.1580 0.9238
vn -0.3583 -0.1349 0.9238
vn -0.3664 -0.1111 0.9238
vn -0.3729 -0.0869 0.9238
vn -0.3777 -0.0624 0.9238
vn -0.3810 -0.0375 0.9238
vn -0.3827 -0.0125 0.9238
vn -0.3827 0.0125 0.9238
vn -0.3810 0.0375 0.9238
vn -0.3778 0.0624 0.9238
vn -0.3729 0.0869 0.9238
vn -0.3664 0.1111 0.9238
vn -0.3583 0.1349 0.9238
vn -0.3488 0.1580 0.9238
vn -0.3377 0.1805 0.9238
vn -0.3251 0.2022 0.9238
vn -0.3112 0.2230 0.9238
vn -0.2960 0.2429 0.9238
vn -0.2795 0.2617 0.9238
vn -0.2617 0.2794 0.9238
vn -0.2429 0.2960 0.9238
vn -0.2230 0.3112 0.9238
vn -0.2022 0.3251 0.9238
vn -0.1805 0.3377 0.9238
vn -0.1580 0.3487 0.9238
vn -0.1349 0.3583 0.9238
vn -0.1111 0.3664 0.9238
vn -0.0869 0.3729 0.9238
vn -0.0624 0.3777 0.9238
vn -0.0375 0.3810 0.9238
vn -0.0125 0.3827 0.9238
vn 0.0125 0.3827 0.9238
vn 0.0375 0.3810 0.9238
vn 0.0624 0.3778 0.9238
vn 0.0869 0.3729 0.9238
vn 0.1111 0.3664 0.9238
vn 0.1349 0.3583 0.9238
vn 0.1580 0.3487 0.9238
vn 0.1805 0.3376 0.9238
vn 0.2022 0.3251 0.9238
vn 0.2230 0.3112 0.9238
vn 0.2429 0.2960 0.9238
vn 0.2617 0.2794 0.9238
vn 0.2794 0.2617 0.9238
vn 0.2960 0.2429 0.9238
vn 0.3112 0.2230 0.9238
vn 0.3251 0.2022 0.9238
vn 0.3377 0.1805 0.9238
vn 0.3487 0.1580 0.9238
vn 0.3583 0.1349 0.9238
vn 0.3664 0.1111 0.9238
vn 0.3729 0.0869 0.9238
vn 0.3778 0.0624 0.9238
vn 0.3810 0.0375 0.9238
vn 0.3826 0.0125 0.9238
vn 0.1305 -0.0043 0.9914
vn 0.1299 -0.0128 0.9914
vn 0.1288 -0.0213 0.9914
vn 0.1272 -0.0297 0.9914
vn 0.1250 -0.0379 0.9914
vn 0.1222 -0.0460 0.9914
vn 0.1190 -0.0539 0.9914
vn 0.1152 -0.0616 0.9914
vn 0.1109 -0.0690 0.9914
vn 0.1062 -0.0761 0.9914
vn 0.1009 -0.0828 0.9914
vn 0.0953 -0.0893 0.9914
vn 0.0893 -0.0953 0.9914
vn 0.0828 -0.1010 0.9914
vn 0.0761 -0.1062 0.9914
vn 0.0690 -0.1109 0.9914
vn 0.0616 -0.1152 0.9914
vn 0.0539 -0.1190 0.9914
vn 0.0460 -0.1222 0.9914
vn 0.0379 -0.1250 0.9914
vn 0.0297 -0.1272 0.9914
vn 0.0213 -0.1289 0.9914
vn 0.0128 -0.1300 0.9914
vn 0.0043 -0.1305 0.9914
vn -0.0043 -0.1305 0.9914
vn -0.0128 -0.1300 0.9914
vn -0.0213 -0.1288 0.9914
vn -0.0297 -0.1272 0.9914
vn -0.0379 -0.1250 0.9914
vn -0.0460 -0.1222 0.9914
vn -0.0539 -0.1190 0.9914
vn -0.0616 -0.1152 0.9914
vn -0.0690 -0.1109 0.9914
vn -0.0761 -0.1062 0.9914
vn -0.0828 -0.1010 0.9914
vn -0.0893 -0.0953 0.9914
vn -0.0953 -0.0893 0.9914
vn -0.1010 -0.0828 0.9914
vn -0.1061 -0.0761 0.9914
vn -0.1109 -0.0690 0.9914
vn -0.1152 -0.0616 0.9914
vn -0.1189 -0.0539 0.9914
vn -0.1222 -0.0460 0.9914
vn -0.1250 -0.0379 0.9914
vn -0.1272 -0.0297 0.9914
vn -0.1288 -0.0213 0.9914
vn -0.1300 -0.0128 0.9914
vn -0.1305 -0.0043 0.9914
vn -0.1305 0.0043 0.9914
vn -0.1300 0.0128 0.9914
vn -0.1288 0.0213 0.9914
vn -0.1272 0.0297 0.9914
vn -0.1250 0.0379 0.9914
vn -0.1222 0.0460 0.9914
vn -0.1189 0.0539 0.9914
vn -0.1152 0.0616 0.9914
vn -0.1109 0.0690 0.9914
vn -0.1062 0.0761 0.9914
vn -0.1010 0.0828 0.9914
vn -0.0953 0.0893 0.9914
vn -0.0893 0.0953 0.9914
vn -0.0828 0.1010 0.9914
vn -0.0761 0.1062 0.9914
vn -0.0690 0.1109 0.9914
vn -0.0616 0.1152 0.9914
vn -0.0539 0.1190 0.9914
vn -0.0460 0.1222 0.9914
vn -0.0379 0.1250 0.9914
vn -0.0297 0.1272 0.9914
vn -0.0213 0.1288 0.9914
vn -0.0128 0.1300 0.9914
vn -0.0043 0.1305 0.9914
vn 0.0043 0.1305 0.9914
vn 0.0128 0.1300 0.9914
vn 0.0213 0.1289 0.9914
vn 0.0297 0.1272 0.9914
vn 0.0379 0.1250 0.9914
vn 0.0460 0.1222 0.9914
vn 0.0539 0.1190 0.9914
vn 0.0616 0.1152 0.9914
vn 0.0690 0.1109 0.9914
vn 0.0761 0.1062 0.9914
vn 0.0828 0.1009 0.9914
vn 0.0893 0.0953 0.9914
vn 0.0953 0.0893 0.9914
vn 0.1009 0.0828 0.9914
vn 0.1061 0.0761 0.9914
vn 0.1109 0.0690 0.9914
vn 0.1152 0.0616 0.9914
vn 0.1189 0.0539 0.9914
vn 0.1222 0.0460 0.9914
vn 0.1250 0.0379 0.9914
vn 0.1272 0.0297 0.9914
vn 0.1288 0.0213 0.9914
vn 0.1300 0.0128 0.9914
vn 0.1305 0.0043 0.9914
vn -0.1306 0.0043 0.9914
vn -0.1289 0.0213 0.9914
vn -0.1223 0.0460 0.9914
vn -0.1190 0.0539 0.9914
vn -0.0829 0.1009 0.9914
vn 0.0213 0.1288 0.9914
vn 0.0829 0.1010 0.9914
vn 0.1010 0.0828 0.9914
vn 0.1062 0.0761 0.9914
vn 0.1190 0.0539 0.9914
vn 0.1289 0.0213 0.9914
vn 0.1300 -0.0128 0.9914
vn 0.1289 -0.0213 0.9914
vn 0.0829 -0.1010 0.9914
vn 0.0213 -0.1288 0.9914
vn -0.0829 -0.1009 0.9914
vn -0.1062 -0.0761 0.9914
vn -0.1190 -0.0539 0.9914
vn -0.1289 -0.0213 0.9914
vn -0.3826 0.0125 0.9238
vn -0.3777 0.0624 0.9238
vn -0.3487 0.1580 0.9238
vn -0.2794 0.2617 0.9238
vn -0.2429 0.2959 0.9238
vn -0.1805 0.3376 0.9238
vn -0.0869 0.3728 0.9238
vn -0.0125 0.3826 0.9238
vn 0.0624 0.3777 0.9238
vn 0.2429 0.2959 0.9238
vn 0.3376 0.1805 0.9238
vn 0.3728 0.0869 0.9238
vn 0.3827 0.0125 0.9238
vn 0.3777 -0.0624 0.9238
vn 0.3728 -0.0869 0.9238
vn 0.3376 -0.1805 0.9238
vn 0.2429 -0.2959 0.9238
vn 0.0125 -0.3826 0.9238
vn -0.0125 -0.3826 0.9238
vn -0.0869 -0.3728 0.9238
vn -0.1805 -0.3376 0.9238
vn -0.2429 -0.2959 0.9238
vn -0.3376 -0.1805 0.9238
vn -0.3826 -0.0125 0.9238
vn -0.6087 0.0199 0.7932
vn -0.5828 0.1768 0.7932
vn -0.1383 0.5931 0.7932
vn 0.5931 0.1383 0.7932
vn 0.1383 -0.5931 0.7932
vn -0.0199 -0.6087 0.7932
vn -0.1768 -0.5828 0.7932
vn -0.4708 -0.3863 0.7932
vn -0.5931 -0.1383 0.7932
vn -0.7897 0.0778 0.6085
vn -0.7426 0.2795 0.6086
vn -0.7228 0.3275 0.6085
vn -0.6998 0.3741 0.6086
vn -0.4190 0.6738 0.6086
vn -0.3275 0.7228 0.6085
vn -0.0260 0.7931 0.6086
vn 0.0260 0.7931 0.6085
vn 0.2303 0.7593 0.6085
vn 0.2795 0.7427 0.6085
vn 0.4190 0.6739 0.6085
vn 0.5034 0.6134 0.6085
vn 0.5424 0.5792 0.6085
vn 0.5792 0.5424 0.6085
vn 0.6739 0.4190 0.6086
vn 0.7427 0.2795 0.6086
vn 0.7829 0.1293 0.6085
vn 0.7931 0.0260 0.6085
vn 0.7931 -0.0260 0.6086
vn 0.7829 -0.1293 0.6086
vn 0.7728 -0.1802 0.6086
vn 0.7593 -0.2303 0.6086
vn 0.7228 -0.3275 0.6086
vn 0.6738 -0.4190 0.6086
vn 0.4622 -0.6450 0.6085
vn 0.3741 -0.6998 0.6086
vn 0.2795 -0.7427 0.6086
vn 0.2303 -0.7594 0.6085
vn 0.0260 -0.7931 0.6085
vn -0.1293 -0.7829 0.6086
vn -0.1802 -0.7728 0.6085
vn -0.2795 -0.7427 0.6085
vn -0.3275 -0.7228 0.6086
vn -0.4190 -0.6738 0.6086
vn -0.6134 -0.5034 0.6085
vn -0.6450 -0.4622 0.6086
vn -0.6739 -0.4190 0.6086
vn -0.7427 -0.2795 0.6086
vn -0.7594 -0.2303 0.6085
vn -0.7728 -0.1802 0.6085
vn -0.7897 -0.0778 0.6086
vn -0.7931 -0.0260 0.6085
vn -0.8148 0.4355 0.3825
vn 0.5861 0.7142 0.3825
vn 0.8148 -0.4356 0.3825
vn 0.7142 -0.5862 0.3825
vn -0.6743 -0.6316 0.3825
vn -0.8149 -0.4355 0.3825
vn -0.9867 0.0972 0.1304
vn -0.9782 0.1615 0.1304
vn -0.9656 0.2251 0.1304
vn -0.9279 0.3492 0.1304
vn -0.9031 0.4092 0.1304
vn -0.8419 0.5236 0.1304
vn -0.8059 0.5775 0.1304
vn -0.7236 0.6778 0.1305
vn -0.6778 0.7236 0.1304
vn -0.6290 0.7664 0.1304
vn -0.5775 0.8059 0.1304
vn -0.5236 0.8419 0.1305
vn -0.4092 0.9031 0.1304
vn -0.2878 0.9488 0.1304
vn -0.0972 0.9867 0.1304
vn -0.0324 0.9909 0.1305
vn 0.0972 0.9867 0.1304
vn 0.2251 0.9656 0.1304
vn 0.3492 0.9279 0.1304
vn 0.4092 0.9031 0.1305
vn 0.4674 0.8744 0.1304
vn 0.5775 0.8059 0.1304
vn 0.6778 0.7236 0.1304
vn 0.7236 0.6777 0.1304
vn 0.7664 0.6290 0.1305
vn 0.8419 0.5236 0.1304
vn 0.8744 0.4674 0.1305
vn 0.9031 0.4092 0.1305
vn 0.9279 0.3492 0.1304
vn 0.9656 0.2251 0.1304
vn 0.9782 0.1615 0.1304
vn 0.9909 0.0324 0.1304
vn 0.9909 -0.0324 0.1304
vn 0.9656 -0.2251 0.1304
vn 0.9279 -0.3492 0.1304
vn 0.9031 -0.4092 0.1304
vn 0.8744 -0.4674 0.1304
vn 0.8419 -0.5236 0.1304
vn 0.8059 -0.5775 0.1304
vn 0.7664 -0.6290 0.1304
vn 0.7236 -0.6777 0.1305
vn 0.6778 -0.7236 0.1305
vn 0.5775 -0.8059 0.1304
vn 0.5236 -0.8419 0.1304
vn 0.4674 -0.8744 0.1304
vn 0.4092 -0.9031 0.1305
vn 0.2878 -0.9488 0.1304
vn 0.0972 -0.9867 0.1304
vn 0.0324 -0.9909 0.1304
vn -0.2251 -0.9656 0.1304
vn -0.3492 -0.9279 0.1304
vn -0.4674 -0.8744 0.1304
vn -0.5236 -0.8419 0.1305
vn -0.5775 -0.8059 0.1304
vn -0.6290 -0.7664 0.1304
vn -0.6778 -0.7236 0.1304
vn -0.7236 -0.6777 0.1304
vn -0.7664 -0.6290 0.1304
vn -0.8059 -0.5775 0.1304
vn -0.8744 -0.4674 0.1304
vn -0.9031 -0.4092 0.1304
vn -0.9488 -0.2878 0.1304
vn -0.9867 -0.0972 0.1304
vn -0.9909 -0.0324 0.1304
vn 0.6370 -0.0880 0.7659
vn 0.6370 -0.0877 0.7659
vn 0.6177 -0.2585 0.7427
vn 0.6178 -0.2580 0.7428
vn 0.5799 -0.4213 0.6973
vn 0.5802 -0.4204 0.6976
vn 0.5236 -0.5738 0.6297
vn 0.5240 -0.5729 0.6303
vn 0.4523 -0.7066 0.5441
vn 0.4529 -0.7058 0.5447
vn 0.3675 -0.8183 0.4421
vn 0.3680 -0.8176 0.4428
vn 0.2698 -0.9065 0.3248
vn 0.2704 -0.9061 0.3254
vn 0.1656 -0.9658 0.1993
vn 0.1659 -0.9657 0.1998
vn 0.0563 -0.9961 0.0679
vn 0.0565 -0.9961 0.0680
vn -0.0563 -0.9961 -0.0679
vn -0.0565 -0.9961 -0.0680
vn -0.1655 -0.9658 -0.1994
vn -0.1659 -0.9657 -0.1999
vn -0.2696 -0.9065 -0.3249
vn -0.2701 -0.9061 -0.3256
vn -0.3669 -0.8183 -0.4425
vn -0.3676 -0.8176 -0.4432
vn -0.4517 -0.7067 -0.5446
vn -0.4522 -0.7058 -0.5454
vn -0.5227 -0.5738 -0.6305
vn -0.5232 -0.5729 -0.6310
vn -0.5788 -0.4214 -0.6982
vn -0.5790 -0.4204 -0.6986
vn -0.6164 -0.2585 -0.7438
vn -0.6166 -0.2579 -0.7439
vn -0.6356 -0.0880 -0.7670
vn -0.6356 -0.0878 -0.7670
vn -0.6356 0.0879 -0.7670
vn -0.6356 0.0878 -0.7670
vn -0.6164 0.2585 -0.7438
vn -0.6166 0.2578 -0.7439
vn -0.5788 0.4213 -0.6982
vn -0.5790 0.4205 -0.6986
vn -0.5227 0.5738 -0.6305
vn -0.5232 0.5728 -0.6310
vn -0.4517 0.7067 -0.5446
vn -0.4522 0.7058 -0.5454
vn -0.3670 0.8183 -0.4425
vn -0.3677 0.8175 -0.4432
vn -0.2696 0.9065 -0.3249
vn -0.2701 0.9061 -0.3256
vn -0.1655 0.9658 -0.1994
vn -0.1659 0.9657 -0.1999
vn -0.0563 0.9961 -0.0679
vn -0.0565 0.9961 -0.0680
vn 0.0563 0.9961 0.0679
vn 0.0565 0.9961 0.0680
vn 0.1656 0.9658 0.1993
vn 0.1659 0.9657 0.1998
vn 0.2698 0.9065 0.3248
vn 0.2704 0.9061 0.3254
vn 0.3674 0.8183 0.4421
vn 0.3680 0.8176 0.4428
vn 0.4523 0.7066 0.5441
vn 0.4529 0.7058 0.5448
vn 0.5236 0.5738 0.6297
vn 0.5240 0.5729 0.6303
vn 0.5799 0.4213 0.6973
vn 0.5802 0.4204 0.6976
vn 0.6177 0.2585 0.7427
vn 0.6178 0.2580 0.7428
vn 0.6370 0.0880 0.7659
vn 0.6370 0.0878 0.7659
vn 0.7197 -0.0879 0.6887
vn 0.7197 -0.0874 0.6887
vn 0.6979 -0.2584 0.6679
vn 0.6983 -0.2569 0.6682
vn 0.6553 -0.4211 0.6271
vn 0.6558 -0.4191 0.6279
vn 0.5916 -0.5736 0.5666
vn 0.5928 -0.5713 0.5676
vn 0.5111 -0.7065 0.4896
vn 0.5125 -0.7043 0.4912
vn 0.4150 -0.8181 0.3980
vn 0.4169 -0.8165 0.3995
vn 0.3049 -0.9064 0.2924
vn 0.3063 -0.9054 0.2940
vn 0.1870 -0.9658 0.1796
vn 0.1881 -0.9654 0.1805
vn 0.0636 -0.9961 0.0611
vn 0.0640 -0.9961 0.0615
vn -0.0636 -0.9961 -0.0612
vn -0.0640 -0.9961 -0.0615
vn -0.1868 -0.9658 -0.1798
vn -0.1879 -0.9654 -0.1809
vn -0.3041 -0.9064 -0.2931
vn -0.3059 -0.9054 -0.2945
vn -0.4141 -0.8181 -0.3990
vn -0.4157 -0.8164 -0.4009
vn -0.5093 -0.7065 -0.4914
vn -0.5111 -0.7042 -0.4928
vn -0.5894 -0.5737 -0.5688
vn -0.5905 -0.5711 -0.5702
vn -0.6524 -0.4212 -0.6301
vn -0.6532 -0.4189 -0.6307
vn -0.6948 -0.2584 -0.6711
vn -0.6951 -0.2569 -0.6715
vn -0.7164 -0.0880 -0.6922
vn -0.7164 -0.0874 -0.6922
vn -0.7164 0.0880 -0.6922
vn -0.7164 0.0873 -0.6922
vn -0.6948 0.2584 -0.6711
vn -0.6951 0.2569 -0.6715
vn -0.6524 0.4212 -0.6301
vn -0.6532 0.4189 -0.6307
vn -0.5894 0.5737 -0.5688
vn -0.5905 0.5711 -0.5702
vn -0.5092 0.7065 -0.4914
vn -0.5111 0.7042 -0.4929
vn -0.4141 0.8181 -0.3990
vn -0.4157 0.8164 -0.4009
vn -0.3041 0.9064 -0.2931
vn -0.3058 0.9054 -0.2945
vn -0.1868 0.9658 -0.1798
vn -0.1879 0.9654 -0.1809
vn -0.0636 0.9961 -0.0612
vn -0.0640 0.9961 -0.0615
vn 0.0636 0.9961 0.0611
vn 0.0640 0.9961 0.0615
vn 0.1870 0.9658 0.1796
vn 0.1881 0.9654 0.1806
vn 0.3049 0.9064 0.2924
vn 0.3063 0.9054 0.2940
vn 0.4151 0.8181 0.3980
vn 0.4168 0.8165 0.3995
vn 0.5111 0.7064 0.4896
vn 0.5125 0.7043 0.4912
vn 0.5916 0.5736 0.5666
vn 0.5929 0.5713 0.5676
vn 0.6553 0.4211 0.6271
vn 0.6558 0.4191 0.6279
vn 0.6979 0.2584 0.6679
vn 0.6983 0.2569 0.6681
vn 0.7197 0.0879 0.6887
vn 0.7198 0.0874 0.6887
vn 0.7990 -0.0876 0.5949
vn 0.7991 -0.0869 0.5949
vn 0.7751 -0.2574 0.5770
vn 0.7754 -0.2556 0.5774
vn 0.7278 -0.4198 0.5423
vn 0.7289 -0.4171 0.5428
vn 0.6577 -0.5721 0.4900
vn 0.6592 -0.5691 0.4915
vn 0.5683 -0.7051 0.4241
vn 0.5707 -0.7023 0.4255
vn 0.4621 -0.8171 0.3448
vn 0.4644 -0.8149 0.3468
vn 0.3394 -0.9058 0.2538
vn 0.3417 -0.9045 0.2552
vn 0.2084 -0.9656 0.1558
vn 0.2099 -0.9650 0.1571
vn 0.0709 -0.9961 0.0531
vn 0.0715 -0.9960 0.0535
vn -0.0709 -0.9961 -0.0531
vn -0.0714 -0.9960 -0.0536
vn -0.2080 -0.9656 -0.1563
vn -0.2097 -0.9650 -0.1574
vn -0.3387 -0.9058 -0.2545
vn -0.3409 -0.9044 -0.2565
vn -0.4605 -0.8171 -0.3468
vn -0.4632 -0.8148 -0.3485
vn -0.5664 -0.7052 -0.4266
vn -0.5686 -0.7021 -0.4287
vn -0.6547 -0.5722 -0.4940
vn -0.6566 -0.5690 -0.4951
vn -0.7245 -0.4199 -0.5466
vn -0.7254 -0.4169 -0.5477
vn -0.7711 -0.2576 -0.5824
vn -0.7716 -0.2554 -0.5826
vn -0.7949 -0.0875 -0.6004
vn -0.7949 -0.0869 -0.6004
vn -0.7949 0.0876 -0.6004
vn -0.7949 0.0869 -0.6004
vn -0.7711 0.2575 -0.5824
vn -0.7716 0.2555 -0.5825
vn -0.7245 0.4199 -0.5467
vn -0.7254 0.4169 -0.5477
vn -0.6547 0.5722 -0.4940
vn -0.6567 0.5689 -0.4951
vn -0.5664 0.7052 -0.4266
vn -0.5685 0.7022 -0.4286
vn -0.4605 0.8171 -0.3468
vn -0.4632 0.8148 -0.3485
vn -0.3387 0.9058 -0.2545
vn -0.3409 0.9044 -0.2565
vn -0.2080 0.9656 -0.1563
vn -0.2097 0.9650 -0.1574
vn -0.0709 0.9961 -0.0531
vn -0.0714 0.9960 -0.0536
vn 0.0709 0.9961 0.0531
vn 0.0715 0.9960 0.0535
vn 0.2084 0.9656 0.1558
vn 0.2099 0.9650 0.1571
vn 0.3394 0.9058 0.2538
vn 0.3417 0.9045 0.2552
vn 0.4621 0.8171 0.3448
vn 0.4644 0.8149 0.3468
vn 0.5683 0.7051 0.4241
vn 0.5708 0.7022 0.4255
vn 0.6577 0.5721 0.4900
vn 0.6592 0.5691 0.4915
vn 0.7278 0.4198 0.5423
vn 0.7290 0.4171 0.5428
vn 0.7751 0.2574 0.5770
vn 0.7754 0.2556 0.5774
vn 0.7990 0.0876 0.5949
vn 0.7991 0.0869 0.5949
vn 0.8693 -0.0870 0.4865
vn 0.8694 -0.0863 0.4866
vn 0.8435 -0.2558 0.4723
vn 0.8441 -0.2538 0.4724
vn 0.7929 -0.4174 0.4439
vn 0.7939 -0.4146 0.4448
vn 0.7170 -0.5695 0.4020
vn 0.7190 -0.5663 0.4028
vn 0.6206 -0.7026 0.3480
vn 0.6230 -0.6997 0.3497
vn 0.5049 -0.8152 0.2838
vn 0.5078 -0.8129 0.2850
vn 0.3715 -0.9047 0.2088
vn 0.3739 -0.9033 0.2104
vn 0.2281 -0.9651 0.1286
vn 0.2300 -0.9645 0.1294
vn 0.0777 -0.9960 0.0438
vn 0.0783 -0.9959 0.0442
vn -0.0776 -0.9960 -0.0439
vn -0.0783 -0.9959 -0.0442
vn -0.2279 -0.9651 -0.1289
vn -0.2297 -0.9645 -0.1301
vn -0.3706 -0.9047 -0.2102
vn -0.3734 -0.9033 -0.2114
vn -0.5037 -0.8153 -0.2857
vn -0.5065 -0.8129 -0.2876
vn -0.6185 -0.7027 -0.3517
vn -0.6213 -0.6996 -0.3529
vn -0.7145 -0.5696 -0.4063
vn -0.7164 -0.5661 -0.4078
vn -0.7896 -0.4175 -0.4497
vn -0.7909 -0.4145 -0.4502
vn -0.8400 -0.2559 -0.4785
vn -0.8404 -0.2537 -0.4789
vn -0.8655 -0.0871 -0.4933
vn -0.8656 -0.0863 -0.4933
vn -0.8655 0.0870 -0.4933
vn -0.8656 0.0863 -0.4933
vn -0.8400 0.2559 -0.4785
vn -0.8404 0.2537 -0.4789
vn -0.7895 0.4176 -0.4497
vn -0.7909 0.4144 -0.4502
vn -0.7145 0.5695 -0.4063
vn -0.7164 0.5662 -0.4077
vn -0.6184 0.7028 -0.3516
vn -0.6213 0.6996 -0.3529
vn -0.5037 0.8152 -0.2857
vn -0.5065 0.8128 -0.2877
vn -0.3706 0.9047 -0.2102
vn -0.3734 0.9033 -0.2114
vn -0.2279 0.9651 -0.1289
vn -0.2297 0.9645 -0.1301
vn -0.0776 0.9960 -0.0439
vn -0.0783 0.9959 -0.0442
vn 0.0777 0.9960 0.0438
vn 0.0783 0.9959 0.0442
vn 0.2281 0.9651 0.1286
vn 0.2300 0.9645 0.1294
vn 0.3715 0.9047 0.2088
vn 0.3739 0.9033 0.2104
vn 0.5049 0.8152 0.2837
vn 0.5078 0.8129 0.2850
vn 0.6207 0.7026 0.3480
vn 0.6230 0.6997 0.3497
vn 0.7170 0.5695 0.4020
vn 0.7190 0.5663 0.4028
vn 0.7929 0.4174 0.4439
vn 0.7939 0.4146 0.4448
vn 0.8435 0.2558 0.4723
vn 0.8441 0.2538 0.4724
vn 0.8693 0.0870 0.4865
vn 0.8694 0.0863 0.4866
vn 0.9256 -0.0862 0.3687
vn 0.9256 -0.0855 0.3686
vn 0.8987 -0.2535 0.3580
vn 0.8990 -0.2519 0.3582
vn 0.8454 -0.4142 0.3371
vn 0.8466 -0.4117 0.3373
vn 0.7658 -0.5659 0.3054
vn 0.7675 -0.5631 0.3064
vn 0.6638 -0.6993 0.2653
vn 0.6662 -0.6967 0.2659
vn 0.5412 -0.8126 0.2163
vn 0.5437 -0.8106 0.2176
vn 0.3986 -0.9031 0.1598
vn 0.4010 -0.9019 0.1605
vn 0.2452 -0.9645 0.0983
vn 0.2468 -0.9640 0.0991
vn 0.0835 -0.9959 0.0336
vn 0.0841 -0.9959 0.0338
vn -0.0835 -0.9959 -0.0336
vn -0.0841 -0.9959 -0.0339
vn -0.2449 -0.9645 -0.0989
vn -0.2467 -0.9640 -0.0994
vn -0.3981 -0.9031 -0.1607
vn -0.4005 -0.9019 -0.1620
vn -0.5401 -0.8127 -0.2188
vn -0.5429 -0.8106 -0.2196
vn -0.6624 -0.6995 -0.2683
vn -0.6648 -0.6967 -0.2697
vn -0.7638 -0.5660 -0.3102
vn -0.7658 -0.5630 -0.3107
vn -0.8432 -0.4144 -0.3425
vn -0.8443 -0.4117 -0.3432
vn -0.8960 -0.2536 -0.3644
vn -0.8965 -0.2518 -0.3644
vn -0.9229 -0.0863 -0.3753
vn -0.9229 -0.0855 -0.3754
vn -0.9229 0.0862 -0.3753
vn -0.9229 0.0856 -0.3754
vn -0.8960 0.2537 -0.3644
vn -0.8965 0.2518 -0.3644
vn -0.8432 0.4144 -0.3425
vn -0.8443 0.4116 -0.3432
vn -0.7638 0.5660 -0.3102
vn -0.7658 0.5631 -0.3107
vn -0.6624 0.6994 -0.2683
vn -0.6648 0.6967 -0.2697
vn -0.5401 0.8127 -0.2188
vn -0.5429 0.8106 -0.2196
vn -0.3981 0.9031 -0.1607
vn -0.4005 0.9019 -0.1620
vn -0.2449 0.9645 -0.0989
vn -0.2467 0.9640 -0.0994
vn -0.0835 0.9959 -0.0336
vn -0.0841 0.9959 -0.0339
vn 0.0835 0.9959 0.0336
vn 0.0841 0.9959 0.0338
vn 0.2452 0.9645 0.0983
vn 0.2468 0.9640 0.0991
vn 0.3986 0.9031 0.1598
vn 0.4010 0.9019 0.1605
vn 0.5411 0.8126 0.2163
vn 0.5436 0.8106 0.2176
vn 0.6638 0.6993 0.2653
vn 0.6662 0.6967 0.2659
vn 0.7659 0.5658 0.3054
vn 0.7675 0.5631 0.3064
vn 0.8454 0.4143 0.3371
vn 0.8466 0.4118 0.3373
vn 0.8987 0.2535 0.3580
vn 0.8990 0.2519 0.3582
vn 0.9256 0.0862 0.3687
vn 0.9256 0.0855 0.3686
vn 0.9649 -0.0853 0.2482
vn 0.9650 -0.0848 0.2482
vn 0.9374 -0.2511 0.2413
vn 0.9377 -0.2499 0.2412
vn 0.8830 -0.4107 0.2273
vn 0.8838 -0.4088 0.2276
vn 0.8010 -0.5619 0.2065
vn 0.8024 -0.5599 0.2067
vn 0.6956 -0.6956 0.1794
vn 0.6974 -0.6937 0.1801
vn 0.5681 -0.8098 0.1469
vn 0.5701 -0.8083 0.1472
vn 0.4192 -0.9014 0.1084
vn 0.4210 -0.9005 0.1091
vn 0.2581 -0.9638 0.0670
vn 0.2595 -0.9634 0.0672
vn 0.0880 -0.9959 0.0228
vn 0.0885 -0.9958 0.0230
vn -0.0880 -0.9959 -0.0229
vn -0.0885 -0.9958 -0.0230
vn -0.2580 -0.9638 -0.0672
vn -0.2594 -0.9634 -0.0677
vn -0.4188 -0.9014 -0.1096
vn -0.4208 -0.9005 -0.1099
vn -0.5675 -0.8099 -0.1485
vn -0.5696 -0.8082 -0.1493
vn -0.6947 -0.6958 -0.1824
vn -0.6968 -0.6937 -0.1826
vn -0.8000 -0.5620 -0.2100
vn -0.8014 -0.5598 -0.2106
vn -0.8817 -0.4108 -0.2320
vn -0.8826 -0.4088 -0.2320
vn -0.9361 -0.2513 -0.2463
vn -0.9364 -0.2498 -0.2465
vn -0.9635 -0.0854 -0.2537
vn -0.9636 -0.0849 -0.2536
vn -0.9635 0.0854 -0.2537
vn -0.9636 0.0848 -0.2536
vn -0.9361 0.2512 -0.2463
vn -0.9364 0.2499 -0.2465
vn -0.8817 0.4108 -0.2320
vn -0.8826 0.4088 -0.2320
vn -0.8000 0.5621 -0.2100
vn -0.8014 0.5598 -0.2106
vn -0.6947 0.6958 -0.1824
vn -0.6968 0.6936 -0.1826
vn -0.5676 0.8098 -0.1485
vn -0.5696 0.8082 -0.1493
vn -0.4188 0.9014 -0.1096
vn -0.4208 0.9005 -0.1099
vn -0.2580 0.9638 -0.0672
vn -0.2594 0.9634 -0.0677
vn -0.0880 0.9959 -0.0229
vn -0.0885 0.9958 -0.0230
vn 0.0880 0.9959 0.0228
vn 0.0885 0.9958 0.0230
vn 0.2581 0.9638 0.0670
vn 0.2595 0.9634 0.0672
vn 0.4192 0.9014 0.1084
vn 0.4210 0.9005 0.1091
vn 0.5681 0.8098 0.1469
vn 0.5701 0.8083 0.1472
vn 0.6957 0.6956 0.1794
vn 0.6974 0.6937 0.1801
vn 0.8010 0.5619 0.2065
vn 0.8024 0.5599 0.2067
vn 0.8830 0.4106 0.2273
vn 0.8838 0.4088 0.2276
vn 0.9374 0.2512 0.2413
vn 0.9378 0.2499 0.2412
vn 0.9649 0.0853 0.2482
vn 0.9650 0.0848 0.2482
vn 0.9876 -0.0845 0.1323
vn 0.9876 -0.0842 0.1323
vn 0.9599 -0.2489 0.1286
vn 0.9601 -0.2482 0.1287
vn 0.9051 -0.4075 0.1215
vn 0.9056 -0.4063 0.1214
vn 0.8223 -0.5583 0.1103
vn 0.8231 -0.5570 0.1106
vn 0.7152 -0.6923 0.0962
vn 0.7164 -0.6911 0.0963
vn 0.5851 -0.8071 0.0787
vn 0.5863 -0.8062 0.0790
vn 0.4324 -0.8998 0.0584
vn 0.4336 -0.8992 0.0585
vn 0.2666 -0.9631 0.0360
vn 0.2674 -0.9629 0.0362
vn 0.0910 -0.9958 0.0123
vn 0.0913 -0.9958 0.0124
vn -0.0909 -0.9958 -0.0123
vn -0.0913 -0.9958 -0.0124
vn -0.2665 -0.9631 -0.0363
vn -0.2674 -0.9629 -0.0364
vn -0.4323 -0.8998 -0.0589
vn -0.4335 -0.8992 -0.0592
vn -0.5848 -0.8072 -0.0801
vn -0.5862 -0.8062 -0.0801
vn -0.7149 -0.6923 -0.0979
vn -0.7161 -0.6910 -0.0982
vn -0.8218 -0.5584 -0.1129
vn -0.8228 -0.5570 -0.1129
vn -0.9047 -0.4076 -0.1243
vn -0.9052 -0.4064 -0.1245
vn -0.9594 -0.2490 -0.1321
vn -0.9597 -0.2482 -0.1320
vn -0.9871 -0.0845 -0.1359
vn -0.9871 -0.0842 -0.1359
vn -0.9871 0.0845 -0.1359
vn -0.9871 0.0842 -0.1359
vn -0.9594 0.2491 -0.1321
vn -0.9597 0.2481 -0.1320
vn -0.9047 0.4076 -0.1243
vn -0.9052 0.4064 -0.1245
vn -0.8219 0.5584 -0.1129
vn -0.8228 0.5571 -0.1129
vn -0.7149 0.6923 -0.0979
vn -0.7161 0.6910 -0.0982
vn -0.5848 0.8072 -0.0801
vn -0.5862 0.8062 -0.0801
vn -0.4323 0.8998 -0.0589
vn -0.4335 0.8992 -0.0592
vn -0.2665 0.9631 -0.0363
vn -0.2674 0.9629 -0.0364
vn -0.0909 0.9958 -0.0123
vn -0.0913 0.9957 -0.0124
vn 0.0910 0.9958 0.0123
vn 0.0913 0.9958 0.0124
vn 0.2666 0.9631 0.0360
vn 0.2674 0.9629 0.0362
vn 0.4324 0.8998 0.0584
vn 0.4336 0.8992 0.0585
vn 0.5851 0.8071 0.0787
vn 0.5863 0.8062 0.0790
vn 0.7152 0.6923 0.0962
vn 0.7164 0.6911 0.0963
vn 0.8223 0.5583 0.1103
vn 0.8231 0.5570 0.1106
vn 0.9051 0.4075 0.1215
vn 0.9056 0.4063 0.1214
vn 0.9599 0.2489 0.1286
vn 0.9601 0.2482 0.1287
vn 0.9876 0.0845 0.1323
vn 0.9876 0.0842 0.1323
vn 0.9961 -0.0839 0.0267
vn 0.9961 -0.0838 0.0267
vn 0.9686 -0.2473 0.0260
vn 0.9687 -0.2470 0.0260
vn 0.9139 -0.4052 0.0246
vn 0.9141 -0.4047 0.0246
vn 0.8311 -0.5557 0.0225
vn 0.8314 -0.5552 0.0224
vn 0.7237 -0.6898 0.0196
vn 0.7243 -0.6893 0.0196
vn 0.5927 -0.8052 0.0161
vn 0.5933 -0.8048 0.0161
vn 0.4386 -0.8986 0.0119
vn 0.4391 -0.8983 0.0120
vn 0.2706 -0.9627 0.0074
vn 0.2710 -0.9625 0.0074
vn 0.0924 -0.9957 0.0025
vn 0.0925 -0.9957 0.0026
vn -0.0924 -0.9957 -0.0026
vn -0.0925 -0.9957 -0.0026
vn -0.2706 -0.9627 -0.0075
vn -0.2710 -0.9625 -0.0076
vn -0.4385 -0.8986 -0.0123
vn -0.4391 -0.8983 -0.0123
vn -0.5927 -0.8053 -0.0166
vn -0.5933 -0.8048 -0.0167
vn -0.7237 -0.6898 -0.0205
vn -0.7243 -0.6892 -0.0204
vn -0.8310 -0.5557 -0.0235
vn -0.8314 -0.5551 -0.0236
vn -0.9138 -0.4053 -0.0260
vn -0.9141 -0.4047 -0.0260
vn -0.9685 -0.2474 -0.0276
vn -0.9686 -0.2469 -0.0276
vn -0.9961 -0.0840 -0.0284
vn -0.9961 -0.0839 -0.0284
vn -0.9961 0.0840 -0.0284
vn -0.9961 0.0838 -0.0284
vn -0.9685 0.2474 -0.0276
vn -0.9686 0.2470 -0.0276
vn -0.9138 0.4052 -0.0260
vn -0.9141 0.4046 -0.0260
vn -0.8310 0.5558 -0.0235
vn -0.8314 0.5551 -0.0236
vn -0.7237 0.6898 -0.0205
vn -0.7242 0.6892 -0.0204
vn -0.5927 0.8052 -0.0166
vn -0.5933 0.8048 -0.0167
vn -0.4385 0.8986 -0.0123
vn -0.4391 0.8983 -0.0123
vn -0.2706 0.9627 -0.0075
vn -0.2710 0.9625 -0.0076
vn -0.0924 0.9957 -0.0026
vn -0.0925 0.9957 -0.0026
vn 0.0924 0.9957 0.0025
vn 0.0925 0.9957 0.0026
vn 0.2706 0.9627 0.0074
vn 0.2710 0.9625 0.0074
vn 0.4386 0.8986 0.0119
vn 0.4391 0.8983 0.0120
vn 0.5928 0.8052 0.0161
vn 0.5933 0.8048 0.0161
vn 0.7237 0.6898 0.0196
vn 0.7243 0.6892 0.0196
vn 0.8311 0.5557 0.0225
vn 0.8315 0.5551 0.0224
vn 0.9139 0.4052 0.0246
vn 0.9141 0.4047 0.0246
vn 0.9686 0.2473 0.0260
vn 0.9687 0.2470 0.0260
vn 0.9961 0.0839 0.0267
vn 0.9961 0.0838 0.0267
vn 0.9944 -0.0837 -0.0651
vn 0.9944 -0.0836 -0.0651
vn 0.9671 -0.2466 -0.0633
vn 0.9671 -0.2465 -0.0633
vn 0.9128 -0.4041 -0.0597
vn 0.9128 -0.4039 -0.0597
vn 0.8304 -0.5545 -0.0543
vn 0.8306 -0.5543 -0.0543
vn 0.7236 -0.6886 -0.0473
vn 0.7237 -0.6884 -0.0473
vn 0.5930 -0.8043 -0.0388
vn 0.5931 -0.8042 -0.0387
vn 0.4390 -0.8980 -0.0287
vn 0.4391 -0.8980 -0.0287
vn 0.2710 -0.9624 -0.0177
vn 0.2711 -0.9624 -0.0177
vn 0.0925 -0.9957 -0.0060
vn 0.0926 -0.9957 -0.0060
vn -0.0925 -0.9957 0.0060
vn -0.0926 -0.9957 0.0060
vn -0.2710 -0.9624 0.0176
vn -0.2711 -0.9624 0.0177
vn -0.4390 -0.8980 0.0286
vn -0.4392 -0.8980 0.0286
vn -0.5930 -0.8043 0.0385
vn -0.5931 -0.8042 0.0386
vn -0.7236 -0.6886 0.0470
vn -0.7238 -0.6884 0.0470
vn -0.8305 -0.5544 0.0539
vn -0.8306 -0.5543 0.0540
vn -0.9128 -0.4041 0.0593
vn -0.9129 -0.4040 0.0593
vn -0.9671 -0.2466 0.0628
vn -0.9671 -0.2465 0.0628
vn -0.9944 -0.0837 0.0645
vn -0.9944 -0.0836 0.0645
vn -0.9944 0.0837 0.0645
vn -0.9671 0.2466 0.0628
vn -0.9671 0.2465 0.0628
vn -0.9128 0.4041 0.0593
vn -0.9129 0.4039 0.0593
vn -0.8305 0.5544 0.0539
vn -0.8306 0.5543 0.0540
vn -0.7236 0.6887 0.0470
vn -0.7238 0.6884 0.0470
vn -0.5930 0.8043 0.0385
vn -0.5932 0.8042 0.0386
vn -0.4390 0.8980 0.0286
vn -0.4391 0.8980 0.0286
vn -0.2710 0.9624 0.0176
vn -0.2711 0.9624 0.0177
vn -0.0925 0.9957 0.0060
vn -0.0926 0.9957 0.0060
vn 0.0925 0.9957 -0.0060
vn 0.0926 0.9957 -0.0060
vn 0.2710 0.9624 -0.0177
vn 0.2711 0.9624 -0.0177
vn 0.4390 0.8980 -0.0287
vn 0.4391 0.8980 -0.0287
vn 0.5930 0.8043 -0.0388
vn 0.5932 0.8042 -0.0387
vn 0.7236 0.6886 -0.0473
vn 0.7238 0.6884 -0.0473
vn 0.8304 0.5544 -0.0543
vn 0.8305 0.5543 -0.0543
vn 0.9128 0.4041 -0.0597
vn 0.9128 0.4039 -0.0597
vn 0.9670 0.2466 -0.0633
vn 0.9671 0.2465 -0.0633
vn 0.9944 0.0837 -0.0651
vn 0.9944 0.0836 -0.0651
vn 0.9852 -0.0837 -0.1494
vn 0.9582 -0.2465 -0.1453
vn 0.9582 -0.2466 -0.1453
vn 0.9044 -0.4041 -0.1372
vn 0.8228 -0.5544 -0.1248
vn 0.8228 -0.5545 -0.1248
vn 0.7170 -0.6885 -0.1088
vn 0.7169 -0.6887 -0.1088
vn 0.5875 -0.8043 -0.0892
vn 0.5875 -0.8043 -0.0891
vn 0.4350 -0.8980 -0.0660
vn 0.4349 -0.8981 -0.0660
vn 0.2685 -0.9624 -0.0408
vn 0.2685 -0.9624 -0.0407
vn 0.0917 -0.9957 -0.0139
vn -0.0917 -0.9957 0.0139
vn -0.0916 -0.9957 0.0139
vn -0.2685 -0.9624 0.0408
vn -0.4350 -0.8980 0.0661
vn -0.4349 -0.8981 0.0660
vn -0.5875 -0.8043 0.0892
vn -0.5874 -0.8044 0.0892
vn -0.7169 -0.6886 0.1089
vn -0.7169 -0.6887 0.1089
vn -0.8228 -0.5543 0.1250
vn -0.8227 -0.5545 0.1250
vn -0.9043 -0.4041 0.1374
vn -0.9043 -0.4042 0.1374
vn -0.9581 -0.2465 0.1456
vn -0.9581 -0.2466 0.1456
vn -0.9852 -0.0837 0.1497
vn -0.9852 0.0836 0.1497
vn -0.9852 0.0837 0.1497
vn -0.9581 0.2465 0.1456
vn -0.9581 0.2466 0.1456
vn -0.9044 0.4040 0.1374
vn -0.9043 0.4041 0.1374
vn -0.8228 0.5544 0.1250
vn -0.8227 0.5545 0.1250
vn -0.7170 0.6885 0.1089
vn -0.7168 0.6887 0.1089
vn -0.5876 0.8042 0.0893
vn -0.5874 0.8043 0.0892
vn -0.4350 0.8980 0.0661
vn -0.4349 0.8981 0.0660
vn -0.2685 0.9624 0.0408
vn -0.0917 0.9957 0.0139
vn -0.0916 0.9957 0.0139
vn 0.0917 0.9957 -0.0139
vn 0.2685 0.9624 -0.0408
vn 0.2684 0.9624 -0.0407
vn 0.4350 0.8980 -0.0660
vn 0.4349 0.8981 -0.0660
vn 0.5876 0.8043 -0.0892
vn 0.5875 0.8043 -0.0891
vn 0.7170 0.6885 -0.1088
vn 0.7169 0.6887 -0.1088
vn 0.8228 0.5544 -0.1248
vn 0.8228 0.5545 -0.1248
vn 0.9044 0.4041 -0.1372
vn 0.9582 0.2465 -0.1453
vn 0.9582 0.2466 -0.1453
vn 0.9852 0.0837 -0.1494
vn 0.9636 -0.0838 -0.2538
vn 0.9636 -0.0841 -0.2538
vn 0.9370 -0.2471 -0.2468
vn 0.9368 -0.2477 -0.2469
vn 0.8842 -0.4047 -0.2331
vn 0.8838 -0.4058 -0.2329
vn 0.8043 -0.5552 -0.2120
vn 0.8034 -0.5564 -0.2120
vn 0.7005 -0.6893 -0.1850
vn 0.6994 -0.6905 -0.1845
vn 0.5738 -0.8048 -0.1515
vn 0.5726 -0.8057 -0.1514
vn 0.4247 -0.8984 -0.1124
vn 0.4235 -0.8989 -0.1119
vn 0.2621 -0.9625 -0.0694
vn 0.2612 -0.9628 -0.0692
vn 0.0895 -0.9957 -0.0237
vn 0.0892 -0.9957 -0.0236
vn -0.0894 -0.9957 0.0237
vn -0.0891 -0.9957 0.0237
vn -0.2620 -0.9625 0.0697
vn -0.2612 -0.9628 0.0694
vn -0.4245 -0.8984 0.1129
vn -0.4233 -0.8990 0.1128
vn -0.5735 -0.8048 0.1530
vn -0.5722 -0.8058 0.1524
vn -0.7001 -0.6892 0.1867
vn -0.6988 -0.6905 0.1866
vn -0.8036 -0.5551 0.2147
vn -0.8027 -0.5565 0.2143
vn -0.8835 -0.4047 0.2361
vn -0.8829 -0.4059 0.2361
vn -0.9361 -0.2470 0.2504
vn -0.9359 -0.2479 0.2503
vn -0.9626 -0.0838 0.2575
vn -0.9626 -0.0842 0.2575
vn -0.9626 0.0838 0.2575
vn -0.9626 0.0842 0.2575
vn -0.9361 0.2470 0.2504
vn -0.9359 0.2479 0.2503
vn -0.8835 0.4046 0.2361
vn -0.8829 0.4058 0.2361
vn -0.8036 0.5551 0.2147
vn -0.8027 0.5565 0.2143
vn -0.7000 0.6893 0.1867
vn -0.6988 0.6906 0.1866
vn -0.5735 0.8048 0.1530
vn -0.5722 0.8058 0.1524
vn -0.4245 0.8984 0.1129
vn -0.4233 0.8990 0.1128
vn -0.2620 0.9625 0.0697
vn -0.2612 0.9628 0.0694
vn -0.0894 0.9957 0.0237
vn -0.0891 0.9957 0.0237
vn 0.0895 0.9957 -0.0237
vn 0.0892 0.9957 -0.0236
vn 0.2621 0.9626 -0.0694
vn 0.2612 0.9628 -0.0692
vn 0.4246 0.8984 -0.1124
vn 0.4235 0.8989 -0.1120
vn 0.5738 0.8049 -0.1515
vn 0.5726 0.8058 -0.1514
vn 0.7005 0.6893 -0.1850
vn 0.6994 0.6905 -0.1845
vn 0.8043 0.5552 -0.2120
vn 0.8034 0.5564 -0.2120
vn 0.8842 0.4047 -0.2331
vn 0.8838 0.4058 -0.2329
vn 0.9370 0.2470 -0.2468
vn 0.9368 0.2478 -0.2469
vn 0.9636 0.0839 -0.2538
vn 0.9636 0.0841 -0.2538
vn 0.9238 -0.0842 -0.3734
vn 0.9238 -0.0848 -0.3735
vn 0.8981 -0.2479 -0.3633
vn 0.8977 -0.2498 -0.3629
vn 0.8472 -0.4060 -0.3427
vn 0.8460 -0.4086 -0.3425
vn 0.7699 -0.5566 -0.3121
vn 0.7682 -0.5596 -0.3110
vn 0.6702 -0.6907 -0.2716
vn 0.6676 -0.6935 -0.2710
vn 0.5485 -0.8059 -0.2230
vn 0.5458 -0.8081 -0.2215
vn 0.4057 -0.8990 -0.1649
vn 0.4030 -0.9004 -0.1642
vn 0.2501 -0.9628 -0.1021
vn 0.2484 -0.9634 -0.1012
vn 0.0854 -0.9957 -0.0348
vn 0.0847 -0.9958 -0.0346
vn -0.0853 -0.9957 0.0350
vn -0.0847 -0.9958 0.0346
vn -0.2500 -0.9628 0.1025
vn -0.2480 -0.9634 0.1019
vn -0.4050 -0.8990 0.1668
vn -0.4024 -0.9004 0.1653
vn -0.5476 -0.8058 0.2255
vn -0.5445 -0.8081 0.2246
vn -0.6685 -0.6905 0.2762
vn -0.6660 -0.6936 0.2747
vn -0.7679 -0.5565 0.3173
vn -0.7657 -0.5597 0.3168
vn -0.8444 -0.4058 0.3497
vn -0.8433 -0.4087 0.3490
vn -0.8951 -0.2478 0.3707
vn -0.8945 -0.2498 0.3707
vn -0.9205 -0.0841 0.3816
vn -0.9205 -0.0849 0.3815
vn -0.9205 0.0841 0.3816
vn -0.9205 0.0848 0.3815
vn -0.8951 0.2478 0.3707
vn -0.8945 0.2498 0.3707
vn -0.8444 0.4058 0.3498
vn -0.8433 0.4088 0.3489
vn -0.7679 0.5565 0.3173
vn -0.7657 0.5597 0.3168
vn -0.6685 0.6905 0.2762
vn -0.6660 0.6936 0.2747
vn -0.5476 0.8058 0.2255
vn -0.5445 0.8082 0.2246
vn -0.4050 0.8990 0.1668
vn -0.4024 0.9004 0.1654
vn -0.2500 0.9628 0.1025
vn -0.2480 0.9634 0.1019
vn -0.0853 0.9957 0.0350
vn -0.0847 0.9958 0.0346
vn 0.0854 0.9957 -0.0348
vn 0.0847 0.9958 -0.0346
vn 0.2501 0.9628 -0.1021
vn 0.2484 0.9634 -0.1012
vn 0.4057 0.8990 -0.1649
vn 0.4030 0.9004 -0.1642
vn 0.5485 0.8059 -0.2230
vn 0.5458 0.8081 -0.2215
vn 0.6702 0.6907 -0.2716
vn 0.6676 0.6935 -0.2710
vn 0.7699 0.5566 -0.3121
vn 0.7682 0.5596 -0.3110
vn 0.8472 0.4060 -0.3427
vn 0.8460 0.4086 -0.3425
vn 0.8981 0.2479 -0.3633
vn 0.8977 0.2497 -0.3629
vn 0.9238 0.0842 -0.3734
vn 0.9238 0.0848 -0.3735
vn 0.8671 -0.0846 -0.4909
vn 0.8671 -0.0856 -0.4908
vn 0.8428 -0.2491 -0.4771
vn 0.8421 -0.2518 -0.4770
vn 0.7944 -0.4075 -0.4504
vn 0.7929 -0.4117 -0.4492
vn 0.7216 -0.5585 -0.4092
vn 0.7186 -0.5631 -0.4080
vn 0.6272 -0.6923 -0.3567
vn 0.6238 -0.6967 -0.3542
vn 0.5131 -0.8072 -0.2918
vn 0.5088 -0.8106 -0.2899
vn 0.3789 -0.8998 -0.2164
vn 0.3753 -0.9019 -0.2139
vn 0.2336 -0.9631 -0.1334
vn 0.2308 -0.9640 -0.1321
vn 0.0796 -0.9958 -0.0457
vn 0.0787 -0.9959 -0.0451
vn -0.0796 -0.9958 0.0457
vn -0.0786 -0.9959 0.0452
vn -0.2331 -0.9631 0.1345
vn -0.2305 -0.9640 0.1326
vn -0.3781 -0.8997 0.2181
vn -0.3739 -0.9019 0.2162
vn -0.5110 -0.8070 0.2961
vn -0.5069 -0.8106 0.2931
vn -0.6246 -0.6921 0.3619
vn -0.6204 -0.6967 0.3602
vn -0.7173 -0.5581 0.4171
vn -0.7147 -0.5631 0.4149
vn -0.7895 -0.4072 0.4591
vn -0.7875 -0.4117 0.4585
vn -0.8369 -0.2488 0.4876
vn -0.8364 -0.2518 0.4869
vn -0.8610 -0.0845 0.5016
vn -0.8608 -0.0855 0.5017
vn -0.8610 0.0844 0.5016
vn -0.8608 0.0855 0.5017
vn -0.8369 0.2487 0.4876
vn -0.8363 0.2519 0.4869
vn -0.7895 0.4072 0.4591
vn -0.7876 0.4117 0.4585
vn -0.7173 0.5581 0.4171
vn -0.7147 0.5631 0.4150
vn -0.6246 0.6921 0.3619
vn -0.6204 0.6967 0.3602
vn -0.5110 0.8070 0.2961
vn -0.5069 0.8106 0.2931
vn -0.3781 0.8997 0.2181
vn -0.3740 0.9019 0.2162
vn -0.2331 0.9631 0.1345
vn -0.2305 0.9640 0.1326
vn -0.0796 0.9958 0.0457
vn -0.0786 0.9959 0.0452
vn 0.0796 0.9958 -0.0457
vn 0.0787 0.9959 -0.0451
vn 0.2336 0.9631 -0.1334
vn 0.2308 0.9640 -0.1321
vn 0.3789 0.8998 -0.2164
vn 0.3753 0.9019 -0.2139
vn 0.5131 0.8072 -0.2918
vn 0.5088 0.8106 -0.2899
vn 0.6272 0.6923 -0.3567
vn 0.6238 0.6967 -0.3542
vn 0.7216 0.5584 -0.4092
vn 0.7186 0.5631 -0.4080
vn 0.7943 0.4076 -0.4504
vn 0.7929 0.4117 -0.4492
vn 0.8428 0.2490 -0.4771
vn 0.8421 0.2518 -0.4770
vn 0.8671 0.0846 -0.4909
vn 0.8671 0.0856 -0.4908
vn 0.8014 -0.0851 -0.5920
vn 0.8013 -0.0863 -0.5920
vn 0.7785 -0.2503 -0.5756
vn 0.7779 -0.2538 -0.5748
vn 0.7336 -0.4096 -0.5423
vn 0.7315 -0.4146 -0.5413
vn 0.6653 -0.5606 -0.4930
vn 0.6626 -0.5662 -0.4903
vn 0.5782 -0.6944 -0.4284
vn 0.5737 -0.6997 -0.4258
vn 0.4719 -0.8088 -0.3510
vn 0.4677 -0.8129 -0.3471
vn 0.3485 -0.9008 -0.2592
vn 0.3441 -0.9033 -0.2564
vn 0.2144 -0.9635 -0.1602
vn 0.2116 -0.9645 -0.1577
vn 0.0731 -0.9958 -0.0546
vn 0.0720 -0.9959 -0.0539
vn -0.0730 -0.9958 0.0548
vn -0.0720 -0.9959 0.0539
vn -0.2141 -0.9635 0.1607
vn -0.2109 -0.9645 0.1587
vn -0.3470 -0.9006 0.2617
vn -0.3429 -0.9032 0.2580
vn -0.4698 -0.8085 0.3543
vn -0.4647 -0.8128 0.3512
vn -0.5740 -0.6939 0.4347
vn -0.5701 -0.6996 0.4309
vn -0.6604 -0.5602 0.5001
vn -0.6568 -0.5662 0.4981
vn -0.7268 -0.4091 0.5518
vn -0.7252 -0.4144 0.5499
vn -0.7712 -0.2500 0.5855
vn -0.7702 -0.2537 0.5851
vn -0.7933 -0.0848 0.6028
vn -0.7933 -0.0863 0.6027
vn -0.7933 0.0848 0.6028
vn -0.7933 0.0862 0.6027
vn -0.7712 0.2500 0.5855
vn -0.7702 0.2538 0.5851
vn -0.7268 0.4090 0.5518
vn -0.7252 0.4144 0.5499
vn -0.6604 0.5602 0.5001
vn -0.6568 0.5662 0.4981
vn -0.5740 0.6939 0.4347
vn -0.5701 0.6996 0.4309
vn -0.4698 0.8086 0.3543
vn -0.4647 0.8128 0.3512
vn -0.3470 0.9006 0.2617
vn -0.3429 0.9032 0.2580
vn -0.2141 0.9635 0.1607
vn -0.2109 0.9645 0.1587
vn -0.0730 0.9958 0.0548
vn -0.0720 0.9959 0.0539
vn 0.0731 0.9958 -0.0546
vn 0.0720 0.9959 -0.0539
vn 0.2144 0.9635 -0.1602
vn 0.2116 0.9645 -0.1577
vn 0.3485 0.9008 -0.2592
vn 0.3441 0.9033 -0.2564
vn 0.4719 0.8088 -0.3510
vn 0.4677 0.8129 -0.3471
vn 0.5782 0.6944 -0.4284
vn 0.5737 0.6997 -0.4258
vn 0.6653 0.5606 -0.4930
vn 0.6625 0.5663 -0.4903
vn 0.7336 0.4096 -0.5423
vn 0.7315 0.4145 -0.5413
vn 0.7785 0.2503 -0.5756
vn 0.7779 0.2539 -0.5748
vn 0.8014 0.0851 -0.5920
vn 0.8013 0.0862 -0.5920
vn 0.7360 -0.0856 -0.6715
vn 0.7360 -0.0870 -0.6714
vn 0.7149 -0.2521 -0.6522
vn 0.7140 -0.2556 -0.6518
vn 0.6727 -0.4121 -0.6145
vn 0.6712 -0.4172 -0.6127
vn 0.6100 -0.5634 -0.5572
vn 0.6067 -0.5692 -0.5549
vn 0.5288 -0.6970 -0.4843
vn 0.5253 -0.7024 -0.4804
vn 0.4316 -0.8108 -0.3953
vn 0.4270 -0.8150 -0.3918
vn 0.3179 -0.9020 -0.2922
vn 0.3142 -0.9045 -0.2883
vn 0.1957 -0.9640 -0.1799
vn 0.1928 -0.9650 -0.1775
vn 0.0666 -0.9959 -0.0615
vn 0.0657 -0.9960 -0.0605
vn -0.0666 -0.9959 0.0615
vn -0.0655 -0.9960 0.0606
vn -0.1951 -0.9640 0.1807
vn -0.1925 -0.9650 0.1780
vn -0.3168 -0.9019 0.2936
vn -0.3126 -0.9045 0.2902
vn -0.4288 -0.8106 0.3989
vn -0.4247 -0.8149 0.3943
vn -0.5253 -0.6966 0.4886
vn -0.5209 -0.7022 0.4853
vn -0.6044 -0.5630 0.5637
vn -0.6017 -0.5691 0.5605
vn -0.6665 -0.4116 0.6216
vn -0.6644 -0.4170 0.6203
vn -0.7072 -0.2517 0.6606
vn -0.7067 -0.2556 0.6598
vn -0.7281 -0.0856 0.6801
vn -0.7279 -0.0869 0.6801
vn -0.7281 0.0855 0.6801
vn -0.7279 0.0869 0.6801
vn -0.7072 0.2517 0.6606
vn -0.7067 0.2555 0.6598
vn -0.6665 0.4116 0.6216
vn -0.6644 0.4170 0.6202
vn -0.6044 0.5630 0.5637
vn -0.6017 0.5691 0.5605
vn -0.5253 0.6966 0.4886
vn -0.5209 0.7022 0.4853
vn -0.4288 0.8106 0.3989
vn -0.4247 0.8149 0.3943
vn -0.3168 0.9019 0.2936
vn -0.3126 0.9045 0.2902
vn -0.1951 0.9640 0.1808
vn -0.1924 0.9650 0.1779
vn -0.0666 0.9959 0.0615
vn -0.0655 0.9960 0.0606
vn 0.0666 0.9959 -0.0615
vn 0.0657 0.9960 -0.0605
vn 0.1957 0.9640 -0.1799
vn 0.1928 0.9650 -0.1775
vn 0.3179 0.9020 -0.2922
vn 0.3142 0.9045 -0.2883
vn 0.4316 0.8108 -0.3953
vn 0.4270 0.8150 -0.3917
vn 0.5288 0.6970 -0.4843
vn 0.5253 0.7023 -0.4804
vn 0.6099 0.5635 -0.5572
vn 0.6067 0.5692 -0.5549
vn 0.6727 0.4120 -0.6146
vn 0.6712 0.4172 -0.6127
vn 0.7149 0.2521 -0.6522
vn 0.7140 0.2556 -0.6518
vn 0.7360 0.0856 -0.6715
vn 0.7360 0.0869 -0.6714
vn 0.6776 -0.0864 -0.7303
vn 0.6775 -0.0875 -0.7303
vn 0.6577 -0.2542 -0.7091
vn 0.6572 -0.2572 -0.7084
vn 0.6187 -0.4150 -0.6671
vn 0.6171 -0.4195 -0.6658
vn 0.5598 -0.5668 -0.6045
vn 0.5577 -0.5718 -0.6017
vn 0.4851 -0.7002 -0.5239
vn 0.4818 -0.7048 -0.5208
vn 0.3949 -0.8132 -0.4274
vn 0.3918 -0.8168 -0.4235
vn 0.2909 -0.9035 -0.3148
vn 0.2876 -0.9056 -0.3117
vn 0.1786 -0.9646 -0.1939
vn 0.1766 -0.9655 -0.1914
vn 0.0609 -0.9960 -0.0661
vn 0.0600 -0.9961 -0.0653
vn -0.0608 -0.9960 0.0662
vn -0.0600 -0.9961 0.0653
vn -0.1784 -0.9646 0.1942
vn -0.1761 -0.9655 0.1920
vn -0.2896 -0.9034 0.3163
vn -0.2867 -0.9056 0.3126
vn -0.3931 -0.8131 0.4293
vn -0.3894 -0.8168 0.4257
vn -0.4818 -0.6998 0.5274
vn -0.4789 -0.7047 0.5236
vn -0.5558 -0.5665 0.6084
vn -0.5531 -0.5717 0.6060
vn -0.6132 -0.4147 0.6723
vn -0.6120 -0.4194 0.6705
vn -0.6518 -0.2539 0.7146
vn -0.6510 -0.2572 0.7141
vn -0.6711 -0.0863 0.7363
vn -0.6711 -0.0875 0.7362
vn -0.6711 0.0864 0.7363
vn -0.6711 0.0875 0.7362
vn -0.6518 0.2538 0.7147
vn -0.6511 0.2572 0.7141
vn -0.6132 0.4148 0.6723
vn -0.6120 0.4194 0.6705
vn -0.5558 0.5665 0.6084
vn -0.5531 0.5717 0.6060
vn -0.4818 0.6999 0.5274
vn -0.4788 0.7047 0.5236
vn -0.3931 0.8131 0.4293
vn -0.3894 0.8168 0.4258
vn -0.2896 0.9034 0.3163
vn -0.2867 0.9056 0.3126
vn -0.1784 0.9646 0.1942
vn -0.1760 0.9655 0.1920
vn -0.0608 0.9960 0.0662
vn -0.0600 0.9961 0.0653
vn 0.0609 0.9960 -0.0661
vn 0.0600 0.9961 -0.0653
vn 0.1786 0.9646 -0.1939
vn 0.1766 0.9655 -0.1914
vn 0.2909 0.9035 -0.3148
vn 0.2876 0.9056 -0.3117
vn 0.3949 0.8132 -0.4274
vn 0.3917 0.8168 -0.4235
vn 0.4851 0.7001 -0.5239
vn 0.4818 0.7047 -0.5208
vn 0.5598 0.5668 -0.6045
vn 0.5577 0.5718 -0.6017
vn 0.6187 0.4150 -0.6671
vn 0.6171 0.4194 -0.6658
vn 0.6577 0.2542 -0.7091
vn 0.6572 0.2572 -0.7084
vn 0.6776 0.0864 -0.7303
vn 0.6775 0.0875 -0.7303
vn 0.6286 -0.0871 -0.7728
vn 0.6286 -0.0879 -0.7727
vn 0.6099 -0.2563 -0.7499
vn 0.6095 -0.2584 -0.7495
vn 0.5730 -0.4181 -0.7049
vn 0.5722 -0.4212 -0.7037
vn 0.5182 -0.5702 -0.6375
vn 0.5165 -0.5737 -0.6357
vn 0.4481 -0.7033 -0.5519
vn 0.4463 -0.7065 -0.5493
vn 0.3646 -0.8157 -0.4491
vn 0.3623 -0.8181 -0.4465
vn 0.2680 -0.9050 -0.3305
vn 0.2661 -0.9064 -0.3280
vn 0.1646 -0.9652 -0.2031
vn 0.1632 -0.9658 -0.2014
vn 0.0560 -0.9960 -0.0692
vn 0.0555 -0.9961 -0.0686
vn -0.0560 -0.9960 0.0692
vn -0.0555 -0.9961 0.0686
vn -0.1643 -0.9652 0.2034
vn -0.1630 -0.9658 0.2016
vn -0.2674 -0.9049 0.3311
vn -0.2653 -0.9064 0.3287
vn -0.3632 -0.8156 0.4504
vn -0.3611 -0.8181 0.4475
vn -0.4463 -0.7032 0.5535
vn -0.4441 -0.7065 0.5511
vn -0.5153 -0.5701 0.6398
vn -0.5139 -0.5737 0.6378
vn -0.5699 -0.4179 0.7076
vn -0.5688 -0.4212 0.7065
vn -0.6061 -0.2562 0.7530
vn -0.6058 -0.2583 0.7525
vn -0.6246 -0.0871 0.7761
vn -0.6245 -0.0879 0.7760
vn -0.6246 0.0872 0.7761
vn -0.6245 0.0879 0.7760
vn -0.6061 0.2561 0.7530
vn -0.6058 0.2584 0.7525
vn -0.5698 0.4180 0.7075
vn -0.5688 0.4212 0.7065
vn -0.5154 0.5701 0.6399
vn -0.5140 0.5737 0.6378
vn -0.4463 0.7032 0.5535
vn -0.4441 0.7065 0.5511
vn -0.3632 0.8156 0.4504
vn -0.3611 0.8181 0.4475
vn -0.2674 0.9049 0.3311
vn -0.2653 0.9064 0.3287
vn -0.1643 0.9652 0.2034
vn -0.1630 0.9658 0.2016
vn -0.0560 0.9960 0.0692
vn -0.0555 0.9961 0.0686
vn 0.0560 0.9960 -0.0692
vn 0.0555 0.9961 -0.0686
vn 0.1646 0.9652 -0.2031
vn 0.1632 0.9658 -0.2014
vn 0.2680 0.9050 -0.3305
vn 0.2661 0.9064 -0.3280
vn 0.3646 0.8157 -0.4491
vn 0.3623 0.8181 -0.4465
vn 0.4481 0.7033 -0.5519
vn 0.4463 0.7065 -0.5493
vn 0.5182 0.5703 -0.6374
vn 0.5165 0.5737 -0.6357
vn 0.5730 0.4181 -0.7049
vn 0.5722 0.4211 -0.7037
vn 0.6099 0.2563 -0.7499
vn 0.6095 0.2585 -0.7495
vn 0.6286 0.0872 -0.7728
vn 0.6286 0.0879 -0.7728
vn 0.5891 -0.0878 -0.8033
vn 0.5891 -0.0881 -0.8033
vn 0.5713 -0.2580 -0.7791
vn 0.5712 -0.2588 -0.7789
vn 0.5365 -0.4206 -0.7316
vn 0.5361 -0.4217 -0.7313
vn 0.4846 -0.5730 -0.6610
vn 0.4841 -0.5743 -0.6602
vn 0.4188 -0.7058 -0.5713
vn 0.4180 -0.7071 -0.5704
vn 0.3403 -0.8177 -0.4644
vn 0.3396 -0.8186 -0.4633
vn 0.2500 -0.9061 -0.3412
vn 0.2493 -0.9067 -0.3403
vn 0.1534 -0.9657 -0.2095
vn 0.1530 -0.9659 -0.2088
vn 0.0522 -0.9961 -0.0713
vn 0.0520 -0.9961 -0.0711
vn -0.0522 -0.9961 0.0713
vn -0.0520 -0.9961 0.0711
vn -0.1534 -0.9657 0.2095
vn -0.1529 -0.9659 0.2089
vn -0.2497 -0.9061 0.3414
vn -0.2491 -0.9067 0.3404
vn -0.3399 -0.8176 0.4647
vn -0.3391 -0.8186 0.4637
vn -0.4181 -0.7058 0.5718
vn -0.4174 -0.7071 0.5708
vn -0.4837 -0.5730 0.6616
vn -0.4831 -0.5743 0.6609
vn -0.5354 -0.4205 0.7325
vn -0.5351 -0.4217 0.7320
vn -0.5701 -0.2579 0.7800
vn -0.5699 -0.2588 0.7799
vn -0.5878 -0.0878 0.8043
vn -0.5877 -0.0880 0.8042
vn -0.5878 0.0878 0.8043
vn -0.5877 0.0881 0.8042
vn -0.5701 0.2579 0.7800
vn -0.5699 0.2588 0.7799
vn -0.5353 0.4206 0.7325
vn -0.5351 0.4217 0.7320
vn -0.4837 0.5729 0.6616
vn -0.4831 0.5743 0.6609
vn -0.4181 0.7058 0.5719
vn -0.4174 0.7070 0.5708
vn -0.3399 0.8177 0.4647
vn -0.3391 0.8186 0.4637
vn -0.2497 0.9061 0.3414
vn -0.2491 0.9067 0.3404
vn -0.1534 0.9657 0.2095
vn -0.1529 0.9659 0.2089
vn -0.0522 0.9961 0.0713
vn -0.0520 0.9961 0.0711
vn 0.0522 0.9961 -0.0713
vn 0.0520 0.9961 -0.0711
vn 0.1534 0.9657 -0.2095
vn 0.1530 0.9659 -0.2088
vn 0.2500 0.9061 -0.3412
vn 0.2493 0.9067 -0.3403
vn 0.3403 0.8177 -0.4644
vn 0.3396 0.8186 -0.4633
vn 0.4188 0.7059 -0.5713
vn 0.4180 0.7070 -0.5704
vn 0.4845 0.5730 -0.6610
vn 0.4841 0.5743 -0.6602
vn 0.5365 0.4205 -0.7317
vn 0.5361 0.4217 -0.7313
vn 0.5713 0.2580 -0.7791
vn 0.5712 0.2588 -0.7789
vn 0.5891 0.0878 -0.8033
vn 0.5891 0.0881 -0.8033
vn 0.2423 -0.5956 0.7659
vn 0.2425 -0.5955 0.7659
vn 0.0850 -0.6642 0.7427
vn 0.0855 -0.6640 0.7428
vn -0.0749 -0.7128 0.6973
vn -0.0740 -0.7126 0.6976
vn -0.2352 -0.7404 0.6297
vn -0.2341 -0.7402 0.6303
vn -0.3858 -0.7450 0.5441
vn -0.3848 -0.7451 0.5448
vn -0.5249 -0.7274 0.4421
vn -0.5241 -0.7275 0.4428
vn -0.6501 -0.6869 0.3248
vn -0.6495 -0.6872 0.3254
vn -0.7536 -0.6263 0.1993
vn -0.7533 -0.6266 0.1998
vn -0.8345 -0.5468 0.0679
vn -0.8344 -0.5470 0.0680
vn -0.8908 -0.4493 -0.0678
vn -0.8909 -0.4491 -0.0680
vn -0.9192 -0.3396 -0.1994
vn -0.9192 -0.3392 -0.1999
vn -0.9199 -0.2198 -0.3249
vn -0.9197 -0.2191 -0.3257
vn -0.8921 -0.0914 -0.4425
vn -0.8919 -0.0904 -0.4432
vn -0.8378 0.0378 -0.5446
vn -0.8373 0.0387 -0.5454
vn -0.7583 0.1657 -0.6305
vn -0.7577 0.1667 -0.6310
vn -0.6543 0.2906 -0.6982
vn -0.6536 0.2912 -0.6986
vn -0.5321 0.4046 -0.7438
vn -0.5316 0.4050 -0.7439
vn -0.3940 0.5065 -0.7670
vn -0.3938 0.5066 -0.7670
vn -0.2416 0.5944 -0.7670
vn -0.2418 0.5944 -0.7670
vn -0.0843 0.6631 -0.7438
vn -0.0850 0.6629 -0.7439
vn 0.0755 0.7119 -0.6982
vn 0.0746 0.7116 -0.6986
vn 0.2356 0.7395 -0.6305
vn 0.2345 0.7395 -0.6310
vn 0.3862 0.7445 -0.5446
vn 0.3851 0.7445 -0.5454
vn 0.5251 0.7269 -0.4425
vn 0.5242 0.7272 -0.4432
vn 0.6503 0.6867 -0.3249
vn 0.6496 0.6870 -0.3257
vn 0.7537 0.6262 -0.1994
vn 0.7533 0.6265 -0.1999
vn 0.8345 0.5468 -0.0679
vn 0.8344 0.5469 -0.0680
vn 0.8908 0.4492 0.0678
vn 0.8909 0.4491 0.0680
vn 0.9192 0.3395 0.1993
vn 0.9193 0.3391 0.1998
vn 0.9199 0.2196 0.3248
vn 0.9199 0.2188 0.3254
vn 0.8924 0.0909 0.4421
vn 0.8921 0.0901 0.4428
vn 0.8381 -0.0384 0.5441
vn 0.8377 -0.0394 0.5448
vn 0.7587 -0.1666 0.6297
vn 0.7581 -0.1674 0.6303
vn 0.6548 -0.2915 0.6974
vn 0.6542 -0.2922 0.6976
vn 0.5327 -0.4057 0.7427
vn 0.5323 -0.4060 0.7428
vn 0.3947 -0.5076 0.7659
vn 0.3945 -0.5078 0.7659
vn 0.2837 -0.6673 0.6887
vn 0.2842 -0.6670 0.6887
vn 0.1252 -0.7336 0.6679
vn 0.1267 -0.7332 0.6681
vn -0.0370 -0.7780 0.6271
vn -0.0350 -0.7775 0.6279
vn -0.2010 -0.7991 0.5666
vn -0.1984 -0.7991 0.5676
vn -0.3562 -0.7959 0.4896
vn -0.3537 -0.7960 0.4912
vn -0.5010 -0.7685 0.3980
vn -0.4987 -0.7692 0.3995
vn -0.6325 -0.7172 0.2924
vn -0.6309 -0.7180 0.2940
vn -0.7429 -0.6448 0.1796
vn -0.7420 -0.6456 0.1805
vn -0.8308 -0.5532 0.0611
vn -0.8306 -0.5535 0.0615
vn -0.8944 -0.4430 -0.0612
vn -0.8946 -0.4426 -0.0615
vn -0.9298 -0.3211 -0.1797
vn -0.9300 -0.3200 -0.1809
vn -0.9371 -0.1898 -0.2931
vn -0.9370 -0.1878 -0.2945
vn -0.9155 -0.0505 -0.3990
vn -0.9149 -0.0482 -0.4009
vn -0.8665 0.0878 -0.4914
vn -0.8654 0.0905 -0.4928
vn -0.7915 0.2236 -0.5688
vn -0.7899 0.2258 -0.5702
vn -0.6909 0.3544 -0.6301
vn -0.6894 0.3562 -0.6307
vn -0.5712 0.4726 -0.6712
vn -0.5700 0.4735 -0.6715
vn -0.4344 0.5764 -0.6922
vn -0.4339 0.5768 -0.6922
vn -0.2820 0.6644 -0.6922
vn -0.2826 0.6641 -0.6922
vn -0.1236 0.7309 -0.6711
vn -0.1251 0.7304 -0.6715
vn 0.0386 0.7755 -0.6301
vn 0.0362 0.7752 -0.6307
vn 0.2021 0.7973 -0.5688
vn 0.1994 0.7970 -0.5702
vn 0.3572 0.7943 -0.4914
vn 0.3544 0.7947 -0.4929
vn 0.5015 0.7677 -0.3990
vn 0.4992 0.7682 -0.4009
vn 0.6329 0.7166 -0.2931
vn 0.6312 0.7176 -0.2945
vn 0.7430 0.6447 -0.1798
vn 0.7421 0.6454 -0.1809
vn 0.8309 0.5531 -0.0612
vn 0.8306 0.5535 -0.0615
vn 0.8945 0.4429 0.0611
vn 0.8946 0.4426 0.0615
vn 0.9299 0.3210 0.1796
vn 0.9301 0.3198 0.1806
vn 0.9374 0.1892 0.2924
vn 0.9373 0.1874 0.2940
vn 0.9160 0.0496 0.3980
vn 0.9155 0.0472 0.3995
vn 0.8674 -0.0894 0.4896
vn 0.8662 -0.0917 0.4912
vn 0.7925 -0.2255 0.5666
vn 0.7912 -0.2278 0.5676
vn 0.6923 -0.3569 0.6272
vn 0.6908 -0.3584 0.6279
vn 0.5728 -0.4752 0.6679
vn 0.5716 -0.4763 0.6681
vn 0.4360 -0.5793 0.6887
vn 0.4356 -0.5796 0.6887
vn 0.3237 -0.7358 0.5949
vn 0.3243 -0.7355 0.5949
vn 0.1647 -0.8000 0.5770
vn 0.1664 -0.7993 0.5774
vn 0.0004 -0.8402 0.5423
vn 0.0033 -0.8398 0.5428
vn -0.1667 -0.8556 0.4900
vn -0.1633 -0.8554 0.4915
vn -0.3265 -0.8447 0.4241
vn -0.3228 -0.8454 0.4255
vn -0.4766 -0.8087 0.3448
vn -0.4735 -0.8096 0.3468
vn -0.6147 -0.7468 0.2538
vn -0.6124 -0.7482 0.2552
vn -0.7320 -0.6632 0.1558
vn -0.7308 -0.6642 0.1571
vn -0.8272 -0.5594 0.0531
vn -0.8268 -0.5599 0.0535
vn -0.8981 -0.4367 -0.0531
vn -0.8983 -0.4361 -0.0536
vn -0.9402 -0.3027 -0.1563
vn -0.9406 -0.3009 -0.1574
vn -0.9538 -0.1596 -0.2546
vn -0.9537 -0.1570 -0.2565
vn -0.9379 -0.0098 -0.3468
vn -0.9373 -0.0062 -0.3485
vn -0.8939 0.1379 -0.4266
vn -0.8923 0.1413 -0.4287
vn -0.8229 0.2809 -0.4940
vn -0.8210 0.2842 -0.4951
vn -0.7259 0.4175 -0.5466
vn -0.7238 0.4198 -0.5477
vn -0.6086 0.5390 -0.5823
vn -0.6070 0.5405 -0.5826
vn -0.4733 0.6446 -0.6004
vn -0.4727 0.6450 -0.6005
vn -0.3216 0.7322 -0.6004
vn -0.3222 0.7319 -0.6005
vn -0.1625 0.7965 -0.5823
vn -0.1646 0.7960 -0.5826
vn 0.0014 0.8374 -0.5467
vn -0.0017 0.8367 -0.5477
vn 0.1682 0.8531 -0.4940
vn 0.1644 0.8532 -0.4951
vn 0.3275 0.8431 -0.4266
vn 0.3238 0.8434 -0.4286
vn 0.4774 0.8073 -0.3468
vn 0.4740 0.8086 -0.3485
vn 0.6151 0.7462 -0.2545
vn 0.6128 0.7474 -0.2565
vn 0.7322 0.6629 -0.1563
vn 0.7309 0.6641 -0.1574
vn 0.8272 0.5594 -0.0531
vn 0.8269 0.5599 -0.0536
vn 0.8981 0.4366 0.0531
vn 0.8983 0.4361 0.0535
vn 0.9404 0.3023 0.1558
vn 0.9407 0.3008 0.1571
vn 0.9541 0.1590 0.2538
vn 0.9542 0.1563 0.2552
vn 0.9386 0.0084 0.3448
vn 0.9379 0.0053 0.3468
vn 0.8948 -0.1396 0.4241
vn 0.8936 -0.1432 0.4255
vn 0.8243 -0.2835 0.4900
vn 0.8225 -0.2863 0.4915
vn 0.7275 -0.4204 0.5423
vn 0.7257 -0.4227 0.5428
vn 0.6105 -0.5425 0.5770
vn 0.6090 -0.5437 0.5774
vn 0.4754 -0.6482 0.5949
vn 0.4748 -0.6486 0.5949
vn 0.3594 -0.7964 0.4865
vn 0.3599 -0.7961 0.4866
vn 0.2002 -0.8584 0.4723
vn 0.2022 -0.8579 0.4724
vn 0.0350 -0.8954 0.4439
vn 0.0379 -0.8948 0.4448
vn -0.1347 -0.9057 0.4020
vn -0.1310 -0.9059 0.4028
vn -0.2982 -0.8888 0.3480
vn -0.2945 -0.8894 0.3497
vn -0.4535 -0.8449 0.2838
vn -0.4501 -0.8463 0.2850
vn -0.5977 -0.7741 0.2088
vn -0.5953 -0.7755 0.2104
vn -0.7218 -0.6801 0.1286
vn -0.7203 -0.6815 0.1294
vn -0.8237 -0.5653 0.0438
vn -0.8234 -0.5658 0.0442
vn -0.9014 -0.4308 -0.0439
vn -0.9017 -0.4301 -0.0442
vn -0.9498 -0.2852 -0.1289
vn -0.9502 -0.2834 -0.1301
vn -0.9688 -0.1314 -0.2102
vn -0.9689 -0.1282 -0.2115
vn -0.9579 0.0286 -0.2857
vn -0.9572 0.0322 -0.2877
vn -0.9178 0.1842 -0.3517
vn -0.9165 0.1883 -0.3529
vn -0.8505 0.3340 -0.4063
vn -0.8485 0.3374 -0.4078
vn -0.7564 0.4750 -0.4497
vn -0.7544 0.4777 -0.4502
vn -0.6416 0.5995 -0.4785
vn -0.6399 0.6010 -0.4789
vn -0.5081 0.7060 -0.4933
vn -0.5076 0.7065 -0.4933
vn -0.3574 0.7931 -0.4933
vn -0.3581 0.7928 -0.4933
vn -0.1984 0.8554 -0.4785
vn -0.2004 0.8547 -0.4789
vn -0.0332 0.8925 -0.4497
vn -0.0365 0.8922 -0.4502
vn 0.1360 0.9036 -0.4063
vn 0.1321 0.9035 -0.4078
vn 0.2994 0.8870 -0.3517
vn 0.2952 0.8879 -0.3529
vn 0.4542 0.8439 -0.2857
vn 0.4507 0.8451 -0.2877
vn 0.5982 0.7733 -0.2102
vn 0.5955 0.7750 -0.2114
vn 0.7218 0.6800 -0.1289
vn 0.7205 0.6812 -0.1301
vn 0.8238 0.5652 -0.0439
vn 0.8234 0.5658 -0.0442
vn 0.9014 0.4307 0.0438
vn 0.9017 0.4302 0.0442
vn 0.9499 0.2850 0.1286
vn 0.9503 0.2831 0.1294
vn 0.9692 0.1306 0.2088
vn 0.9692 0.1278 0.2104
vn 0.9584 -0.0297 0.2838
vn 0.9579 -0.0333 0.2850
vn 0.9188 -0.1862 0.3480
vn 0.9175 -0.1897 0.3497
vn 0.8517 -0.3362 0.4020
vn 0.8500 -0.3396 0.4028
vn 0.7579 -0.4780 0.4439
vn 0.7560 -0.4802 0.4448
vn 0.6433 -0.6026 0.4723
vn 0.6418 -0.6041 0.4724
vn 0.5100 -0.7094 0.4865
vn 0.5095 -0.7097 0.4866
vn 0.3881 -0.8446 0.3687
vn 0.3887 -0.8444 0.3686
vn 0.2298 -0.9050 0.3580
vn 0.2314 -0.9045 0.3583
vn 0.0640 -0.9393 0.3371
vn 0.0667 -0.9390 0.3373
vn -0.1071 -0.9462 0.3054
vn -0.1039 -0.9462 0.3063
vn -0.2737 -0.9245 0.2653
vn -0.2703 -0.9253 0.2659
vn -0.4332 -0.8750 0.2163
vn -0.4302 -0.8761 0.2176
vn -0.5828 -0.7967 0.1598
vn -0.5806 -0.7982 0.1605
vn -0.7127 -0.6946 0.0983
vn -0.7114 -0.6957 0.0991
vn -0.8208 -0.5703 0.0336
vn -0.8204 -0.5708 0.0338
vn -0.9043 -0.4257 -0.0336
vn -0.9045 -0.4251 -0.0339
vn -0.9577 -0.2701 -0.0989
vn -0.9582 -0.2684 -0.0994
vn -0.9812 -0.1068 -0.1607
vn -0.9813 -0.1041 -0.1620
vn -0.9738 0.0613 -0.2188
vn -0.9734 0.0649 -0.2196
vn -0.9369 0.2239 -0.2683
vn -0.9357 0.2274 -0.2697
vn -0.8721 0.3785 -0.3102
vn -0.8705 0.3817 -0.3107
vn -0.7805 0.5231 -0.3425
vn -0.7786 0.5253 -0.3432
vn -0.6677 0.6492 -0.3644
vn -0.6663 0.6505 -0.3644
vn -0.5362 0.7561 -0.3753
vn -0.5356 0.7565 -0.3754
vn -0.3868 0.8423 -0.3753
vn -0.3874 0.8420 -0.3754
vn -0.2283 0.9028 -0.3644
vn -0.2302 0.9023 -0.3644
vn -0.0628 0.9374 -0.3425
vn -0.0656 0.9370 -0.3432
vn 0.1083 0.9445 -0.3102
vn 0.1047 0.9447 -0.3107
vn 0.2745 0.9234 -0.2683
vn 0.2709 0.9241 -0.2697
vn 0.4338 0.8741 -0.2188
vn 0.4305 0.8755 -0.2196
vn 0.5831 0.7963 -0.1607
vn 0.5808 0.7978 -0.1620
vn 0.7128 0.6943 -0.0989
vn 0.7115 0.6956 -0.0994
vn 0.8208 0.5703 -0.0336
vn 0.8204 0.5708 -0.0339
vn 0.9043 0.4257 0.0336
vn 0.9045 0.4251 0.0338
vn 0.9579 0.2699 0.0983
vn 0.9582 0.2682 0.0991
vn 0.9814 0.1064 0.1598
vn 0.9816 0.1037 0.1605
vn 0.9743 -0.0623 0.2163
vn 0.9738 -0.0655 0.2176
vn 0.9375 -0.2252 0.2653
vn 0.9365 -0.2286 0.2659
vn 0.8730 -0.3803 0.3054
vn 0.8714 -0.3831 0.3064
vn 0.7815 -0.5250 0.3371
vn 0.7799 -0.5273 0.3373
vn 0.6688 -0.6515 0.3580
vn 0.6676 -0.6526 0.3582
vn 0.5374 -0.7585 0.3687
vn 0.5369 -0.7588 0.3686
vn 0.4086 -0.8783 0.2482
vn 0.4090 -0.8781 0.2482
vn 0.2512 -0.9374 0.2413
vn 0.2525 -0.9371 0.2412
vn 0.0859 -0.9700 0.2273
vn 0.0878 -0.9698 0.2276
vn -0.0861 -0.9746 0.2065
vn -0.0837 -0.9748 0.2067
vn -0.2546 -0.9503 0.1794
vn -0.2521 -0.9508 0.1801
vn -0.4172 -0.8968 0.1469
vn -0.4149 -0.8979 0.1472
vn -0.5710 -0.8138 0.1084
vn -0.5693 -0.8149 0.1091
vn -0.7056 -0.7054 0.0670
vn -0.7046 -0.7064 0.0672
vn -0.8184 -0.5741 0.0228
vn -0.8182 -0.5745 0.0230
vn -0.9064 -0.4217 -0.0229
vn -0.9066 -0.4213 -0.0230
vn -0.9637 -0.2584 -0.0672
vn -0.9640 -0.2571 -0.0677
vn -0.9901 -0.0880 -0.1096
vn -0.9902 -0.0858 -0.1099
vn -0.9851 0.0866 -0.1485
vn -0.9848 0.0892 -0.1493
vn -0.9499 0.2538 -0.1824
vn -0.9491 0.2566 -0.1826
vn -0.8867 0.4118 -0.2100
vn -0.8855 0.4142 -0.2106
vn -0.7966 0.5582 -0.2320
vn -0.7954 0.5600 -0.2320
vn -0.6856 0.6851 -0.2463
vn -0.6846 0.6860 -0.2465
vn -0.5557 0.7917 -0.2537
vn -0.5553 0.7920 -0.2536
vn -0.4078 0.8771 -0.2537
vn -0.4083 0.8769 -0.2537
vn -0.2505 0.9363 -0.2463
vn -0.2518 0.9359 -0.2465
vn -0.0851 0.9690 -0.2320
vn -0.0873 0.9688 -0.2320
vn 0.0868 0.9738 -0.2100
vn 0.0841 0.9739 -0.2106
vn 0.2552 0.9495 -0.1824
vn 0.2523 0.9502 -0.1826
vn 0.4176 0.8964 -0.1485
vn 0.4151 0.8974 -0.1493
vn 0.5712 0.8134 -0.1096
vn 0.5694 0.8147 -0.1099
vn 0.7056 0.7054 -0.0672
vn 0.7047 0.7063 -0.0677
vn 0.8185 0.5741 -0.0229
vn 0.8181 0.5746 -0.0230
vn 0.9064 0.4217 0.0228
vn 0.9066 0.4213 0.0230
vn 0.9637 0.2583 0.0670
vn 0.9641 0.2570 0.0672
vn 0.9902 0.0876 0.1084
vn 0.9903 0.0856 0.1091
vn 0.9853 -0.0871 0.1469
vn 0.9850 -0.0896 0.1472
vn 0.9502 -0.2547 0.1794
vn 0.9495 -0.2571 0.1801
vn 0.8871 -0.4127 0.2065
vn 0.8861 -0.4149 0.2067
vn 0.7972 -0.5594 0.2273
vn 0.7960 -0.5609 0.2276
vn 0.6862 -0.6863 0.2413
vn 0.6853 -0.6872 0.2412
vn 0.5564 -0.7930 0.2482
vn 0.5560 -0.7933 0.2482
vn 0.4206 -0.8975 0.1323
vn 0.4209 -0.8974 0.1323
vn 0.2644 -0.9558 0.1286
vn 0.2651 -0.9556 0.1287
vn 0.0997 -0.9876 0.1215
vn 0.1009 -0.9875 0.1214
vn -0.0724 -0.9913 0.1103
vn -0.0709 -0.9913 0.1106
vn -0.2419 -0.9655 0.0963
vn -0.2403 -0.9659 0.0963
vn -0.4065 -0.9103 0.0787
vn -0.4051 -0.9109 0.0790
vn -0.5630 -0.8244 0.0584
vn -0.5619 -0.8251 0.0585
vn -0.7008 -0.7125 0.0360
vn -0.7002 -0.7130 0.0362
vn -0.8169 -0.5767 0.0123
vn -0.8167 -0.5769 0.0124
vn -0.9078 -0.4191 -0.0123
vn -0.9080 -0.4188 -0.0124
vn -0.9674 -0.2508 -0.0363
vn -0.9676 -0.2499 -0.0364
vn -0.9954 -0.0755 -0.0589
vn -0.9955 -0.0742 -0.0592
vn -0.9915 0.1029 -0.0801
vn -0.9913 0.1046 -0.0801
vn -0.9570 0.2730 -0.0979
vn -0.9565 0.2746 -0.0982
vn -0.8945 0.4325 -0.1129
vn -0.8938 0.4341 -0.1129
vn -0.8053 0.5797 -0.1243
vn -0.8045 0.5807 -0.1245
vn -0.6954 0.7064 -0.1321
vn -0.6947 0.7070 -0.1320
vn -0.5668 0.8126 -0.1359
vn -0.5665 0.8128 -0.1359
vn -0.4203 0.8971 -0.1359
vn -0.4206 0.8970 -0.1359
vn -0.2641 0.9554 -0.1321
vn -0.2649 0.9552 -0.1320
vn -0.0994 0.9873 -0.1243
vn -0.1007 0.9871 -0.1245
vn 0.0727 0.9909 -0.1129
vn 0.0710 0.9911 -0.1129
vn 0.2421 0.9653 -0.0979
vn 0.2404 0.9657 -0.0982
vn 0.4066 0.9101 -0.0801
vn 0.4051 0.9108 -0.0801
vn 0.5631 0.8243 -0.0589
vn 0.5620 0.8250 -0.0592
vn 0.7009 0.7124 -0.0363
vn 0.7002 0.7130 -0.0364
vn 0.8169 0.5767 -0.0123
vn 0.8167 0.5769 -0.0124
vn 0.9078 0.4191 0.0123
vn 0.9080 0.4188 0.0124
vn 0.9674 0.2507 0.0360
vn 0.9676 0.2498 0.0362
vn 0.9954 0.0754 0.0584
vn 0.9955 0.0741 0.0585
vn 0.9915 -0.1031 0.0787
vn 0.9914 -0.1047 0.0791
vn 0.9571 -0.2733 0.0962
vn 0.9567 -0.2748 0.0963
vn 0.8946 -0.4329 0.1104
vn 0.8940 -0.4343 0.1106
vn 0.8055 -0.5801 0.1215
vn 0.8047 -0.5811 0.1214
vn 0.6955 -0.7069 0.1286
vn 0.6950 -0.7074 0.1287
vn 0.5670 -0.8130 0.1323
vn 0.5668 -0.8132 0.1323
vn 0.4254 -0.9046 0.0267
vn 0.4255 -0.9046 0.0267
vn 0.2701 -0.9625 0.0260
vn 0.2704 -0.9624 0.0260
vn 0.1061 -0.9941 0.0246
vn 0.1066 -0.9940 0.0246
vn -0.0657 -0.9976 0.0225
vn -0.0650 -0.9976 0.0224
vn -0.2355 -0.9717 0.0196
vn -0.2348 -0.9719 0.0196
vn -0.4010 -0.9159 0.0161
vn -0.4003 -0.9162 0.0161
vn -0.5589 -0.8291 0.0119
vn -0.5584 -0.8295 0.0120
vn -0.6984 -0.7157 0.0074
vn -0.6981 -0.7160 0.0074
vn -0.8161 -0.5779 0.0025
vn -0.8161 -0.5780 0.0026
vn -0.9085 -0.4179 -0.0026
vn -0.9086 -0.4177 -0.0026
vn -0.9690 -0.2470 -0.0075
vn -0.9691 -0.2466 -0.0076
vn -0.9975 -0.0695 -0.0123
vn -0.9976 -0.0689 -0.0123
vn -0.9937 0.1107 -0.0166
vn -0.9936 0.1114 -0.0167
vn -0.9593 0.2818 -0.0205
vn -0.9590 0.2826 -0.0204
vn -0.8968 0.4418 -0.0235
vn -0.8964 0.4425 -0.0236
vn -0.8079 0.5888 -0.0260
vn -0.8075 0.5893 -0.0260
vn -0.6985 0.7151 -0.0276
vn -0.6982 0.7154 -0.0276
vn -0.5708 0.8206 -0.0284
vn -0.5707 0.8207 -0.0284
vn -0.4253 0.9046 -0.0284
vn -0.4254 0.9045 -0.0284
vn -0.2700 0.9625 -0.0276
vn -0.2704 0.9623 -0.0276
vn -0.1060 0.9940 -0.0260
vn -0.1066 0.9940 -0.0260
vn 0.0658 0.9976 -0.0235
vn 0.0650 0.9976 -0.0236
vn 0.2356 0.9716 -0.0205
vn 0.2348 0.9718 -0.0204
vn 0.4010 0.9159 -0.0166
vn 0.4003 0.9162 -0.0167
vn 0.5590 0.8291 -0.0123
vn 0.5584 0.8295 -0.0123
vn 0.6984 0.7157 -0.0075
vn 0.6981 0.7160 -0.0076
vn 0.8161 0.5779 -0.0026
vn 0.8161 0.5780 -0.0026
vn 0.9085 0.4179 0.0025
vn 0.9086 0.4177 0.0026
vn 0.9690 0.2469 0.0074
vn 0.9691 0.2466 0.0074
vn 0.9975 0.0695 0.0119
vn 0.9976 0.0689 0.0120
vn 0.9937 -0.1107 0.0161
vn 0.9936 -0.1115 0.0161
vn 0.9593 -0.2818 0.0196
vn 0.9590 -0.2826 0.0196
vn 0.8968 -0.4419 0.0225
vn 0.8965 -0.4425 0.0224
vn 0.8078 -0.5889 0.0246
vn 0.8075 -0.5893 0.0246
vn 0.6985 -0.7151 0.0260
vn 0.6983 -0.7154 0.0260
vn 0.5708 -0.8207 0.0267
vn 0.5706 -0.8208 0.0267
vn 0.4247 -0.9030 -0.0651
vn 0.4248 -0.9030 -0.0651
vn 0.2700 -0.9608 -0.0633
vn 0.2701 -0.9608 -0.0633
vn 0.1065 -0.9925 -0.0597
vn 0.1066 -0.9925 -0.0597
vn -0.0650 -0.9964 -0.0543
vn -0.0648 -0.9964 -0.0543
vn -0.2346 -0.9709 -0.0473
vn -0.2343 -0.9710 -0.0473
vn -0.4001 -0.9157 -0.0388
vn -0.3999 -0.9158 -0.0387
vn -0.5582 -0.8292 -0.0287
vn -0.5581 -0.8293 -0.0287
vn -0.6980 -0.7159 -0.0177
vn -0.6979 -0.7160 -0.0177
vn -0.8160 -0.5780 -0.0060
vn -0.9085 -0.4177 0.0060
vn -0.9086 -0.4177 0.0060
vn -0.9690 -0.2465 0.0176
vn -0.9690 -0.2464 0.0177
vn -0.9972 -0.0688 0.0286
vn -0.9972 -0.0687 0.0286
vn -0.9930 0.1113 0.0385
vn -0.9930 0.1116 0.0386
vn -0.9582 0.2824 0.0470
vn -0.9581 0.2826 0.0470
vn -0.8954 0.4420 0.0539
vn -0.8953 0.4422 0.0540
vn -0.8064 0.5884 0.0593
vn -0.8063 0.5886 0.0593
vn -0.6971 0.7143 0.0628
vn -0.6970 0.7143 0.0628
vn -0.5697 0.8193 0.0645
vn -0.5696 0.8194 0.0645
vn -0.4247 0.9030 0.0645
vn -0.4248 0.9030 0.0645
vn -0.2700 0.9608 0.0628
vn -0.2701 0.9608 0.0628
vn -0.1064 0.9926 0.0593
vn -0.1066 0.9925 0.0592
vn 0.0649 0.9964 0.0539
vn 0.0647 0.9964 0.0540
vn 0.2346 0.9710 0.0470
vn 0.2343 0.9710 0.0470
vn 0.4001 0.9157 0.0385
vn 0.3998 0.9158 0.0386
vn 0.5583 0.8292 0.0286
vn 0.5581 0.8293 0.0286
vn 0.6980 0.7159 0.0176
vn 0.6979 0.7160 0.0177
vn 0.8160 0.5780 0.0060
vn 0.9086 0.4177 -0.0060
vn 0.9690 0.2465 -0.0177
vn 0.9690 0.2464 -0.0177
vn 0.9972 0.0689 -0.0287
vn 0.9972 0.0687 -0.0287
vn 0.9930 -0.1114 -0.0388
vn 0.9930 -0.1116 -0.0387
vn 0.9582 -0.2823 -0.0473
vn 0.9581 -0.2826 -0.0473
vn 0.8954 -0.4420 -0.0543
vn 0.8953 -0.4421 -0.0543
vn 0.8063 -0.5884 -0.0597
vn 0.8062 -0.5886 -0.0597
vn 0.6971 -0.7142 -0.0633
vn 0.6970 -0.7143 -0.0633
vn 0.5696 -0.8193 -0.0651
vn 0.4202 -0.8951 -0.1494
vn 0.4201 -0.8951 -0.1494
vn 0.2656 -0.9531 -0.1453
vn 0.2655 -0.9531 -0.1453
vn 0.1023 -0.9853 -0.1372
vn 0.1022 -0.9853 -0.1372
vn -0.0687 -0.9898 -0.1248
vn -0.0688 -0.9898 -0.1248
vn -0.2378 -0.9652 -0.1088
vn -0.2380 -0.9652 -0.1088
vn -0.4028 -0.9110 -0.0892
vn -0.4029 -0.9109 -0.0891
vn -0.5602 -0.8257 -0.0660
vn -0.5603 -0.8257 -0.0660
vn -0.6992 -0.7137 -0.0408
vn -0.6993 -0.7137 -0.0407
vn -0.8165 -0.5772 -0.0139
vn -0.9081 -0.4184 0.0139
vn -0.9081 -0.4185 0.0139
vn -0.9677 -0.2487 0.0408
vn -0.9952 -0.0723 0.0661
vn -0.9952 -0.0724 0.0660
vn -0.9903 0.1067 0.0892
vn -0.9903 0.1065 0.0892
vn -0.9548 0.2766 0.1089
vn -0.9548 0.2765 0.1089
vn -0.8915 0.4354 0.1250
vn -0.8916 0.4353 0.1250
vn -0.8021 0.5812 0.1374
vn -0.8022 0.5811 0.1374
vn -0.6926 0.7065 0.1456
vn -0.6926 0.7064 0.1456
vn -0.5650 0.8114 0.1497
vn -0.5651 0.8113 0.1497
vn -0.4201 0.8950 0.1497
vn -0.2655 0.9530 0.1456
vn -0.2655 0.9531 0.1456
vn -0.1023 0.9852 0.1374
vn -0.1022 0.9852 0.1374
vn 0.0687 0.9898 0.1250
vn 0.0688 0.9898 0.1250
vn 0.2378 0.9652 0.1089
vn 0.2380 0.9651 0.1089
vn 0.4027 0.9110 0.0892
vn 0.4029 0.9109 0.0893
vn 0.5602 0.8257 0.0661
vn 0.5603 0.8256 0.0660
vn 0.6992 0.7138 0.0408
vn 0.6993 0.7137 0.0408
vn 0.8165 0.5772 0.0139
vn 0.9081 0.4185 -0.0139
vn 0.9677 0.2487 -0.0408
vn 0.9677 0.2487 -0.0407
vn 0.9952 0.0723 -0.0660
vn 0.9952 0.0724 -0.0660
vn 0.9903 -0.1067 -0.0892
vn 0.9903 -0.1066 -0.0891
vn 0.9548 -0.2767 -0.1088
vn 0.9548 -0.2765 -0.1088
vn 0.8916 -0.4354 -0.1248
vn 0.8916 -0.4353 -0.1248
vn 0.8021 -0.5812 -0.1372
vn 0.6926 -0.7066 -0.1453
vn 0.6927 -0.7065 -0.1453
vn 0.5651 -0.8114 -0.1494
vn 0.4092 -0.8764 -0.2538
vn 0.4089 -0.8766 -0.2538
vn 0.2546 -0.9350 -0.2468
vn 0.2538 -0.9352 -0.2469
vn 0.0916 -0.9681 -0.2331
vn 0.0905 -0.9683 -0.2329
vn -0.0787 -0.9741 -0.2120
vn -0.0802 -0.9740 -0.2120
vn -0.2467 -0.9513 -0.1850
vn -0.2482 -0.9510 -0.1845
vn -0.4101 -0.8994 -0.1515
vn -0.4115 -0.8988 -0.1514
vn -0.5657 -0.8169 -0.1124
vn -0.5668 -0.8162 -0.1119
vn -0.7026 -0.7082 -0.0694
vn -0.7032 -0.7076 -0.0692
vn -0.8176 -0.5753 -0.0237
vn -0.8178 -0.5751 -0.0236
vn -0.9070 -0.4204 0.0237
vn -0.9069 -0.4207 0.0237
vn -0.9646 -0.2544 0.0697
vn -0.9644 -0.2552 0.0694
vn -0.9902 -0.0816 0.1130
vn -0.9902 -0.0829 0.1128
vn -0.9837 0.0943 0.1530
vn -0.9840 0.0927 0.1524
vn -0.9469 0.2616 0.1867
vn -0.9474 0.2599 0.1866
vn -0.8825 0.4184 0.2147
vn -0.8833 0.4170 0.2143
vn -0.7922 0.5627 0.2361
vn -0.7930 0.5617 0.2361
vn -0.6819 0.6872 0.2504
vn -0.6826 0.6866 0.2503
vn -0.5539 0.7918 0.2575
vn -0.5542 0.7916 0.2575
vn -0.4087 0.8756 0.2575
vn -0.4084 0.8757 0.2575
vn -0.2541 0.9342 0.2504
vn -0.2533 0.9345 0.2503
vn -0.0913 0.9674 0.2361
vn -0.0900 0.9676 0.2361
vn 0.0790 0.9735 0.2147
vn 0.0806 0.9734 0.2143
vn 0.2469 0.9509 0.1867
vn 0.2487 0.9505 0.1866
vn 0.4102 0.8991 0.1530
vn 0.4117 0.8985 0.1524
vn 0.5658 0.8168 0.1129
vn 0.5669 0.8161 0.1128
vn 0.7026 0.7082 0.0697
vn 0.7032 0.7076 0.0694
vn 0.8176 0.5753 0.0237
vn 0.8178 0.5750 0.0237
vn 0.9070 0.4204 -0.0237
vn 0.9069 0.4207 -0.0236
vn 0.9646 0.2543 -0.0694
vn 0.9644 0.2552 -0.0692
vn 0.9903 0.0814 -0.1124
vn 0.9903 0.0827 -0.1120
vn 0.9839 -0.0945 -0.1515
vn 0.9841 -0.0930 -0.1514
vn 0.9472 -0.2620 -0.1850
vn 0.9477 -0.2605 -0.1845
vn 0.8829 -0.4189 -0.2120
vn 0.8836 -0.4176 -0.2120
vn 0.7926 -0.5634 -0.2331
vn 0.7933 -0.5625 -0.2329
vn 0.6825 -0.6880 -0.2468
vn 0.6830 -0.6874 -0.2469
vn 0.5544 -0.7926 -0.2538
vn 0.5546 -0.7924 -0.2538
vn 0.3890 -0.8422 -0.3734
vn 0.3885 -0.8424 -0.3735
vn 0.2344 -0.9017 -0.3633
vn 0.2325 -0.9023 -0.3629
vn 0.0720 -0.9367 -0.3427
vn 0.0692 -0.9370 -0.3425
vn -0.0971 -0.9451 -0.3120
vn -0.1006 -0.9451 -0.3110
vn -0.2630 -0.9258 -0.2716
vn -0.2668 -0.9249 -0.2710
vn -0.4237 -0.8779 -0.2230
vn -0.4269 -0.8767 -0.2215
vn -0.5757 -0.8008 -0.1649
vn -0.5783 -0.7992 -0.1642
vn -0.7088 -0.6980 -0.1021
vn -0.7101 -0.6968 -0.1012
vn -0.8196 -0.5718 -0.0348
vn -0.8201 -0.5712 -0.0346
vn -0.9050 -0.4240 0.0350
vn -0.9047 -0.4246 0.0346
vn -0.9588 -0.2649 0.1025
vn -0.9583 -0.2669 0.1019
vn -0.9810 -0.0987 0.1668
vn -0.9810 -0.1017 0.1653
vn -0.9716 0.0714 0.2255
vn -0.9721 0.0674 0.2246
vn -0.9322 0.2337 0.2762
vn -0.9336 0.2300 0.2747
vn -0.8659 0.3868 0.3173
vn -0.8676 0.3833 0.3168
vn -0.7737 0.5283 0.3497
vn -0.7756 0.5260 0.3489
vn -0.6621 0.6513 0.3707
vn -0.6636 0.6498 0.3707
vn -0.5331 0.7551 0.3816
vn -0.5337 0.7547 0.3815
vn -0.3874 0.8392 0.3816
vn -0.3868 0.8396 0.3815
vn -0.2329 0.8990 0.3707
vn -0.2309 0.8996 0.3707
vn -0.0708 0.9342 0.3498
vn -0.0677 0.9347 0.3489
vn 0.0979 0.9433 0.3173
vn 0.1019 0.9430 0.3168
vn 0.2638 0.9242 0.2762
vn 0.2677 0.9235 0.2747
vn 0.4240 0.8771 0.2255
vn 0.4277 0.8756 0.2246
vn 0.5760 0.8003 0.1668
vn 0.5785 0.7987 0.1654
vn 0.7088 0.6979 0.1025
vn 0.7103 0.6965 0.1019
vn 0.8197 0.5718 0.0350
vn 0.8201 0.5712 0.0346
vn 0.9050 0.4239 -0.0348
vn 0.9047 0.4246 -0.0346
vn 0.9589 0.2648 -0.1021
vn 0.9585 0.2666 -0.1012
vn 0.9814 0.0982 -0.1649
vn 0.9812 0.1012 -0.1642
vn 0.9722 -0.0721 -0.2230
vn 0.9727 -0.0686 -0.2215
vn 0.9332 -0.2351 -0.2716
vn 0.9344 -0.2314 -0.2710
vn 0.8670 -0.3885 -0.3121
vn 0.8688 -0.3854 -0.3110
vn 0.7752 -0.5307 -0.3427
vn 0.7769 -0.5283 -0.3425
vn 0.6638 -0.6538 -0.3633
vn 0.6651 -0.6526 -0.3629
vn 0.5348 -0.7580 -0.3734
vn 0.5353 -0.7576 -0.3734
vn 0.3603 -0.7932 -0.4909
vn 0.3594 -0.7937 -0.4908
vn 0.2057 -0.8544 -0.4771
vn 0.2030 -0.8551 -0.4770
vn 0.0443 -0.8917 -0.4504
vn 0.0399 -0.8926 -0.4492
vn -0.1229 -0.9041 -0.4092
vn -0.1283 -0.9039 -0.4081
vn -0.2859 -0.8894 -0.3568
vn -0.2914 -0.8886 -0.3542
vn -0.4425 -0.8480 -0.2918
vn -0.4476 -0.8459 -0.2899
vn -0.5898 -0.7780 -0.2164
vn -0.5934 -0.7760 -0.2139
vn -0.7173 -0.6839 -0.1334
vn -0.7194 -0.6819 -0.1321
vn -0.8226 -0.5668 -0.0457
vn -0.8231 -0.5661 -0.0450
vn -0.9022 -0.4289 0.0457
vn -0.9018 -0.4299 0.0452
vn -0.9506 -0.2797 0.1345
vn -0.9501 -0.2823 0.1327
vn -0.9682 -0.1224 0.2181
vn -0.9680 -0.1271 0.2162
vn -0.9544 0.0390 0.2961
vn -0.9555 0.0337 0.2931
vn -0.9116 0.1948 0.3619
vn -0.9135 0.1889 0.3602
vn -0.8419 0.3422 0.4172
vn -0.8450 0.3374 0.4149
vn -0.7474 0.4801 0.4591
vn -0.7504 0.4762 0.4585
vn -0.6339 0.6004 0.4876
vn -0.6363 0.5984 0.4869
vn -0.5036 0.7034 0.5016
vn -0.5045 0.7027 0.5017
vn -0.3573 0.7879 0.5016
vn -0.3564 0.7883 0.5017
vn -0.2031 0.8491 0.4876
vn -0.2000 0.8502 0.4869
vn -0.0421 0.8874 0.4591
vn -0.0373 0.8879 0.4585
vn 0.1246 0.9003 0.4172
vn 0.1303 0.9005 0.4149
vn 0.2871 0.8869 0.3619
vn 0.2932 0.8856 0.3602
vn 0.4434 0.8460 0.2961
vn 0.4486 0.8443 0.2931
vn 0.5901 0.7773 0.2181
vn 0.5941 0.7748 0.2163
vn 0.7175 0.6834 0.1345
vn 0.7196 0.6816 0.1326
vn 0.8226 0.5668 0.0457
vn 0.8232 0.5660 0.0452
vn 0.9022 0.4289 -0.0457
vn 0.9018 0.4298 -0.0450
vn 0.9509 0.2793 -0.1334
vn 0.9502 0.2821 -0.1322
vn 0.9687 0.1218 -0.2164
vn 0.9687 0.1259 -0.2139
vn 0.9556 -0.0408 -0.2918
vn 0.9564 -0.0353 -0.2899
vn 0.9132 -0.1970 -0.3567
vn 0.9153 -0.1919 -0.3542
vn 0.8444 -0.3457 -0.4092
vn 0.8470 -0.3408 -0.4080
vn 0.7502 -0.4841 -0.4504
vn 0.7530 -0.4808 -0.4492
vn 0.6371 -0.6054 -0.4771
vn 0.6391 -0.6033 -0.4770
vn 0.5068 -0.7087 -0.4909
vn 0.5077 -0.7081 -0.4908
vn 0.3270 -0.7366 -0.5920
vn 0.3259 -0.7371 -0.5920
vn 0.1725 -0.7994 -0.5756
vn 0.1692 -0.8006 -0.5748
vn 0.0121 -0.8401 -0.5423
vn 0.0067 -0.8408 -0.5413
vn -0.1528 -0.8565 -0.4930
vn -0.1591 -0.8569 -0.4903
vn -0.3123 -0.8479 -0.4284
vn -0.3191 -0.8467 -0.4258
vn -0.4645 -0.8131 -0.3510
vn -0.4701 -0.8115 -0.3471
vn -0.6058 -0.7522 -0.2592
vn -0.6102 -0.7496 -0.2564
vn -0.7272 -0.6675 -0.1602
vn -0.7295 -0.6655 -0.1577
vn -0.8258 -0.5613 -0.0546
vn -0.8265 -0.5603 -0.0539
vn -0.8989 -0.4347 0.0548
vn -0.8985 -0.4356 0.0539
vn -0.9415 -0.2963 0.1607
vn -0.9408 -0.2996 0.1587
vn -0.9535 -0.1498 0.2617
vn -0.9537 -0.1546 0.2580
vn -0.9351 0.0026 0.3543
vn -0.9363 -0.0040 0.3512
vn -0.8880 0.1502 0.4347
vn -0.8909 0.1439 0.4309
vn -0.8153 0.2919 0.5001
vn -0.8187 0.2857 0.4981
vn -0.7177 0.4249 0.5518
vn -0.7215 0.4208 0.5499
vn -0.6021 0.5429 0.5855
vn -0.6048 0.5402 0.5851
vn -0.4701 0.6446 0.6028
vn -0.4714 0.6439 0.6027
vn -0.3232 0.7295 0.6028
vn -0.3220 0.7301 0.6027
vn -0.1690 0.7929 0.5854
vn -0.1654 0.7939 0.5851
vn -0.0092 0.8339 0.5518
vn -0.0037 0.8352 0.5499
vn 0.1549 0.8520 0.5001
vn 0.1619 0.8519 0.4981
vn 0.3139 0.8441 0.4347
vn 0.3208 0.8435 0.4309
vn 0.4653 0.8111 0.3543
vn 0.4716 0.8089 0.3512
vn 0.6065 0.7508 0.2617
vn 0.6108 0.7486 0.2580
vn 0.7274 0.6672 0.1607
vn 0.7298 0.6649 0.1587
vn 0.8259 0.5611 0.0548
vn 0.8265 0.5603 0.0539
vn 0.8990 0.4346 -0.0546
vn 0.8985 0.4356 -0.0539
vn 0.9416 0.2960 -0.1602
vn 0.9411 0.2990 -0.1577
vn 0.9543 0.1486 -0.2592
vn 0.9543 0.1537 -0.2564
vn 0.9364 -0.0043 -0.3510
vn 0.9378 0.0014 -0.3471
vn 0.8904 -0.1535 -0.4284
vn 0.8928 -0.1470 -0.4258
vn 0.8182 -0.2959 -0.4930
vn 0.8217 -0.2907 -0.4903
vn 0.7215 -0.4305 -0.5423
vn 0.7248 -0.4263 -0.5413
vn 0.6061 -0.5490 -0.5756
vn 0.6088 -0.5468 -0.5748
vn 0.4744 -0.6515 -0.5920
vn 0.4753 -0.6508 -0.5920
vn 0.2939 -0.6802 -0.6715
vn 0.2927 -0.6809 -0.6714
vn 0.1391 -0.7452 -0.6522
vn 0.1357 -0.7462 -0.6518
vn -0.0205 -0.7886 -0.6146
vn -0.0257 -0.7899 -0.6127
vn -0.1830 -0.8100 -0.5572
vn -0.1896 -0.8100 -0.5549
vn -0.3392 -0.8065 -0.4843
vn -0.3456 -0.8061 -0.4804
vn -0.4864 -0.7792 -0.3953
vn -0.4923 -0.7773 -0.3917
vn -0.6222 -0.7263 -0.2922
vn -0.6262 -0.7244 -0.2883
vn -0.7370 -0.6515 -0.1799
vn -0.7394 -0.6495 -0.1775
vn -0.8292 -0.5556 -0.0615
vn -0.8297 -0.5549 -0.0605
vn -0.8958 -0.4403 0.0615
vn -0.8953 -0.4412 0.0606
vn -0.9324 -0.3131 0.1807
vn -0.9320 -0.3158 0.1780
vn -0.9395 -0.1765 0.2936
vn -0.9396 -0.1816 0.2902
vn -0.9164 -0.0339 0.3988
vn -0.9181 -0.0396 0.3943
vn -0.8660 0.1067 0.4886
vn -0.8686 0.1000 0.4853
vn -0.7897 0.2419 0.5637
vn -0.7937 0.2365 0.5605
vn -0.6897 0.3714 0.6216
vn -0.6933 0.3669 0.6203
vn -0.5716 0.4866 0.6606
vn -0.5746 0.4843 0.6598
vn -0.4381 0.5878 0.6801
vn -0.4392 0.5870 0.6801
vn -0.2900 0.6733 0.6801
vn -0.2887 0.6739 0.6801
vn -0.1356 0.7384 0.6606
vn -0.1321 0.7398 0.6598
vn 0.0232 0.7830 0.6216
vn 0.0290 0.7839 0.6202
vn 0.1854 0.8049 0.5637
vn 0.1920 0.8056 0.5605
vn 0.3406 0.8033 0.4886
vn 0.3477 0.8023 0.4853
vn 0.4875 0.7767 0.3989
vn 0.4934 0.7753 0.3943
vn 0.6226 0.7253 0.2936
vn 0.6270 0.7229 0.2902
vn 0.7373 0.6509 0.1808
vn 0.7395 0.6492 0.1780
vn 0.8292 0.5556 0.0615
vn 0.8298 0.5548 0.0606
vn 0.8958 0.4402 -0.0615
vn 0.8954 0.4411 -0.0605
vn 0.9327 0.3125 -0.1799
vn 0.9321 0.3156 -0.1775
vn 0.9401 0.1757 -0.2922
vn 0.9405 0.1801 -0.2883
vn 0.9180 0.0316 -0.3953
vn 0.9193 0.0377 -0.3917
vn 0.8680 -0.1094 -0.4843
vn 0.8709 -0.1037 -0.4804
vn 0.7929 -0.2465 -0.5572
vn 0.7963 -0.2408 -0.5549
vn 0.6932 -0.3766 -0.6146
vn 0.6969 -0.3727 -0.6127
vn 0.5758 -0.4930 -0.6522
vn 0.5784 -0.4906 -0.6518
vn 0.4422 -0.5946 -0.6715
vn 0.4433 -0.5939 -0.6714
vn 0.2640 -0.6301 -0.7303
vn 0.2630 -0.6305 -0.7303
vn 0.1087 -0.6966 -0.7092
vn 0.1058 -0.6978 -0.7084
vn -0.0501 -0.7433 -0.6671
vn -0.0547 -0.7441 -0.6658
vn -0.2110 -0.7682 -0.6045
vn -0.2163 -0.7689 -0.6017
vn -0.3638 -0.7702 -0.5239
vn -0.3694 -0.7696 -0.5208
vn -0.5068 -0.7486 -0.4274
vn -0.5115 -0.7477 -0.4235
vn -0.6370 -0.7036 -0.3148
vn -0.6405 -0.7019 -0.3117
vn -0.7461 -0.6370 -0.1939
vn -0.7479 -0.6357 -0.1914
vn -0.8321 -0.5507 -0.0661
vn -0.8326 -0.5500 -0.0653
vn -0.8929 -0.4453 0.0662
vn -0.8926 -0.4461 0.0652
vn -0.9246 -0.3278 0.1942
vn -0.9242 -0.3303 0.1920
vn -0.9272 -0.2009 0.3163
vn -0.9276 -0.2046 0.3126
vn -0.9007 -0.0661 0.4293
vn -0.9020 -0.0712 0.4258
vn -0.8470 0.0673 0.5274
vn -0.8497 0.0624 0.5236
vn -0.7685 0.1981 0.6084
vn -0.7717 0.1931 0.6060
vn -0.6657 0.3237 0.6723
vn -0.6692 0.3203 0.6705
vn -0.5458 0.4375 0.7146
vn -0.5483 0.4352 0.7141
vn -0.4103 0.5381 0.7363
vn -0.4113 0.5375 0.7362
vn -0.2608 0.6244 0.7363
vn -0.2598 0.6250 0.7362
vn -0.1060 0.6914 0.7147
vn -0.1028 0.6924 0.7141
vn 0.0526 0.7384 0.6723
vn 0.0572 0.7397 0.6705
vn 0.2127 0.7646 0.6084
vn 0.2185 0.7648 0.6060
vn 0.3652 0.7671 0.5274
vn 0.3708 0.7670 0.5236
vn 0.5076 0.7470 0.4293
vn 0.5127 0.7456 0.4258
vn 0.6375 0.7025 0.3163
vn 0.6409 0.7011 0.3126
vn 0.7462 0.6368 0.1942
vn 0.7481 0.6352 0.1920
vn 0.8321 0.5506 0.0662
vn 0.8326 0.5500 0.0653
vn 0.8930 0.4453 -0.0661
vn 0.8926 0.4460 -0.0653
vn 0.9247 0.3276 -0.1939
vn 0.9244 0.3298 -0.1914
vn 0.9279 0.1998 -0.3148
vn 0.9281 0.2038 -0.3117
vn 0.9018 0.0646 -0.4274
vn 0.9033 0.0691 -0.4235
vn 0.8489 -0.0701 -0.5239
vn 0.8512 -0.0649 -0.5208
vn 0.7708 -0.2014 -0.6045
vn 0.7740 -0.1970 -0.6017
vn 0.6688 -0.3282 -0.6671
vn 0.6718 -0.3247 -0.6658
vn 0.5489 -0.4425 -0.7091
vn 0.5514 -0.4406 -0.7084
vn 0.4136 -0.5437 -0.7303
vn 0.4146 -0.5430 -0.7303
vn 0.2388 -0.5880 -0.7728
vn 0.2381 -0.5883 -0.7728
vn 0.0830 -0.6564 -0.7499
vn 0.0810 -0.6570 -0.7495
vn -0.0756 -0.7053 -0.7049
vn -0.0787 -0.7062 -0.7037
vn -0.2348 -0.7339 -0.6375
vn -0.2386 -0.7341 -0.6357
vn -0.3850 -0.7397 -0.5519
vn -0.3887 -0.7397 -0.5493
vn -0.5241 -0.7236 -0.4491
vn -0.5274 -0.7228 -0.4465
vn -0.6497 -0.6845 -0.3305
vn -0.6519 -0.6837 -0.3280
vn -0.7536 -0.6252 -0.2031
vn -0.7548 -0.6242 -0.2014
vn -0.8346 -0.5465 -0.0692
vn -0.8349 -0.5462 -0.0685
vn -0.8906 -0.4495 0.0692
vn -0.8904 -0.4500 0.0686
vn -0.9180 -0.3403 0.2034
vn -0.9179 -0.3418 0.2016
vn -0.9174 -0.2209 0.3311
vn -0.9176 -0.2235 0.3287
vn -0.8879 -0.0933 0.4504
vn -0.8891 -0.0963 0.4475
vn -0.8321 0.0349 0.5535
vn -0.8339 0.0313 0.5511
vn -0.7514 0.1612 0.6398
vn -0.7538 0.1583 0.6378
vn -0.6468 0.2846 0.7076
vn -0.6491 0.2820 0.7065
vn -0.5249 0.3968 0.7530
vn -0.5266 0.3955 0.7525
vn -0.3877 0.4974 0.7761
vn -0.3884 0.4969 0.7760
vn -0.2368 0.5845 0.7760
vn -0.2361 0.5848 0.7760
vn -0.0812 0.6529 0.7530
vn -0.0791 0.6538 0.7525
vn 0.0770 0.7025 0.7075
vn 0.0804 0.7031 0.7065
vn 0.2360 0.7313 0.6399
vn 0.2398 0.7319 0.6378
vn 0.3858 0.7381 0.5535
vn 0.3898 0.7378 0.5511
vn 0.5248 0.7223 0.4504
vn 0.5280 0.7218 0.4475
vn 0.6499 0.6841 0.3311
vn 0.6523 0.6829 0.3287
vn 0.7538 0.6249 0.2034
vn 0.7549 0.6241 0.2016
vn 0.8346 0.5465 0.0692
vn 0.8349 0.5461 0.0686
vn 0.8906 0.4495 -0.0692
vn 0.8904 0.4500 -0.0686
vn 0.9182 0.3400 -0.2031
vn 0.9180 0.3416 -0.2014
vn 0.9177 0.2204 -0.3305
vn 0.9180 0.2227 -0.3280
vn 0.8887 0.0921 -0.4491
vn 0.8897 0.0953 -0.4465
vn 0.8331 -0.0364 -0.5519
vn 0.8350 -0.0332 -0.5493
vn 0.7529 -0.1636 -0.6374
vn 0.7551 -0.1605 -0.6357
vn 0.6486 -0.2872 -0.7049
vn 0.6508 -0.2850 -0.7037
vn 0.5269 -0.4001 -0.7499
vn 0.5285 -0.3986 -0.7495
vn 0.3898 -0.5008 -0.7728
vn 0.3904 -0.5004 -0.7727
vn 0.2185 -0.5541 -0.8033
vn 0.2182 -0.5542 -0.8033
vn 0.0623 -0.6237 -0.7791
vn 0.0615 -0.6241 -0.7789
vn -0.0960 -0.6749 -0.7316
vn -0.0971 -0.6752 -0.7312
vn -0.2539 -0.7061 -0.6610
vn -0.2553 -0.7063 -0.6602
vn -0.4019 -0.7156 -0.5713
vn -0.4033 -0.7156 -0.5704
vn -0.5380 -0.7035 -0.4644
vn -0.5391 -0.7033 -0.4633
vn -0.6597 -0.6696 -0.3412
vn -0.6606 -0.6692 -0.3403
vn -0.7596 -0.6157 -0.2095
vn -0.7600 -0.6154 -0.2088
vn -0.8365 -0.5433 -0.0713
vn -0.8366 -0.5431 -0.0711
vn -0.8887 -0.4528 0.0713
vn -0.8887 -0.4530 0.0711
vn -0.9130 -0.3500 0.2096
vn -0.9129 -0.3506 0.2089
vn -0.9096 -0.2368 0.3414
vn -0.9097 -0.2376 0.3404
vn -0.8781 -0.1145 0.4647
vn -0.8784 -0.1156 0.4637
vn -0.8203 0.0091 0.5719
vn -0.8210 0.0080 0.5708
vn -0.7381 0.1324 0.6616
vn -0.7389 0.1312 0.6609
vn -0.6319 0.2534 0.7325
vn -0.6327 0.2526 0.7320
vn -0.5084 0.3648 0.7800
vn -0.5091 0.3642 0.7799
vn -0.3699 0.4651 0.8043
vn -0.3701 0.4650 0.8042
vn -0.2178 0.5529 0.8043
vn -0.2176 0.5530 0.8042
vn -0.0617 0.6227 0.7800
vn -0.0609 0.6230 0.7799
vn 0.0965 0.6739 0.7325
vn 0.0977 0.6743 0.7320
vn 0.2543 0.7054 0.6616
vn 0.2558 0.7055 0.6609
vn 0.4022 0.7150 0.5719
vn 0.4036 0.7150 0.5708
vn 0.5382 0.7032 0.4647
vn 0.5394 0.7029 0.4637
vn 0.6599 0.6693 0.3414
vn 0.6606 0.6691 0.3404
vn 0.7596 0.6157 0.2095
vn 0.7601 0.6153 0.2089
vn 0.8365 0.5433 0.0713
vn 0.8366 0.5431 0.0711
vn 0.8887 0.4528 -0.0713
vn 0.8887 0.4530 -0.0711
vn 0.9130 0.3500 -0.2095
vn 0.9130 0.3505 -0.2088
vn 0.9097 0.2365 -0.3412
vn 0.9098 0.2374 -0.3403
vn 0.8783 0.1142 -0.4644
vn 0.8787 0.1152 -0.4633
vn 0.8207 -0.0097 -0.5713
vn 0.8213 -0.0085 -0.5704
vn 0.7385 -0.1331 -0.6610
vn 0.7394 -0.1321 -0.6602
vn 0.6324 -0.2544 -0.7317
vn 0.6333 -0.2535 -0.7312
vn 0.5091 -0.3658 -0.7791
vn 0.5097 -0.3653 -0.7789
vn 0.3706 -0.4663 -0.8033
vn 0.3708 -0.4661 -0.8033
vn -0.3946 -0.5076 0.7659
vn -0.3945 -0.5078 0.7659
vn -0.5327 -0.4057 0.7427
vn -0.5323 -0.4060 0.7428
vn -0.6548 -0.2915 0.6973
vn -0.6542 -0.2922 0.6976
vn -0.7588 -0.1666 0.6297
vn -0.7581 -0.1674 0.6303
vn -0.8381 -0.0384 0.5441
vn -0.8377 -0.0393 0.5447
vn -0.8924 0.0909 0.4421
vn -0.8921 0.0901 0.4428
vn -0.9199 0.2196 0.3248
vn -0.9199 0.2189 0.3254
vn -0.9192 0.3395 0.1993
vn -0.9193 0.3391 0.1998
vn -0.8908 0.4493 0.0678
vn -0.8909 0.4491 0.0680
vn -0.8345 0.5468 -0.0678
vn -0.8344 0.5469 -0.0680
vn -0.7537 0.6262 -0.1994
vn -0.7533 0.6265 -0.1999
vn -0.6502 0.6867 -0.3249
vn -0.6496 0.6870 -0.3256
vn -0.5252 0.7269 -0.4425
vn -0.5242 0.7272 -0.4432
vn -0.3861 0.7445 -0.5447
vn -0.3851 0.7445 -0.5454
vn -0.2356 0.7395 -0.6305
vn -0.2345 0.7395 -0.6310
vn -0.0755 0.7119 -0.6982
vn -0.0746 0.7116 -0.6986
vn 0.0843 0.6631 -0.7438
vn 0.0850 0.6629 -0.7439
vn 0.2416 0.5945 -0.7670
vn 0.2418 0.5943 -0.7670
vn 0.3940 0.5065 -0.7670
vn 0.3938 0.5066 -0.7670
vn 0.5321 0.4046 -0.7438
vn 0.5316 0.4050 -0.7439
vn 0.6543 0.2906 -0.6982
vn 0.6536 0.2912 -0.6986
vn 0.7583 0.1657 -0.6305
vn 0.7577 0.1667 -0.6310
vn 0.8378 0.0378 -0.5446
vn 0.8373 0.0387 -0.5454
vn 0.8921 -0.0913 -0.4425
vn 0.8918 -0.0904 -0.4432
vn 0.9199 -0.2198 -0.3249
vn 0.9198 -0.2191 -0.3256
vn 0.9192 -0.3396 -0.1994
vn 0.9192 -0.3392 -0.1999
vn 0.8908 -0.4493 -0.0678
vn 0.8909 -0.4491 -0.0680
vn 0.8345 -0.5468 0.0678
vn 0.8344 -0.5470 0.0680
vn 0.7536 -0.6263 0.1993
vn 0.7533 -0.6266 0.1998
vn 0.6501 -0.6869 0.3248
vn 0.6495 -0.6872 0.3254
vn 0.5249 -0.7273 0.4421
vn 0.5241 -0.7275 0.4428
vn 0.3858 -0.7450 0.5441
vn 0.3847 -0.7451 0.5448
vn 0.2351 -0.7404 0.6297
vn 0.2341 -0.7402 0.6303
vn 0.0749 -0.7128 0.6973
vn 0.0741 -0.7127 0.6976
vn -0.0850 -0.6642 0.7427
vn -0.0855 -0.6640 0.7428
vn -0.2423 -0.5956 0.7659
vn -0.2425 -0.5955 0.7659
vn -0.4360 -0.5793 0.6887
vn -0.4356 -0.5796 0.6887
vn -0.5727 -0.4752 0.6679
vn -0.5716 -0.4763 0.6682
vn -0.6923 -0.3569 0.6271
vn -0.6908 -0.3585 0.6279
vn -0.7925 -0.2255 0.5666
vn -0.7912 -0.2278 0.5676
vn -0.8674 -0.0894 0.4896
vn -0.8662 -0.0917 0.4912
vn -0.9160 0.0496 0.3980
vn -0.9155 0.0472 0.3995
vn -0.9374 0.1892 0.2924
vn -0.9373 0.1874 0.2940
vn -0.9299 0.3210 0.1796
vn -0.9301 0.3198 0.1805
vn -0.8945 0.4429 0.0611
vn -0.8946 0.4426 0.0615
vn -0.8309 0.5531 -0.0612
vn -0.8306 0.5534 -0.0615
vn -0.7430 0.6447 -0.1798
vn -0.7421 0.6454 -0.1809
vn -0.6329 0.7166 -0.2931
vn -0.6312 0.7176 -0.2945
vn -0.5015 0.7677 -0.3990
vn -0.4992 0.7682 -0.4009
vn -0.3572 0.7943 -0.4914
vn -0.3544 0.7947 -0.4929
vn -0.2021 0.7973 -0.5688
vn -0.1993 0.7970 -0.5702
vn -0.0386 0.7755 -0.6301
vn -0.0362 0.7752 -0.6307
vn 0.1237 0.7309 -0.6711
vn 0.1251 0.7304 -0.6715
vn 0.2820 0.6644 -0.6922
vn 0.2826 0.6641 -0.6922
vn 0.4344 0.5764 -0.6921
vn 0.4338 0.5768 -0.6922
vn 0.5712 0.4726 -0.6711
vn 0.5700 0.4735 -0.6715
vn 0.6909 0.3544 -0.6301
vn 0.6894 0.3562 -0.6307
vn 0.7915 0.2236 -0.5688
vn 0.7899 0.2258 -0.5701
vn 0.8665 0.0878 -0.4914
vn 0.8654 0.0905 -0.4928
vn 0.9155 -0.0504 -0.3990
vn 0.9149 -0.0482 -0.4009
vn 0.9371 -0.1898 -0.2931
vn 0.9370 -0.1878 -0.2945
vn 0.9298 -0.3211 -0.1797
vn 0.9300 -0.3200 -0.1809
vn 0.8944 -0.4430 -0.0612
vn 0.8946 -0.4426 -0.0615
vn 0.8308 -0.5531 0.0611
vn 0.8306 -0.5535 0.0615
vn 0.7429 -0.6448 0.1796
vn 0.7420 -0.6456 0.1806
vn 0.6325 -0.7172 0.2924
vn 0.6309 -0.7180 0.2940
vn 0.5010 -0.7685 0.3980
vn 0.4987 -0.7692 0.3995
vn 0.3562 -0.7959 0.4896
vn 0.3537 -0.7960 0.4912
vn 0.2010 -0.7991 0.5666
vn 0.1983 -0.7991 0.5676
vn 0.0370 -0.7780 0.6271
vn 0.0350 -0.7775 0.6279
vn -0.1251 -0.7336 0.6679
vn -0.1266 -0.7332 0.6681
vn -0.2837 -0.6673 0.6887
vn -0.2842 -0.6670 0.6887
vn -0.4754 -0.6482 0.5949
vn -0.4748 -0.6486 0.5949
vn -0.6104 -0.5426 0.5770
vn -0.6090 -0.5437 0.5774
vn -0.7275 -0.4204 0.5423
vn -0.7257 -0.4227 0.5428
vn -0.8243 -0.2835 0.4900
vn -0.8225 -0.2864 0.4915
vn -0.8948 -0.1396 0.4241
vn -0.8936 -0.1431 0.4255
vn -0.9386 0.0084 0.3448
vn -0.9379 0.0053 0.3468
vn -0.9541 0.1590 0.2538
vn -0.9542 0.1563 0.2552
vn -0.9404 0.3023 0.1558
vn -0.9407 0.3007 0.1571
vn -0.8981 0.4367 0.0531
vn -0.8983 0.4361 0.0535
vn -0.8272 0.5594 -0.0531
vn -0.8269 0.5599 -0.0536
vn -0.7322 0.6629 -0.1563
vn -0.7309 0.6641 -0.1574
vn -0.6151 0.7462 -0.2545
vn -0.6128 0.7474 -0.2565
vn -0.4774 0.8073 -0.3468
vn -0.4740 0.8086 -0.3485
vn -0.3275 0.8431 -0.4266
vn -0.3238 0.8435 -0.4287
vn -0.1682 0.8531 -0.4940
vn -0.1644 0.8531 -0.4951
vn -0.0014 0.8374 -0.5467
vn 0.0017 0.8367 -0.5477
vn 0.1625 0.7965 -0.5823
vn 0.1646 0.7960 -0.5826
vn 0.3216 0.7322 -0.6004
vn 0.3222 0.7319 -0.6004
vn 0.4733 0.6446 -0.6004
vn 0.4727 0.6450 -0.6005
vn 0.6086 0.5390 -0.5824
vn 0.6070 0.5405 -0.5825
vn 0.7259 0.4175 -0.5466
vn 0.7238 0.4198 -0.5477
vn 0.8229 0.2809 -0.4940
vn 0.8210 0.2842 -0.4951
vn 0.8939 0.1379 -0.4266
vn 0.8924 0.1413 -0.4286
vn 0.9379 -0.0098 -0.3468
vn 0.9373 -0.0062 -0.3485
vn 0.9538 -0.1596 -0.2545
vn 0.9537 -0.1570 -0.2565
vn 0.9402 -0.3027 -0.1563
vn 0.9406 -0.3009 -0.1574
vn 0.8980 -0.4367 -0.0531
vn 0.8983 -0.4362 -0.0536
vn 0.8272 -0.5594 0.0531
vn 0.8268 -0.5599 0.0535
vn 0.7320 -0.6632 0.1558
vn 0.7308 -0.6643 0.1571
vn 0.6147 -0.7468 0.2538
vn 0.6124 -0.7482 0.2553
vn 0.4766 -0.8087 0.3448
vn 0.4736 -0.8096 0.3468
vn 0.3265 -0.8447 0.4241
vn 0.3228 -0.8454 0.4255
vn 0.1666 -0.8556 0.4900
vn 0.1632 -0.8554 0.4915
vn -0.0004 -0.8402 0.5423
vn -0.0033 -0.8398 0.5428
vn -0.1646 -0.8000 0.5770
vn -0.1663 -0.7993 0.5774
vn -0.3237 -0.7358 0.5949
vn -0.3243 -0.7355 0.5949
vn -0.5100 -0.7094 0.4865
vn -0.5094 -0.7097 0.4866
vn -0.6433 -0.6026 0.4723
vn -0.6418 -0.6041 0.4724
vn -0.7579 -0.4780 0.4439
vn -0.7560 -0.4802 0.4448
vn -0.8517 -0.3362 0.4020
vn -0.8500 -0.3395 0.4028
vn -0.9188 -0.1862 0.3480
vn -0.9175 -0.1897 0.3497
vn -0.9584 -0.0297 0.2838
vn -0.9579 -0.0333 0.2850
vn -0.9692 0.1306 0.2088
vn -0.9692 0.1278 0.2104
vn -0.9499 0.2850 0.1286
vn -0.9503 0.2831 0.1294
vn -0.9014 0.4307 0.0438
vn -0.9017 0.4301 0.0442
vn -0.8238 0.5652 -0.0439
vn -0.8234 0.5658 -0.0442
vn -0.7218 0.6800 -0.1289
vn -0.7205 0.6812 -0.1301
vn -0.5982 0.7733 -0.2102
vn -0.5955 0.7750 -0.2114
vn -0.4542 0.8439 -0.2857
vn -0.4507 0.8451 -0.2876
vn -0.2993 0.8870 -0.3517
vn -0.2952 0.8879 -0.3529
vn -0.1360 0.9036 -0.4063
vn -0.1321 0.9035 -0.4078
vn 0.0332 0.8925 -0.4497
vn 0.0365 0.8922 -0.4502
vn 0.1984 0.8554 -0.4785
vn 0.2005 0.8547 -0.4789
vn 0.3574 0.7931 -0.4933
vn 0.3580 0.7928 -0.4933
vn 0.5081 0.7060 -0.4933
vn 0.5075 0.7065 -0.4933
vn 0.6416 0.5995 -0.4785
vn 0.6399 0.6009 -0.4789
vn 0.7564 0.4750 -0.4497
vn 0.7544 0.4777 -0.4502
vn 0.8505 0.3340 -0.4063
vn 0.8485 0.3373 -0.4078
vn 0.9178 0.1842 -0.3517
vn 0.9165 0.1883 -0.3528
vn 0.9579 0.0287 -0.2857
vn 0.9572 0.0323 -0.2877
vn 0.9688 -0.1314 -0.2102
vn 0.9689 -0.1283 -0.2114
vn 0.9498 -0.2852 -0.1289
vn 0.9502 -0.2834 -0.1301
vn 0.9014 -0.4308 -0.0439
vn 0.9017 -0.4302 -0.0442
vn 0.8237 -0.5653 0.0438
vn 0.8234 -0.5658 0.0442
vn 0.7218 -0.6801 0.1286
vn 0.7203 -0.6815 0.1294
vn 0.5977 -0.7741 0.2088
vn 0.5953 -0.7755 0.2104
vn 0.4535 -0.8449 0.2837
vn 0.4501 -0.8463 0.2850
vn 0.2981 -0.8888 0.3480
vn 0.2944 -0.8894 0.3497
vn 0.1347 -0.9057 0.4020
vn 0.1309 -0.9059 0.4028
vn -0.0350 -0.8954 0.4439
vn -0.0379 -0.8949 0.4447
vn -0.2002 -0.8584 0.4723
vn -0.2022 -0.8579 0.4724
vn -0.3594 -0.7964 0.4865
vn -0.3599 -0.7961 0.4866
vn -0.5374 -0.7585 0.3687
vn -0.5369 -0.7588 0.3686
vn -0.6689 -0.6515 0.3580
vn -0.6676 -0.6526 0.3582
vn -0.7814 -0.5251 0.3371
vn -0.7799 -0.5273 0.3374
vn -0.8730 -0.3803 0.3054
vn -0.8714 -0.3831 0.3064
vn -0.9375 -0.2252 0.2653
vn -0.9365 -0.2286 0.2659
vn -0.9743 -0.0624 0.2163
vn -0.9738 -0.0655 0.2176
vn -0.9814 0.1064 0.1598
vn -0.9816 0.1036 0.1605
vn -0.9579 0.2699 0.0983
vn -0.9582 0.2682 0.0991
vn -0.9043 0.4257 0.0336
vn -0.9045 0.4251 0.0338
vn -0.8208 0.5703 -0.0336
vn -0.8204 0.5708 -0.0339
vn -0.7128 0.6943 -0.0989
vn -0.7115 0.6956 -0.0994
vn -0.5831 0.7964 -0.1607
vn -0.5808 0.7978 -0.1620
vn -0.4338 0.8740 -0.2188
vn -0.4305 0.8755 -0.2196
vn -0.2745 0.9234 -0.2683
vn -0.2709 0.9241 -0.2697
vn -0.1083 0.9445 -0.3102
vn -0.1047 0.9447 -0.3107
vn 0.0628 0.9374 -0.3425
vn 0.0656 0.9370 -0.3432
vn 0.2284 0.9028 -0.3644
vn 0.2302 0.9023 -0.3644
vn 0.3867 0.8424 -0.3753
vn 0.3873 0.8420 -0.3754
vn 0.5361 0.7561 -0.3753
vn 0.5355 0.7565 -0.3754
vn 0.6677 0.6492 -0.3644
vn 0.6663 0.6505 -0.3644
vn 0.7805 0.5231 -0.3425
vn 0.7786 0.5253 -0.3432
vn 0.8721 0.3785 -0.3102
vn 0.8705 0.3817 -0.3107
vn 0.9369 0.2239 -0.2683
vn 0.9357 0.2274 -0.2697
vn 0.9738 0.0614 -0.2188
vn 0.9734 0.0649 -0.2196
vn 0.9812 -0.1068 -0.1607
vn 0.9813 -0.1041 -0.1620
vn 0.9577 -0.2701 -0.0989
vn 0.9582 -0.2684 -0.0994
vn 0.9043 -0.4257 -0.0336
vn 0.9045 -0.4251 -0.0339
vn 0.8208 -0.5703 0.0336
vn 0.8204 -0.5708 0.0338
vn 0.7127 -0.6946 0.0983
vn 0.7114 -0.6957 0.0991
vn 0.5828 -0.7967 0.1598
vn 0.5805 -0.7983 0.1605
vn 0.4332 -0.8750 0.2163
vn 0.4302 -0.8761 0.2176
vn 0.2737 -0.9245 0.2653
vn 0.2703 -0.9253 0.2659
vn 0.1071 -0.9462 0.3054
vn 0.1039 -0.9462 0.3064
vn -0.0640 -0.9393 0.3371
vn -0.0667 -0.9390 0.3374
vn -0.2298 -0.9050 0.3580
vn -0.2314 -0.9045 0.3582
vn -0.3881 -0.8447 0.3687
vn -0.3887 -0.8444 0.3686
vn -0.5564 -0.7930 0.2482
vn -0.5560 -0.7933 0.2482
vn -0.6862 -0.6863 0.2413
vn -0.6853 -0.6872 0.2412
vn -0.7971 -0.5594 0.2273
vn -0.7960 -0.5609 0.2276
vn -0.8871 -0.4127 0.2065
vn -0.8861 -0.4149 0.2067
vn -0.9503 -0.2546 0.1794
vn -0.9495 -0.2571 0.1801
vn -0.9853 -0.0871 0.1469
vn -0.9850 -0.0896 0.1472
vn -0.9902 0.0876 0.1084
vn -0.9903 0.0856 0.1091
vn -0.9637 0.2583 0.0670
vn -0.9641 0.2570 0.0672
vn -0.9064 0.4217 0.0228
vn -0.9066 0.4213 0.0230
vn -0.8185 0.5741 -0.0229
vn -0.8182 0.5745 -0.0230
vn -0.7056 0.7054 -0.0672
vn -0.7047 0.7063 -0.0677
vn -0.5712 0.8134 -0.1096
vn -0.5694 0.8147 -0.1099
vn -0.4176 0.8964 -0.1485
vn -0.4151 0.8974 -0.1493
vn -0.2552 0.9495 -0.1824
vn -0.2523 0.9503 -0.1826
vn -0.0867 0.9738 -0.2100
vn -0.0841 0.9739 -0.2106
vn 0.0851 0.9690 -0.2320
vn 0.0873 0.9688 -0.2320
vn 0.2505 0.9363 -0.2463
vn 0.2518 0.9359 -0.2465
vn 0.4078 0.8771 -0.2537
vn 0.4083 0.8769 -0.2536
vn 0.5557 0.7918 -0.2537
vn 0.5553 0.7921 -0.2536
vn 0.6856 0.6851 -0.2463
vn 0.6846 0.6860 -0.2465
vn 0.7966 0.5582 -0.2320
vn 0.7954 0.5600 -0.2320
vn 0.8868 0.4118 -0.2100
vn 0.8855 0.4141 -0.2106
vn 0.9499 0.2538 -0.1824
vn 0.9491 0.2566 -0.1826
vn 0.9851 0.0866 -0.1485
vn 0.9848 0.0892 -0.1493
vn 0.9901 -0.0880 -0.1096
vn 0.9902 -0.0858 -0.1099
vn 0.9637 -0.2585 -0.0672
vn 0.9640 -0.2571 -0.0677
vn 0.9064 -0.4217 -0.0229
vn 0.9066 -0.4213 -0.0230
vn 0.8184 -0.5741 0.0228
vn 0.8182 -0.5745 0.0230
vn 0.7056 -0.7054 0.0670
vn 0.7046 -0.7064 0.0672
vn 0.5710 -0.8138 0.1084
vn 0.5693 -0.8149 0.1091
vn 0.4173 -0.8968 0.1469
vn 0.4149 -0.8979 0.1472
vn 0.2546 -0.9503 0.1794
vn 0.2521 -0.9508 0.1800
vn 0.0861 -0.9746 0.2065
vn 0.0836 -0.9748 0.2067
vn -0.0859 -0.9700 0.2273
vn -0.0878 -0.9698 0.2276
vn -0.2512 -0.9374 0.2412
vn -0.2525 -0.9371 0.2412
vn -0.4086 -0.8783 0.2482
vn -0.4090 -0.8781 0.2482
vn -0.5670 -0.8130 0.1323
vn -0.5668 -0.8132 0.1323
vn -0.6955 -0.7069 0.1286
vn -0.6950 -0.7074 0.1287
vn -0.8054 -0.5801 0.1215
vn -0.8047 -0.5811 0.1214
vn -0.8946 -0.4329 0.1103
vn -0.8940 -0.4343 0.1106
vn -0.9571 -0.2733 0.0962
vn -0.9567 -0.2748 0.0963
vn -0.9915 -0.1031 0.0787
vn -0.9914 -0.1047 0.0790
vn -0.9954 0.0754 0.0584
vn -0.9955 0.0741 0.0585
vn -0.9674 0.2507 0.0360
vn -0.9676 0.2498 0.0362
vn -0.9079 0.4191 0.0123
vn -0.9080 0.4188 0.0124
vn -0.8169 0.5767 -0.0123
vn -0.8167 0.5769 -0.0124
vn -0.7008 0.7124 -0.0363
vn -0.7002 0.7130 -0.0364
vn -0.5631 0.8243 -0.0589
vn -0.5620 0.8250 -0.0592
vn -0.4066 0.9101 -0.0801
vn -0.4051 0.9108 -0.0801
vn -0.2421 0.9653 -0.0979
vn -0.2404 0.9657 -0.0982
vn -0.0727 0.9909 -0.1129
vn -0.0710 0.9911 -0.1129
vn 0.0994 0.9873 -0.1243
vn 0.1007 0.9871 -0.1245
vn 0.2641 0.9554 -0.1321
vn 0.2649 0.9552 -0.1320
vn 0.4203 0.8971 -0.1359
vn 0.4206 0.8970 -0.1359
vn 0.5668 0.8126 -0.1359
vn 0.5665 0.8128 -0.1359
vn 0.6954 0.7064 -0.1320
vn 0.6947 0.7070 -0.1320
vn 0.8053 0.5797 -0.1243
vn 0.8045 0.5807 -0.1245
vn 0.8945 0.4325 -0.1129
vn 0.8938 0.4340 -0.1129
vn 0.9570 0.2730 -0.0979
vn 0.9565 0.2747 -0.0982
vn 0.9915 0.1029 -0.0801
vn 0.9913 0.1046 -0.0801
vn 0.9954 -0.0755 -0.0589
vn 0.9955 -0.0742 -0.0592
vn 0.9674 -0.2507 -0.0363
vn 0.9676 -0.2499 -0.0364
vn 0.9078 -0.4191 -0.0123
vn 0.9080 -0.4188 -0.0124
vn 0.8169 -0.5766 0.0123
vn 0.8167 -0.5769 0.0124
vn 0.7008 -0.7125 0.0360
vn 0.7002 -0.7131 0.0362
vn 0.5630 -0.8244 0.0584
vn 0.5619 -0.8251 0.0585
vn 0.4065 -0.9103 0.0787
vn 0.4050 -0.9109 0.0791
vn 0.2419 -0.9655 0.0962
vn 0.2403 -0.9659 0.0963
vn 0.0724 -0.9913 0.1104
vn 0.0709 -0.9913 0.1106
vn -0.0996 -0.9876 0.1215
vn -0.1009 -0.9875 0.1214
vn -0.2644 -0.9558 0.1286
vn -0.2651 -0.9556 0.1287
vn -0.4206 -0.8975 0.1323
vn -0.4209 -0.8974 0.1323
vn -0.5708 -0.8207 0.0267
vn -0.5706 -0.8208 0.0267
vn -0.6985 -0.7151 0.0260
vn -0.6982 -0.7154 0.0260
vn -0.8079 -0.5889 0.0246
vn -0.8075 -0.5893 0.0246
vn -0.8968 -0.4419 0.0225
vn -0.8965 -0.4425 0.0224
vn -0.9593 -0.2819 0.0196
vn -0.9590 -0.2826 0.0196
vn -0.9937 -0.1107 0.0161
vn -0.9936 -0.1114 0.0161
vn -0.9975 0.0695 0.0119
vn -0.9976 0.0689 0.0120
vn -0.9690 0.2470 0.0074
vn -0.9691 0.2466 0.0074
vn -0.9085 0.4179 0.0025
vn -0.9086 0.4177 0.0026
vn -0.8161 0.5779 -0.0026
vn -0.8161 0.5780 -0.0026
vn -0.6984 0.7157 -0.0075
vn -0.6981 0.7160 -0.0076
vn -0.5590 0.8291 -0.0123
vn -0.5584 0.8295 -0.0123
vn -0.4010 0.9159 -0.0166
vn -0.4003 0.9162 -0.0167
vn -0.2356 0.9716 -0.0205
vn -0.2348 0.9718 -0.0204
vn -0.0658 0.9976 -0.0235
vn -0.0650 0.9976 -0.0236
vn 0.1060 0.9940 -0.0260
vn 0.1066 0.9940 -0.0260
vn 0.2700 0.9625 -0.0276
vn 0.2704 0.9623 -0.0276
vn 0.4253 0.9046 -0.0284
vn 0.4254 0.9046 -0.0284
vn 0.5707 0.8206 -0.0284
vn 0.5706 0.8207 -0.0284
vn 0.6985 0.7151 -0.0276
vn 0.6982 0.7154 -0.0276
vn 0.8079 0.5888 -0.0260
vn 0.8075 0.5893 -0.0260
vn 0.8968 0.4418 -0.0235
vn 0.8965 0.4425 -0.0236
vn 0.9593 0.2818 -0.0205
vn 0.9590 0.2826 -0.0204
vn 0.9937 0.1107 -0.0166
vn 0.9936 0.1115 -0.0167
vn 0.9975 -0.0695 -0.0123
vn 0.9975 -0.0689 -0.0123
vn 0.9690 -0.2470 -0.0075
vn 0.9691 -0.2466 -0.0076
vn 0.9085 -0.4179 -0.0026
vn 0.9086 -0.4177 -0.0026
vn 0.8161 -0.5779 0.0025
vn 0.8161 -0.5780 0.0026
vn 0.6984 -0.7157 0.0074
vn 0.6981 -0.7160 0.0074
vn 0.5589 -0.8291 0.0119
vn 0.5584 -0.8295 0.0120
vn 0.4010 -0.9160 0.0161
vn 0.4003 -0.9162 0.0161
vn 0.2355 -0.9717 0.0195
vn 0.2348 -0.9719 0.0196
vn 0.0657 -0.9976 0.0225
vn 0.0650 -0.9976 0.0224
vn -0.1061 -0.9941 0.0246
vn -0.1066 -0.9940 0.0246
vn -0.2701 -0.9625 0.0260
vn -0.2704 -0.9624 0.0260
vn -0.4254 -0.9046 0.0267
vn -0.4255 -0.9046 0.0267
vn -0.5696 -0.8193 -0.0651
vn -0.6971 -0.7142 -0.0633
vn -0.6970 -0.7143 -0.0633
vn -0.8063 -0.5885 -0.0597
vn -0.8062 -0.5886 -0.0597
vn -0.8954 -0.4419 -0.0543
vn -0.8953 -0.4421 -0.0543
vn -0.9582 -0.2823 -0.0473
vn -0.9581 -0.2826 -0.0473
vn -0.9930 -0.1114 -0.0388
vn -0.9930 -0.1116 -0.0387
vn -0.9972 0.0689 -0.0287
vn -0.9972 0.0686 -0.0287
vn -0.9690 0.2466 -0.0177
vn -0.9690 0.2464 -0.0177
vn -0.9086 0.4177 -0.0060
vn -0.8160 0.5780 0.0060
vn -0.6980 0.7159 0.0176
vn -0.6979 0.7160 0.0177
vn -0.5583 0.8292 0.0286
vn -0.5581 0.8293 0.0286
vn -0.4001 0.9157 0.0385
vn -0.3999 0.9158 0.0386
vn -0.2346 0.9710 0.0470
vn -0.2343 0.9710 0.0470
vn -0.0649 0.9964 0.0539
vn -0.0647 0.9964 0.0540
vn 0.1064 0.9926 0.0593
vn 0.1066 0.9925 0.0593
vn 0.2700 0.9608 0.0628
vn 0.2701 0.9608 0.0628
vn 0.4247 0.9030 0.0645
vn 0.4248 0.9030 0.0645
vn 0.5697 0.8193 0.0645
vn 0.5696 0.8194 0.0645
vn 0.6971 0.7142 0.0628
vn 0.6970 0.7143 0.0628
vn 0.8064 0.5884 0.0593
vn 0.8062 0.5886 0.0593
vn 0.8954 0.4420 0.0539
vn 0.8953 0.4422 0.0540
vn 0.9582 0.2823 0.0470
vn 0.9581 0.2826 0.0470
vn 0.9930 0.1114 0.0385
vn 0.9930 0.1116 0.0386
vn 0.9972 -0.0689 0.0286
vn 0.9972 -0.0686 0.0286
vn 0.9690 -0.2466 0.0176
vn 0.9690 -0.2464 0.0177
vn 0.9085 -0.4177 0.0060
vn 0.9086 -0.4177 0.0060
vn 0.8160 -0.5780 -0.0060
vn 0.6980 -0.7159 -0.0177
vn 0.6979 -0.7160 -0.0177
vn 0.5582 -0.8292 -0.0287
vn 0.5581 -0.8293 -0.0287
vn 0.4001 -0.9157 -0.0388
vn 0.3999 -0.9158 -0.0387
vn 0.2346 -0.9709 -0.0473
vn 0.2343 -0.9710 -0.0473
vn 0.0650 -0.9964 -0.0543
vn 0.0647 -0.9964 -0.0543
vn -0.1065 -0.9925 -0.0597
vn -0.1066 -0.9925 -0.0597
vn -0.2699 -0.9608 -0.0633
vn -0.2701 -0.9608 -0.0633
vn -0.4247 -0.9030 -0.0651
vn -0.4248 -0.9030 -0.0651
vn -0.5651 -0.8114 -0.1494
vn -0.6926 -0.7065 -0.1453
vn -0.8021 -0.5812 -0.1372
vn -0.8022 -0.5811 -0.1372
vn -0.8915 -0.4354 -0.1248
vn -0.8916 -0.4353 -0.1248
vn -0.9548 -0.2766 -0.1088
vn -0.9548 -0.2765 -0.1088
vn -0.9903 -0.1067 -0.0892
vn -0.9903 -0.1066 -0.0891
vn -0.9952 0.0723 -0.0660
vn -0.9952 0.0724 -0.0660
vn -0.9677 0.2487 -0.0408
vn -0.9677 0.2487 -0.0407
vn -0.9081 0.4185 -0.0139
vn -0.8165 0.5772 0.0139
vn -0.6992 0.7137 0.0408
vn -0.5602 0.8257 0.0661
vn -0.5603 0.8256 0.0661
vn -0.4028 0.9109 0.0892
vn -0.4029 0.9109 0.0892
vn -0.2378 0.9652 0.1089
vn -0.2379 0.9652 0.1089
vn -0.0687 0.9898 0.1250
vn -0.0688 0.9898 0.1250
vn 0.1023 0.9852 0.1374
vn 0.1022 0.9852 0.1374
vn 0.2655 0.9530 0.1456
vn 0.2655 0.9531 0.1456
vn 0.4201 0.8950 0.1497
vn 0.5650 0.8114 0.1497
vn 0.5651 0.8113 0.1497
vn 0.6926 0.7065 0.1456
vn 0.6926 0.7064 0.1456
vn 0.8021 0.5812 0.1374
vn 0.8021 0.5811 0.1374
vn 0.8915 0.4354 0.1250
vn 0.8916 0.4353 0.1250
vn 0.9548 0.2766 0.1089
vn 0.9548 0.2765 0.1089
vn 0.9903 0.1067 0.0892
vn 0.9903 0.1066 0.0893
vn 0.9952 -0.0723 0.0661
vn 0.9952 -0.0724 0.0660
vn 0.9677 -0.2487 0.0408
vn 0.9081 -0.4185 0.0139
vn 0.8164 -0.5773 -0.0139
vn 0.8165 -0.5772 -0.0139
vn 0.6992 -0.7137 -0.0408
vn 0.6993 -0.7137 -0.0407
vn 0.5602 -0.8257 -0.0660
vn 0.5603 -0.8257 -0.0660
vn 0.4027 -0.9110 -0.0892
vn 0.4029 -0.9109 -0.0891
vn 0.2378 -0.9652 -0.1088
vn 0.2379 -0.9652 -0.1088
vn 0.0687 -0.9898 -0.1248
vn 0.0688 -0.9898 -0.1248
vn -0.1023 -0.9853 -0.1372
vn -0.1022 -0.9853 -0.1372
vn -0.2656 -0.9531 -0.1453
vn -0.2655 -0.9531 -0.1453
vn -0.4202 -0.8951 -0.1494
vn -0.4201 -0.8951 -0.1494
vn -0.5544 -0.7926 -0.2538
vn -0.5546 -0.7924 -0.2538
vn -0.6824 -0.6880 -0.2469
vn -0.6830 -0.6874 -0.2469
vn -0.7926 -0.5634 -0.2331
vn -0.7933 -0.5625 -0.2329
vn -0.8829 -0.4189 -0.2120
vn -0.8836 -0.4175 -0.2120
vn -0.9472 -0.2620 -0.1850
vn -0.9477 -0.2605 -0.1845
vn -0.9839 -0.0945 -0.1515
vn -0.9841 -0.0930 -0.1514
vn -0.9903 0.0814 -0.1124
vn -0.9903 0.0827 -0.1120
vn -0.9646 0.2543 -0.0694
vn -0.9644 0.2551 -0.0692
vn -0.9070 0.4204 -0.0237
vn -0.9069 0.4207 -0.0236
vn -0.8176 0.5753 0.0237
vn -0.8178 0.5750 0.0237
vn -0.7026 0.7082 0.0697
vn -0.7032 0.7076 0.0694
vn -0.5657 0.8168 0.1129
vn -0.5669 0.8160 0.1128
vn -0.4103 0.8991 0.1530
vn -0.4117 0.8985 0.1524
vn -0.2469 0.9509 0.1867
vn -0.2486 0.9505 0.1866
vn -0.0790 0.9735 0.2147
vn -0.0806 0.9734 0.2143
vn 0.0913 0.9674 0.2361
vn 0.0899 0.9676 0.2361
vn 0.2542 0.9342 0.2504
vn 0.2533 0.9345 0.2503
vn 0.4087 0.8756 0.2575
vn 0.4084 0.8757 0.2575
vn 0.5539 0.7918 0.2575
vn 0.5542 0.7916 0.2575
vn 0.6820 0.6872 0.2504
vn 0.6826 0.6866 0.2503
vn 0.7922 0.5628 0.2361
vn 0.7929 0.5617 0.2361
vn 0.8825 0.4184 0.2147
vn 0.8833 0.4169 0.2143
vn 0.9469 0.2616 0.1867
vn 0.9474 0.2599 0.1866
vn 0.9837 0.0943 0.1530
vn 0.9840 0.0927 0.1525
vn 0.9903 -0.0815 0.1129
vn 0.9902 -0.0829 0.1128
vn 0.9646 -0.2544 0.0697
vn 0.9644 -0.2552 0.0694
vn 0.9070 -0.4204 0.0237
vn 0.9069 -0.4207 0.0237
vn 0.8176 -0.5753 -0.0237
vn 0.8178 -0.5751 -0.0236
vn 0.7026 -0.7082 -0.0694
vn 0.7032 -0.7076 -0.0692
vn 0.5657 -0.8169 -0.1124
vn 0.5667 -0.8163 -0.1119
vn 0.4101 -0.8994 -0.1515
vn 0.4115 -0.8988 -0.1514
vn 0.2467 -0.9513 -0.1850
vn 0.2482 -0.9510 -0.1845
vn 0.0787 -0.9741 -0.2120
vn 0.0802 -0.9740 -0.2120
vn -0.0916 -0.9681 -0.2331
vn -0.0905 -0.9683 -0.2329
vn -0.2546 -0.9350 -0.2468
vn -0.2538 -0.9352 -0.2469
vn -0.4092 -0.8764 -0.2538
vn -0.4089 -0.8766 -0.2538
vn -0.5348 -0.7580 -0.3734
vn -0.5353 -0.7576 -0.3734
vn -0.6637 -0.6538 -0.3633
vn -0.6652 -0.6526 -0.3629
vn -0.7752 -0.5307 -0.3427
vn -0.7769 -0.5284 -0.3425
vn -0.8670 -0.3885 -0.3120
vn -0.8688 -0.3854 -0.3110
vn -0.9332 -0.2351 -0.2716
vn -0.9344 -0.2314 -0.2710
vn -0.9721 -0.0721 -0.2230
vn -0.9727 -0.0686 -0.2215
vn -0.9814 0.0982 -0.1649
vn -0.9812 0.1012 -0.1641
vn -0.9589 0.2648 -0.1021
vn -0.9585 0.2666 -0.1012
vn -0.9050 0.4239 -0.0348
vn -0.9047 0.4246 -0.0346
vn -0.8197 0.5718 0.0350
vn -0.8201 0.5712 0.0346
vn -0.7088 0.6979 0.1025
vn -0.7103 0.6965 0.1019
vn -0.5760 0.8003 0.1668
vn -0.5786 0.7987 0.1654
vn -0.4241 0.8771 0.2255
vn -0.4277 0.8756 0.2246
vn -0.2637 0.9242 0.2762
vn -0.2677 0.9235 0.2747
vn -0.0980 0.9432 0.3173
vn -0.1019 0.9430 0.3168
vn 0.0707 0.9342 0.3498
vn 0.0677 0.9347 0.3489
vn 0.2329 0.8991 0.3707
vn 0.2309 0.8996 0.3707
vn 0.3874 0.8392 0.3816
vn 0.3867 0.8396 0.3815
vn 0.5331 0.7551 0.3816
vn 0.5337 0.7547 0.3815
vn 0.6621 0.6513 0.3707
vn 0.6636 0.6498 0.3707
vn 0.7736 0.5283 0.3498
vn 0.7756 0.5260 0.3489
vn 0.8659 0.3868 0.3173
vn 0.8676 0.3833 0.3168
vn 0.9323 0.2337 0.2762
vn 0.9336 0.2299 0.2747
vn 0.9716 0.0713 0.2255
vn 0.9721 0.0674 0.2246
vn 0.9810 -0.0987 0.1668
vn 0.9810 -0.1017 0.1653
vn 0.9588 -0.2649 0.1025
vn 0.9583 -0.2669 0.1019
vn 0.9050 -0.4240 0.0350
vn 0.9047 -0.4246 0.0346
vn 0.8196 -0.5718 -0.0348
vn 0.8201 -0.5712 -0.0346
vn 0.7088 -0.6980 -0.1021
vn 0.7101 -0.6968 -0.1012
vn 0.5757 -0.8008 -0.1649
vn 0.5783 -0.7992 -0.1642
vn 0.4237 -0.8779 -0.2230
vn 0.4269 -0.8767 -0.2215
vn 0.2630 -0.9258 -0.2716
vn 0.2668 -0.9249 -0.2710
vn 0.0971 -0.9451 -0.3121
vn 0.1006 -0.9451 -0.3110
vn -0.0720 -0.9367 -0.3427
vn -0.0691 -0.9370 -0.3425
vn -0.2343 -0.9017 -0.3633
vn -0.2326 -0.9023 -0.3629
vn -0.3890 -0.8422 -0.3734
vn -0.3884 -0.8424 -0.3735
vn -0.5068 -0.7087 -0.4909
vn -0.5077 -0.7081 -0.4908
vn -0.6371 -0.6054 -0.4771
vn -0.6391 -0.6034 -0.4770
vn -0.7501 -0.4842 -0.4504
vn -0.7530 -0.4808 -0.4492
vn -0.8444 -0.3457 -0.4092
vn -0.8469 -0.3408 -0.4081
vn -0.9132 -0.1970 -0.3567
vn -0.9153 -0.1919 -0.3542
vn -0.9556 -0.0408 -0.2918
vn -0.9564 -0.0353 -0.2899
vn -0.9687 0.1218 -0.2164
vn -0.9687 0.1259 -0.2139
vn -0.9509 0.2793 -0.1334
vn -0.9502 0.2821 -0.1321
vn -0.9022 0.4289 -0.0457
vn -0.9018 0.4298 -0.0451
vn -0.8226 0.5668 0.0457
vn -0.8232 0.5660 0.0452
vn -0.7175 0.6835 0.1345
vn -0.7196 0.6816 0.1326
vn -0.5901 0.7773 0.2181
vn -0.5941 0.7748 0.2162
vn -0.4434 0.8460 0.2961
vn -0.4485 0.8443 0.2931
vn -0.2871 0.8869 0.3619
vn -0.2932 0.8856 0.3602
vn -0.1246 0.9003 0.4171
vn -0.1303 0.9005 0.4149
vn 0.0421 0.8874 0.4591
vn 0.0372 0.8879 0.4585
vn 0.2030 0.8491 0.4876
vn 0.2001 0.8502 0.4869
vn 0.3573 0.7878 0.5016
vn 0.3564 0.7883 0.5017
vn 0.5036 0.7034 0.5016
vn 0.5045 0.7027 0.5017
vn 0.6338 0.6004 0.4876
vn 0.6363 0.5984 0.4869
vn 0.7475 0.4801 0.4591
vn 0.7503 0.4762 0.4585
vn 0.8419 0.3422 0.4172
vn 0.8450 0.3374 0.4149
vn 0.9116 0.1948 0.3619
vn 0.9135 0.1889 0.3602
vn 0.9544 0.0390 0.2961
vn 0.9555 0.0337 0.2931
vn 0.9682 -0.1224 0.2181
vn 0.9680 -0.1271 0.2162
vn 0.9506 -0.2797 0.1345
vn 0.9501 -0.2824 0.1326
vn 0.9022 -0.4289 0.0457
vn 0.9018 -0.4299 0.0452
vn 0.8226 -0.5668 -0.0457
vn 0.8231 -0.5661 -0.0451
vn 0.7173 -0.6839 -0.1334
vn 0.7194 -0.6819 -0.1321
vn 0.5898 -0.7780 -0.2164
vn 0.5934 -0.7760 -0.2139
vn 0.4425 -0.8480 -0.2918
vn 0.4476 -0.8459 -0.2899
vn 0.2859 -0.8894 -0.3568
vn 0.2914 -0.8886 -0.3542
vn 0.1228 -0.9042 -0.4092
vn 0.1283 -0.9039 -0.4080
vn -0.0442 -0.8917 -0.4504
vn -0.0399 -0.8926 -0.4492
vn -0.2057 -0.8544 -0.4771
vn -0.2029 -0.8552 -0.4770
vn -0.3603 -0.7932 -0.4909
vn -0.3594 -0.7937 -0.4908
vn -0.4744 -0.6515 -0.5920
vn -0.4753 -0.6508 -0.5920
vn -0.6060 -0.5491 -0.5756
vn -0.6088 -0.5468 -0.5748
vn -0.7215 -0.4305 -0.5423
vn -0.7248 -0.4262 -0.5413
vn -0.8182 -0.2959 -0.4930
vn -0.8216 -0.2907 -0.4903
vn -0.8904 -0.1535 -0.4284
vn -0.8928 -0.1470 -0.4258
vn -0.9364 -0.0043 -0.3510
vn -0.9378 0.0014 -0.3471
vn -0.9543 0.1485 -0.2592
vn -0.9543 0.1537 -0.2564
vn -0.9416 0.2960 -0.1602
vn -0.9411 0.2990 -0.1577
vn -0.8990 0.4346 -0.0546
vn -0.8985 0.4356 -0.0539
vn -0.8259 0.5611 0.0548
vn -0.8265 0.5603 0.0539
vn -0.7273 0.6672 0.1607
vn -0.7299 0.6649 0.1587
vn -0.6065 0.7508 0.2617
vn -0.6108 0.7486 0.2580
vn -0.4653 0.8111 0.3543
vn -0.4716 0.8089 0.3512
vn -0.3139 0.8441 0.4347
vn -0.3208 0.8435 0.4309
vn -0.1549 0.8520 0.5001
vn -0.1619 0.8519 0.4981
vn 0.0091 0.8339 0.5518
vn 0.0037 0.8352 0.5499
vn 0.1691 0.7929 0.5855
vn 0.1654 0.7939 0.5851
vn 0.3232 0.7295 0.6029
vn 0.3219 0.7302 0.6027
vn 0.4701 0.6446 0.6028
vn 0.4713 0.6439 0.6027
vn 0.6021 0.5428 0.5855
vn 0.6048 0.5402 0.5851
vn 0.7176 0.4249 0.5518
vn 0.7215 0.4208 0.5499
vn 0.8153 0.2919 0.5001
vn 0.8187 0.2857 0.4981
vn 0.8880 0.1502 0.4346
vn 0.8909 0.1439 0.4308
vn 0.9351 0.0026 0.3543
vn 0.9363 -0.0040 0.3512
vn 0.9535 -0.1498 0.2617
vn 0.9537 -0.1547 0.2580
vn 0.9415 -0.2963 0.1607
vn 0.9408 -0.2996 0.1587
vn 0.8989 -0.4347 0.0548
vn 0.8985 -0.4356 0.0539
vn 0.8258 -0.5613 -0.0546
vn 0.8265 -0.5603 -0.0539
vn 0.7272 -0.6675 -0.1602
vn 0.7295 -0.6655 -0.1577
vn 0.6058 -0.7522 -0.2592
vn 0.6102 -0.7496 -0.2564
vn 0.4644 -0.8131 -0.3510
vn 0.4701 -0.8115 -0.3471
vn 0.3123 -0.8479 -0.4284
vn 0.3191 -0.8467 -0.4258
vn 0.1529 -0.8565 -0.4930
vn 0.1591 -0.8569 -0.4903
vn -0.0121 -0.8401 -0.5423
vn -0.0068 -0.8408 -0.5414
vn -0.1724 -0.7994 -0.5756
vn -0.1691 -0.8006 -0.5748
vn -0.3271 -0.7366 -0.5920
vn -0.3260 -0.7370 -0.5920
vn -0.4422 -0.5946 -0.6715
vn -0.4433 -0.5939 -0.6714
vn -0.5757 -0.4931 -0.6522
vn -0.5784 -0.4906 -0.6518
vn -0.6932 -0.3765 -0.6145
vn -0.6969 -0.3727 -0.6127
vn -0.7929 -0.2465 -0.5572
vn -0.7963 -0.2408 -0.5549
vn -0.8680 -0.1094 -0.4843
vn -0.8709 -0.1037 -0.4804
vn -0.9180 0.0316 -0.3953
vn -0.9193 0.0377 -0.3918
vn -0.9401 0.1757 -0.2922
vn -0.9405 0.1801 -0.2883
vn -0.9327 0.3125 -0.1799
vn -0.9321 0.3156 -0.1775
vn -0.8958 0.4402 -0.0615
vn -0.8954 0.4411 -0.0605
vn -0.8292 0.5556 0.0615
vn -0.8298 0.5548 0.0606
vn -0.7373 0.6509 0.1808
vn -0.7395 0.6492 0.1780
vn -0.6226 0.7253 0.2936
vn -0.6270 0.7229 0.2902
vn -0.4876 0.7767 0.3989
vn -0.4934 0.7753 0.3943
vn -0.3406 0.8033 0.4886
vn -0.3477 0.8023 0.4853
vn -0.1854 0.8049 0.5637
vn -0.1920 0.8056 0.5605
vn -0.0232 0.7830 0.6216
vn -0.0289 0.7839 0.6202
vn 0.1356 0.7384 0.6606
vn 0.1320 0.7398 0.6598
vn 0.2900 0.6733 0.6801
vn 0.2887 0.6739 0.6801
vn 0.4381 0.5878 0.6801
vn 0.4393 0.5869 0.6801
vn 0.5716 0.4866 0.6606
vn 0.5746 0.4843 0.6598
vn 0.6897 0.3714 0.6216
vn 0.6933 0.3668 0.6202
vn 0.7897 0.2419 0.5637
vn 0.7937 0.2365 0.5605
vn 0.8660 0.1066 0.4886
vn 0.8686 0.1000 0.4853
vn 0.9164 -0.0339 0.3989
vn 0.9181 -0.0396 0.3943
vn 0.9395 -0.1766 0.2936
vn 0.9396 -0.1815 0.2902
vn 0.9324 -0.3131 0.1808
vn 0.9320 -0.3159 0.1779
vn 0.8958 -0.4403 0.0615
vn 0.8953 -0.4412 0.0606
vn 0.8292 -0.5556 -0.0615
vn 0.8297 -0.5549 -0.0605
vn 0.7370 -0.6515 -0.1799
vn 0.7394 -0.6495 -0.1775
vn 0.6222 -0.7263 -0.2922
vn 0.6262 -0.7244 -0.2883
vn 0.4864 -0.7792 -0.3953
vn 0.4923 -0.7773 -0.3917
vn 0.3392 -0.8065 -0.4843
vn 0.3456 -0.8061 -0.4804
vn 0.1830 -0.8100 -0.5572
vn 0.1896 -0.8100 -0.5549
vn 0.0205 -0.7886 -0.6146
vn 0.0256 -0.7899 -0.6127
vn -0.1391 -0.7452 -0.6522
vn -0.1356 -0.7462 -0.6518
vn -0.2939 -0.6802 -0.6715
vn -0.2927 -0.6809 -0.6714
vn -0.4137 -0.5436 -0.7303
vn -0.4145 -0.5430 -0.7303
vn -0.5489 -0.4425 -0.7091
vn -0.5514 -0.4406 -0.7084
vn -0.6688 -0.3282 -0.6671
vn -0.6718 -0.3246 -0.6658
vn -0.7707 -0.2014 -0.6045
vn -0.7740 -0.1971 -0.6017
vn -0.8489 -0.0700 -0.5239
vn -0.8512 -0.0648 -0.5208
vn -0.9017 0.0646 -0.4274
vn -0.9033 0.0691 -0.4235
vn -0.9279 0.1998 -0.3149
vn -0.9281 0.2038 -0.3117
vn -0.9247 0.3276 -0.1939
vn -0.9244 0.3298 -0.1914
vn -0.8930 0.4453 -0.0661
vn -0.8926 0.4460 -0.0652
vn -0.8321 0.5506 0.0662
vn -0.8326 0.5500 0.0652
vn -0.7462 0.6368 0.1942
vn -0.7481 0.6352 0.1919
vn -0.6375 0.7025 0.3163
vn -0.6409 0.7011 0.3126
vn -0.5076 0.7470 0.4293
vn -0.5127 0.7456 0.4257
vn -0.3652 0.7671 0.5274
vn -0.3708 0.7670 0.5236
vn -0.2127 0.7646 0.6084
vn -0.2186 0.7648 0.6060
vn -0.0525 0.7384 0.6723
vn -0.0572 0.7397 0.6705
vn 0.1060 0.6914 0.7146
vn 0.1028 0.6924 0.7141
vn 0.2608 0.6244 0.7363
vn 0.2598 0.6250 0.7362
vn 0.4104 0.5381 0.7363
vn 0.4114 0.5374 0.7362
vn 0.5458 0.4375 0.7146
vn 0.5482 0.4352 0.7141
vn 0.6657 0.3237 0.6723
vn 0.6692 0.3203 0.6705
vn 0.7685 0.1981 0.6084
vn 0.7716 0.1932 0.6060
vn 0.8470 0.0673 0.5274
vn 0.8497 0.0623 0.5236
vn 0.9007 -0.0661 0.4293
vn 0.9020 -0.0712 0.4257
vn 0.9272 -0.2009 0.3163
vn 0.9276 -0.2045 0.3126
vn 0.9246 -0.3278 0.1942
vn 0.9242 -0.3303 0.1920
vn 0.8929 -0.4453 0.0662
vn 0.8926 -0.4460 0.0653
vn 0.8321 -0.5507 -0.0661
vn 0.8326 -0.5500 -0.0653
vn 0.7461 -0.6370 -0.1939
vn 0.7478 -0.6357 -0.1914
vn 0.6370 -0.7037 -0.3148
vn 0.6405 -0.7019 -0.3117
vn 0.5069 -0.7486 -0.4274
vn 0.5115 -0.7477 -0.4235
vn 0.3638 -0.7702 -0.5239
vn 0.3694 -0.7696 -0.5208
vn 0.2110 -0.7682 -0.6045
vn 0.2164 -0.7689 -0.6017
vn 0.0501 -0.7433 -0.6671
vn 0.0547 -0.7441 -0.6658
vn -0.1087 -0.6966 -0.7091
vn -0.1059 -0.6978 -0.7084
vn -0.2640 -0.6300 -0.7303
vn -0.2630 -0.6305 -0.7303
vn -0.3898 -0.5008 -0.7728
vn -0.3905 -0.5004 -0.7727
vn -0.5269 -0.4001 -0.7499
vn -0.5285 -0.3987 -0.7495
vn -0.6486 -0.2872 -0.7049
vn -0.6509 -0.2849 -0.7037
vn -0.7529 -0.1636 -0.6374
vn -0.7550 -0.1605 -0.6357
vn -0.8331 -0.0364 -0.5519
vn -0.8350 -0.0332 -0.5493
vn -0.8887 0.0921 -0.4491
vn -0.8897 0.0953 -0.4465
vn -0.9177 0.2204 -0.3305
vn -0.9180 0.2227 -0.3280
vn -0.9182 0.3400 -0.2031
vn -0.9180 0.3416 -0.2014
vn -0.8906 0.4495 -0.0692
vn -0.8904 0.4500 -0.0686
vn -0.8346 0.5465 0.0692
vn -0.8349 0.5461 0.0686
vn -0.7538 0.6249 0.2034
vn -0.7549 0.6241 0.2016
vn -0.6500 0.6840 0.3311
vn -0.6523 0.6829 0.3287
vn -0.5248 0.7223 0.4504
vn -0.5280 0.7218 0.4475
vn -0.3858 0.7381 0.5535
vn -0.3898 0.7378 0.5511
vn -0.2361 0.7314 0.6398
vn -0.2399 0.7319 0.6378
vn -0.0770 0.7025 0.7076
vn -0.0803 0.7031 0.7065
vn 0.0812 0.6530 0.7530
vn 0.0792 0.6538 0.7525
vn 0.2369 0.5845 0.7761
vn 0.2361 0.5848 0.7760
vn 0.3878 0.4973 0.7761
vn 0.3884 0.4969 0.7760
vn 0.5249 0.3968 0.7530
vn 0.5267 0.3955 0.7525
vn 0.6469 0.2845 0.7075
vn 0.6491 0.2820 0.7065
vn 0.7514 0.1613 0.6399
vn 0.7538 0.1583 0.6378
vn 0.8321 0.0349 0.5535
vn 0.8339 0.0314 0.5511
vn 0.8879 -0.0933 0.4504
vn 0.8891 -0.0963 0.4475
vn 0.9174 -0.2209 0.3311
vn 0.9176 -0.2235 0.3287
vn 0.9180 -0.3403 0.2034
vn 0.9179 -0.3418 0.2016
vn 0.8906 -0.4495 0.0692
vn 0.8904 -0.4500 0.0686
vn 0.8346 -0.5465 -0.0692
vn 0.8349 -0.5461 -0.0686
vn 0.7536 -0.6252 -0.2031
vn 0.7548 -0.6242 -0.2014
vn 0.6497 -0.6845 -0.3305
vn 0.6519 -0.6837 -0.3280
vn 0.5241 -0.7236 -0.4490
vn 0.5274 -0.7228 -0.4465
vn 0.3850 -0.7397 -0.5519
vn 0.3887 -0.7397 -0.5493
vn 0.2348 -0.7339 -0.6374
vn 0.2386 -0.7341 -0.6357
vn 0.0756 -0.7053 -0.7049
vn 0.0786 -0.7062 -0.7037
vn -0.0830 -0.6563 -0.7499
vn -0.0809 -0.6570 -0.7495
vn -0.2388 -0.5880 -0.7728
vn -0.2382 -0.5883 -0.7728
vn -0.3706 -0.4663 -0.8033
vn -0.3708 -0.4661 -0.8033
vn -0.5090 -0.3658 -0.7791
vn -0.5097 -0.3653 -0.7789
vn -0.6325 -0.2543 -0.7316
vn -0.6333 -0.2535 -0.7313
vn -0.7385 -0.1331 -0.6610
vn -0.7393 -0.1321 -0.6602
vn -0.8207 -0.0098 -0.5713
vn -0.8213 -0.0085 -0.5704
vn -0.8782 0.1142 -0.4644
vn -0.8787 0.1152 -0.4633
vn -0.9097 0.2365 -0.3412
vn -0.9098 0.2374 -0.3403
vn -0.9130 0.3500 -0.2095
vn -0.9130 0.3505 -0.2088
vn -0.8887 0.4528 -0.0713
vn -0.8887 0.4530 -0.0711
vn -0.8365 0.5432 0.0713
vn -0.8366 0.5431 0.0711
vn -0.7596 0.6157 0.2095
vn -0.7601 0.6153 0.2089
vn -0.6598 0.6693 0.3414
vn -0.6607 0.6690 0.3404
vn -0.5382 0.7032 0.4647
vn -0.5394 0.7029 0.4637
vn -0.4022 0.7150 0.5718
vn -0.4036 0.7150 0.5708
vn -0.2544 0.7054 0.6616
vn -0.2558 0.7055 0.6609
vn -0.0965 0.6739 0.7325
vn -0.0976 0.6742 0.7320
vn 0.0617 0.6227 0.7800
vn 0.0608 0.6230 0.7799
vn 0.2179 0.5529 0.8043
vn 0.2176 0.5530 0.8042
vn 0.3699 0.4651 0.8043
vn 0.3701 0.4650 0.8042
vn 0.5084 0.3648 0.7800
vn 0.5091 0.3642 0.7799
vn 0.6319 0.2534 0.7325
vn 0.6328 0.2525 0.7320
vn 0.7381 0.1324 0.6616
vn 0.7389 0.1312 0.6609
vn 0.8203 0.0092 0.5719
vn 0.8210 0.0080 0.5708
vn 0.8780 -0.1145 0.4647
vn 0.8784 -0.1156 0.4637
vn 0.9096 -0.2368 0.3414
vn 0.9097 -0.2376 0.3404
vn 0.9130 -0.3500 0.2095
vn 0.9129 -0.3506 0.2089
vn 0.8887 -0.4528 0.0713
vn 0.8887 -0.4530 0.0711
vn 0.8365 -0.5433 -0.0713
vn 0.8366 -0.5431 -0.0711
vn 0.7596 -0.6157 -0.2095
vn 0.7600 -0.6154 -0.2088
vn 0.6597 -0.6696 -0.3412
vn 0.6605 -0.6692 -0.3403
vn 0.5380 -0.7035 -0.4644
vn 0.5391 -0.7033 -0.4633
vn 0.4019 -0.7156 -0.5713
vn 0.4033 -0.7156 -0.5704
vn 0.2539 -0.7061 -0.6610
vn 0.2553 -0.7063 -0.6602
vn 0.0959 -0.6749 -0.7317
vn 0.0971 -0.6751 -0.7313
vn -0.0622 -0.6238 -0.7791
vn -0.0615 -0.6241 -0.7789
vn -0.2185 -0.5541 -0.8033
vn -0.2183 -0.5542 -0.8033
vn -0.6370 0.0880 0.7659
vn -0.6370 0.0877 0.7659
vn -0.6177 0.2585 0.7427
vn -0.6178 0.2580 0.7428
vn -0.5799 0.4213 0.6973
vn -0.5802 0.4204 0.6976
vn -0.5236 0.5738 0.6297
vn -0.5240 0.5729 0.6303
vn -0.4523 0.7066 0.5441
vn -0.4529 0.7058 0.5447
vn -0.3675 0.8183 0.4421
vn -0.3680 0.8176 0.4428
vn -0.2698 0.9065 0.3248
vn -0.2704 0.9061 0.3254
vn -0.1656 0.9658 0.1993
vn -0.1659 0.9657 0.1998
vn -0.0563 0.9961 0.0679
vn -0.0565 0.9961 0.0680
vn 0.0563 0.9961 -0.0679
vn 0.0565 0.9961 -0.0680
vn 0.1655 0.9658 -0.1994
vn 0.1659 0.9657 -0.1999
vn 0.2696 0.9065 -0.3249
vn 0.2701 0.9061 -0.3256
vn 0.3669 0.8183 -0.4425
vn 0.3676 0.8176 -0.4432
vn 0.4517 0.7067 -0.5446
vn 0.4522 0.7058 -0.5454
vn 0.5227 0.5738 -0.6305
vn 0.5232 0.5729 -0.6310
vn 0.5788 0.4214 -0.6982
vn 0.5790 0.4204 -0.6986
vn 0.6164 0.2585 -0.7438
vn 0.6166 0.2579 -0.7439
vn 0.6356 0.0880 -0.7670
vn 0.6356 0.0878 -0.7670
vn 0.6356 -0.0879 -0.7670
vn 0.6356 -0.0878 -0.7670
vn 0.6164 -0.2585 -0.7438
vn 0.6166 -0.2578 -0.7439
vn 0.5788 -0.4213 -0.6982
vn 0.5790 -0.4205 -0.6986
vn 0.5227 -0.5738 -0.6305
vn 0.5232 -0.5728 -0.6310
vn 0.4517 -0.7067 -0.5446
vn 0.4522 -0.7058 -0.5454
vn 0.3670 -0.8183 -0.4425
vn 0.3677 -0.8175 -0.4432
vn 0.2696 -0.9065 -0.3249
vn 0.2701 -0.9061 -0.3256
vn 0.1655 -0.9658 -0.1994
vn 0.1659 -0.9657 -0.1999
vn 0.0563 -0.9961 -0.0679
vn 0.0565 -0.9961 -0.0680
vn -0.0563 -0.9961 0.0679
vn -0.0565 -0.9961 0.0680
vn -0.1656 -0.9658 0.1993
vn -0.1659 -0.9657 0.1998
vn -0.2698 -0.9065 0.3248
vn -0.2704 -0.9061 0.3254
vn -0.3674 -0.8183 0.4421
vn -0.3680 -0.8176 0.4428
vn -0.4523 -0.7066 0.5441
vn -0.4529 -0.7058 0.5448
vn -0.5236 -0.5738 0.6297
vn -0.5240 -0.5729 0.6303
vn -0.5799 -0.4213 0.6973
vn -0.5802 -0.4204 0.6976
vn -0.6177 -0.2585 0.7427
vn -0.6178 -0.2580 0.7428
vn -0.6370 -0.0880 0.7659
vn -0.6370 -0.0878 0.7659
vn -0.7197 0.0879 0.6887
vn -0.7197 0.0874 0.6887
vn -0.6979 0.2584 0.6679
vn -0.6983 0.2569 0.6682
vn -0.6553 0.4211 0.6271
vn -0.6558 0.4191 0.6279
vn -0.5916 0.5736 0.5666
vn -0.5928 0.5713 0.5676
vn -0.5111 0.7065 0.4896
vn -0.5125 0.7043 0.4912
vn -0.4150 0.8181 0.3980
vn -0.4169 0.8165 0.3995
vn -0.3049 0.9064 0.2924
vn -0.3063 0.9054 0.2940
vn -0.1870 0.9658 0.1796
vn -0.1881 0.9654 0.1805
vn -0.0636 0.9961 0.0611
vn -0.0640 0.9961 0.0615
vn 0.0636 0.9961 -0.0612
vn 0.0640 0.9961 -0.0615
vn 0.1868 0.9658 -0.1798
vn 0.1879 0.9654 -0.1809
vn 0.3041 0.9064 -0.2931
vn 0.3059 0.9054 -0.2945
vn 0.4141 0.8181 -0.3990
vn 0.4157 0.8164 -0.4009
vn 0.5093 0.7065 -0.4914
vn 0.5111 0.7042 -0.4928
vn 0.5894 0.5737 -0.5688
vn 0.5905 0.5711 -0.5702
vn 0.6524 0.4212 -0.6301
vn 0.6532 0.4189 -0.6307
vn 0.6948 0.2584 -0.6711
vn 0.6951 0.2569 -0.6715
vn 0.7164 0.0880 -0.6922
vn 0.7164 0.0874 -0.6922
vn 0.7164 -0.0880 -0.6922
vn 0.7164 -0.0873 -0.6922
vn 0.6948 -0.2584 -0.6711
vn 0.6951 -0.2569 -0.6715
vn 0.6524 -0.4212 -0.6301
vn 0.6532 -0.4189 -0.6307
vn 0.5894 -0.5737 -0.5688
vn 0.5905 -0.5711 -0.5702
vn 0.5092 -0.7065 -0.4914
vn 0.5111 -0.7042 -0.4929
vn 0.4141 -0.8181 -0.3990
vn 0.4157 -0.8164 -0.4009
vn 0.3041 -0.9064 -0.2931
vn 0.3058 -0.9054 -0.2945
vn 0.1868 -0.9658 -0.1798
vn 0.1879 -0.9654 -0.1809
vn 0.0636 -0.9961 -0.0612
vn 0.0640 -0.9961 -0.0615
vn -0.0636 -0.9961 0.0611
vn -0.0640 -0.9961 0.0615
vn -0.1870 -0.9658 0.1796
vn -0.1881 -0.9654 0.1806
vn -0.3049 -0.9064 0.2924
vn -0.3063 -0.9054 0.2940
vn -0.4151 -0.8181 0.3980
vn -0.4168 -0.8165 0.3995
vn -0.5111 -0.7064 0.4896
vn -0.5125 -0.7043 0.4912
vn -0.5916 -0.5736 0.5666
vn -0.5929 -0.5713 0.5676
vn -0.6553 -0.4211 0.6271
vn -0.6558 -0.4191 0.6279
vn -0.6979 -0.2584 0.6679
vn -0.6983 -0.2569 0.6681
vn -0.7197 -0.0879 0.6887
vn -0.7198 -0.0874 0.6887
vn -0.7990 0.0876 0.5949
vn -0.7991 0.0869 0.5949
vn -0.7751 0.2574 0.5770
vn -0.7754 0.2556 0.5774
vn -0.7278 0.4198 0.5423
vn -0.7289 0.4171 0.5428
vn -0.6577 0.5721 0.4900
vn -0.6592 0.5691 0.4915
vn -0.5683 0.7051 0.4241
vn -0.5707 0.7023 0.4255
vn -0.4621 0.8171 0.3448
vn -0.4644 0.8149 0.3468
vn -0.3394 0.9058 0.2538
vn -0.3417 0.9045 0.2552
vn -0.2084 0.9656 0.1558
vn -0.2099 0.9650 0.1571
vn -0.0709 0.9961 0.0531
vn -0.0715 0.9960 0.0535
vn 0.0709 0.9961 -0.0531
vn 0.0714 0.9960 -0.0536
vn 0.2080 0.9656 -0.1563
vn 0.2097 0.9650 -0.1574
vn 0.3387 0.9058 -0.2545
vn 0.3409 0.9044 -0.2565
vn 0.4605 0.8171 -0.3468
vn 0.4632 0.8148 -0.3485
vn 0.5664 0.7052 -0.4266
vn 0.5686 0.7021 -0.4287
vn 0.6547 0.5722 -0.4940
vn 0.6566 0.5690 -0.4951
vn 0.7245 0.4199 -0.5466
vn 0.7254 0.4169 -0.5477
vn 0.7711 0.2576 -0.5824
vn 0.7716 0.2554 -0.5826
vn 0.7949 0.0875 -0.6004
vn 0.7949 0.0869 -0.6004
vn 0.7949 -0.0876 -0.6004
vn 0.7949 -0.0869 -0.6004
vn 0.7711 -0.2575 -0.5824
vn 0.7716 -0.2555 -0.5825
vn 0.7245 -0.4199 -0.5467
vn 0.7254 -0.4169 -0.5477
vn 0.6547 -0.5722 -0.4940
vn 0.6567 -0.5689 -0.4951
vn 0.5664 -0.7052 -0.4266
vn 0.5685 -0.7022 -0.4286
vn 0.4605 -0.8171 -0.3468
vn 0.4632 -0.8148 -0.3485
vn 0.3387 -0.9058 -0.2545
vn 0.3409 -0.9044 -0.2565
vn 0.2080 -0.9656 -0.1563
vn 0.2097 -0.9650 -0.1574
vn 0.0709 -0.9961 -0.0531
vn 0.0714 -0.9960 -0.0536
vn -0.0709 -0.9961 0.0531
vn -0.0715 -0.9960 0.0535
vn -0.2084 -0.9656 0.1558
vn -0.2099 -0.9650 0.1571
vn -0.3394 -0.9058 0.2538
vn -0.3417 -0.9045 0.2552
vn -0.4621 -0.8171 0.3448
vn -0.4644 -0.8149 0.3468
vn -0.5683 -0.7051 0.4241
vn -0.5708 -0.7022 0.4255
vn -0.6577 -0.5721 0.4900
vn -0.6592 -0.5691 0.4915
vn -0.7278 -0.4198 0.5423
vn -0.7290 -0.4171 0.5428
vn -0.7751 -0.2574 0.5770
vn -0.7754 -0.2556 0.5774
vn -0.7990 -0.0876 0.5949
vn -0.7991 -0.0869 0.5949
vn -0.8693 0.0870 0.4865
vn -0.8694 0.0863 0.4866
vn -0.8435 0.2558 0.4723
vn -0.8441 0.2538 0.4724
vn -0.7929 0.4174 0.4439
vn -0.7939 0.4146 0.4448
vn -0.7170 0.5695 0.4020
vn -0.7190 0.5663 0.4028
vn -0.6206 0.7026 0.3480
vn -0.6230 0.6997 0.3497
vn -0.5049 0.8152 0.2838
vn -0.5078 0.8129 0.2850
vn -0.3715 0.9047 0.2088
vn -0.3739 0.9033 0.2104
vn -0.2281 0.9651 0.1286
vn -0.2300 0.9645 0.1294
vn -0.0777 0.9960 0.0438
vn -0.0783 0.9959 0.0442
vn 0.0776 0.9960 -0.0439
vn 0.0783 0.9959 -0.0442
vn 0.2279 0.9651 -0.1289
vn 0.2297 0.9645 -0.1301
vn 0.3706 0.9047 -0.2102
vn 0.3734 0.9033 -0.2114
vn 0.5037 0.8153 -0.2857
vn 0.5065 0.8129 -0.2876
vn 0.6185 0.7027 -0.3517
vn 0.6213 0.6996 -0.3529
vn 0.7145 0.5696 -0.4063
vn 0.7164 0.5661 -0.4078
vn 0.7896 0.4175 -0.4497
vn 0.7909 0.4145 -0.4502
vn 0.8400 0.2559 -0.4785
vn 0.8404 0.2537 -0.4789
vn 0.8655 0.0871 -0.4933
vn 0.8656 0.0863 -0.4933
vn 0.8655 -0.0870 -0.4933
vn 0.8656 -0.0863 -0.4933
vn 0.8400 -0.2559 -0.4785
vn 0.8404 -0.2537 -0.4789
vn 0.7895 -0.4176 -0.4497
vn 0.7909 -0.4144 -0.4502
vn 0.7145 -0.5695 -0.4063
vn 0.7164 -0.5662 -0.4077
vn 0.6184 -0.7028 -0.3516
vn 0.6213 -0.6996 -0.3529
vn 0.5037 -0.8152 -0.2857
vn 0.5065 -0.8128 -0.2877
vn 0.3706 -0.9047 -0.2102
vn 0.3734 -0.9033 -0.2114
vn 0.2279 -0.9651 -0.1289
vn 0.2297 -0.9645 -0.1301
vn 0.0776 -0.9960 -0.0439
vn 0.0783 -0.9959 -0.0442
vn -0.0777 -0.9960 0.0438
vn -0.0783 -0.9959 0.0442
vn -0.2281 -0.9651 0.1286
vn -0.2300 -0.9645 0.1294
vn -0.3715 -0.9047 0.2088
vn -0.3739 -0.9033 0.2104
vn -0.5049 -0.8152 0.2837
vn -0.5078 -0.8129 0.2850
vn -0.6207 -0.7026 0.3480
vn -0.6230 -0.6997 0.3497
vn -0.7170 -0.5695 0.4020
vn -0.7190 -0.5663 0.4028
vn -0.7929 -0.4174 0.4439
vn -0.7939 -0.4146 0.4448
vn -0.8435 -0.2558 0.4723
vn -0.8441 -0.2538 0.4724
vn -0.8693 -0.0870 0.4865
vn -0.8694 -0.0863 0.4866
vn -0.9256 0.0862 0.3687
vn -0.9256 0.0855 0.3686
vn -0.8987 0.2535 0.3580
vn -0.8990 0.2519 0.3582
vn -0.8454 0.4142 0.3371
vn -0.8466 0.4117 0.3373
vn -0.7658 0.5659 0.3054
vn -0.7675 0.5631 0.3064
vn -0.6638 0.6993 0.2653
vn -0.6662 0.6967 0.2659
vn -0.5412 0.8126 0.2163
vn -0.5437 0.8106 0.2176
vn -0.3986 0.9031 0.1598
vn -0.4010 0.9019 0.1605
vn -0.2452 0.9645 0.0983
vn -0.2468 0.9640 0.0991
vn -0.0835 0.9959 0.0336
vn -0.0841 0.9959 0.0338
vn 0.0835 0.9959 -0.0336
vn 0.0841 0.9959 -0.0339
vn 0.2449 0.9645 -0.0989
vn 0.2467 0.9640 -0.0994
vn 0.3981 0.9031 -0.1607
vn 0.4005 0.9019 -0.1620
vn 0.5401 0.8127 -0.2188
vn 0.5429 0.8106 -0.2196
vn 0.6624 0.6995 -0.2683
vn 0.6648 0.6967 -0.2697
vn 0.7638 0.5660 -0.3102
vn 0.7658 0.5630 -0.3107
vn 0.8432 0.4144 -0.3425
vn 0.8443 0.4117 -0.3432
vn 0.8960 0.2536 -0.3644
vn 0.8965 0.2518 -0.3644
vn 0.9229 0.0863 -0.3753
vn 0.9229 0.0855 -0.3754
vn 0.9229 -0.0862 -0.3753
vn 0.9229 -0.0856 -0.3754
vn 0.8960 -0.2537 -0.3644
vn 0.8965 -0.2518 -0.3644
vn 0.8432 -0.4144 -0.3425
vn 0.8443 -0.4116 -0.3432
vn 0.7638 -0.5660 -0.3102
vn 0.7658 -0.5631 -0.3107
vn 0.6624 -0.6994 -0.2683
vn 0.6648 -0.6967 -0.2697
vn 0.5401 -0.8127 -0.2188
vn 0.5429 -0.8106 -0.2196
vn 0.3981 -0.9031 -0.1607
vn 0.4005 -0.9019 -0.1620
vn 0.2449 -0.9645 -0.0989
vn 0.2467 -0.9640 -0.0994
vn 0.0835 -0.9959 -0.0336
vn 0.0841 -0.9959 -0.0339
vn -0.0835 -0.9959 0.0336
vn -0.0841 -0.9959 0.0338
vn -0.2452 -0.9645 0.0983
vn -0.2468 -0.9640 0.0991
vn -0.3986 -0.9031 0.1598
vn -0.4010 -0.9019 0.1605
vn -0.5411 -0.8126 0.2163
vn -0.5436 -0.8106 0.2176
vn -0.6638 -0.6993 0.2653
vn -0.6662 -0.6967 0.2659
vn -0.7659 -0.5658 0.3054
vn -0.7675 -0.5631 0.3064
vn -0.8454 -0.4143 0.3371
vn -0.8466 -0.4118 0.3373
vn -0.8987 -0.2535 0.3580
vn -0.8990 -0.2519 0.3582
vn -0.9256 -0.0862 0.3687
vn -0.9256 -0.0855 0.3686
vn -0.9649 0.0853 0.2482
vn -0.9650 0.0848 0.2482
vn -0.9374 0.2511 0.2413
vn -0.9377 0.2499 0.2412
vn -0.8830 0.4107 0.2273
vn -0.8838 0.4088 0.2276
vn -0.8010 0.5619 0.2065
vn -0.8024 0.5599 0.2067
vn -0.6956 0.6956 0.1794
vn -0.6974 0.6937 0.1801
vn -0.5681 0.8098 0.1469
vn -0.5701 0.8083 0.1472
vn -0.4192 0.9014 0.1084
vn -0.4210 0.9005 0.1091
vn -0.2581 0.9638 0.0670
vn -0.2595 0.9634 0.0672
vn -0.0880 0.9959 0.0228
vn -0.0885 0.9958 0.0230
vn 0.0880 0.9959 -0.0229
vn 0.0885 0.9958 -0.0230
vn 0.2580 0.9638 -0.0672
vn 0.2594 0.9634 -0.0677
vn 0.4188 0.9014 -0.1096
vn 0.4208 0.9005 -0.1099
vn 0.5675 0.8099 -0.1485
vn 0.5696 0.8082 -0.1493
vn 0.6947 0.6958 -0.1824
vn 0.6968 0.6937 -0.1826
vn 0.8000 0.5620 -0.2100
vn 0.8014 0.5598 -0.2106
vn 0.8817 0.4108 -0.2320
vn 0.8826 0.4088 -0.2320
vn 0.9361 0.2513 -0.2463
vn 0.9364 0.2498 -0.2465
vn 0.9635 0.0854 -0.2537
vn 0.9636 0.0849 -0.2536
vn 0.9635 -0.0854 -0.2537
vn 0.9636 -0.0848 -0.2536
vn 0.9361 -0.2512 -0.2463
vn 0.9364 -0.2499 -0.2465
vn 0.8817 -0.4108 -0.2320
vn 0.8826 -0.4088 -0.2320
vn 0.8000 -0.5621 -0.2100
vn 0.8014 -0.5598 -0.2106
vn 0.6947 -0.6958 -0.1824
vn 0.6968 -0.6936 -0.1826
vn 0.5676 -0.8098 -0.1485
vn 0.5696 -0.8082 -0.1493
vn 0.4188 -0.9014 -0.1096
vn 0.4208 -0.9005 -0.1099
vn 0.2580 -0.9638 -0.0672
vn 0.2594 -0.9634 -0.0677
vn 0.0880 -0.9959 -0.0229
vn 0.0885 -0.9958 -0.0230
vn -0.0880 -0.9959 0.0228
vn -0.0885 -0.9958 0.0230
vn -0.2581 -0.9638 0.0670
vn -0.2595 -0.9634 0.0672
vn -0.4192 -0.9014 0.1084
vn -0.4210 -0.9005 0.1091
vn -0.5681 -0.8098 0.1469
vn -0.5701 -0.8083 0.1472
vn -0.6957 -0.6956 0.1794
vn -0.6974 -0.6937 0.1801
vn -0.8010 -0.5619 0.2065
vn -0.8024 -0.5599 0.2067
vn -0.8830 -0.4106 0.2273
vn -0.8838 -0.4088 0.2276
vn -0.9374 -0.2512 0.2413
vn -0.9378 -0.2499 0.2412
vn -0.9649 -0.0853 0.2482
vn -0.9650 -0.0848 0.2482
vn -0.9876 0.0845 0.1323
vn -0.9876 0.0842 0.1323
vn -0.9599 0.2489 0.1286
vn -0.9601 0.2482 0.1287
vn -0.9051 0.4075 0.1215
vn -0.9056 0.4063 0.1214
vn -0.8223 0.5583 0.1103
vn -0.8231 0.5570 0.1106
vn -0.7152 0.6923 0.0962
vn -0.7164 0.6911 0.0963
vn -0.5851 0.8071 0.0787
vn -0.5863 0.8062 0.0790
vn -0.4324 0.8998 0.0584
vn -0.4336 0.8992 0.0585
vn -0.2666 0.9631 0.0360
vn -0.2674 0.9629 0.0362
vn -0.0910 0.9958 0.0123
vn -0.0913 0.9958 0.0124
vn 0.0909 0.9958 -0.0123
vn 0.0913 0.9958 -0.0124
vn 0.2665 0.9631 -0.0363
vn 0.2674 0.9629 -0.0364
vn 0.4323 0.8998 -0.0589
vn 0.4335 0.8992 -0.0592
vn 0.5848 0.8072 -0.0801
vn 0.5862 0.8062 -0.0801
vn 0.7149 0.6923 -0.0979
vn 0.7161 0.6910 -0.0982
vn 0.8218 0.5584 -0.1129
vn 0.8228 0.5570 -0.1129
vn 0.9047 0.4076 -0.1243
vn 0.9052 0.4064 -0.1245
vn 0.9594 0.2490 -0.1321
vn 0.9597 0.2482 -0.1320
vn 0.9871 0.0845 -0.1359
vn 0.9871 0.0842 -0.1359
vn 0.9871 -0.0845 -0.1359
vn 0.9871 -0.0842 -0.1359
vn 0.9594 -0.2491 -0.1321
vn 0.9597 -0.2481 -0.1320
vn 0.9047 -0.4076 -0.1243
vn 0.9052 -0.4064 -0.1245
vn 0.8219 -0.5584 -0.1129
vn 0.8228 -0.5571 -0.1129
vn 0.7149 -0.6923 -0.0979
vn 0.7161 -0.6910 -0.0982
vn 0.5848 -0.8072 -0.0801
vn 0.5862 -0.8062 -0.0801
vn 0.4323 -0.8998 -0.0589
vn 0.4335 -0.8992 -0.0592
vn 0.2665 -0.9631 -0.0363
vn 0.2674 -0.9629 -0.0364
vn 0.0909 -0.9958 -0.0123
vn 0.0913 -0.9957 -0.0124
vn -0.0910 -0.9958 0.0123
vn -0.0913 -0.9958 0.0124
vn -0.2666 -0.9631 0.0360
vn -0.2674 -0.9629 0.0362
vn -0.4324 -0.8998 0.0584
vn -0.4336 -0.8992 0.0585
vn -0.5851 -0.8071 0.0787
vn -0.5863 -0.8062 0.0790
vn -0.7152 -0.6923 0.0962
vn -0.7164 -0.6911 0.0963
vn -0.8223 -0.5583 0.1103
vn -0.8231 -0.5570 0.1106
vn -0.9051 -0.4075 0.1215
vn -0.9056 -0.4063 0.1214
vn -0.9599 -0.2489 0.1286
vn -0.9601 -0.2482 0.1287
vn -0.9876 -0.0845 0.1323
vn -0.9876 -0.0842 0.1323
vn -0.9961 0.0839 0.0267
vn -0.9961 0.0838 0.0267
vn -0.9686 0.2473 0.0260
vn -0.9687 0.2470 0.0260
vn -0.9139 0.4052 0.0246
vn -0.9141 0.4047 0.0246
vn -0.8311 0.5557 0.0225
vn -0.8314 0.5552 0.0224
vn -0.7237 0.6898 0.0196
vn -0.7243 0.6893 0.0196
vn -0.5927 0.8052 0.0161
vn -0.5933 0.8048 0.0161
vn -0.4386 0.8986 0.0119
vn -0.4391 0.8983 0.0120
vn -0.2706 0.9627 0.0074
vn -0.2710 0.9625 0.0074
vn -0.0924 0.9957 0.0025
vn -0.0925 0.9957 0.0026
vn 0.0924 0.9957 -0.0026
vn 0.0925 0.9957 -0.0026
vn 0.2706 0.9627 -0.0075
vn 0.2710 0.9625 -0.0076
vn 0.4385 0.8986 -0.0123
vn 0.4391 0.8983 -0.0123
vn 0.5927 0.8053 -0.0166
vn 0.5933 0.8048 -0.0167
vn 0.7237 0.6898 -0.0205
vn 0.7243 0.6892 -0.0204
vn 0.8310 0.5557 -0.0235
vn 0.8314 0.5551 -0.0236
vn 0.9138 0.4053 -0.0260
vn 0.9141 0.4047 -0.0260
vn 0.9685 0.2474 -0.0276
vn 0.9686 0.2469 -0.0276
vn 0.9961 0.0840 -0.0284
vn 0.9961 0.0839 -0.0284
vn 0.9961 -0.0840 -0.0284
vn 0.9961 -0.0838 -0.0284
vn 0.9685 -0.2474 -0.0276
vn 0.9686 -0.2470 -0.0276
vn 0.9138 -0.4052 -0.0260
vn 0.9141 -0.4046 -0.0260
vn 0.8310 -0.5558 -0.0235
vn 0.8314 -0.5551 -0.0236
vn 0.7237 -0.6898 -0.0205
vn 0.7242 -0.6892 -0.0204
vn 0.5927 -0.8052 -0.0166
vn 0.5933 -0.8048 -0.0167
vn 0.4385 -0.8986 -0.0123
vn 0.4391 -0.8983 -0.0123
vn 0.2706 -0.9627 -0.0075
vn 0.2710 -0.9625 -0.0076
vn 0.0924 -0.9957 -0.0026
vn 0.0925 -0.9957 -0.0026
vn -0.0924 -0.9957 0.0025
vn -0.0925 -0.9957 0.0026
vn -0.2706 -0.9627 0.0074
vn -0.2710 -0.9625 0.0074
vn -0.4386 -0.8986 0.0119
vn -0.4391 -0.8983 0.0120
vn -0.5928 -0.8052 0.0161
vn -0.5933 -0.8048 0.0161
vn -0.7237 -0.6898 0.0196
vn -0.7243 -0.6892 0.0196
vn -0.8311 -0.5557 0.0225
vn -0.8315 -0.5551 0.0224
vn -0.9139 -0.4052 0.0246
vn -0.9141 -0.4047 0.0246
vn -0.9686 -0.2473 0.0260
vn -0.9687 -0.2470 0.0260
vn -0.9961 -0.0839 0.0267
vn -0.9961 -0.0838 0.0267
vn -0.9944 0.0837 -0.0651
vn -0.9944 0.0836 -0.0651
vn -0.9671 0.2466 -0.0633
vn -0.9671 0.2465 -0.0633
vn -0.9128 0.4041 -0.0597
vn -0.9128 0.4039 -0.0597
vn -0.8304 0.5545 -0.0543
vn -0.8306 0.5543 -0.0543
vn -0.7236 0.6886 -0.0473
vn -0.7237 0.6884 -0.0473
vn -0.5930 0.8043 -0.0388
vn -0.5931 0.8042 -0.0387
vn -0.4390 0.8980 -0.0287
vn -0.4391 0.8980 -0.0287
vn -0.2710 0.9624 -0.0177
vn -0.2711 0.9624 -0.0177
vn -0.0925 0.9957 -0.0060
vn -0.0926 0.9957 -0.0060
vn 0.0925 0.9957 0.0060
vn 0.0926 0.9957 0.0060
vn 0.2710 0.9624 0.0176
vn 0.2711 0.9624 0.0177
vn 0.4390 0.8980 0.0286
vn 0.4392 0.8980 0.0286
vn 0.5930 0.8043 0.0385
vn 0.5931 0.8042 0.0386
vn 0.7236 0.6886 0.0470
vn 0.7238 0.6884 0.0470
vn 0.8305 0.5544 0.0539
vn 0.8306 0.5543 0.0540
vn 0.9128 0.4041 0.0593
vn 0.9129 0.4040 0.0593
vn 0.9671 0.2466 0.0628
vn 0.9671 0.2465 0.0628
vn 0.9944 0.0837 0.0645
vn 0.9944 0.0836 0.0645
vn 0.9944 -0.0837 0.0645
vn 0.9671 -0.2466 0.0628
vn 0.9671 -0.2465 0.0628
vn 0.9128 -0.4041 0.0593
vn 0.9129 -0.4039 0.0593
vn 0.8305 -0.5544 0.0539
vn 0.8306 -0.5543 0.0540
vn 0.7236 -0.6887 0.0470
vn 0.7238 -0.6884 0.0470
vn 0.5930 -0.8043 0.0385
vn 0.5932 -0.8042 0.0386
vn 0.4390 -0.8980 0.0286
vn 0.4391 -0.8980 0.0286
vn 0.2710 -0.9624 0.0176
vn 0.2711 -0.9624 0.0177
vn 0.0925 -0.9957 0.0060
vn 0.0926 -0.9957 0.0060
vn -0.0925 -0.9957 -0.0060
vn -0.0926 -0.9957 -0.0060
vn -0.2710 -0.9624 -0.0177
vn -0.2711 -0.9624 -0.0177
vn -0.4390 -0.8980 -0.0287
vn -0.4391 -0.8980 -0.0287
vn -0.5930 -0.8043 -0.0388
vn -0.5932 -0.8042 -0.0387
vn -0.7236 -0.6886 -0.0473
vn -0.7238 -0.6884 -0.0473
vn -0.8304 -0.5544 -0.0543
vn -0.8305 -0.5543 -0.0543
vn -0.9128 -0.4041 -0.0597
vn -0.9128 -0.4039 -0.0597
vn -0.9670 -0.2466 -0.0633
vn -0.9671 -0.2465 -0.0633
vn -0.9944 -0.0837 -0.0651
vn -0.9944 -0.0836 -0.0651
vn -0.9852 0.0837 -0.1494
vn -0.9582 0.2465 -0.1453
vn -0.9582 0.2466 -0.1453
vn -0.9044 0.4041 -0.1372
vn -0.8228 0.5544 -0.1248
vn -0.8228 0.5545 -0.1248
vn -0.7170 0.6885 -0.1088
vn -0.7169 0.6887 -0.1088
vn -0.5875 0.8043 -0.0892
vn -0.5875 0.8043 -0.0891
vn -0.4350 0.8980 -0.0660
vn -0.4349 0.8981 -0.0660
vn -0.2685 0.9624 -0.0408
vn -0.2685 0.9624 -0.0407
vn -0.0917 0.9957 -0.0139
vn 0.0917 0.9957 0.0139
vn 0.0916 0.9957 0.0139
vn 0.2685 0.9624 0.0408
vn 0.4350 0.8980 0.0661
vn 0.4349 0.8981 0.0660
vn 0.5875 0.8043 0.0892
vn 0.5874 0.8044 0.0892
vn 0.7169 0.6886 0.1089
vn 0.7169 0.6887 0.1089
vn 0.8228 0.5543 0.1250
vn 0.8227 0.5545 0.1250
vn 0.9043 0.4041 0.1374
vn 0.9043 0.4042 0.1374
vn 0.9581 0.2465 0.1456
vn 0.9581 0.2466 0.1456
vn 0.9852 0.0837 0.1497
vn 0.9852 -0.0836 0.1497
vn 0.9852 -0.0837 0.1497
vn 0.9581 -0.2465 0.1456
vn 0.9581 -0.2466 0.1456
vn 0.9044 -0.4040 0.1374
vn 0.9043 -0.4041 0.1374
vn 0.8228 -0.5544 0.1250
vn 0.8227 -0.5545 0.1250
vn 0.7170 -0.6885 0.1089
vn 0.7168 -0.6887 0.1089
vn 0.5876 -0.8042 0.0893
vn 0.5874 -0.8043 0.0892
vn 0.4350 -0.8980 0.0661
vn 0.4349 -0.8981 0.0660
vn 0.2685 -0.9624 0.0408
vn 0.0917 -0.9957 0.0139
vn 0.0916 -0.9957 0.0139
vn -0.0917 -0.9957 -0.0139
vn -0.2685 -0.9624 -0.0408
vn -0.2684 -0.9624 -0.0407
vn -0.4350 -0.8980 -0.0660
vn -0.4349 -0.8981 -0.0660
vn -0.5876 -0.8043 -0.0892
vn -0.5875 -0.8043 -0.0891
vn -0.7170 -0.6885 -0.1088
vn -0.7169 -0.6887 -0.1088
vn -0.8228 -0.5544 -0.1248
vn -0.8228 -0.5545 -0.1248
vn -0.9044 -0.4041 -0.1372
vn -0.9582 -0.2465 -0.1453
vn -0.9582 -0.2466 -0.1453
vn -0.9852 -0.0837 -0.1494
vn -0.9636 0.0838 -0.2538
vn -0.9636 0.0841 -0.2538
vn -0.9370 0.2471 -0.2468
vn -0.9368 0.2477 -0.2469
vn -0.8842 0.4047 -0.2331
vn -0.8838 0.4058 -0.2329
vn -0.8043 0.5552 -0.2120
vn -0.8034 0.5564 -0.2120
vn -0.7005 0.6893 -0.1850
vn -0.6994 0.6905 -0.1845
vn -0.5738 0.8048 -0.1515
vn -0.5726 0.8057 -0.1514
vn -0.4247 0.8984 -0.1124
vn -0.4235 0.8989 -0.1119
vn -0.2621 0.9625 -0.0694
vn -0.2612 0.9628 -0.0692
vn -0.0895 0.9957 -0.0237
vn -0.0892 0.9957 -0.0236
vn 0.0894 0.9957 0.0237
vn 0.0891 0.9957 0.0237
vn 0.2620 0.9625 0.0697
vn 0.2612 0.9628 0.0694
vn 0.4245 0.8984 0.1129
vn 0.4233 0.8990 0.1128
vn 0.5735 0.8048 0.1530
vn 0.5722 0.8058 0.1524
vn 0.7001 0.6892 0.1867
vn 0.6988 0.6905 0.1866
vn 0.8036 0.5551 0.2147
vn 0.8027 0.5565 0.2143
vn 0.8835 0.4047 0.2361
vn 0.8829 0.4059 0.2361
vn 0.9361 0.2470 0.2504
vn 0.9359 0.2479 0.2503
vn 0.9626 0.0838 0.2575
vn 0.9626 0.0842 0.2575
vn 0.9626 -0.0838 0.2575
vn 0.9626 -0.0842 0.2575
vn 0.9361 -0.2470 0.2504
vn 0.9359 -0.2479 0.2503
vn 0.8835 -0.4046 0.2361
vn 0.8829 -0.4058 0.2361
vn 0.8036 -0.5551 0.2147
vn 0.8027 -0.5565 0.2143
vn 0.7000 -0.6893 0.1867
vn 0.6988 -0.6906 0.1866
vn 0.5735 -0.8048 0.1530
vn 0.5722 -0.8058 0.1524
vn 0.4245 -0.8984 0.1129
vn 0.4233 -0.8990 0.1128
vn 0.2620 -0.9625 0.0697
vn 0.2612 -0.9628 0.0694
vn 0.0894 -0.9957 0.0237
vn 0.0891 -0.9957 0.0237
vn -0.0895 -0.9957 -0.0237
vn -0.0892 -0.9957 -0.0236
vn -0.2621 -0.9626 -0.0694
vn -0.2612 -0.9628 -0.0692
vn -0.4246 -0.8984 -0.1124
vn -0.4235 -0.8989 -0.1120
vn -0.5738 -0.8049 -0.1515
vn -0.5726 -0.8058 -0.1514
vn -0.7005 -0.6893 -0.1850
vn -0.6994 -0.6905 -0.1845
vn -0.8043 -0.5552 -0.2120
vn -0.8034 -0.5564 -0.2120
vn -0.8842 -0.4047 -0.2331
vn -0.8838 -0.4058 -0.2329
vn -0.9370 -0.2470 -0.2468
vn -0.9368 -0.2478 -0.2469
vn -0.9636 -0.0839 -0.2538
vn -0.9636 -0.0841 -0.2538
vn -0.9238 0.0842 -0.3734
vn -0.9238 0.0848 -0.3735
vn -0.8981 0.2479 -0.3633
vn -0.8977 0.2498 -0.3629
vn -0.8472 0.4060 -0.3427
vn -0.8460 0.4086 -0.3425
vn -0.7699 0.5566 -0.3121
vn -0.7682 0.5596 -0.3110
vn -0.6702 0.6907 -0.2716
vn -0.6676 0.6935 -0.2710
vn -0.5485 0.8059 -0.2230
vn -0.5458 0.8081 -0.2215
vn -0.4057 0.8990 -0.1649
vn -0.4030 0.9004 -0.1642
vn -0.2501 0.9628 -0.1021
vn -0.2484 0.9634 -0.1012
vn -0.0854 0.9957 -0.0348
vn -0.0847 0.9958 -0.0346
vn 0.0853 0.9957 0.0350
vn 0.0847 0.9958 0.0346
vn 0.2500 0.9628 0.1025
vn 0.2480 0.9634 0.1019
vn 0.4050 0.8990 0.1668
vn 0.4024 0.9004 0.1653
vn 0.5476 0.8058 0.2255
vn 0.5445 0.8081 0.2246
vn 0.6685 0.6905 0.2762
vn 0.6660 0.6936 0.2747
vn 0.7679 0.5565 0.3173
vn 0.7657 0.5597 0.3168
vn 0.8444 0.4058 0.3497
vn 0.8433 0.4087 0.3490
vn 0.8951 0.2478 0.3707
vn 0.8945 0.2498 0.3707
vn 0.9205 0.0841 0.3816
vn 0.9205 0.0849 0.3815
vn 0.9205 -0.0841 0.3816
vn 0.9205 -0.0848 0.3815
vn 0.8951 -0.2478 0.3707
vn 0.8945 -0.2498 0.3707
vn 0.8444 -0.4058 0.3498
vn 0.8433 -0.4088 0.3489
vn 0.7679 -0.5565 0.3173
vn 0.7657 -0.5597 0.3168
vn 0.6685 -0.6905 0.2762
vn 0.6660 -0.6936 0.2747
vn 0.5476 -0.8058 0.2255
vn 0.5445 -0.8082 0.2246
vn 0.4050 -0.8990 0.1668
vn 0.4024 -0.9004 0.1654
vn 0.2500 -0.9628 0.1025
vn 0.2480 -0.9634 0.1019
vn 0.0853 -0.9957 0.0350
vn 0.0847 -0.9958 0.0346
vn -0.0854 -0.9957 -0.0348
vn -0.0847 -0.9958 -0.0346
vn -0.2501 -0.9628 -0.1021
vn -0.2484 -0.9634 -0.1012
vn -0.4057 -0.8990 -0.1649
vn -0.4030 -0.9004 -0.1642
vn -0.5485 -0.8059 -0.2230
vn -0.5458 -0.8081 -0.2215
vn -0.6702 -0.6907 -0.2716
vn -0.6676 -0.6935 -0.2710
vn -0.7699 -0.5566 -0.3121
vn -0.7682 -0.5596 -0.3110
vn -0.8472 -0.4060 -0.3427
vn -0.8460 -0.4086 -0.3425
vn -0.8981 -0.2479 -0.3633
vn -0.8977 -0.2497 -0.3629
vn -0.9238 -0.0842 -0.3734
vn -0.9238 -0.0848 -0.3735
vn -0.8671 0.0846 -0.4909
vn -0.8671 0.0856 -0.4908
vn -0.8428 0.2491 -0.4771
vn -0.8421 0.2518 -0.4770
vn -0.7944 0.4075 -0.4504
vn -0.7929 0.4117 -0.4492
vn -0.7216 0.5585 -0.4092
vn -0.7186 0.5631 -0.4080
vn -0.6272 0.6923 -0.3567
vn -0.6238 0.6967 -0.3542
vn -0.5131 0.8072 -0.2918
vn -0.5088 0.8106 -0.2899
vn -0.3789 0.8998 -0.2164
vn -0.3753 0.9019 -0.2139
vn -0.2336 0.9631 -0.1334
vn -0.2308 0.9640 -0.1321
vn -0.0796 0.9958 -0.0457
vn -0.0787 0.9959 -0.0451
vn 0.0796 0.9958 0.0457
vn 0.0786 0.9959 0.0452
vn 0.2331 0.9631 0.1345
vn 0.2305 0.9640 0.1326
vn 0.3781 0.8997 0.2181
vn 0.3739 0.9019 0.2162
vn 0.5110 0.8070 0.2961
vn 0.5069 0.8106 0.2931
vn 0.6246 0.6921 0.3619
vn 0.6204 0.6967 0.3602
vn 0.7173 0.5581 0.4171
vn 0.7147 0.5631 0.4149
vn 0.7895 0.4072 0.4591
vn 0.7875 0.4117 0.4585
vn 0.8369 0.2488 0.4876
vn 0.8364 0.2518 0.4869
vn 0.8610 0.0845 0.5016
vn 0.8608 0.0855 0.5017
vn 0.8610 -0.0844 0.5016
vn 0.8608 -0.0855 0.5017
vn 0.8369 -0.2487 0.4876
vn 0.8363 -0.2519 0.4869
vn 0.7895 -0.4072 0.4591
vn 0.7876 -0.4117 0.4585
vn 0.7173 -0.5581 0.4171
vn 0.7147 -0.5631 0.4150
vn 0.6246 -0.6921 0.3619
vn 0.6204 -0.6967 0.3602
vn 0.5110 -0.8070 0.2961
vn 0.5069 -0.8106 0.2931
vn 0.3781 -0.8997 0.2181
vn 0.3740 -0.9019 0.2162
vn 0.2331 -0.9631 0.1345
vn 0.2305 -0.9640 0.1326
vn 0.0796 -0.9958 0.0457
vn 0.0786 -0.9959 0.0452
vn -0.0796 -0.9958 -0.0457
vn -0.0787 -0.9959 -0.0451
vn -0.2336 -0.9631 -0.1334
vn -0.2308 -0.9640 -0.1321
vn -0.3789 -0.8998 -0.2164
vn -0.3753 -0.9019 -0.2139
vn -0.5131 -0.8072 -0.2918
vn -0.5088 -0.8106 -0.2899
vn -0.6272 -0.6923 -0.3567
vn -0.6238 -0.6967 -0.3542
vn -0.7216 -0.5584 -0.4092
vn -0.7186 -0.5631 -0.4080
vn -0.7943 -0.4076 -0.4504
vn -0.7929 -0.4117 -0.4492
vn -0.8428 -0.2490 -0.4771
vn -0.8421 -0.2518 -0.4770
vn -0.8671 -0.0846 -0.4909
vn -0.8671 -0.0856 -0.4908
vn -0.8014 0.0851 -0.5920
vn -0.8013 0.0863 -0.5920
vn -0.7785 0.2503 -0.5756
vn -0.7779 0.2538 -0.5748
vn -0.7336 0.4096 -0.5423
vn -0.7315 0.4146 -0.5413
vn -0.6653 0.5606 -0.4930
vn -0.6626 0.5662 -0.4903
vn -0.5782 0.6944 -0.4284
vn -0.5737 0.6997 -0.4258
vn -0.4719 0.8088 -0.3510
vn -0.4677 0.8129 -0.3471
vn -0.3485 0.9008 -0.2592
vn -0.3441 0.9033 -0.2564
vn -0.2144 0.9635 -0.1602
vn -0.2116 0.9645 -0.1577
vn -0.0731 0.9958 -0.0546
vn -0.0720 0.9959 -0.0539
vn 0.0730 0.9958 0.0548
vn 0.0720 0.9959 0.0539
vn 0.2141 0.9635 0.1607
vn 0.2109 0.9645 0.1587
vn 0.3470 0.9006 0.2617
vn 0.3429 0.9032 0.2580
vn 0.4698 0.8085 0.3543
vn 0.4647 0.8128 0.3512
vn 0.5740 0.6939 0.4347
vn 0.5701 0.6996 0.4309
vn 0.6604 0.5602 0.5001
vn 0.6568 0.5662 0.4981
vn 0.7268 0.4091 0.5518
vn 0.7252 0.4144 0.5499
vn 0.7712 0.2500 0.5855
vn 0.7702 0.2537 0.5851
vn 0.7933 0.0848 0.6028
vn 0.7933 0.0863 0.6027
vn 0.7933 -0.0848 0.6028
vn 0.7933 -0.0862 0.6027
vn 0.7712 -0.2500 0.5855
vn 0.7702 -0.2538 0.5851
vn 0.7268 -0.4090 0.5518
vn 0.7252 -0.4144 0.5499
vn 0.6604 -0.5602 0.5001
vn 0.6568 -0.5662 0.4981
vn 0.5740 -0.6939 0.4347
vn 0.5701 -0.6996 0.4309
vn 0.4698 -0.8086 0.3543
vn 0.4647 -0.8128 0.3512
vn 0.3470 -0.9006 0.2617
vn 0.3429 -0.9032 0.2580
vn 0.2141 -0.9635 0.1607
vn 0.2109 -0.9645 0.1587
vn 0.0730 -0.9958 0.0548
vn 0.0720 -0.9959 0.0539
vn -0.0731 -0.9958 -0.0546
vn -0.0720 -0.9959 -0.0539
vn -0.2144 -0.9635 -0.1602
vn -0.2116 -0.9645 -0.1577
vn -0.3485 -0.9008 -0.2592
vn -0.3441 -0.9033 -0.2564
vn -0.4719 -0.8088 -0.3510
vn -0.4677 -0.8129 -0.3471
vn -0.5782 -0.6944 -0.4284
vn -0.5737 -0.6997 -0.4258
vn -0.6653 -0.5606 -0.4930
vn -0.6625 -0.5663 -0.4903
vn -0.7336 -0.4096 -0.5423
vn -0.7315 -0.4145 -0.5413
vn -0.7785 -0.2503 -0.5756
vn -0.7779 -0.2539 -0.5748
vn -0.8014 -0.0851 -0.5920
vn -0.8013 -0.0862 -0.5920
vn -0.7360 0.0856 -0.6715
vn -0.7360 0.0870 -0.6714
vn -0.7149 0.2521 -0.6522
vn -0.7140 0.2556 -0.6518
vn -0.6727 0.4121 -0.6145
vn -0.6712 0.4172 -0.6127
vn -0.6100 0.5634 -0.5572
vn -0.6067 0.5692 -0.5549
vn -0.5288 0.6970 -0.4843
vn -0.5253 0.7024 -0.4804
vn -0.4316 0.8108 -0.3953
vn -0.4270 0.8150 -0.3918
vn -0.3179 0.9020 -0.2922
vn -0.3142 0.9045 -0.2883
vn -0.1957 0.9640 -0.1799
vn -0.1928 0.9650 -0.1775
vn -0.0666 0.9959 -0.0615
vn -0.0657 0.9960 -0.0605
vn 0.0666 0.9959 0.0615
vn 0.0655 0.9960 0.0606
vn 0.1951 0.9640 0.1807
vn 0.1925 0.9650 0.1780
vn 0.3168 0.9019 0.2936
vn 0.3126 0.9045 0.2902
vn 0.4288 0.8106 0.3989
vn 0.4247 0.8149 0.3943
vn 0.5253 0.6966 0.4886
vn 0.5209 0.7022 0.4853
vn 0.6044 0.5630 0.5637
vn 0.6017 0.5691 0.5605
vn 0.6665 0.4116 0.6216
vn 0.6644 0.4170 0.6203
vn 0.7072 0.2517 0.6606
vn 0.7067 0.2556 0.6598
vn 0.7281 0.0856 0.6801
vn 0.7279 0.0869 0.6801
vn 0.7281 -0.0855 0.6801
vn 0.7279 -0.0869 0.6801
vn 0.7072 -0.2517 0.6606
vn 0.7067 -0.2555 0.6598
vn 0.6665 -0.4116 0.6216
vn 0.6644 -0.4170 0.6202
vn 0.6044 -0.5630 0.5637
vn 0.6017 -0.5691 0.5605
vn 0.5253 -0.6966 0.4886
vn 0.5209 -0.7022 0.4853
vn 0.4288 -0.8106 0.3989
vn 0.4247 -0.8149 0.3943
vn 0.3168 -0.9019 0.2936
vn 0.3126 -0.9045 0.2902
vn 0.1951 -0.9640 0.1808
vn 0.1924 -0.9650 0.1779
vn 0.0666 -0.9959 0.0615
vn 0.0655 -0.9960 0.0606
vn -0.0666 -0.9959 -0.0615
vn -0.0657 -0.9960 -0.0605
vn -0.1957 -0.9640 -0.1799
vn -0.1928 -0.9650 -0.1775
vn -0.3179 -0.9020 -0.2922
vn -0.3142 -0.9045 -0.2883
vn -0.4316 -0.8108 -0.3953
vn -0.4270 -0.8150 -0.3917
vn -0.5288 -0.6970 -0.4843
vn -0.5253 -0.7023 -0.4804
vn -0.6099 -0.5635 -0.5572
vn -0.6067 -0.5692 -0.5549
vn -0.6727 -0.4120 -0.6146
vn -0.6712 -0.4172 -0.6127
vn -0.7149 -0.2521 -0.6522
vn -0.7140 -0.2556 -0.6518
vn -0.7360 -0.0856 -0.6715
vn -0.7360 -0.0869 -0.6714
vn -0.6776 0.0864 -0.7303
vn -0.6775 0.0875 -0.7303
vn -0.6577 0.2542 -0.7091
vn -0.6572 0.2572 -0.7084
vn -0.6187 0.4150 -0.6671
vn -0.6171 0.4195 -0.6658
vn -0.5598 0.5668 -0.6045
vn -0.5577 0.5718 -0.6017
vn -0.4851 0.7002 -0.5239
vn -0.4818 0.7048 -0.5208
vn -0.3949 0.8132 -0.4274
vn -0.3918 0.8168 -0.4235
vn -0.2909 0.9035 -0.3148
vn -0.2876 0.9056 -0.3117
vn -0.1786 0.9646 -0.1939
vn -0.1766 0.9655 -0.1914
vn -0.0609 0.9960 -0.0661
vn -0.0600 0.9961 -0.0653
vn 0.0608 0.9960 0.0662
vn 0.0600 0.9961 0.0653
vn 0.1784 0.9646 0.1942
vn 0.1761 0.9655 0.1920
vn 0.2896 0.9034 0.3163
vn 0.2867 0.9056 0.3126
vn 0.3931 0.8131 0.4293
vn 0.3894 0.8168 0.4257
vn 0.4818 0.6998 0.5274
vn 0.4789 0.7047 0.5236
vn 0.5558 0.5665 0.6084
vn 0.5531 0.5717 0.6060
vn 0.6132 0.4147 0.6723
vn 0.6120 0.4194 0.6705
vn 0.6518 0.2539 0.7146
vn 0.6510 0.2572 0.7141
vn 0.6711 0.0863 0.7363
vn 0.6711 0.0875 0.7362
vn 0.6711 -0.0864 0.7363
vn 0.6711 -0.0875 0.7362
vn 0.6518 -0.2538 0.7147
vn 0.6511 -0.2572 0.7141
vn 0.6132 -0.4148 0.6723
vn 0.6120 -0.4194 0.6705
vn 0.5558 -0.5665 0.6084
vn 0.5531 -0.5717 0.6060
vn 0.4818 -0.6999 0.5274
vn 0.4788 -0.7047 0.5236
vn 0.3931 -0.8131 0.4293
vn 0.3894 -0.8168 0.4258
vn 0.2896 -0.9034 0.3163
vn 0.2867 -0.9056 0.3126
vn 0.1784 -0.9646 0.1942
vn 0.1760 -0.9655 0.1920
vn 0.0608 -0.9960 0.0662
vn 0.0600 -0.9961 0.0653
vn -0.0609 -0.9960 -0.0661
vn -0.0600 -0.9961 -0.0653
vn -0.1786 -0.9646 -0.1939
vn -0.1766 -0.9655 -0.1914
vn -0.2909 -0.9035 -0.3148
vn -0.2876 -0.9056 -0.3117
vn -0.3949 -0.8132 -0.4274
vn -0.3917 -0.8168 -0.4235
vn -0.4851 -0.7001 -0.5239
vn -0.4818 -0.7047 -0.5208
vn -0.5598 -0.5668 -0.6045
vn -0.5577 -0.5718 -0.6017
vn -0.6187 -0.4150 -0.6671
vn -0.6171 -0.4194 -0.6658
vn -0.6577 -0.2542 -0.7091
vn -0.6572 -0.2572 -0.7084
vn -0.6776 -0.0864 -0.7303
vn -0.6775 -0.0875 -0.7303
vn -0.6286 0.0871 -0.7728
vn -0.6286 0.0879 -0.7727
vn -0.6099 0.2563 -0.7499
vn -0.6095 0.2584 -0.7495
vn -0.5730 0.4181 -0.7049
vn -0.5722 0.4212 -0.7037
vn -0.5182 0.5702 -0.6375
vn -0.5165 0.5737 -0.6357
vn -0.4481 0.7033 -0.5519
vn -0.4463 0.7065 -0.5493
vn -0.3646 0.8157 -0.4491
vn -0.3623 0.8181 -0.4465
vn -0.2680 0.9050 -0.3305
vn -0.2661 0.9064 -0.3280
vn -0.1646 0.9652 -0.2031
vn -0.1632 0.9658 -0.2014
vn -0.0560 0.9960 -0.0692
vn -0.0555 0.9961 -0.0686
vn 0.0560 0.9960 0.0692
vn 0.0555 0.9961 0.0686
vn 0.1643 0.9652 0.2034
vn 0.1630 0.9658 0.2016
vn 0.2674 0.9049 0.3311
vn 0.2653 0.9064 0.3287
vn 0.3632 0.8156 0.4504
vn 0.3611 0.8181 0.4475
vn 0.4463 0.7032 0.5535
vn 0.4441 0.7065 0.5511
vn 0.5153 0.5701 0.6398
vn 0.5139 0.5737 0.6378
vn 0.5699 0.4179 0.7076
vn 0.5688 0.4212 0.7065
vn 0.6061 0.2562 0.7530
vn 0.6058 0.2583 0.7525
vn 0.6246 0.0871 0.7761
vn 0.6245 0.0879 0.7760
vn 0.6246 -0.0872 0.7761
vn 0.6245 -0.0879 0.7760
vn 0.6061 -0.2561 0.7530
vn 0.6058 -0.2584 0.7525
vn 0.5698 -0.4180 0.7075
vn 0.5688 -0.4212 0.7065
vn 0.5154 -0.5701 0.6399
vn 0.5140 -0.5737 0.6378
vn 0.4463 -0.7032 0.5535
vn 0.4441 -0.7065 0.5511
vn 0.3632 -0.8156 0.4504
vn 0.3611 -0.8181 0.4475
vn 0.2674 -0.9049 0.3311
vn 0.2653 -0.9064 0.3287
vn 0.1643 -0.9652 0.2034
vn 0.1630 -0.9658 0.2016
vn 0.0560 -0.9960 0.0692
vn 0.0555 -0.9961 0.0686
vn -0.0560 -0.9960 -0.0692
vn -0.0555 -0.9961 -0.0686
vn -0.1646 -0.9652 -0.2031
vn -0.1632 -0.9658 -0.2014
vn -0.2680 -0.9050 -0.3305
vn -0.2661 -0.9064 -0.3280
vn -0.3646 -0.8157 -0.4491
vn -0.3623 -0.8181 -0.4465
vn -0.4481 -0.7033 -0.5519
vn -0.4463 -0.7065 -0.5493
vn -0.5182 -0.5703 -0.6374
vn -0.5165 -0.5737 -0.6357
vn -0.5730 -0.4181 -0.7049
vn -0.5722 -0.4211 -0.7037
vn -0.6099 -0.2563 -0.7499
vn -0.6095 -0.2585 -0.7495
vn -0.6286 -0.0872 -0.7728
vn -0.6286 -0.0879 -0.7728
vn -0.5891 0.0878 -0.8033
vn -0.5891 0.0881 -0.8033
vn -0.5713 0.2580 -0.7791
vn -0.5712 0.2588 -0.7789
vn -0.5365 0.4206 -0.7316
vn -0.5361 0.4217 -0.7313
vn -0.4846 0.5730 -0.6610
vn -0.4841 0.5743 -0.6602
vn -0.4188 0.7058 -0.5713
vn -0.4180 0.7071 -0.5704
vn -0.3403 0.8177 -0.4644
vn -0.3396 0.8186 -0.4633
vn -0.2500 0.9061 -0.3412
vn -0.2493 0.9067 -0.3403
vn -0.1534 0.9657 -0.2095
vn -0.1530 0.9659 -0.2088
vn -0.0522 0.9961 -0.0713
vn -0.0520 0.9961 -0.0711
vn 0.0522 0.9961 0.0713
vn 0.0520 0.9961 0.0711
vn 0.1534 0.9657 0.2095
vn 0.1529 0.9659 0.2089
vn 0.2497 0.9061 0.3414
vn 0.2491 0.9067 0.3404
vn 0.3399 0.8176 0.4647
vn 0.3391 0.8186 0.4637
vn 0.4181 0.7058 0.5718
vn 0.4174 0.7071 0.5708
vn 0.4837 0.5730 0.6616
vn 0.4831 0.5743 0.6609
vn 0.5354 0.4205 0.7325
vn 0.5351 0.4217 0.7320
vn 0.5701 0.2579 0.7800
vn 0.5699 0.2588 0.7799
vn 0.5878 0.0878 0.8043
vn 0.5877 0.0880 0.8042
vn 0.5878 -0.0878 0.8043
vn 0.5877 -0.0881 0.8042
vn 0.5701 -0.2579 0.7800
vn 0.5699 -0.2588 0.7799
vn 0.5353 -0.4206 0.7325
vn 0.5351 -0.4217 0.7320
vn 0.4837 -0.5729 0.6616
vn 0.4831 -0.5743 0.6609
vn 0.4181 -0.7058 0.5719
vn 0.4174 -0.7070 0.5708
vn 0.3399 -0.8177 0.4647
vn 0.3391 -0.8186 0.4637
vn 0.2497 -0.9061 0.3414
vn 0.2491 -0.9067 0.3404
vn 0.1534 -0.9657 0.2095
vn 0.1529 -0.9659 0.2089
vn 0.0522 -0.9961 0.0713
vn 0.0520 -0.9961 0.0711
vn -0.0522 -0.9961 -0.0713
vn -0.0520 -0.9961 -0.0711
vn -0.1534 -0.9657 -0.2095
vn -0.1530 -0.9659 -0.2088
vn -0.2500 -0.9061 -0.3412
vn -0.2493 -0.9067 -0.3403
vn -0.3403 -0.8177 -0.4644
vn -0.3396 -0.8186 -0.4633
vn -0.4188 -0.7059 -0.5713
vn -0.4180 -0.7070 -0.5704
vn -0.4845 -0.5730 -0.6610
vn -0.4841 -0.5743 -0.6602
vn -0.5365 -0.4205 -0.7317
vn -0.5361 -0.4217 -0.7313
vn -0.5713 -0.2580 -0.7791
vn -0.5712 -0.2588 -0.7789
vn -0.5891 -0.0878 -0.8033
vn -0.5891 -0.0881 -0.8033
vn -0.2423 0.5956 0.7659
vn -0.2425 0.5955 0.7659
vn -0.0850 0.6642 0.7427
vn -0.0855 0.6640 0.7428
vn 0.0749 0.7128 0.6973
vn 0.0740 0.7126 0.6976
vn 0.2352 0.7404 0.6297
vn 0.2341 0.7402 0.6303
vn 0.3858 0.7450 0.5441
vn 0.3848 0.7451 0.5448
vn 0.5249 0.7274 0.4421
vn 0.5241 0.7275 0.4428
vn 0.6501 0.6869 0.3248
vn 0.6495 0.6872 0.3254
vn 0.7536 0.6263 0.1993
vn 0.7533 0.6266 0.1998
vn 0.8345 0.5468 0.0679
vn 0.8344 0.5470 0.0680
vn 0.8908 0.4493 -0.0678
vn 0.8909 0.4491 -0.0680
vn 0.9192 0.3396 -0.1994
vn 0.9192 0.3392 -0.1999
vn 0.9199 0.2198 -0.3249
vn 0.9197 0.2191 -0.3257
vn 0.8921 0.0914 -0.4425
vn 0.8919 0.0904 -0.4432
vn 0.8378 -0.0378 -0.5446
vn 0.8373 -0.0387 -0.5454
vn 0.7583 -0.1657 -0.6305
vn 0.7577 -0.1667 -0.6310
vn 0.6543 -0.2906 -0.6982
vn 0.6536 -0.2912 -0.6986
vn 0.5321 -0.4046 -0.7438
vn 0.5316 -0.4050 -0.7439
vn 0.3940 -0.5065 -0.7670
vn 0.3938 -0.5066 -0.7670
vn 0.2416 -0.5944 -0.7670
vn 0.2418 -0.5944 -0.7670
vn 0.0843 -0.6631 -0.7438
vn 0.0850 -0.6629 -0.7439
vn -0.0755 -0.7119 -0.6982
vn -0.0746 -0.7116 -0.6986
vn -0.2356 -0.7395 -0.6305
vn -0.2345 -0.7395 -0.6310
vn -0.3862 -0.7445 -0.5446
vn -0.3851 -0.7445 -0.5454
vn -0.5251 -0.7269 -0.4425
vn -0.5242 -0.7272 -0.4432
vn -0.6503 -0.6867 -0.3249
vn -0.6496 -0.6870 -0.3257
vn -0.7537 -0.6262 -0.1994
vn -0.7533 -0.6265 -0.1999
vn -0.8345 -0.5468 -0.0679
vn -0.8344 -0.5469 -0.0680
vn -0.8908 -0.4492 0.0678
vn -0.8909 -0.4491 0.0680
vn -0.9192 -0.3395 0.1993
vn -0.9193 -0.3391 0.1998
vn -0.9199 -0.2196 0.3248
vn -0.9199 -0.2188 0.3254
vn -0.8924 -0.0909 0.4421
vn -0.8921 -0.0901 0.4428
vn -0.8381 0.0384 0.5441
vn -0.8377 0.0394 0.5448
vn -0.7587 0.1666 0.6297
vn -0.7581 0.1674 0.6303
vn -0.6548 0.2915 0.6974
vn -0.6542 0.2922 0.6976
vn -0.5327 0.4057 0.7427
vn -0.5323 0.4060 0.7428
vn -0.3947 0.5076 0.7659
vn -0.3945 0.5078 0.7659
vn -0.2837 0.6673 0.6887
vn -0.2842 0.6670 0.6887
vn -0.1252 0.7336 0.6679
vn -0.1267 0.7332 0.6681
vn 0.0370 0.7780 0.6271
vn 0.0350 0.7775 0.6279
vn 0.2010 0.7991 0.5666
vn 0.1984 0.7991 0.5676
vn 0.3562 0.7959 0.4896
vn 0.3537 0.7960 0.4912
vn 0.5010 0.7685 0.3980
vn 0.4987 0.7692 0.3995
vn 0.6325 0.7172 0.2924
vn 0.6309 0.7180 0.2940
vn 0.7429 0.6448 0.1796
vn 0.7420 0.6456 0.1805
vn 0.8308 0.5532 0.0611
vn 0.8306 0.5535 0.0615
vn 0.8944 0.4430 -0.0612
vn 0.8946 0.4426 -0.0615
vn 0.9298 0.3211 -0.1797
vn 0.9300 0.3200 -0.1809
vn 0.9371 0.1898 -0.2931
vn 0.9370 0.1878 -0.2945
vn 0.9155 0.0505 -0.3990
vn 0.9149 0.0482 -0.4009
vn 0.8665 -0.0878 -0.4914
vn 0.8654 -0.0905 -0.4928
vn 0.7915 -0.2236 -0.5688
vn 0.7899 -0.2258 -0.5702
vn 0.6909 -0.3544 -0.6301
vn 0.6894 -0.3562 -0.6307
vn 0.5712 -0.4726 -0.6712
vn 0.5700 -0.4735 -0.6715
vn 0.4344 -0.5764 -0.6922
vn 0.4339 -0.5768 -0.6922
vn 0.2820 -0.6644 -0.6922
vn 0.2826 -0.6641 -0.6922
vn 0.1236 -0.7309 -0.6711
vn 0.1251 -0.7304 -0.6715
vn -0.0386 -0.7755 -0.6301
vn -0.0362 -0.7752 -0.6307
vn -0.2021 -0.7973 -0.5688
vn -0.1994 -0.7970 -0.5702
vn -0.3572 -0.7943 -0.4914
vn -0.3544 -0.7947 -0.4929
vn -0.5015 -0.7677 -0.3990
vn -0.4992 -0.7682 -0.4009
vn -0.6329 -0.7166 -0.2931
vn -0.6312 -0.7176 -0.2945
vn -0.7430 -0.6447 -0.1798
vn -0.7421 -0.6454 -0.1809
vn -0.8309 -0.5531 -0.0612
vn -0.8306 -0.5535 -0.0615
vn -0.8945 -0.4429 0.0611
vn -0.8946 -0.4426 0.0615
vn -0.9299 -0.3210 0.1796
vn -0.9301 -0.3198 0.1806
vn -0.9374 -0.1892 0.2924
vn -0.9373 -0.1874 0.2940
vn -0.9160 -0.0496 0.3980
vn -0.9155 -0.0472 0.3995
vn -0.8674 0.0894 0.4896
vn -0.8662 0.0917 0.4912
vn -0.7925 0.2255 0.5666
vn -0.7912 0.2278 0.5676
vn -0.6923 0.3569 0.6272
vn -0.6908 0.3584 0.6279
vn -0.5728 0.4752 0.6679
vn -0.5716 0.4763 0.6681
vn -0.4360 0.5793 0.6887
vn -0.4356 0.5796 0.6887
vn -0.3237 0.7358 0.5949
vn -0.3243 0.7355 0.5949
vn -0.1647 0.8000 0.5770
vn -0.1664 0.7993 0.5774
vn -0.0004 0.8402 0.5423
vn -0.0033 0.8398 0.5428
vn 0.1667 0.8556 0.4900
vn 0.1633 0.8554 0.4915
vn 0.3265 0.8447 0.4241
vn 0.3228 0.8454 0.4255
vn 0.4766 0.8087 0.3448
vn 0.4735 0.8096 0.3468
vn 0.6147 0.7468 0.2538
vn 0.6124 0.7482 0.2552
vn 0.7320 0.6632 0.1558
vn 0.7308 0.6642 0.1571
vn 0.8272 0.5594 0.0531
vn 0.8268 0.5599 0.0535
vn 0.8981 0.4367 -0.0531
vn 0.8983 0.4361 -0.0536
vn 0.9402 0.3027 -0.1563
vn 0.9406 0.3009 -0.1574
vn 0.9538 0.1596 -0.2546
vn 0.9537 0.1570 -0.2565
vn 0.9379 0.0098 -0.3468
vn 0.9373 0.0062 -0.3485
vn 0.8939 -0.1379 -0.4266
vn 0.8923 -0.1413 -0.4287
vn 0.8229 -0.2809 -0.4940
vn 0.8210 -0.2842 -0.4951
vn 0.7259 -0.4175 -0.5466
vn 0.7238 -0.4198 -0.5477
vn 0.6086 -0.5390 -0.5823
vn 0.6070 -0.5405 -0.5826
vn 0.4733 -0.6446 -0.6004
vn 0.4727 -0.6450 -0.6005
vn 0.3216 -0.7322 -0.6004
vn 0.3222 -0.7319 -0.6005
vn 0.1625 -0.7965 -0.5823
vn 0.1646 -0.7960 -0.5826
vn -0.0014 -0.8374 -0.5467
vn 0.0017 -0.8367 -0.5477
vn -0.1682 -0.8531 -0.4940
vn -0.1644 -0.8532 -0.4951
vn -0.3275 -0.8431 -0.4266
vn -0.3238 -0.8434 -0.4286
vn -0.4774 -0.8073 -0.3468
vn -0.4740 -0.8086 -0.3485
vn -0.6151 -0.7462 -0.2545
vn -0.6128 -0.7474 -0.2565
vn -0.7322 -0.6629 -0.1563
vn -0.7309 -0.6641 -0.1574
vn -0.8272 -0.5594 -0.0531
vn -0.8269 -0.5599 -0.0536
vn -0.8981 -0.4366 0.0531
vn -0.8983 -0.4361 0.0535
vn -0.9404 -0.3023 0.1558
vn -0.9407 -0.3008 0.1571
vn -0.9541 -0.1590 0.2538
vn -0.9542 -0.1563 0.2552
vn -0.9386 -0.0084 0.3448
vn -0.9379 -0.0053 0.3468
vn -0.8948 0.1396 0.4241
vn -0.8936 0.1432 0.4255
vn -0.8243 0.2835 0.4900
vn -0.8225 0.2863 0.4915
vn -0.7275 0.4204 0.5423
vn -0.7257 0.4227 0.5428
vn -0.6105 0.5425 0.5770
vn -0.6090 0.5437 0.5774
vn -0.4754 0.6482 0.5949
vn -0.4748 0.6486 0.5949
vn -0.3594 0.7964 0.4865
vn -0.3599 0.7961 0.4866
vn -0.2002 0.8584 0.4723
vn -0.2022 0.8579 0.4724
vn -0.0350 0.8954 0.4439
vn -0.0379 0.8948 0.4448
vn 0.1347 0.9057 0.4020
vn 0.1310 0.9059 0.4028
vn 0.2982 0.8888 0.3480
vn 0.2945 0.8894 0.3497
vn 0.4535 0.8449 0.2838
vn 0.4501 0.8463 0.2850
vn 0.5977 0.7741 0.2088
vn 0.5953 0.7755 0.2104
vn 0.7218 0.6801 0.1286
vn 0.7203 0.6815 0.1294
vn 0.8237 0.5653 0.0438
vn 0.8234 0.5658 0.0442
vn 0.9014 0.4308 -0.0439
vn 0.9017 0.4301 -0.0442
vn 0.9498 0.2852 -0.1289
vn 0.9502 0.2834 -0.1301
vn 0.9688 0.1314 -0.2102
vn 0.9689 0.1282 -0.2115
vn 0.9579 -0.0286 -0.2857
vn 0.9572 -0.0322 -0.2877
vn 0.9178 -0.1842 -0.3517
vn 0.9165 -0.1883 -0.3529
vn 0.8505 -0.3340 -0.4063
vn 0.8485 -0.3374 -0.4078
vn 0.7564 -0.4750 -0.4497
vn 0.7544 -0.4777 -0.4502
vn 0.6416 -0.5995 -0.4785
vn 0.6399 -0.6010 -0.4789
vn 0.5081 -0.7060 -0.4933
vn 0.5076 -0.7065 -0.4933
vn 0.3574 -0.7931 -0.4933
vn 0.3581 -0.7928 -0.4933
vn 0.1984 -0.8554 -0.4785
vn 0.2004 -0.8547 -0.4789
vn 0.0332 -0.8925 -0.4497
vn 0.0365 -0.8922 -0.4502
vn -0.1360 -0.9036 -0.4063
vn -0.1321 -0.9035 -0.4078
vn -0.2994 -0.8870 -0.3517
vn -0.2952 -0.8879 -0.3529
vn -0.4542 -0.8439 -0.2857
vn -0.4507 -0.8451 -0.2877
vn -0.5982 -0.7733 -0.2102
vn -0.5955 -0.7750 -0.2114
vn -0.7218 -0.6800 -0.1289
vn -0.7205 -0.6812 -0.1301
vn -0.8238 -0.5652 -0.0439
vn -0.8234 -0.5658 -0.0442
vn -0.9014 -0.4307 0.0438
vn -0.9017 -0.4302 0.0442
vn -0.9499 -0.2850 0.1286
vn -0.9503 -0.2831 0.1294
vn -0.9692 -0.1306 0.2088
vn -0.9692 -0.1278 0.2104
vn -0.9584 0.0297 0.2838
vn -0.9579 0.0333 0.2850
vn -0.9188 0.1862 0.3480
vn -0.9175 0.1897 0.3497
vn -0.8517 0.3362 0.4020
vn -0.8500 0.3396 0.4028
vn -0.7579 0.4780 0.4439
vn -0.7560 0.4802 0.4448
vn -0.6433 0.6026 0.4723
vn -0.6418 0.6041 0.4724
vn -0.5100 0.7094 0.4865
vn -0.5095 0.7097 0.4866
vn -0.3881 0.8446 0.3687
vn -0.3887 0.8444 0.3686
vn -0.2298 0.9050 0.3580
vn -0.2314 0.9045 0.3583
vn -0.0640 0.9393 0.3371
vn -0.0667 0.9390 0.3373
vn 0.1071 0.9462 0.3054
vn 0.1039 0.9462 0.3063
vn 0.2737 0.9245 0.2653
vn 0.2703 0.9253 0.2659
vn 0.4332 0.8750 0.2163
vn 0.4302 0.8761 0.2176
vn 0.5828 0.7967 0.1598
vn 0.5806 0.7982 0.1605
vn 0.7127 0.6946 0.0983
vn 0.7114 0.6957 0.0991
vn 0.8208 0.5703 0.0336
vn 0.8204 0.5708 0.0338
vn 0.9043 0.4257 -0.0336
vn 0.9045 0.4251 -0.0339
vn 0.9577 0.2701 -0.0989
vn 0.9582 0.2684 -0.0994
vn 0.9812 0.1068 -0.1607
vn 0.9813 0.1041 -0.1620
vn 0.9738 -0.0613 -0.2188
vn 0.9734 -0.0649 -0.2196
vn 0.9369 -0.2239 -0.2683
vn 0.9357 -0.2274 -0.2697
vn 0.8721 -0.3785 -0.3102
vn 0.8705 -0.3817 -0.3107
vn 0.7805 -0.5231 -0.3425
vn 0.7786 -0.5253 -0.3432
vn 0.6677 -0.6492 -0.3644
vn 0.6663 -0.6505 -0.3644
vn 0.5362 -0.7561 -0.3753
vn 0.5356 -0.7565 -0.3754
vn 0.3868 -0.8423 -0.3753
vn 0.3874 -0.8420 -0.3754
vn 0.2283 -0.9028 -0.3644
vn 0.2302 -0.9023 -0.3644
vn 0.0628 -0.9374 -0.3425
vn 0.0656 -0.9370 -0.3432
vn -0.1083 -0.9445 -0.3102
vn -0.1047 -0.9447 -0.3107
vn -0.2745 -0.9234 -0.2683
vn -0.2709 -0.9241 -0.2697
vn -0.4338 -0.8741 -0.2188
vn -0.4305 -0.8755 -0.2196
vn -0.5831 -0.7963 -0.1607
vn -0.5808 -0.7978 -0.1620
vn -0.7128 -0.6943 -0.0989
vn -0.7115 -0.6956 -0.0994
vn -0.8208 -0.5703 -0.0336
vn -0.8204 -0.5708 -0.0339
vn -0.9043 -0.4257 0.0336
vn -0.9045 -0.4251 0.0338
vn -0.9579 -0.2699 0.0983
vn -0.9582 -0.2682 0.0991
vn -0.9814 -0.1064 0.1598
vn -0.9816 -0.1037 0.1605
vn -0.9743 0.0623 0.2163
vn -0.9738 0.0655 0.2176
vn -0.9375 0.2252 0.2653
vn -0.9365 0.2286 0.2659
vn -0.8730 0.3803 0.3054
vn -0.8714 0.3831 0.3064
vn -0.7815 0.5250 0.3371
vn -0.7799 0.5273 0.3373
vn -0.6688 0.6515 0.3580
vn -0.6676 0.6526 0.3582
vn -0.5374 0.7585 0.3687
vn -0.5369 0.7588 0.3686
vn -0.4086 0.8783 0.2482
vn -0.4090 0.8781 0.2482
vn -0.2512 0.9374 0.2413
vn -0.2525 0.9371 0.2412
vn -0.0859 0.9700 0.2273
vn -0.0878 0.9698 0.2276
vn 0.0861 0.9746 0.2065
vn 0.0837 0.9748 0.2067
vn 0.2546 0.9503 0.1794
vn 0.2521 0.9508 0.1801
vn 0.4172 0.8968 0.1469
vn 0.4149 0.8979 0.1472
vn 0.5710 0.8138 0.1084
vn 0.5693 0.8149 0.1091
vn 0.7056 0.7054 0.0670
vn 0.7046 0.7064 0.0672
vn 0.8184 0.5741 0.0228
vn 0.8182 0.5745 0.0230
vn 0.9064 0.4217 -0.0229
vn 0.9066 0.4213 -0.0230
vn 0.9637 0.2584 -0.0672
vn 0.9640 0.2571 -0.0677
vn 0.9901 0.0880 -0.1096
vn 0.9902 0.0858 -0.1099
vn 0.9851 -0.0866 -0.1485
vn 0.9848 -0.0892 -0.1493
vn 0.9499 -0.2538 -0.1824
vn 0.9491 -0.2566 -0.1826
vn 0.8867 -0.4118 -0.2100
vn 0.8855 -0.4142 -0.2106
vn 0.7966 -0.5582 -0.2320
vn 0.7954 -0.5600 -0.2320
vn 0.6856 -0.6851 -0.2463
vn 0.6846 -0.6860 -0.2465
vn 0.5557 -0.7917 -0.2537
vn 0.5553 -0.7920 -0.2536
vn 0.4078 -0.8771 -0.2537
vn 0.4083 -0.8769 -0.2537
vn 0.2505 -0.9363 -0.2463
vn 0.2518 -0.9359 -0.2465
vn 0.0851 -0.9690 -0.2320
vn 0.0873 -0.9688 -0.2320
vn -0.0868 -0.9738 -0.2100
vn -0.0841 -0.9739 -0.2106
vn -0.2552 -0.9495 -0.1824
vn -0.2523 -0.9502 -0.1826
vn -0.4176 -0.8964 -0.1485
vn -0.4151 -0.8974 -0.1493
vn -0.5712 -0.8134 -0.1096
vn -0.5694 -0.8147 -0.1099
vn -0.7056 -0.7054 -0.0672
vn -0.7047 -0.7063 -0.0677
vn -0.8185 -0.5741 -0.0229
vn -0.8181 -0.5746 -0.0230
vn -0.9064 -0.4217 0.0228
vn -0.9066 -0.4213 0.0230
vn -0.9637 -0.2583 0.0670
vn -0.9641 -0.2570 0.0672
vn -0.9902 -0.0876 0.1084
vn -0.9903 -0.0856 0.1091
vn -0.9853 0.0871 0.1469
vn -0.9850 0.0896 0.1472
vn -0.9502 0.2547 0.1794
vn -0.9495 0.2571 0.1801
vn -0.8871 0.4127 0.2065
vn -0.8861 0.4149 0.2067
vn -0.7972 0.5594 0.2273
vn -0.7960 0.5609 0.2276
vn -0.6862 0.6863 0.2413
vn -0.6853 0.6872 0.2412
vn -0.5564 0.7930 0.2482
vn -0.5560 0.7933 0.2482
vn -0.4206 0.8975 0.1323
vn -0.4209 0.8974 0.1323
vn -0.2644 0.9558 0.1286
vn -0.2651 0.9556 0.1287
vn -0.0997 0.9876 0.1215
vn -0.1009 0.9875 0.1214
vn 0.0724 0.9913 0.1103
vn 0.0709 0.9913 0.1106
vn 0.2419 0.9655 0.0963
vn 0.2403 0.9659 0.0963
vn 0.4065 0.9103 0.0787
vn 0.4051 0.9109 0.0790
vn 0.5630 0.8244 0.0584
vn 0.5619 0.8251 0.0585
vn 0.7008 0.7125 0.0360
vn 0.7002 0.7130 0.0362
vn 0.8169 0.5767 0.0123
vn 0.8167 0.5769 0.0124
vn 0.9078 0.4191 -0.0123
vn 0.9080 0.4188 -0.0124
vn 0.9674 0.2508 -0.0363
vn 0.9676 0.2499 -0.0364
vn 0.9954 0.0755 -0.0589
vn 0.9955 0.0742 -0.0592
vn 0.9915 -0.1029 -0.0801
vn 0.9913 -0.1046 -0.0801
vn 0.9570 -0.2730 -0.0979
vn 0.9565 -0.2746 -0.0982
vn 0.8945 -0.4325 -0.1129
vn 0.8938 -0.4341 -0.1129
vn 0.8053 -0.5797 -0.1243
vn 0.8045 -0.5807 -0.1245
vn 0.6954 -0.7064 -0.1321
vn 0.6947 -0.7070 -0.1320
vn 0.5668 -0.8126 -0.1359
vn 0.5665 -0.8128 -0.1359
vn 0.4203 -0.8971 -0.1359
vn 0.4206 -0.8970 -0.1359
vn 0.2641 -0.9554 -0.1321
vn 0.2649 -0.9552 -0.1320
vn 0.0994 -0.9873 -0.1243
vn 0.1007 -0.9871 -0.1245
vn -0.0727 -0.9909 -0.1129
vn -0.0710 -0.9911 -0.1129
vn -0.2421 -0.9653 -0.0979
vn -0.2404 -0.9657 -0.0982
vn -0.4066 -0.9101 -0.0801
vn -0.4051 -0.9108 -0.0801
vn -0.5631 -0.8243 -0.0589
vn -0.5620 -0.8250 -0.0592
vn -0.7009 -0.7124 -0.0363
vn -0.7002 -0.7130 -0.0364
vn -0.8169 -0.5767 -0.0123
vn -0.8167 -0.5769 -0.0124
vn -0.9078 -0.4191 0.0123
vn -0.9080 -0.4188 0.0124
vn -0.9674 -0.2507 0.0360
vn -0.9676 -0.2498 0.0362
vn -0.9954 -0.0754 0.0584
vn -0.9955 -0.0741 0.0585
vn -0.9915 0.1031 0.0787
vn -0.9914 0.1047 0.0791
vn -0.9571 0.2733 0.0962
vn -0.9567 0.2748 0.0963
vn -0.8946 0.4329 0.1104
vn -0.8940 0.4343 0.1106
vn -0.8055 0.5801 0.1215
vn -0.8047 0.5811 0.1214
vn -0.6955 0.7069 0.1286
vn -0.6950 0.7074 0.1287
vn -0.5670 0.8130 0.1323
vn -0.5668 0.8132 0.1323
vn -0.4254 0.9046 0.0267
vn -0.4255 0.9046 0.0267
vn -0.2701 0.9625 0.0260
vn -0.2704 0.9624 0.0260
vn -0.1061 0.9941 0.0246
vn -0.1066 0.9940 0.0246
vn 0.0657 0.9976 0.0225
vn 0.0650 0.9976 0.0224
vn 0.2355 0.9717 0.0196
vn 0.2348 0.9719 0.0196
vn 0.4010 0.9159 0.0161
vn 0.4003 0.9162 0.0161
vn 0.5589 0.8291 0.0119
vn 0.5584 0.8295 0.0120
vn 0.6984 0.7157 0.0074
vn 0.6981 0.7160 0.0074
vn 0.8161 0.5779 0.0025
vn 0.8161 0.5780 0.0026
vn 0.9085 0.4179 -0.0026
vn 0.9086 0.4177 -0.0026
vn 0.9690 0.2470 -0.0075
vn 0.9691 0.2466 -0.0076
vn 0.9975 0.0695 -0.0123
vn 0.9976 0.0689 -0.0123
vn 0.9937 -0.1107 -0.0166
vn 0.9936 -0.1114 -0.0167
vn 0.9593 -0.2818 -0.0205
vn 0.9590 -0.2826 -0.0204
vn 0.8968 -0.4418 -0.0235
vn 0.8964 -0.4425 -0.0236
vn 0.8079 -0.5888 -0.0260
vn 0.8075 -0.5893 -0.0260
vn 0.6985 -0.7151 -0.0276
vn 0.6982 -0.7154 -0.0276
vn 0.5708 -0.8206 -0.0284
vn 0.5707 -0.8207 -0.0284
vn 0.4253 -0.9046 -0.0284
vn 0.4254 -0.9045 -0.0284
vn 0.2700 -0.9625 -0.0276
vn 0.2704 -0.9623 -0.0276
vn 0.1060 -0.9940 -0.0260
vn 0.1066 -0.9940 -0.0260
vn -0.0658 -0.9976 -0.0235
vn -0.0650 -0.9976 -0.0236
vn -0.2356 -0.9716 -0.0205
vn -0.2348 -0.9718 -0.0204
vn -0.4010 -0.9159 -0.0166
vn -0.4003 -0.9162 -0.0167
vn -0.5590 -0.8291 -0.0123
vn -0.5584 -0.8295 -0.0123
vn -0.6984 -0.7157 -0.0075
vn -0.6981 -0.7160 -0.0076
vn -0.8161 -0.5779 -0.0026
vn -0.8161 -0.5780 -0.0026
vn -0.9085 -0.4179 0.0025
vn -0.9086 -0.4177 0.0026
vn -0.9690 -0.2469 0.0074
vn -0.9691 -0.2466 0.0074
vn -0.9975 -0.0695 0.0119
vn -0.9976 -0.0689 0.0120
vn -0.9937 0.1107 0.0161
vn -0.9936 0.1115 0.0161
vn -0.9593 0.2818 0.0196
vn -0.9590 0.2826 0.0196
vn -0.8968 0.4419 0.0225
vn -0.8965 0.4425 0.0224
vn -0.8078 0.5889 0.0246
vn -0.8075 0.5893 0.0246
vn -0.6985 0.7151 0.0260
vn -0.6983 0.7154 0.0260
vn -0.5708 0.8207 0.0267
vn -0.5706 0.8208 0.0267
vn -0.4247 0.9030 -0.0651
vn -0.4248 0.9030 -0.0651
vn -0.2700 0.9608 -0.0633
vn -0.2701 0.9608 -0.0633
vn -0.1065 0.9925 -0.0597
vn -0.1066 0.9925 -0.0597
vn 0.0650 0.9964 -0.0543
vn 0.0648 0.9964 -0.0543
vn 0.2346 0.9709 -0.0473
vn 0.2343 0.9710 -0.0473
vn 0.4001 0.9157 -0.0388
vn 0.3999 0.9158 -0.0387
vn 0.5582 0.8292 -0.0287
vn 0.5581 0.8293 -0.0287
vn 0.6980 0.7159 -0.0177
vn 0.6979 0.7160 -0.0177
vn 0.8160 0.5780 -0.0060
vn 0.9085 0.4177 0.0060
vn 0.9086 0.4177 0.0060
vn 0.9690 0.2465 0.0176
vn 0.9690 0.2464 0.0177
vn 0.9972 0.0688 0.0286
vn 0.9972 0.0687 0.0286
vn 0.9930 -0.1113 0.0385
vn 0.9930 -0.1116 0.0386
vn 0.9582 -0.2824 0.0470
vn 0.9581 -0.2826 0.0470
vn 0.8954 -0.4420 0.0539
vn 0.8953 -0.4422 0.0540
vn 0.8064 -0.5884 0.0593
vn 0.8063 -0.5886 0.0593
vn 0.6971 -0.7143 0.0628
vn 0.6970 -0.7143 0.0628
vn 0.5697 -0.8193 0.0645
vn 0.5696 -0.8194 0.0645
vn 0.4247 -0.9030 0.0645
vn 0.4248 -0.9030 0.0645
vn 0.2700 -0.9608 0.0628
vn 0.2701 -0.9608 0.0628
vn 0.1064 -0.9926 0.0593
vn 0.1066 -0.9925 0.0592
vn -0.0649 -0.9964 0.0539
vn -0.0647 -0.9964 0.0540
vn -0.2346 -0.9710 0.0470
vn -0.2343 -0.9710 0.0470
vn -0.4001 -0.9157 0.0385
vn -0.3998 -0.9158 0.0386
vn -0.5583 -0.8292 0.0286
vn -0.5581 -0.8293 0.0286
vn -0.6980 -0.7159 0.0176
vn -0.6979 -0.7160 0.0177
vn -0.8160 -0.5780 0.0060
vn -0.9086 -0.4177 -0.0060
vn -0.9690 -0.2465 -0.0177
vn -0.9690 -0.2464 -0.0177
vn -0.9972 -0.0689 -0.0287
vn -0.9972 -0.0687 -0.0287
vn -0.9930 0.1114 -0.0388
vn -0.9930 0.1116 -0.0387
vn -0.9582 0.2823 -0.0473
vn -0.9581 0.2826 -0.0473
vn -0.8954 0.4420 -0.0543
vn -0.8953 0.4421 -0.0543
vn -0.8063 0.5884 -0.0597
vn -0.8062 0.5886 -0.0597
vn -0.6971 0.7142 -0.0633
vn -0.6970 0.7143 -0.0633
vn -0.5696 0.8193 -0.0651
vn -0.4202 0.8951 -0.1494
vn -0.4201 0.8951 -0.1494
vn -0.2656 0.9531 -0.1453
vn -0.2655 0.9531 -0.1453
vn -0.1023 0.9853 -0.1372
vn -0.1022 0.9853 -0.1372
vn 0.0687 0.9898 -0.1248
vn 0.0688 0.9898 -0.1248
vn 0.2378 0.9652 -0.1088
vn 0.2380 0.9652 -0.1088
vn 0.4028 0.9110 -0.0892
vn 0.4029 0.9109 -0.0891
vn 0.5602 0.8257 -0.0660
vn 0.5603 0.8257 -0.0660
vn 0.6992 0.7137 -0.0408
vn 0.6993 0.7137 -0.0407
vn 0.8165 0.5772 -0.0139
vn 0.9081 0.4184 0.0139
vn 0.9081 0.4185 0.0139
vn 0.9677 0.2487 0.0408
vn 0.9952 0.0723 0.0661
vn 0.9952 0.0724 0.0660
vn 0.9903 -0.1067 0.0892
vn 0.9903 -0.1065 0.0892
vn 0.9548 -0.2766 0.1089
vn 0.9548 -0.2765 0.1089
vn 0.8915 -0.4354 0.1250
vn 0.8916 -0.4353 0.1250
vn 0.8021 -0.5812 0.1374
vn 0.8022 -0.5811 0.1374
vn 0.6926 -0.7065 0.1456
vn 0.6926 -0.7064 0.1456
vn 0.5650 -0.8114 0.1497
vn 0.5651 -0.8113 0.1497
vn 0.4201 -0.8950 0.1497
vn 0.2655 -0.9530 0.1456
vn 0.2655 -0.9531 0.1456
vn 0.1023 -0.9852 0.1374
vn 0.1022 -0.9852 0.1374
vn -0.0687 -0.9898 0.1250
vn -0.0688 -0.9898 0.1250
vn -0.2378 -0.9652 0.1089
vn -0.2380 -0.9651 0.1089
vn -0.4027 -0.9110 0.0892
vn -0.4029 -0.9109 0.0893
vn -0.5602 -0.8257 0.0661
vn -0.5603 -0.8256 0.0660
vn -0.6992 -0.7138 0.0408
vn -0.6993 -0.7137 0.0408
vn -0.8165 -0.5772 0.0139
vn -0.9081 -0.4185 -0.0139
vn -0.9677 -0.2487 -0.0408
vn -0.9677 -0.2487 -0.0407
vn -0.9952 -0.0723 -0.0660
vn -0.9952 -0.0724 -0.0660
vn -0.9903 0.1067 -0.0892
vn -0.9903 0.1066 -0.0891
vn -0.9548 0.2767 -0.1088
vn -0.9548 0.2765 -0.1088
vn -0.8916 0.4354 -0.1248
vn -0.8916 0.4353 -0.1248
vn -0.8021 0.5812 -0.1372
vn -0.6926 0.7066 -0.1453
vn -0.6927 0.7065 -0.1453
vn -0.5651 0.8114 -0.1494
vn -0.4092 0.8764 -0.2538
vn -0.4089 0.8766 -0.2538
vn -0.2546 0.9350 -0.2468
vn -0.2538 0.9352 -0.2469
vn -0.0916 0.9681 -0.2331
vn -0.0905 0.9683 -0.2329
vn 0.0787 0.9741 -0.2120
vn 0.0802 0.9740 -0.2120
vn 0.2467 0.9513 -0.1850
vn 0.2482 0.9510 -0.1845
vn 0.4101 0.8994 -0.1515
vn 0.4115 0.8988 -0.1514
vn 0.5657 0.8169 -0.1124
vn 0.5668 0.8162 -0.1119
vn 0.7026 0.7082 -0.0694
vn 0.7032 0.7076 -0.0692
vn 0.8176 0.5753 -0.0237
vn 0.8178 0.5751 -0.0236
vn 0.9070 0.4204 0.0237
vn 0.9069 0.4207 0.0237
vn 0.9646 0.2544 0.0697
vn 0.9644 0.2552 0.0694
vn 0.9902 0.0816 0.1130
vn 0.9902 0.0829 0.1128
vn 0.9837 -0.0943 0.1530
vn 0.9840 -0.0927 0.1524
vn 0.9469 -0.2616 0.1867
vn 0.9474 -0.2599 0.1866
vn 0.8825 -0.4184 0.2147
vn 0.8833 -0.4170 0.2143
vn 0.7922 -0.5627 0.2361
vn 0.7930 -0.5617 0.2361
vn 0.6819 -0.6872 0.2504
vn 0.6826 -0.6866 0.2503
vn 0.5539 -0.7918 0.2575
vn 0.5542 -0.7916 0.2575
vn 0.4087 -0.8756 0.2575
vn 0.4084 -0.8757 0.2575
vn 0.2541 -0.9342 0.2504
vn 0.2533 -0.9345 0.2503
vn 0.0913 -0.9674 0.2361
vn 0.0900 -0.9676 0.2361
vn -0.0790 -0.9735 0.2147
vn -0.0806 -0.9734 0.2143
vn -0.2469 -0.9509 0.1867
vn -0.2487 -0.9505 0.1866
vn -0.4102 -0.8991 0.1530
vn -0.4117 -0.8985 0.1524
vn -0.5658 -0.8168 0.1129
vn -0.5669 -0.8161 0.1128
vn -0.7026 -0.7082 0.0697
vn -0.7032 -0.7076 0.0694
vn -0.8176 -0.5753 0.0237
vn -0.8178 -0.5750 0.0237
vn -0.9070 -0.4204 -0.0237
vn -0.9069 -0.4207 -0.0236
vn -0.9646 -0.2543 -0.0694
vn -0.9644 -0.2552 -0.0692
vn -0.9903 -0.0814 -0.1124
vn -0.9903 -0.0827 -0.1120
vn -0.9839 0.0945 -0.1515
vn -0.9841 0.0930 -0.1514
vn -0.9472 0.2620 -0.1850
vn -0.9477 0.2605 -0.1845
vn -0.8829 0.4189 -0.2120
vn -0.8836 0.4176 -0.2120
vn -0.7926 0.5634 -0.2331
vn -0.7933 0.5625 -0.2329
vn -0.6825 0.6880 -0.2468
vn -0.6830 0.6874 -0.2469
vn -0.5544 0.7926 -0.2538
vn -0.5546 0.7924 -0.2538
vn -0.3890 0.8422 -0.3734
vn -0.3885 0.8424 -0.3735
vn -0.2344 0.9017 -0.3633
vn -0.2325 0.9023 -0.3629
vn -0.0720 0.9367 -0.3427
vn -0.0692 0.9370 -0.3425
vn 0.0971 0.9451 -0.3120
vn 0.1006 0.9451 -0.3110
vn 0.2630 0.9258 -0.2716
vn 0.2668 0.9249 -0.2710
vn 0.4237 0.8779 -0.2230
vn 0.4269 0.8767 -0.2215
vn 0.5757 0.8008 -0.1649
vn 0.5783 0.7992 -0.1642
vn 0.7088 0.6980 -0.1021
vn 0.7101 0.6968 -0.1012
vn 0.8196 0.5718 -0.0348
vn 0.8201 0.5712 -0.0346
vn 0.9050 0.4240 0.0350
vn 0.9047 0.4246 0.0346
vn 0.9588 0.2649 0.1025
vn 0.9583 0.2669 0.1019
vn 0.9810 0.0987 0.1668
vn 0.9810 0.1017 0.1653
vn 0.9716 -0.0714 0.2255
vn 0.9721 -0.0674 0.2246
vn 0.9322 -0.2337 0.2762
vn 0.9336 -0.2300 0.2747
vn 0.8659 -0.3868 0.3173
vn 0.8676 -0.3833 0.3168
vn 0.7737 -0.5283 0.3497
vn 0.7756 -0.5260 0.3489
vn 0.6621 -0.6513 0.3707
vn 0.6636 -0.6498 0.3707
vn 0.5331 -0.7551 0.3816
vn 0.5337 -0.7547 0.3815
vn 0.3874 -0.8392 0.3816
vn 0.3868 -0.8396 0.3815
vn 0.2329 -0.8990 0.3707
vn 0.2309 -0.8996 0.3707
vn 0.0708 -0.9342 0.3498
vn 0.0677 -0.9347 0.3489
vn -0.0979 -0.9433 0.3173
vn -0.1019 -0.9430 0.3168
vn -0.2638 -0.9242 0.2762
vn -0.2677 -0.9235 0.2747
vn -0.4240 -0.8771 0.2255
vn -0.4277 -0.8756 0.2246
vn -0.5760 -0.8003 0.1668
vn -0.5785 -0.7987 0.1654
vn -0.7088 -0.6979 0.1025
vn -0.7103 -0.6965 0.1019
vn -0.8197 -0.5718 0.0350
vn -0.8201 -0.5712 0.0346
vn -0.9050 -0.4239 -0.0348
vn -0.9047 -0.4246 -0.0346
vn -0.9589 -0.2648 -0.1021
vn -0.9585 -0.2666 -0.1012
vn -0.9814 -0.0982 -0.1649
vn -0.9812 -0.1012 -0.1642
vn -0.9722 0.0721 -0.2230
vn -0.9727 0.0686 -0.2215
vn -0.9332 0.2351 -0.2716
vn -0.9344 0.2314 -0.2710
vn -0.8670 0.3885 -0.3121
vn -0.8688 0.3854 -0.3110
vn -0.7752 0.5307 -0.3427
vn -0.7769 0.5283 -0.3425
vn -0.6638 0.6538 -0.3633
vn -0.6651 0.6526 -0.3629
vn -0.5348 0.7580 -0.3734
vn -0.5353 0.7576 -0.3734
vn -0.3603 0.7932 -0.4909
vn -0.3594 0.7937 -0.4908
vn -0.2057 0.8544 -0.4771
vn -0.2030 0.8551 -0.4770
vn -0.0443 0.8917 -0.4504
vn -0.0399 0.8926 -0.4492
vn 0.1229 0.9041 -0.4092
vn 0.1283 0.9039 -0.4081
vn 0.2859 0.8894 -0.3568
vn 0.2914 0.8886 -0.3542
vn 0.4425 0.8480 -0.2918
vn 0.4476 0.8459 -0.2899
vn 0.5898 0.7780 -0.2164
vn 0.5934 0.7760 -0.2139
vn 0.7173 0.6839 -0.1334
vn 0.7194 0.6819 -0.1321
vn 0.8226 0.5668 -0.0457
vn 0.8231 0.5661 -0.0450
vn 0.9022 0.4289 0.0457
vn 0.9018 0.4299 0.0452
vn 0.9506 0.2797 0.1345
vn 0.9501 0.2823 0.1327
vn 0.9682 0.1224 0.2181
vn 0.9680 0.1271 0.2162
vn 0.9544 -0.0390 0.2961
vn 0.9555 -0.0337 0.2931
vn 0.9116 -0.1948 0.3619
vn 0.9135 -0.1889 0.3602
vn 0.8419 -0.3422 0.4172
vn 0.8450 -0.3374 0.4149
vn 0.7474 -0.4801 0.4591
vn 0.7504 -0.4762 0.4585
vn 0.6339 -0.6004 0.4876
vn 0.6363 -0.5984 0.4869
vn 0.5036 -0.7034 0.5016
vn 0.5045 -0.7027 0.5017
vn 0.3573 -0.7879 0.5016
vn 0.3564 -0.7883 0.5017
vn 0.2031 -0.8491 0.4876
vn 0.2000 -0.8502 0.4869
vn 0.0421 -0.8874 0.4591
vn 0.0373 -0.8879 0.4585
vn -0.1246 -0.9003 0.4172
vn -0.1303 -0.9005 0.4149
vn -0.2871 -0.8869 0.3619
vn -0.2932 -0.8856 0.3602
vn -0.4434 -0.8460 0.2961
vn -0.4486 -0.8443 0.2931
vn -0.5901 -0.7773 0.2181
vn -0.5941 -0.7748 0.2163
vn -0.7175 -0.6834 0.1345
vn -0.7196 -0.6816 0.1326
vn -0.8226 -0.5668 0.0457
vn -0.8232 -0.5660 0.0452
vn -0.9022 -0.4289 -0.0457
vn -0.9018 -0.4298 -0.0450
vn -0.9509 -0.2793 -0.1334
vn -0.9502 -0.2821 -0.1322
vn -0.9687 -0.1218 -0.2164
vn -0.9687 -0.1259 -0.2139
vn -0.9556 0.0408 -0.2918
vn -0.9564 0.0353 -0.2899
vn -0.9132 0.1970 -0.3567
vn -0.9153 0.1919 -0.3542
vn -0.8444 0.3457 -0.4092
vn -0.8470 0.3408 -0.4080
vn -0.7502 0.4841 -0.4504
vn -0.7530 0.4808 -0.4492
vn -0.6371 0.6054 -0.4771
vn -0.6391 0.6033 -0.4770
vn -0.5068 0.7087 -0.4909
vn -0.5077 0.7081 -0.4908
vn -0.3270 0.7366 -0.5920
vn -0.3259 0.7371 -0.5920
vn -0.1725 0.7994 -0.5756
vn -0.1692 0.8006 -0.5748
vn -0.0121 0.8401 -0.5423
vn -0.0067 0.8408 -0.5413
vn 0.1528 0.8565 -0.4930
vn 0.1591 0.8569 -0.4903
vn 0.3123 0.8479 -0.4284
vn 0.3191 0.8467 -0.4258
vn 0.4645 0.8131 -0.3510
vn 0.4701 0.8115 -0.3471
vn 0.6058 0.7522 -0.2592
vn 0.6102 0.7496 -0.2564
vn 0.7272 0.6675 -0.1602
vn 0.7295 0.6655 -0.1577
vn 0.8258 0.5613 -0.0546
vn 0.8265 0.5603 -0.0539
vn 0.8989 0.4347 0.0548
vn 0.8985 0.4356 0.0539
vn 0.9415 0.2963 0.1607
vn 0.9408 0.2996 0.1587
vn 0.9535 0.1498 0.2617
vn 0.9537 0.1546 0.2580
vn 0.9351 -0.0026 0.3543
vn 0.9363 0.0040 0.3512
vn 0.8880 -0.1502 0.4347
vn 0.8909 -0.1439 0.4309
vn 0.8153 -0.2919 0.5001
vn 0.8187 -0.2857 0.4981
vn 0.7177 -0.4249 0.5518
vn 0.7215 -0.4208 0.5499
vn 0.6021 -0.5429 0.5855
vn 0.6048 -0.5402 0.5851
vn 0.4701 -0.6446 0.6028
vn 0.4714 -0.6439 0.6027
vn 0.3232 -0.7295 0.6028
vn 0.3220 -0.7301 0.6027
vn 0.1690 -0.7929 0.5854
vn 0.1654 -0.7939 0.5851
vn 0.0092 -0.8339 0.5518
vn 0.0037 -0.8352 0.5499
vn -0.1549 -0.8520 0.5001
vn -0.1619 -0.8519 0.4981
vn -0.3139 -0.8441 0.4347
vn -0.3208 -0.8435 0.4309
vn -0.4653 -0.8111 0.3543
vn -0.4716 -0.8089 0.3512
vn -0.6065 -0.7508 0.2617
vn -0.6108 -0.7486 0.2580
vn -0.7274 -0.6672 0.1607
vn -0.7298 -0.6649 0.1587
vn -0.8259 -0.5611 0.0548
vn -0.8265 -0.5603 0.0539
vn -0.8990 -0.4346 -0.0546
vn -0.8985 -0.4356 -0.0539
vn -0.9416 -0.2960 -0.1602
vn -0.9411 -0.2990 -0.1577
vn -0.9543 -0.1486 -0.2592
vn -0.9543 -0.1537 -0.2564
vn -0.9364 0.0043 -0.3510
vn -0.9378 -0.0014 -0.3471
vn -0.8904 0.1535 -0.4284
vn -0.8928 0.1470 -0.4258
vn -0.8182 0.2959 -0.4930
vn -0.8217 0.2907 -0.4903
vn -0.7215 0.4305 -0.5423
vn -0.7248 0.4263 -0.5413
vn -0.6061 0.5490 -0.5756
vn -0.6088 0.5468 -0.5748
vn -0.4744 0.6515 -0.5920
vn -0.4753 0.6508 -0.5920
vn -0.2939 0.6802 -0.6715
vn -0.2927 0.6809 -0.6714
vn -0.1391 0.7452 -0.6522
vn -0.1357 0.7462 -0.6518
vn 0.0205 0.7886 -0.6146
vn 0.0257 0.7899 -0.6127
vn 0.1830 0.8100 -0.5572
vn 0.1896 0.8100 -0.5549
vn 0.3392 0.8065 -0.4843
vn 0.3456 0.8061 -0.4804
vn 0.4864 0.7792 -0.3953
vn 0.4923 0.7773 -0.3917
vn 0.6222 0.7263 -0.2922
vn 0.6262 0.7244 -0.2883
vn 0.7370 0.6515 -0.1799
vn 0.7394 0.6495 -0.1775
vn 0.8292 0.5556 -0.0615
vn 0.8297 0.5549 -0.0605
vn 0.8958 0.4403 0.0615
vn 0.8953 0.4412 0.0606
vn 0.9324 0.3131 0.1807
vn 0.9320 0.3158 0.1780
vn 0.9395 0.1765 0.2936
vn 0.9396 0.1816 0.2902
vn 0.9164 0.0339 0.3988
vn 0.9181 0.0396 0.3943
vn 0.8660 -0.1067 0.4886
vn 0.8686 -0.1000 0.4853
vn 0.7897 -0.2419 0.5637
vn 0.7937 -0.2365 0.5605
vn 0.6897 -0.3714 0.6216
vn 0.6933 -0.3669 0.6203
vn 0.5716 -0.4866 0.6606
vn 0.5746 -0.4843 0.6598
vn 0.4381 -0.5878 0.6801
vn 0.4392 -0.5870 0.6801
vn 0.2900 -0.6733 0.6801
vn 0.2887 -0.6739 0.6801
vn 0.1356 -0.7384 0.6606
vn 0.1321 -0.7398 0.6598
vn -0.0232 -0.7830 0.6216
vn -0.0290 -0.7839 0.6202
vn -0.1854 -0.8049 0.5637
vn -0.1920 -0.8056 0.5605
vn -0.3406 -0.8033 0.4886
vn -0.3477 -0.8023 0.4853
vn -0.4875 -0.7767 0.3989
vn -0.4934 -0.7753 0.3943
vn -0.6226 -0.7253 0.2936
vn -0.6270 -0.7229 0.2902
vn -0.7373 -0.6509 0.1808
vn -0.7395 -0.6492 0.1780
vn -0.8292 -0.5556 0.0615
vn -0.8298 -0.5548 0.0606
vn -0.8958 -0.4402 -0.0615
vn -0.8954 -0.4411 -0.0605
vn -0.9327 -0.3125 -0.1799
vn -0.9321 -0.3156 -0.1775
vn -0.9401 -0.1757 -0.2922
vn -0.9405 -0.1801 -0.2883
vn -0.9180 -0.0316 -0.3953
vn -0.9193 -0.0377 -0.3917
vn -0.8680 0.1094 -0.4843
vn -0.8709 0.1037 -0.4804
vn -0.7929 0.2465 -0.5572
vn -0.7963 0.2408 -0.5549
vn -0.6932 0.3766 -0.6146
vn -0.6969 0.3727 -0.6127
vn -0.5758 0.4930 -0.6522
vn -0.5784 0.4906 -0.6518
vn -0.4422 0.5946 -0.6715
vn -0.4433 0.5939 -0.6714
vn -0.2640 0.6301 -0.7303
vn -0.2630 0.6305 -0.7303
vn -0.1087 0.6966 -0.7092
vn -0.1058 0.6978 -0.7084
vn 0.0501 0.7433 -0.6671
vn 0.0547 0.7441 -0.6658
vn 0.2110 0.7682 -0.6045
vn 0.2163 0.7689 -0.6017
vn 0.3638 0.7702 -0.5239
vn 0.3694 0.7696 -0.5208
vn 0.5068 0.7486 -0.4274
vn 0.5115 0.7477 -0.4235
vn 0.6370 0.7036 -0.3148
vn 0.6405 0.7019 -0.3117
vn 0.7461 0.6370 -0.1939
vn 0.7479 0.6357 -0.1914
vn 0.8321 0.5507 -0.0661
vn 0.8326 0.5500 -0.0653
vn 0.8929 0.4453 0.0662
vn 0.8926 0.4461 0.0652
vn 0.9246 0.3278 0.1942
vn 0.9242 0.3303 0.1920
vn 0.9272 0.2009 0.3163
vn 0.9276 0.2046 0.3126
vn 0.9007 0.0661 0.4293
vn 0.9020 0.0712 0.4258
vn 0.8470 -0.0673 0.5274
vn 0.8497 -0.0624 0.5236
vn 0.7685 -0.1981 0.6084
vn 0.7717 -0.1931 0.6060
vn 0.6657 -0.3237 0.6723
vn 0.6692 -0.3203 0.6705
vn 0.5458 -0.4375 0.7146
vn 0.5483 -0.4352 0.7141
vn 0.4103 -0.5381 0.7363
vn 0.4113 -0.5375 0.7362
vn 0.2608 -0.6244 0.7363
vn 0.2598 -0.6250 0.7362
vn 0.1060 -0.6914 0.7147
vn 0.1028 -0.6924 0.7141
vn -0.0526 -0.7384 0.6723
vn -0.0572 -0.7397 0.6705
vn -0.2127 -0.7646 0.6084
vn -0.2185 -0.7648 0.6060
vn -0.3652 -0.7671 0.5274
vn -0.3708 -0.7670 0.5236
vn -0.5076 -0.7470 0.4293
vn -0.5127 -0.7456 0.4258
vn -0.6375 -0.7025 0.3163
vn -0.6409 -0.7011 0.3126
vn -0.7462 -0.6368 0.1942
vn -0.7481 -0.6352 0.1920
vn -0.8321 -0.5506 0.0662
vn -0.8326 -0.5500 0.0653
vn -0.8930 -0.4453 -0.0661
vn -0.8926 -0.4460 -0.0653
vn -0.9247 -0.3276 -0.1939
vn -0.9244 -0.3298 -0.1914
vn -0.9279 -0.1998 -0.3148
vn -0.9281 -0.2038 -0.3117
vn -0.9018 -0.0646 -0.4274
vn -0.9033 -0.0691 -0.4235
vn -0.8489 0.0701 -0.5239
vn -0.8512 0.0649 -0.5208
vn -0.7708 0.2014 -0.6045
vn -0.7740 0.1970 -0.6017
vn -0.6688 0.3282 -0.6671
vn -0.6718 0.3247 -0.6658
vn -0.5489 0.4425 -0.7091
vn -0.5514 0.4406 -0.7084
vn -0.4136 0.5437 -0.7303
vn -0.4146 0.5430 -0.7303
vn -0.2388 0.5880 -0.7728
vn -0.2381 0.5883 -0.7728
vn -0.0830 0.6564 -0.7499
vn -0.0810 0.6570 -0.7495
vn 0.0756 0.7053 -0.7049
vn 0.0787 0.7062 -0.7037
vn 0.2348 0.7339 -0.6375
vn 0.2386 0.7341 -0.6357
vn 0.3850 0.7397 -0.5519
vn 0.3887 0.7397 -0.5493
vn 0.5241 0.7236 -0.4491
vn 0.5274 0.7228 -0.4465
vn 0.6497 0.6845 -0.3305
vn 0.6519 0.6837 -0.3280
vn 0.7536 0.6252 -0.2031
vn 0.7548 0.6242 -0.2014
vn 0.8346 0.5465 -0.0692
vn 0.8349 0.5462 -0.0685
vn 0.8906 0.4495 0.0692
vn 0.8904 0.4500 0.0686
vn 0.9180 0.3403 0.2034
vn 0.9179 0.3418 0.2016
vn 0.9174 0.2209 0.3311
vn 0.9176 0.2235 0.3287
vn 0.8879 0.0933 0.4504
vn 0.8891 0.0963 0.4475
vn 0.8321 -0.0349 0.5535
vn 0.8339 -0.0313 0.5511
vn 0.7514 -0.1612 0.6398
vn 0.7538 -0.1583 0.6378
vn 0.6468 -0.2846 0.7076
vn 0.6491 -0.2820 0.7065
vn 0.5249 -0.3968 0.7530
vn 0.5266 -0.3955 0.7525
vn 0.3877 -0.4974 0.7761
vn 0.3884 -0.4969 0.7760
vn 0.2368 -0.5845 0.7760
vn 0.2361 -0.5848 0.7760
vn 0.0812 -0.6529 0.7530
vn 0.0791 -0.6538 0.7525
vn -0.0770 -0.7025 0.7075
vn -0.0804 -0.7031 0.7065
vn -0.2360 -0.7313 0.6399
vn -0.2398 -0.7319 0.6378
vn -0.3858 -0.7381 0.5535
vn -0.3898 -0.7378 0.5511
vn -0.5248 -0.7223 0.4504
vn -0.5280 -0.7218 0.4475
vn -0.6499 -0.6841 0.3311
vn -0.6523 -0.6829 0.3287
vn -0.7538 -0.6249 0.2034
vn -0.7549 -0.6241 0.2016
vn -0.8346 -0.5465 0.0692
vn -0.8349 -0.5461 0.0686
vn -0.8906 -0.4495 -0.0692
vn -0.8904 -0.4500 -0.0686
vn -0.9182 -0.3400 -0.2031
vn -0.9180 -0.3416 -0.2014
vn -0.9177 -0.2204 -0.3305
vn -0.9180 -0.2227 -0.3280
vn -0.8887 -0.0921 -0.4491
vn -0.8897 -0.0953 -0.4465
vn -0.8331 0.0364 -0.5519
vn -0.8350 0.0332 -0.5493
vn -0.7529 0.1636 -0.6374
vn -0.7551 0.1605 -0.6357
vn -0.6486 0.2872 -0.7049
vn -0.6508 0.2850 -0.7037
vn -0.5269 0.4001 -0.7499
vn -0.5285 0.3986 -0.7495
vn -0.3898 0.5008 -0.7728
vn -0.3904 0.5004 -0.7727
vn -0.2185 0.5541 -0.8033
vn -0.2182 0.5542 -0.8033
vn -0.0623 0.6237 -0.7791
vn -0.0615 0.6241 -0.7789
vn 0.0960 0.6749 -0.7316
vn 0.0971 0.6752 -0.7312
vn 0.2539 0.7061 -0.6610
vn 0.2553 0.7063 -0.6602
vn 0.4019 0.7156 -0.5713
vn 0.4033 0.7156 -0.5704
vn 0.5380 0.7035 -0.4644
vn 0.5391 0.7033 -0.4633
vn 0.6597 0.6696 -0.3412
vn 0.6606 0.6692 -0.3403
vn 0.7596 0.6157 -0.2095
vn 0.7600 0.6154 -0.2088
vn 0.8365 0.5433 -0.0713
vn 0.8366 0.5431 -0.0711
vn 0.8887 0.4528 0.0713
vn 0.8887 0.4530 0.0711
vn 0.9130 0.3500 0.2096
vn 0.9129 0.3506 0.2089
vn 0.9096 0.2368 0.3414
vn 0.9097 0.2376 0.3404
vn 0.8781 0.1145 0.4647
vn 0.8784 0.1156 0.4637
vn 0.8203 -0.0091 0.5719
vn 0.8210 -0.0080 0.5708
vn 0.7381 -0.1324 0.6616
vn 0.7389 -0.1312 0.6609
vn 0.6319 -0.2534 0.7325
vn 0.6327 -0.2526 0.7320
vn 0.5084 -0.3648 0.7800
vn 0.5091 -0.3642 0.7799
vn 0.3699 -0.4651 0.8043
vn 0.3701 -0.4650 0.8042
vn 0.2178 -0.5529 0.8043
vn 0.2176 -0.5530 0.8042
vn 0.0617 -0.6227 0.7800
vn 0.0609 -0.6230 0.7799
vn -0.0965 -0.6739 0.7325
vn -0.0977 -0.6743 0.7320
vn -0.2543 -0.7054 0.6616
vn -0.2558 -0.7055 0.6609
vn -0.4022 -0.7150 0.5719
vn -0.4036 -0.7150 0.5708
vn -0.5382 -0.7032 0.4647
vn -0.5394 -0.7029 0.4637
vn -0.6599 -0.6693 0.3414
vn -0.6606 -0.6691 0.3404
vn -0.7596 -0.6157 0.2095
vn -0.7601 -0.6153 0.2089
vn -0.8365 -0.5433 0.0713
vn -0.8366 -0.5431 0.0711
vn -0.8887 -0.4528 -0.0713
vn -0.8887 -0.4530 -0.0711
vn -0.9130 -0.3500 -0.2095
vn -0.9130 -0.3505 -0.2088
vn -0.9097 -0.2365 -0.3412
vn -0.9098 -0.2374 -0.3403
vn -0.8783 -0.1142 -0.4644
vn -0.8787 -0.1152 -0.4633
vn -0.8207 0.0097 -0.5713
vn -0.8213 0.0085 -0.5704
vn -0.7385 0.1331 -0.6610
vn -0.7394 0.1321 -0.6602
vn -0.6324 0.2544 -0.7317
vn -0.6333 0.2535 -0.7312
vn -0.5091 0.3658 -0.7791
vn -0.5097 0.3653 -0.7789
vn -0.3706 0.4663 -0.8033
vn -0.3708 0.4661 -0.8033
vn 0.3946 0.5076 0.7659
vn 0.3945 0.5078 0.7659
vn 0.5327 0.4057 0.7427
vn 0.5323 0.4060 0.7428
vn 0.6548 0.2915 0.6973
vn 0.6542 0.2922 0.6976
vn 0.7588 0.1666 0.6297
vn 0.7581 0.1674 0.6303
vn 0.8381 0.0384 0.5441
vn 0.8377 0.0393 0.5447
vn 0.8924 -0.0909 0.4421
vn 0.8921 -0.0901 0.4428
vn 0.9199 -0.2196 0.3248
vn 0.9199 -0.2189 0.3254
vn 0.9192 -0.3395 0.1993
vn 0.9193 -0.3391 0.1998
vn 0.8908 -0.4493 0.0678
vn 0.8909 -0.4491 0.0680
vn 0.8345 -0.5468 -0.0678
vn 0.8344 -0.5469 -0.0680
vn 0.7537 -0.6262 -0.1994
vn 0.7533 -0.6265 -0.1999
vn 0.6502 -0.6867 -0.3249
vn 0.6496 -0.6870 -0.3256
vn 0.5252 -0.7269 -0.4425
vn 0.5242 -0.7272 -0.4432
vn 0.3861 -0.7445 -0.5447
vn 0.3851 -0.7445 -0.5454
vn 0.2356 -0.7395 -0.6305
vn 0.2345 -0.7395 -0.6310
vn 0.0755 -0.7119 -0.6982
vn 0.0746 -0.7116 -0.6986
vn -0.0843 -0.6631 -0.7438
vn -0.0850 -0.6629 -0.7439
vn -0.2416 -0.5945 -0.7670
vn -0.2418 -0.5943 -0.7670
vn -0.3940 -0.5065 -0.7670
vn -0.3938 -0.5066 -0.7670
vn -0.5321 -0.4046 -0.7438
vn -0.5316 -0.4050 -0.7439
vn -0.6543 -0.2906 -0.6982
vn -0.6536 -0.2912 -0.6986
vn -0.7583 -0.1657 -0.6305
vn -0.7577 -0.1667 -0.6310
vn -0.8378 -0.0378 -0.5446
vn -0.8373 -0.0387 -0.5454
vn -0.8921 0.0913 -0.4425
vn -0.8918 0.0904 -0.4432
vn -0.9199 0.2198 -0.3249
vn -0.9198 0.2191 -0.3256
vn -0.9192 0.3396 -0.1994
vn -0.9192 0.3392 -0.1999
vn -0.8908 0.4493 -0.0678
vn -0.8909 0.4491 -0.0680
vn -0.8345 0.5468 0.0678
vn -0.8344 0.5470 0.0680
vn -0.7536 0.6263 0.1993
vn -0.7533 0.6266 0.1998
vn -0.6501 0.6869 0.3248
vn -0.6495 0.6872 0.3254
vn -0.5249 0.7273 0.4421
vn -0.5241 0.7275 0.4428
vn -0.3858 0.7450 0.5441
vn -0.3847 0.7451 0.5448
vn -0.2351 0.7404 0.6297
vn -0.2341 0.7402 0.6303
vn -0.0749 0.7128 0.6973
vn -0.0741 0.7127 0.6976
vn 0.0850 0.6642 0.7427
vn 0.0855 0.6640 0.7428
vn 0.2423 0.5956 0.7659
vn 0.2425 0.5955 0.7659
vn 0.4360 0.5793 0.6887
vn 0.4356 0.5796 0.6887
vn 0.5727 0.4752 0.6679
vn 0.5716 0.4763 0.6682
vn 0.6923 0.3569 0.6271
vn 0.6908 0.3585 0.6279
vn 0.7925 0.2255 0.5666
vn 0.7912 0.2278 0.5676
vn 0.8674 0.0894 0.4896
vn 0.8662 0.0917 0.4912
vn 0.9160 -0.0496 0.3980
vn 0.9155 -0.0472 0.3995
vn 0.9374 -0.1892 0.2924
vn 0.9373 -0.1874 0.2940
vn 0.9299 -0.3210 0.1796
vn 0.9301 -0.3198 0.1805
vn 0.8945 -0.4429 0.0611
vn 0.8946 -0.4426 0.0615
vn 0.8309 -0.5531 -0.0612
vn 0.8306 -0.5534 -0.0615
vn 0.7430 -0.6447 -0.1798
vn 0.7421 -0.6454 -0.1809
vn 0.6329 -0.7166 -0.2931
vn 0.6312 -0.7176 -0.2945
vn 0.5015 -0.7677 -0.3990
vn 0.4992 -0.7682 -0.4009
vn 0.3572 -0.7943 -0.4914
vn 0.3544 -0.7947 -0.4929
vn 0.2021 -0.7973 -0.5688
vn 0.1993 -0.7970 -0.5702
vn 0.0386 -0.7755 -0.6301
vn 0.0362 -0.7752 -0.6307
vn -0.1237 -0.7309 -0.6711
vn -0.1251 -0.7304 -0.6715
vn -0.2820 -0.6644 -0.6922
vn -0.2826 -0.6641 -0.6922
vn -0.4344 -0.5764 -0.6921
vn -0.4338 -0.5768 -0.6922
vn -0.5712 -0.4726 -0.6711
vn -0.5700 -0.4735 -0.6715
vn -0.6909 -0.3544 -0.6301
vn -0.6894 -0.3562 -0.6307
vn -0.7915 -0.2236 -0.5688
vn -0.7899 -0.2258 -0.5701
vn -0.8665 -0.0878 -0.4914
vn -0.8654 -0.0905 -0.4928
vn -0.9155 0.0504 -0.3990
vn -0.9149 0.0482 -0.4009
vn -0.9371 0.1898 -0.2931
vn -0.9370 0.1878 -0.2945
vn -0.9298 0.3211 -0.1797
vn -0.9300 0.3200 -0.1809
vn -0.8944 0.4430 -0.0612
vn -0.8946 0.4426 -0.0615
vn -0.8308 0.5531 0.0611
vn -0.8306 0.5535 0.0615
vn -0.7429 0.6448 0.1796
vn -0.7420 0.6456 0.1806
vn -0.6325 0.7172 0.2924
vn -0.6309 0.7180 0.2940
vn -0.5010 0.7685 0.3980
vn -0.4987 0.7692 0.3995
vn -0.3562 0.7959 0.4896
vn -0.3537 0.7960 0.4912
vn -0.2010 0.7991 0.5666
vn -0.1983 0.7991 0.5676
vn -0.0370 0.7780 0.6271
vn -0.0350 0.7775 0.6279
vn 0.1251 0.7336 0.6679
vn 0.1266 0.7332 0.6681
vn 0.2837 0.6673 0.6887
vn 0.2842 0.6670 0.6887
vn 0.4754 0.6482 0.5949
vn 0.4748 0.6486 0.5949
vn 0.6104 0.5426 0.5770
vn 0.6090 0.5437 0.5774
vn 0.7275 0.4204 0.5423
vn 0.7257 0.4227 0.5428
vn 0.8243 0.2835 0.4900
vn 0.8225 0.2864 0.4915
vn 0.8948 0.1396 0.4241
vn 0.8936 0.1431 0.4255
vn 0.9386 -0.0084 0.3448
vn 0.9379 -0.0053 0.3468
vn 0.9541 -0.1590 0.2538
vn 0.9542 -0.1563 0.2552
vn 0.9404 -0.3023 0.1558
vn 0.9407 -0.3007 0.1571
vn 0.8981 -0.4367 0.0531
vn 0.8983 -0.4361 0.0535
vn 0.8272 -0.5594 -0.0531
vn 0.8269 -0.5599 -0.0536
vn 0.7322 -0.6629 -0.1563
vn 0.7309 -0.6641 -0.1574
vn 0.6151 -0.7462 -0.2545
vn 0.6128 -0.7474 -0.2565
vn 0.4774 -0.8073 -0.3468
vn 0.4740 -0.8086 -0.3485
vn 0.3275 -0.8431 -0.4266
vn 0.3238 -0.8435 -0.4287
vn 0.1682 -0.8531 -0.4940
vn 0.1644 -0.8531 -0.4951
vn 0.0014 -0.8374 -0.5467
vn -0.0017 -0.8367 -0.5477
vn -0.1625 -0.7965 -0.5823
vn -0.1646 -0.7960 -0.5826
vn -0.3216 -0.7322 -0.6004
vn -0.3222 -0.7319 -0.6004
vn -0.4733 -0.6446 -0.6004
vn -0.4727 -0.6450 -0.6005
vn -0.6086 -0.5390 -0.5824
vn -0.6070 -0.5405 -0.5825
vn -0.7259 -0.4175 -0.5466
vn -0.7238 -0.4198 -0.5477
vn -0.8229 -0.2809 -0.4940
vn -0.8210 -0.2842 -0.4951
vn -0.8939 -0.1379 -0.4266
vn -0.8924 -0.1413 -0.4286
vn -0.9379 0.0098 -0.3468
vn -0.9373 0.0062 -0.3485
vn -0.9538 0.1596 -0.2545
vn -0.9537 0.1570 -0.2565
vn -0.9402 0.3027 -0.1563
vn -0.9406 0.3009 -0.1574
vn -0.8980 0.4367 -0.0531
vn -0.8983 0.4362 -0.0536
vn -0.8272 0.5594 0.0531
vn -0.8268 0.5599 0.0535
vn -0.7320 0.6632 0.1558
vn -0.7308 0.6643 0.1571
vn -0.6147 0.7468 0.2538
vn -0.6124 0.7482 0.2553
vn -0.4766 0.8087 0.3448
vn -0.4736 0.8096 0.3468
vn -0.3265 0.8447 0.4241
vn -0.3228 0.8454 0.4255
vn -0.1666 0.8556 0.4900
vn -0.1632 0.8554 0.4915
vn 0.0004 0.8402 0.5423
vn 0.0033 0.8398 0.5428
vn 0.1646 0.8000 0.5770
vn 0.1663 0.7993 0.5774
vn 0.3237 0.7358 0.5949
vn 0.3243 0.7355 0.5949
vn 0.5100 0.7094 0.4865
vn 0.5094 0.7097 0.4866
vn 0.6433 0.6026 0.4723
vn 0.6418 0.6041 0.4724
vn 0.7579 0.4780 0.4439
vn 0.7560 0.4802 0.4448
vn 0.8517 0.3362 0.4020
vn 0.8500 0.3395 0.4028
vn 0.9188 0.1862 0.3480
vn 0.9175 0.1897 0.3497
vn 0.9584 0.0297 0.2838
vn 0.9579 0.0333 0.2850
vn 0.9692 -0.1306 0.2088
vn 0.9692 -0.1278 0.2104
vn 0.9499 -0.2850 0.1286
vn 0.9503 -0.2831 0.1294
vn 0.9014 -0.4307 0.0438
vn 0.9017 -0.4301 0.0442
vn 0.8238 -0.5652 -0.0439
vn 0.8234 -0.5658 -0.0442
vn 0.7218 -0.6800 -0.1289
vn 0.7205 -0.6812 -0.1301
vn 0.5982 -0.7733 -0.2102
vn 0.5955 -0.7750 -0.2114
vn 0.4542 -0.8439 -0.2857
vn 0.4507 -0.8451 -0.2876
vn 0.2993 -0.8870 -0.3517
vn 0.2952 -0.8879 -0.3529
vn 0.1360 -0.9036 -0.4063
vn 0.1321 -0.9035 -0.4078
vn -0.0332 -0.8925 -0.4497
vn -0.0365 -0.8922 -0.4502
vn -0.1984 -0.8554 -0.4785
vn -0.2005 -0.8547 -0.4789
vn -0.3574 -0.7931 -0.4933
vn -0.3580 -0.7928 -0.4933
vn -0.5081 -0.7060 -0.4933
vn -0.5075 -0.7065 -0.4933
vn -0.6416 -0.5995 -0.4785
vn -0.6399 -0.6009 -0.4789
vn -0.7564 -0.4750 -0.4497
vn -0.7544 -0.4777 -0.4502
vn -0.8505 -0.3340 -0.4063
vn -0.8485 -0.3373 -0.4078
vn -0.9178 -0.1842 -0.3517
vn -0.9165 -0.1883 -0.3528
vn -0.9579 -0.0287 -0.2857
vn -0.9572 -0.0323 -0.2877
vn -0.9688 0.1314 -0.2102
vn -0.9689 0.1283 -0.2114
vn -0.9498 0.2852 -0.1289
vn -0.9502 0.2834 -0.1301
vn -0.9014 0.4308 -0.0439
vn -0.9017 0.4302 -0.0442
vn -0.8237 0.5653 0.0438
vn -0.8234 0.5658 0.0442
vn -0.7218 0.6801 0.1286
vn -0.7203 0.6815 0.1294
vn -0.5977 0.7741 0.2088
vn -0.5953 0.7755 0.2104
vn -0.4535 0.8449 0.2837
vn -0.4501 0.8463 0.2850
vn -0.2981 0.8888 0.3480
vn -0.2944 0.8894 0.3497
vn -0.1347 0.9057 0.4020
vn -0.1309 0.9059 0.4028
vn 0.0350 0.8954 0.4439
vn 0.0379 0.8949 0.4447
vn 0.2002 0.8584 0.4723
vn 0.2022 0.8579 0.4724
vn 0.3594 0.7964 0.4865
vn 0.3599 0.7961 0.4866
vn 0.5374 0.7585 0.3687
vn 0.5369 0.7588 0.3686
vn 0.6689 0.6515 0.3580
vn 0.6676 0.6526 0.3582
vn 0.7814 0.5251 0.3371
vn 0.7799 0.5273 0.3374
vn 0.8730 0.3803 0.3054
vn 0.8714 0.3831 0.3064
vn 0.9375 0.2252 0.2653
vn 0.9365 0.2286 0.2659
vn 0.9743 0.0624 0.2163
vn 0.9738 0.0655 0.2176
vn 0.9814 -0.1064 0.1598
vn 0.9816 -0.1036 0.1605
vn 0.9579 -0.2699 0.0983
vn 0.9582 -0.2682 0.0991
vn 0.9043 -0.4257 0.0336
vn 0.9045 -0.4251 0.0338
vn 0.8208 -0.5703 -0.0336
vn 0.8204 -0.5708 -0.0339
vn 0.7128 -0.6943 -0.0989
vn 0.7115 -0.6956 -0.0994
vn 0.5831 -0.7964 -0.1607
vn 0.5808 -0.7978 -0.1620
vn 0.4338 -0.8740 -0.2188
vn 0.4305 -0.8755 -0.2196
vn 0.2745 -0.9234 -0.2683
vn 0.2709 -0.9241 -0.2697
vn 0.1083 -0.9445 -0.3102
vn 0.1047 -0.9447 -0.3107
vn -0.0628 -0.9374 -0.3425
vn -0.0656 -0.9370 -0.3432
vn -0.2284 -0.9028 -0.3644
vn -0.2302 -0.9023 -0.3644
vn -0.3867 -0.8424 -0.3753
vn -0.3873 -0.8420 -0.3754
vn -0.5361 -0.7561 -0.3753
vn -0.5355 -0.7565 -0.3754
vn -0.6677 -0.6492 -0.3644
vn -0.6663 -0.6505 -0.3644
vn -0.7805 -0.5231 -0.3425
vn -0.7786 -0.5253 -0.3432
vn -0.8721 -0.3785 -0.3102
vn -0.8705 -0.3817 -0.3107
vn -0.9369 -0.2239 -0.2683
vn -0.9357 -0.2274 -0.2697
vn -0.9738 -0.0614 -0.2188
vn -0.9734 -0.0649 -0.2196
vn -0.9812 0.1068 -0.1607
vn -0.9813 0.1041 -0.1620
vn -0.9577 0.2701 -0.0989
vn -0.9582 0.2684 -0.0994
vn -0.9043 0.4257 -0.0336
vn -0.9045 0.4251 -0.0339
vn -0.8208 0.5703 0.0336
vn -0.8204 0.5708 0.0338
vn -0.7127 0.6946 0.0983
vn -0.7114 0.6957 0.0991
vn -0.5828 0.7967 0.1598
vn -0.5805 0.7983 0.1605
vn -0.4332 0.8750 0.2163
vn -0.4302 0.8761 0.2176
vn -0.2737 0.9245 0.2653
vn -0.2703 0.9253 0.2659
vn -0.1071 0.9462 0.3054
vn -0.1039 0.9462 0.3064
vn 0.0640 0.9393 0.3371
vn 0.0667 0.9390 0.3374
vn 0.2298 0.9050 0.3580
vn 0.2314 0.9045 0.3582
vn 0.3881 0.8447 0.3687
vn 0.3887 0.8444 0.3686
vn 0.5564 0.7930 0.2482
vn 0.5560 0.7933 0.2482
vn 0.6862 0.6863 0.2413
vn 0.6853 0.6872 0.2412
vn 0.7971 0.5594 0.2273
vn 0.7960 0.5609 0.2276
vn 0.8871 0.4127 0.2065
vn 0.8861 0.4149 0.2067
vn 0.9503 0.2546 0.1794
vn 0.9495 0.2571 0.1801
vn 0.9853 0.0871 0.1469
vn 0.9850 0.0896 0.1472
vn 0.9902 -0.0876 0.1084
vn 0.9903 -0.0856 0.1091
vn 0.9637 -0.2583 0.0670
vn 0.9641 -0.2570 0.0672
vn 0.9064 -0.4217 0.0228
vn 0.9066 -0.4213 0.0230
vn 0.8185 -0.5741 -0.0229
vn 0.8182 -0.5745 -0.0230
vn 0.7056 -0.7054 -0.0672
vn 0.7047 -0.7063 -0.0677
vn 0.5712 -0.8134 -0.1096
vn 0.5694 -0.8147 -0.1099
vn 0.4176 -0.8964 -0.1485
vn 0.4151 -0.8974 -0.1493
vn 0.2552 -0.9495 -0.1824
vn 0.2523 -0.9503 -0.1826
vn 0.0867 -0.9738 -0.2100
vn 0.0841 -0.9739 -0.2106
vn -0.0851 -0.9690 -0.2320
vn -0.0873 -0.9688 -0.2320
vn -0.2505 -0.9363 -0.2463
vn -0.2518 -0.9359 -0.2465
vn -0.4078 -0.8771 -0.2537
vn -0.4083 -0.8769 -0.2536
vn -0.5557 -0.7918 -0.2537
vn -0.5553 -0.7921 -0.2536
vn -0.6856 -0.6851 -0.2463
vn -0.6846 -0.6860 -0.2465
vn -0.7966 -0.5582 -0.2320
vn -0.7954 -0.5600 -0.2320
vn -0.8868 -0.4118 -0.2100
vn -0.8855 -0.4141 -0.2106
vn -0.9499 -0.2538 -0.1824
vn -0.9491 -0.2566 -0.1826
vn -0.9851 -0.0866 -0.1485
vn -0.9848 -0.0892 -0.1493
vn -0.9901 0.0880 -0.1096
vn -0.9902 0.0858 -0.1099
vn -0.9637 0.2585 -0.0672
vn -0.9640 0.2571 -0.0677
vn -0.9064 0.4217 -0.0229
vn -0.9066 0.4213 -0.0230
vn -0.8184 0.5741 0.0228
vn -0.8182 0.5745 0.0230
vn -0.7056 0.7054 0.0670
vn -0.7046 0.7064 0.0672
vn -0.5710 0.8138 0.1084
vn -0.5693 0.8149 0.1091
vn -0.4173 0.8968 0.1469
vn -0.4149 0.8979 0.1472
vn -0.2546 0.9503 0.1794
vn -0.2521 0.9508 0.1800
vn -0.0861 0.9746 0.2065
vn -0.0836 0.9748 0.2067
vn 0.0859 0.9700 0.2273
vn 0.0878 0.9698 0.2276
vn 0.2512 0.9374 0.2412
vn 0.2525 0.9371 0.2412
vn 0.4086 0.8783 0.2482
vn 0.4090 0.8781 0.2482
vn 0.5670 0.8130 0.1323
vn 0.5668 0.8132 0.1323
vn 0.6955 0.7069 0.1286
vn 0.6950 0.7074 0.1287
vn 0.8054 0.5801 0.1215
vn 0.8047 0.5811 0.1214
vn 0.8946 0.4329 0.1103
vn 0.8940 0.4343 0.1106
vn 0.9571 0.2733 0.0962
vn 0.9567 0.2748 0.0963
vn 0.9915 0.1031 0.0787
vn 0.9914 0.1047 0.0790
vn 0.9954 -0.0754 0.0584
vn 0.9955 -0.0741 0.0585
vn 0.9674 -0.2507 0.0360
vn 0.9676 -0.2498 0.0362
vn 0.9079 -0.4191 0.0123
vn 0.9080 -0.4188 0.0124
vn 0.8169 -0.5767 -0.0123
vn 0.8167 -0.5769 -0.0124
vn 0.7008 -0.7124 -0.0363
vn 0.7002 -0.7130 -0.0364
vn 0.5631 -0.8243 -0.0589
vn 0.5620 -0.8250 -0.0592
vn 0.4066 -0.9101 -0.0801
vn 0.4051 -0.9108 -0.0801
vn 0.2421 -0.9653 -0.0979
vn 0.2404 -0.9657 -0.0982
vn 0.0727 -0.9909 -0.1129
vn 0.0710 -0.9911 -0.1129
vn -0.0994 -0.9873 -0.1243
vn -0.1007 -0.9871 -0.1245
vn -0.2641 -0.9554 -0.1321
vn -0.2649 -0.9552 -0.1320
vn -0.4203 -0.8971 -0.1359
vn -0.4206 -0.8970 -0.1359
vn -0.5668 -0.8126 -0.1359
vn -0.5665 -0.8128 -0.1359
vn -0.6954 -0.7064 -0.1320
vn -0.6947 -0.7070 -0.1320
vn -0.8053 -0.5797 -0.1243
vn -0.8045 -0.5807 -0.1245
vn -0.8945 -0.4325 -0.1129
vn -0.8938 -0.4340 -0.1129
vn -0.9570 -0.2730 -0.0979
vn -0.9565 -0.2747 -0.0982
vn -0.9915 -0.1029 -0.0801
vn -0.9913 -0.1046 -0.0801
vn -0.9954 0.0755 -0.0589
vn -0.9955 0.0742 -0.0592
vn -0.9674 0.2507 -0.0363
vn -0.9676 0.2499 -0.0364
vn -0.9078 0.4191 -0.0123
vn -0.9080 0.4188 -0.0124
vn -0.8169 0.5766 0.0123
vn -0.8167 0.5769 0.0124
vn -0.7008 0.7125 0.0360
vn -0.7002 0.7131 0.0362
vn -0.5630 0.8244 0.0584
vn -0.5619 0.8251 0.0585
vn -0.4065 0.9103 0.0787
vn -0.4050 0.9109 0.0791
vn -0.2419 0.9655 0.0962
vn -0.2403 0.9659 0.0963
vn -0.0724 0.9913 0.1104
vn -0.0709 0.9913 0.1106
vn 0.0996 0.9876 0.1215
vn 0.1009 0.9875 0.1214
vn 0.2644 0.9558 0.1286
vn 0.2651 0.9556 0.1287
vn 0.4206 0.8975 0.1323
vn 0.4209 0.8974 0.1323
vn 0.5708 0.8207 0.0267
vn 0.5706 0.8208 0.0267
vn 0.6985 0.7151 0.0260
vn 0.6982 0.7154 0.0260
vn 0.8079 0.5889 0.0246
vn 0.8075 0.5893 0.0246
vn 0.8968 0.4419 0.0225
vn 0.8965 0.4425 0.0224
vn 0.9593 0.2819 0.0196
vn 0.9590 0.2826 0.0196
vn 0.9937 0.1107 0.0161
vn 0.9936 0.1114 0.0161
vn 0.9975 -0.0695 0.0119
vn 0.9976 -0.0689 0.0120
vn 0.9690 -0.2470 0.0074
vn 0.9691 -0.2466 0.0074
vn 0.9085 -0.4179 0.0025
vn 0.9086 -0.4177 0.0026
vn 0.8161 -0.5779 -0.0026
vn 0.8161 -0.5780 -0.0026
vn 0.6984 -0.7157 -0.0075
vn 0.6981 -0.7160 -0.0076
vn 0.5590 -0.8291 -0.0123
vn 0.5584 -0.8295 -0.0123
vn 0.4010 -0.9159 -0.0166
vn 0.4003 -0.9162 -0.0167
vn 0.2356 -0.9716 -0.0205
vn 0.2348 -0.9718 -0.0204
vn 0.0658 -0.9976 -0.0235
vn 0.0650 -0.9976 -0.0236
vn -0.1060 -0.9940 -0.0260
vn -0.1066 -0.9940 -0.0260
vn -0.2700 -0.9625 -0.0276
vn -0.2704 -0.9623 -0.0276
vn -0.4253 -0.9046 -0.0284
vn -0.4254 -0.9046 -0.0284
vn -0.5707 -0.8206 -0.0284
vn -0.5706 -0.8207 -0.0284
vn -0.6985 -0.7151 -0.0276
vn -0.6982 -0.7154 -0.0276
vn -0.8079 -0.5888 -0.0260
vn -0.8075 -0.5893 -0.0260
vn -0.8968 -0.4418 -0.0235
vn -0.8965 -0.4425 -0.0236
vn -0.9593 -0.2818 -0.0205
vn -0.9590 -0.2826 -0.0204
vn -0.9937 -0.1107 -0.0166
vn -0.9936 -0.1115 -0.0167
vn -0.9975 0.0695 -0.0123
vn -0.9975 0.0689 -0.0123
vn -0.9690 0.2470 -0.0075
vn -0.9691 0.2466 -0.0076
vn -0.9085 0.4179 -0.0026
vn -0.9086 0.4177 -0.0026
vn -0.8161 0.5779 0.0025
vn -0.8161 0.5780 0.0026
vn -0.6984 0.7157 0.0074
vn -0.6981 0.7160 0.0074
vn -0.5589 0.8291 0.0119
vn -0.5584 0.8295 0.0120
vn -0.4010 0.9160 0.0161
vn -0.4003 0.9162 0.0161
vn -0.2355 0.9717 0.0195
vn -0.2348 0.9719 0.0196
vn -0.0657 0.9976 0.0225
vn -0.0650 0.9976 0.0224
vn 0.1061 0.9941 0.0246
vn 0.1066 0.9940 0.0246
vn 0.2701 0.9625 0.0260
vn 0.2704 0.9624 0.0260
vn 0.4254 0.9046 0.0267
vn 0.4255 0.9046 0.0267
vn 0.5696 0.8193 -0.0651
vn 0.6971 0.7142 -0.0633
vn 0.6970 0.7143 -0.0633
vn 0.8063 0.5885 -0.0597
vn 0.8062 0.5886 -0.0597
vn 0.8954 0.4419 -0.0543
vn 0.8953 0.4421 -0.0543
vn 0.9582 0.2823 -0.0473
vn 0.9581 0.2826 -0.0473
vn 0.9930 0.1114 -0.0388
vn 0.9930 0.1116 -0.0387
vn 0.9972 -0.0689 -0.0287
vn 0.9972 -0.0686 -0.0287
vn 0.9690 -0.2466 -0.0177
vn 0.9690 -0.2464 -0.0177
vn 0.9086 -0.4177 -0.0060
vn 0.8160 -0.5780 0.0060
vn 0.6980 -0.7159 0.0176
vn 0.6979 -0.7160 0.0177
vn 0.5583 -0.8292 0.0286
vn 0.5581 -0.8293 0.0286
vn 0.4001 -0.9157 0.0385
vn 0.3999 -0.9158 0.0386
vn 0.2346 -0.9710 0.0470
vn 0.2343 -0.9710 0.0470
vn 0.0649 -0.9964 0.0539
vn 0.0647 -0.9964 0.0540
vn -0.1064 -0.9926 0.0593
vn -0.1066 -0.9925 0.0593
vn -0.2700 -0.9608 0.0628
vn -0.2701 -0.9608 0.0628
vn -0.4247 -0.9030 0.0645
vn -0.4248 -0.9030 0.0645
vn -0.5697 -0.8193 0.0645
vn -0.5696 -0.8194 0.0645
vn -0.6971 -0.7142 0.0628
vn -0.6970 -0.7143 0.0628
vn -0.8064 -0.5884 0.0593
vn -0.8062 -0.5886 0.0593
vn -0.8954 -0.4420 0.0539
vn -0.8953 -0.4422 0.0540
vn -0.9582 -0.2823 0.0470
vn -0.9581 -0.2826 0.0470
vn -0.9930 -0.1114 0.0385
vn -0.9930 -0.1116 0.0386
vn -0.9972 0.0689 0.0286
vn -0.9972 0.0686 0.0286
vn -0.9690 0.2466 0.0176
vn -0.9690 0.2464 0.0177
vn -0.9085 0.4177 0.0060
vn -0.9086 0.4177 0.0060
vn -0.8160 0.5780 -0.0060
vn -0.6980 0.7159 -0.0177
vn -0.6979 0.7160 -0.0177
vn -0.5582 0.8292 -0.0287
vn -0.5581 0.8293 -0.0287
vn -0.4001 0.9157 -0.0388
vn -0.3999 0.9158 -0.0387
vn -0.2346 0.9709 -0.0473
vn -0.2343 0.9710 -0.0473
vn -0.0650 0.9964 -0.0543
vn -0.0647 0.9964 -0.0543
vn 0.1065 0.9925 -0.0597
vn 0.1066 0.9925 -0.0597
vn 0.2699 0.9608 -0.0633
vn 0.2701 0.9608 -0.0633
vn 0.4247 0.9030 -0.0651
vn 0.4248 0.9030 -0.0651
vn 0.5651 0.8114 -0.1494
vn 0.6926 0.7065 -0.1453
vn 0.8021 0.5812 -0.1372
vn 0.8022 0.5811 -0.1372
vn 0.8915 0.4354 -0.1248
vn 0.8916 0.4353 -0.1248
vn 0.9548 0.2766 -0.1088
vn 0.9548 0.2765 -0.1088
vn 0.9903 0.1067 -0.0892
vn 0.9903 0.1066 -0.0891
vn 0.9952 -0.0723 -0.0660
vn 0.9952 -0.0724 -0.0660
vn 0.9677 -0.2487 -0.0408
vn 0.9677 -0.2487 -0.0407
vn 0.9081 -0.4185 -0.0139
vn 0.8165 -0.5772 0.0139
vn 0.6992 -0.7137 0.0408
vn 0.5602 -0.8257 0.0661
vn 0.5603 -0.8256 0.0661
vn 0.4028 -0.9109 0.0892
vn 0.4029 -0.9109 0.0892
vn 0.2378 -0.9652 0.1089
vn 0.2379 -0.9652 0.1089
vn 0.0687 -0.9898 0.1250
vn 0.0688 -0.9898 0.1250
vn -0.1023 -0.9852 0.1374
vn -0.1022 -0.9852 0.1374
vn -0.2655 -0.9530 0.1456
vn -0.2655 -0.9531 0.1456
vn -0.4201 -0.8950 0.1497
vn -0.5650 -0.8114 0.1497
vn -0.5651 -0.8113 0.1497
vn -0.6926 -0.7065 0.1456
vn -0.6926 -0.7064 0.1456
vn -0.8021 -0.5812 0.1374
vn -0.8021 -0.5811 0.1374
vn -0.8915 -0.4354 0.1250
vn -0.8916 -0.4353 0.1250
vn -0.9548 -0.2766 0.1089
vn -0.9548 -0.2765 0.1089
vn -0.9903 -0.1067 0.0892
vn -0.9903 -0.1066 0.0893
vn -0.9952 0.0723 0.0661
vn -0.9952 0.0724 0.0660
vn -0.9677 0.2487 0.0408
vn -0.9081 0.4185 0.0139
vn -0.8164 0.5773 -0.0139
vn -0.8165 0.5772 -0.0139
vn -0.6992 0.7137 -0.0408
vn -0.6993 0.7137 -0.0407
vn -0.5602 0.8257 -0.0660
vn -0.5603 0.8257 -0.0660
vn -0.4027 0.9110 -0.0892
vn -0.4029 0.9109 -0.0891
vn -0.2378 0.9652 -0.1088
vn -0.2379 0.9652 -0.1088
vn -0.0687 0.9898 -0.1248
vn -0.0688 0.9898 -0.1248
vn 0.1023 0.9853 -0.1372
vn 0.1022 0.9853 -0.1372
vn 0.2656 0.9531 -0.1453
vn 0.2655 0.9531 -0.1453
vn 0.4202 0.8951 -0.1494
vn 0.4201 0.8951 -0.1494
vn 0.5544 0.7926 -0.2538
vn 0.5546 0.7924 -0.2538
vn 0.6824 0.6880 -0.2469
vn 0.6830 0.6874 -0.2469
vn 0.7926 0.5634 -0.2331
vn 0.7933 0.5625 -0.2329
vn 0.8829 0.4189 -0.2120
vn 0.8836 0.4175 -0.2120
vn 0.9472 0.2620 -0.1850
vn 0.9477 0.2605 -0.1845
vn 0.9839 0.0945 -0.1515
vn 0.9841 0.0930 -0.1514
vn 0.9903 -0.0814 -0.1124
vn 0.9903 -0.0827 -0.1120
vn 0.9646 -0.2543 -0.0694
vn 0.9644 -0.2551 -0.0692
vn 0.9070 -0.4204 -0.0237
vn 0.9069 -0.4207 -0.0236
vn 0.8176 -0.5753 0.0237
vn 0.8178 -0.5750 0.0237
vn 0.7026 -0.7082 0.0697
vn 0.7032 -0.7076 0.0694
vn 0.5657 -0.8168 0.1129
vn 0.5669 -0.8160 0.1128
vn 0.4103 -0.8991 0.1530
vn 0.4117 -0.8985 0.1524
vn 0.2469 -0.9509 0.1867
vn 0.2486 -0.9505 0.1866
vn 0.0790 -0.9735 0.2147
vn 0.0806 -0.9734 0.2143
vn -0.0913 -0.9674 0.2361
vn -0.0899 -0.9676 0.2361
vn -0.2542 -0.9342 0.2504
vn -0.2533 -0.9345 0.2503
vn -0.4087 -0.8756 0.2575
vn -0.4084 -0.8757 0.2575
vn -0.5539 -0.7918 0.2575
vn -0.5542 -0.7916 0.2575
vn -0.6820 -0.6872 0.2504
vn -0.6826 -0.6866 0.2503
vn -0.7922 -0.5628 0.2361
vn -0.7929 -0.5617 0.2361
vn -0.8825 -0.4184 0.2147
vn -0.8833 -0.4169 0.2143
vn -0.9469 -0.2616 0.1867
vn -0.9474 -0.2599 0.1866
vn -0.9837 -0.0943 0.1530
vn -0.9840 -0.0927 0.1525
vn -0.9903 0.0815 0.1129
vn -0.9902 0.0829 0.1128
vn -0.9646 0.2544 0.0697
vn -0.9644 0.2552 0.0694
vn -0.9070 0.4204 0.0237
vn -0.9069 0.4207 0.0237
vn -0.8176 0.5753 -0.0237
vn -0.8178 0.5751 -0.0236
vn -0.7026 0.7082 -0.0694
vn -0.7032 0.7076 -0.0692
vn -0.5657 0.8169 -0.1124
vn -0.5667 0.8163 -0.1119
vn -0.4101 0.8994 -0.1515
vn -0.4115 0.8988 -0.1514
vn -0.2467 0.9513 -0.1850
vn -0.2482 0.9510 -0.1845
vn -0.0787 0.9741 -0.2120
vn -0.0802 0.9740 -0.2120
vn 0.0916 0.9681 -0.2331
vn 0.0905 0.9683 -0.2329
vn 0.2546 0.9350 -0.2468
vn 0.2538 0.9352 -0.2469
vn 0.4092 0.8764 -0.2538
vn 0.4089 0.8766 -0.2538
vn 0.5348 0.7580 -0.3734
vn 0.5353 0.7576 -0.3734
vn 0.6637 0.6538 -0.3633
vn 0.6652 0.6526 -0.3629
vn 0.7752 0.5307 -0.3427
vn 0.7769 0.5284 -0.3425
vn 0.8670 0.3885 -0.3120
vn 0.8688 0.3854 -0.3110
vn 0.9332 0.2351 -0.2716
vn 0.9344 0.2314 -0.2710
vn 0.9721 0.0721 -0.2230
vn 0.9727 0.0686 -0.2215
vn 0.9814 -0.0982 -0.1649
vn 0.9812 -0.1012 -0.1641
vn 0.9589 -0.2648 -0.1021
vn 0.9585 -0.2666 -0.1012
vn 0.9050 -0.4239 -0.0348
vn 0.9047 -0.4246 -0.0346
vn 0.8197 -0.5718 0.0350
vn 0.8201 -0.5712 0.0346
vn 0.7088 -0.6979 0.1025
vn 0.7103 -0.6965 0.1019
vn 0.5760 -0.8003 0.1668
vn 0.5786 -0.7987 0.1654
vn 0.4241 -0.8771 0.2255
vn 0.4277 -0.8756 0.2246
vn 0.2637 -0.9242 0.2762
vn 0.2677 -0.9235 0.2747
vn 0.0980 -0.9432 0.3173
vn 0.1019 -0.9430 0.3168
vn -0.0707 -0.9342 0.3498
vn -0.0677 -0.9347 0.3489
vn -0.2329 -0.8991 0.3707
vn -0.2309 -0.8996 0.3707
vn -0.3874 -0.8392 0.3816
vn -0.3867 -0.8396 0.3815
vn -0.5331 -0.7551 0.3816
vn -0.5337 -0.7547 0.3815
vn -0.6621 -0.6513 0.3707
vn -0.6636 -0.6498 0.3707
vn -0.7736 -0.5283 0.3498
vn -0.7756 -0.5260 0.3489
vn -0.8659 -0.3868 0.3173
vn -0.8676 -0.3833 0.3168
vn -0.9323 -0.2337 0.2762
vn -0.9336 -0.2299 0.2747
vn -0.9716 -0.0713 0.2255
vn -0.9721 -0.0674 0.2246
vn -0.9810 0.0987 0.1668
vn -0.9810 0.1017 0.1653
vn -0.9588 0.2649 0.1025
vn -0.9583 0.2669 0.1019
vn -0.9050 0.4240 0.0350
vn -0.9047 0.4246 0.0346
vn -0.8196 0.5718 -0.0348
vn -0.8201 0.5712 -0.0346
vn -0.7088 0.6980 -0.1021
vn -0.7101 0.6968 -0.1012
vn -0.5757 0.8008 -0.1649
vn -0.5783 0.7992 -0.1642
vn -0.4237 0.8779 -0.2230
vn -0.4269 0.8767 -0.2215
vn -0.2630 0.9258 -0.2716
vn -0.2668 0.9249 -0.2710
vn -0.0971 0.9451 -0.3121
vn -0.1006 0.9451 -0.3110
vn 0.0720 0.9367 -0.3427
vn 0.0691 0.9370 -0.3425
vn 0.2343 0.9017 -0.3633
vn 0.2326 0.9023 -0.3629
vn 0.3890 0.8422 -0.3734
vn 0.3884 0.8424 -0.3735
vn 0.5068 0.7087 -0.4909
vn 0.5077 0.7081 -0.4908
vn 0.6371 0.6054 -0.4771
vn 0.6391 0.6034 -0.4770
vn 0.7501 0.4842 -0.4504
vn 0.7530 0.4808 -0.4492
vn 0.8444 0.3457 -0.4092
vn 0.8469 0.3408 -0.4081
vn 0.9132 0.1970 -0.3567
vn 0.9153 0.1919 -0.3542
vn 0.9556 0.0408 -0.2918
vn 0.9564 0.0353 -0.2899
vn 0.9687 -0.1218 -0.2164
vn 0.9687 -0.1259 -0.2139
vn 0.9509 -0.2793 -0.1334
vn 0.9502 -0.2821 -0.1321
vn 0.9022 -0.4289 -0.0457
vn 0.9018 -0.4298 -0.0451
vn 0.8226 -0.5668 0.0457
vn 0.8232 -0.5660 0.0452
vn 0.7175 -0.6835 0.1345
vn 0.7196 -0.6816 0.1326
vn 0.5901 -0.7773 0.2181
vn 0.5941 -0.7748 0.2162
vn 0.4434 -0.8460 0.2961
vn 0.4485 -0.8443 0.2931
vn 0.2871 -0.8869 0.3619
vn 0.2932 -0.8856 0.3602
vn 0.1246 -0.9003 0.4171
vn 0.1303 -0.9005 0.4149
vn -0.0421 -0.8874 0.4591
vn -0.0372 -0.8879 0.4585
vn -0.2030 -0.8491 0.4876
vn -0.2001 -0.8502 0.4869
vn -0.3573 -0.7878 0.5016
vn -0.3564 -0.7883 0.5017
vn -0.5036 -0.7034 0.5016
vn -0.5045 -0.7027 0.5017
vn -0.6338 -0.6004 0.4876
vn -0.6363 -0.5984 0.4869
vn -0.7475 -0.4801 0.4591
vn -0.7503 -0.4762 0.4585
vn -0.8419 -0.3422 0.4172
vn -0.8450 -0.3374 0.4149
vn -0.9116 -0.1948 0.3619
vn -0.9135 -0.1889 0.3602
vn -0.9544 -0.0390 0.2961
vn -0.9555 -0.0337 0.2931
vn -0.9682 0.1224 0.2181
vn -0.9680 0.1271 0.2162
vn -0.9506 0.2797 0.1345
vn -0.9501 0.2824 0.1326
vn -0.9022 0.4289 0.0457
vn -0.9018 0.4299 0.0452
vn -0.8226 0.5668 -0.0457
vn -0.8231 0.5661 -0.0451
vn -0.7173 0.6839 -0.1334
vn -0.7194 0.6819 -0.1321
vn -0.5898 0.7780 -0.2164
vn -0.5934 0.7760 -0.2139
vn -0.4425 0.8480 -0.2918
vn -0.4476 0.8459 -0.2899
vn -0.2859 0.8894 -0.3568
vn -0.2914 0.8886 -0.3542
vn -0.1228 0.9042 -0.4092
vn -0.1283 0.9039 -0.4080
vn 0.0442 0.8917 -0.4504
vn 0.0399 0.8926 -0.4492
vn 0.2057 0.8544 -0.4771
vn 0.2029 0.8552 -0.4770
vn 0.3603 0.7932 -0.4909
vn 0.3594 0.7937 -0.4908
vn 0.4744 0.6515 -0.5920
vn 0.4753 0.6508 -0.5920
vn 0.6060 0.5491 -0.5756
vn 0.6088 0.5468 -0.5748
vn 0.7215 0.4305 -0.5423
vn 0.7248 0.4262 -0.5413
vn 0.8182 0.2959 -0.4930
vn 0.8216 0.2907 -0.4903
vn 0.8904 0.1535 -0.4284
vn 0.8928 0.1470 -0.4258
vn 0.9364 0.0043 -0.3510
vn 0.9378 -0.0014 -0.3471
vn 0.9543 -0.1485 -0.2592
vn 0.9543 -0.1537 -0.2564
vn 0.9416 -0.2960 -0.1602
vn 0.9411 -0.2990 -0.1577
vn 0.8990 -0.4346 -0.0546
vn 0.8985 -0.4356 -0.0539
vn 0.8259 -0.5611 0.0548
vn 0.8265 -0.5603 0.0539
vn 0.7273 -0.6672 0.1607
vn 0.7299 -0.6649 0.1587
vn 0.6065 -0.7508 0.2617
vn 0.6108 -0.7486 0.2580
vn 0.4653 -0.8111 0.3543
vn 0.4716 -0.8089 0.3512
vn 0.3139 -0.8441 0.4347
vn 0.3208 -0.8435 0.4309
vn 0.1549 -0.8520 0.5001
vn 0.1619 -0.8519 0.4981
vn -0.0091 -0.8339 0.5518
vn -0.0037 -0.8352 0.5499
vn -0.1691 -0.7929 0.5855
vn -0.1654 -0.7939 0.5851
vn -0.3232 -0.7295 0.6029
vn -0.3219 -0.7302 0.6027
vn -0.4701 -0.6446 0.6028
vn -0.4713 -0.6439 0.6027
vn -0.6021 -0.5428 0.5855
vn -0.6048 -0.5402 0.5851
vn -0.7176 -0.4249 0.5518
vn -0.7215 -0.4208 0.5499
vn -0.8153 -0.2919 0.5001
vn -0.8187 -0.2857 0.4981
vn -0.8880 -0.1502 0.4346
vn -0.8909 -0.1439 0.4308
vn -0.9351 -0.0026 0.3543
vn -0.9363 0.0040 0.3512
vn -0.9535 0.1498 0.2617
vn -0.9537 0.1547 0.2580
vn -0.9415 0.2963 0.1607
vn -0.9408 0.2996 0.1587
vn -0.8989 0.4347 0.0548
vn -0.8985 0.4356 0.0539
vn -0.8258 0.5613 -0.0546
vn -0.8265 0.5603 -0.0539
vn -0.7272 0.6675 -0.1602
vn -0.7295 0.6655 -0.1577
vn -0.6058 0.7522 -0.2592
vn -0.6102 0.7496 -0.2564
vn -0.4644 0.8131 -0.3510
vn -0.4701 0.8115 -0.3471
vn -0.3123 0.8479 -0.4284
vn -0.3191 0.8467 -0.4258
vn -0.1529 0.8565 -0.4930
vn -0.1591 0.8569 -0.4903
vn 0.0121 0.8401 -0.5423
vn 0.0068 0.8408 -0.5414
vn 0.1724 0.7994 -0.5756
vn 0.1691 0.8006 -0.5748
vn 0.3271 0.7366 -0.5920
vn 0.3260 0.7370 -0.5920
vn 0.4422 0.5946 -0.6715
vn 0.4433 0.5939 -0.6714
vn 0.5757 0.4931 -0.6522
vn 0.5784 0.4906 -0.6518
vn 0.6932 0.3765 -0.6145
vn 0.6969 0.3727 -0.6127
vn 0.7929 0.2465 -0.5572
vn 0.7963 0.2408 -0.5549
vn 0.8680 0.1094 -0.4843
vn 0.8709 0.1037 -0.4804
vn 0.9180 -0.0316 -0.3953
vn 0.9193 -0.0377 -0.3918
vn 0.9401 -0.1757 -0.2922
vn 0.9405 -0.1801 -0.2883
vn 0.9327 -0.3125 -0.1799
vn 0.9321 -0.3156 -0.1775
vn 0.8958 -0.4402 -0.0615
vn 0.8954 -0.4411 -0.0605
vn 0.8292 -0.5556 0.0615
vn 0.8298 -0.5548 0.0606
vn 0.7373 -0.6509 0.1808
vn 0.7395 -0.6492 0.1780
vn 0.6226 -0.7253 0.2936
vn 0.6270 -0.7229 0.2902
vn 0.4876 -0.7767 0.3989
vn 0.4934 -0.7753 0.3943
vn 0.3406 -0.8033 0.4886
vn 0.3477 -0.8023 0.4853
vn 0.1854 -0.8049 0.5637
vn 0.1920 -0.8056 0.5605
vn 0.0232 -0.7830 0.6216
vn 0.0289 -0.7839 0.6202
vn -0.1356 -0.7384 0.6606
vn -0.1320 -0.7398 0.6598
vn -0.2900 -0.6733 0.6801
vn -0.2887 -0.6739 0.6801
vn -0.4381 -0.5878 0.6801
vn -0.4393 -0.5869 0.6801
vn -0.5716 -0.4866 0.6606
vn -0.5746 -0.4843 0.6598
vn -0.6897 -0.3714 0.6216
vn -0.6933 -0.3668 0.6202
vn -0.7897 -0.2419 0.5637
vn -0.7937 -0.2365 0.5605
vn -0.8660 -0.1066 0.4886
vn -0.8686 -0.1000 0.4853
vn -0.9164 0.0339 0.3989
vn -0.9181 0.0396 0.3943
vn -0.9395 0.1766 0.2936
vn -0.9396 0.1815 0.2902
vn -0.9324 0.3131 0.1808
vn -0.9320 0.3159 0.1779
vn -0.8958 0.4403 0.0615
vn -0.8953 0.4412 0.0606
vn -0.8292 0.5556 -0.0615
vn -0.8297 0.5549 -0.0605
vn -0.7370 0.6515 -0.1799
vn -0.7394 0.6495 -0.1775
vn -0.6222 0.7263 -0.2922
vn -0.6262 0.7244 -0.2883
vn -0.4864 0.7792 -0.3953
vn -0.4923 0.7773 -0.3917
vn -0.3392 0.8065 -0.4843
vn -0.3456 0.8061 -0.4804
vn -0.1830 0.8100 -0.5572
vn -0.1896 0.8100 -0.5549
vn -0.0205 0.7886 -0.6146
vn -0.0256 0.7899 -0.6127
vn 0.1391 0.7452 -0.6522
vn 0.1356 0.7462 -0.6518
vn 0.2939 0.6802 -0.6715
vn 0.2927 0.6809 -0.6714
vn 0.4137 0.5436 -0.7303
vn 0.4145 0.5430 -0.7303
vn 0.5489 0.4425 -0.7091
vn 0.5514 0.4406 -0.7084
vn 0.6688 0.3282 -0.6671
vn 0.6718 0.3246 -0.6658
vn 0.7707 0.2014 -0.6045
vn 0.7740 0.1971 -0.6017
vn 0.8489 0.0700 -0.5239
vn 0.8512 0.0648 -0.5208
vn 0.9017 -0.0646 -0.4274
vn 0.9033 -0.0691 -0.4235
vn 0.9279 -0.1998 -0.3149
vn 0.9281 -0.2038 -0.3117
vn 0.9247 -0.3276 -0.1939
vn 0.9244 -0.3298 -0.1914
vn 0.8930 -0.4453 -0.0661
vn 0.8926 -0.4460 -0.0652
vn 0.8321 -0.5506 0.0662
vn 0.8326 -0.5500 0.0652
vn 0.7462 -0.6368 0.1942
vn 0.7481 -0.6352 0.1919
vn 0.6375 -0.7025 0.3163
vn 0.6409 -0.7011 0.3126
vn 0.5076 -0.7470 0.4293
vn 0.5127 -0.7456 0.4257
vn 0.3652 -0.7671 0.5274
vn 0.3708 -0.7670 0.5236
vn 0.2127 -0.7646 0.6084
vn 0.2186 -0.7648 0.6060
vn 0.0525 -0.7384 0.6723
vn 0.0572 -0.7397 0.6705
vn -0.1060 -0.6914 0.7146
vn -0.1028 -0.6924 0.7141
vn -0.2608 -0.6244 0.7363
vn -0.2598 -0.6250 0.7362
vn -0.4104 -0.5381 0.7363
vn -0.4114 -0.5374 0.7362
vn -0.5458 -0.4375 0.7146
vn -0.5482 -0.4352 0.7141
vn -0.6657 -0.3237 0.6723
vn -0.6692 -0.3203 0.6705
vn -0.7685 -0.1981 0.6084
vn -0.7716 -0.1932 0.6060
vn -0.8470 -0.0673 0.5274
vn -0.8497 -0.0623 0.5236
vn -0.9007 0.0661 0.4293
vn -0.9020 0.0712 0.4257
vn -0.9272 0.2009 0.3163
vn -0.9276 0.2045 0.3126
vn -0.9246 0.3278 0.1942
vn -0.9242 0.3303 0.1920
vn -0.8929 0.4453 0.0662
vn -0.8926 0.4460 0.0653
vn -0.8321 0.5507 -0.0661
vn -0.8326 0.5500 -0.0653
vn -0.7461 0.6370 -0.1939
vn -0.7478 0.6357 -0.1914
vn -0.6370 0.7037 -0.3148
vn -0.6405 0.7019 -0.3117
vn -0.5069 0.7486 -0.4274
vn -0.5115 0.7477 -0.4235
vn -0.3638 0.7702 -0.5239
vn -0.3694 0.7696 -0.5208
vn -0.2110 0.7682 -0.6045
vn -0.2164 0.7689 -0.6017
vn -0.0501 0.7433 -0.6671
vn -0.0547 0.7441 -0.6658
vn 0.1087 0.6966 -0.7091
vn 0.1059 0.6978 -0.7084
vn 0.2640 0.6300 -0.7303
vn 0.2630 0.6305 -0.7303
vn 0.3898 0.5008 -0.7728
vn 0.3905 0.5004 -0.7727
vn 0.5269 0.4001 -0.7499
vn 0.5285 0.3987 -0.7495
vn 0.6486 0.2872 -0.7049
vn 0.6509 0.2849 -0.7037
vn 0.7529 0.1636 -0.6374
vn 0.7550 0.1605 -0.6357
vn 0.8331 0.0364 -0.5519
vn 0.8350 0.0332 -0.5493
vn 0.8887 -0.0921 -0.4491
vn 0.8897 -0.0953 -0.4465
vn 0.9177 -0.2204 -0.3305
vn 0.9180 -0.2227 -0.3280
vn 0.9182 -0.3400 -0.2031
vn 0.9180 -0.3416 -0.2014
vn 0.8906 -0.4495 -0.0692
vn 0.8904 -0.4500 -0.0686
vn 0.8346 -0.5465 0.0692
vn 0.8349 -0.5461 0.0686
vn 0.7538 -0.6249 0.2034
vn 0.7549 -0.6241 0.2016
vn 0.6500 -0.6840 0.3311
vn 0.6523 -0.6829 0.3287
vn 0.5248 -0.7223 0.4504
vn 0.5280 -0.7218 0.4475
vn 0.3858 -0.7381 0.5535
vn 0.3898 -0.7378 0.5511
vn 0.2361 -0.7314 0.6398
vn 0.2399 -0.7319 0.6378
vn 0.0770 -0.7025 0.7076
vn 0.0803 -0.7031 0.7065
vn -0.0812 -0.6530 0.7530
vn -0.0792 -0.6538 0.7525
vn -0.2369 -0.5845 0.7761
vn -0.2361 -0.5848 0.7760
vn -0.3878 -0.4973 0.7761
vn -0.3884 -0.4969 0.7760
vn -0.5249 -0.3968 0.7530
vn -0.5267 -0.3955 0.7525
vn -0.6469 -0.2845 0.7075
vn -0.6491 -0.2820 0.7065
vn -0.7514 -0.1613 0.6399
vn -0.7538 -0.1583 0.6378
vn -0.8321 -0.0349 0.5535
vn -0.8339 -0.0314 0.5511
vn -0.8879 0.0933 0.4504
vn -0.8891 0.0963 0.4475
vn -0.9174 0.2209 0.3311
vn -0.9176 0.2235 0.3287
vn -0.9180 0.3403 0.2034
vn -0.9179 0.3418 0.2016
vn -0.8906 0.4495 0.0692
vn -0.8904 0.4500 0.0686
vn -0.8346 0.5465 -0.0692
vn -0.8349 0.5461 -0.0686
vn -0.7536 0.6252 -0.2031
vn -0.7548 0.6242 -0.2014
vn -0.6497 0.6845 -0.3305
vn -0.6519 0.6837 -0.3280
vn -0.5241 0.7236 -0.4490
vn -0.5274 0.7228 -0.4465
vn -0.3850 0.7397 -0.5519
vn -0.3887 0.7397 -0.5493
vn -0.2348 0.7339 -0.6374
vn -0.2386 0.7341 -0.6357
vn -0.0756 0.7053 -0.7049
vn -0.0786 0.7062 -0.7037
vn 0.0830 0.6563 -0.7499
vn 0.0809 0.6570 -0.7495
vn 0.2388 0.5880 -0.7728
vn 0.2382 0.5883 -0.7728
vn 0.3706 0.4663 -0.8033
vn 0.3708 0.4661 -0.8033
vn 0.5090 0.3658 -0.7791
vn 0.5097 0.3653 -0.7789
vn 0.6325 0.2543 -0.7316
vn 0.6333 0.2535 -0.7313
vn 0.7385 0.1331 -0.6610
vn 0.7393 0.1321 -0.6602
vn 0.8207 0.0098 -0.5713
vn 0.8213 0.0085 -0.5704
vn 0.8782 -0.1142 -0.4644
vn 0.8787 -0.1152 -0.4633
vn 0.9097 -0.2365 -0.3412
vn 0.9098 -0.2374 -0.3403
vn 0.9130 -0.3500 -0.2095
vn 0.9130 -0.3505 -0.2088
vn 0.8887 -0.4528 -0.0713
vn 0.8887 -0.4530 -0.0711
vn 0.8365 -0.5432 0.0713
vn 0.8366 -0.5431 0.0711
vn 0.7596 -0.6157 0.2095
vn 0.7601 -0.6153 0.2089
vn 0.6598 -0.6693 0.3414
vn 0.6607 -0.6690 0.3404
vn 0.5382 -0.7032 0.4647
vn 0.5394 -0.7029 0.4637
vn 0.4022 -0.7150 0.5718
vn 0.4036 -0.7150 0.5708
vn 0.2544 -0.7054 0.6616
vn 0.2558 -0.7055 0.6609
vn 0.0965 -0.6739 0.7325
vn 0.0976 -0.6742 0.7320
vn -0.0617 -0.6227 0.7800
vn -0.0608 -0.6230 0.7799
vn -0.2179 -0.5529 0.8043
vn -0.2176 -0.5530 0.8042
vn -0.3699 -0.4651 0.8043
vn -0.3701 -0.4650 0.8042
vn -0.5084 -0.3648 0.7800
vn -0.5091 -0.3642 0.7799
vn -0.6319 -0.2534 0.7325
vn -0.6328 -0.2525 0.7320
vn -0.7381 -0.1324 0.6616
vn -0.7389 -0.1312 0.6609
vn -0.8203 -0.0092 0.5719
vn -0.8210 -0.0080 0.5708
vn -0.8780 0.1145 0.4647
vn -0.8784 0.1156 0.4637
vn -0.9096 0.2368 0.3414
vn -0.9097 0.2376 0.3404
vn -0.9130 0.3500 0.2095
vn -0.9129 0.3506 0.2089
vn -0.8887 0.4528 0.0713
vn -0.8887 0.4530 0.0711
vn -0.8365 0.5433 -0.0713
vn -0.8366 0.5431 -0.0711
vn -0.7596 0.6157 -0.2095
vn -0.7600 0.6154 -0.2088
vn -0.6597 0.6696 -0.3412
vn -0.6605 0.6692 -0.3403
vn -0.5380 0.7035 -0.4644
vn -0.5391 0.7033 -0.4633
vn -0.4019 0.7156 -0.5713
vn -0.4033 0.7156 -0.5704
vn -0.2539 0.7061 -0.6610
vn -0.2553 0.7063 -0.6602
vn -0.0959 0.6749 -0.7317
vn -0.0971 0.6751 -0.7313
vn 0.0622 0.6238 -0.7791
vn 0.0615 0.6241 -0.7789
vn 0.2185 0.5541 -0.8033
vn 0.2183 0.5542 -0.8033
vn -0.9656 -0.2251 0.1305
vn -0.8419 -0.5236 0.1304
vn -0.7236 -0.6778 0.1304
vn -0.6777 -0.7236 0.1304
vn -0.4092 -0.9031 0.1304
vn -0.2878 -0.9488 0.1304
vn -0.0972 -0.9867 0.1304
vn -0.0324 -0.9909 0.1305
vn 0.1615 -0.9782 0.1304
vn 0.6777 -0.7236 0.1304
vn 0.9488 -0.2878 0.1304
vn 0.9867 -0.0972 0.1304
vn 0.9867 0.0972 0.1304
vn 0.7236 0.6778 0.1304
vn 0.6777 0.7236 0.1305
vn 0.5236 0.8419 0.1305
vn 0.2878 0.9488 0.1305
vn 0.1615 0.9782 0.1305
vn -0.2251 0.9656 0.1305
vn -0.3492 0.9279 0.1304
vn -0.5235 0.8420 0.1304
vn -0.6777 0.7236 0.1305
vn -0.7664 0.6290 0.1305
vn -0.8744 0.4674 0.1304
vn -0.9488 0.2878 0.1305
vn -0.8148 -0.4356 0.3825
vn -0.7142 -0.5862 0.3825
vn 0.4356 -0.8149 0.3825
vn 0.5862 -0.7142 0.3825
vn 0.8148 0.4356 0.3825
vn 0.7142 0.5862 0.3825
vn 0.0302 0.9234 0.3825
vn -0.4355 0.8148 0.3825
vn -0.7142 0.5861 0.3825
vn -0.8149 0.4355 0.3825
vn -0.6738 -0.4190 0.6086
vn -0.5792 -0.5424 0.6085
vn -0.5424 -0.5792 0.6085
vn -0.4190 -0.6739 0.6085
vn -0.2795 -0.7427 0.6086
vn -0.0778 -0.7897 0.6085
vn -0.0260 -0.7931 0.6085
vn 0.1293 -0.7829 0.6085
vn 0.1802 -0.7728 0.6085
vn 0.2795 -0.7426 0.6086
vn 0.3275 -0.7228 0.6085
vn 0.4190 -0.6739 0.6085
vn 0.5792 -0.5424 0.6085
vn 0.6450 -0.4622 0.6085
vn 0.6739 -0.4190 0.6085
vn 0.7593 0.2303 0.6085
vn 0.6738 0.4190 0.6086
vn 0.4622 0.6450 0.6085
vn 0.2795 0.7427 0.6086
vn 0.2303 0.7594 0.6085
vn 0.1802 0.7728 0.6085
vn 0.1293 0.7829 0.6085
vn -0.0778 0.7897 0.6085
vn -0.1802 0.7728 0.6085
vn -0.2795 0.7427 0.6085
vn -0.4190 0.6739 0.6086
vn -0.5424 0.5792 0.6085
vn -0.5792 0.5424 0.6085
vn -0.6134 0.5034 0.6085
vn -0.6738 0.4190 0.6086
vn -0.7427 0.2795 0.6085
vn -0.1383 -0.5930 0.7932
vn 0.5828 -0.1768 0.7932
vn 0.5828 0.1768 0.7932
vn -0.0199 0.6087 0.7932
vn -0.4444 0.4163 0.7932
vn -0.3728 -0.0869 0.9238
vn -0.2959 -0.2429 0.9238
vn 0.0869 -0.3728 0.9238
vn 0.2959 -0.2429 0.9238
vn 0.3826 -0.0125 0.9238
vn 0.3777 0.0624 0.9238
vn 0.2959 0.2429 0.9238
vn 0.0125 0.3826 0.9238
vn -0.2959 0.2429 0.9238
vn -0.3728 0.0869 0.9238
vn -0.1009 -0.0828 0.9914
vn -0.0296 -0.1272 0.9914
vn -0.0213 -0.1289 0.9914
vn 0.0689 -0.1109 0.9914
vn 0.0828 -0.1009 0.9914
vn 0.1061 -0.0761 0.9914
vn 0.1189 -0.0539 0.9914
vn 0.1249 -0.0379 0.9914
vn -0.0213 0.1289 0.9914
vn -0.1009 0.0828 0.9914
vn -0.1061 0.0761 0.9914
vn -0.0829 -0.1010 0.9914
vn 0.1010 -0.0828 0.9914
vn 0.1805 0.3377 0.9238
vn -0.3376 0.1805 0.9238
vn -0.0624 -0.3778 0.9238
vn 0.0624 -0.3778 0.9238
vn 0.1805 -0.3377 0.9238
vn 0.5370 0.2871 0.7932
vn 0.1383 0.5930 0.7932
vn -0.5370 -0.2871 0.7932
vn 0.5791 0.5424 0.6086
vn 0.5424 0.5792 0.6086
vn 0.3275 0.7228 0.6086
vn -0.2303 0.7593 0.6085
vn -0.5791 0.5424 0.6086
vn -0.2303 -0.7594 0.6085
vn 0.0778 -0.7897 0.6085
vn 0.2303 -0.7593 0.6086
vn 0.4190 -0.6739 0.6086
vn 0.5424 -0.5792 0.6085
vn 0.5791 -0.5424 0.6086
vn 0.7426 -0.2795 0.6086
vn 0.4356 0.8149 0.3825
vn -0.5862 0.7142 0.3825
vn -0.5862 -0.7142 0.3825
vn 0.7236 0.6778 0.1305
vn 0.0324 0.9909 0.1305
vn -0.1615 0.9782 0.1305
vn -0.4674 0.8744 0.1305
vn -0.5236 0.8419 0.1304
vn -0.9909 0.0324 0.1305
vn -0.9782 -0.1615 0.1304
vn -0.6778 -0.7236 0.1305
vn -0.1615 -0.9782 0.1305
vn 0.7236 -0.6778 0.1304
vn 0.9867 0.0972 -0.1304
vn 0.5775 0.8059 -0.1304
vn 0.4092 0.9031 -0.1304
vn 0.2878 0.9488 -0.1304
vn 0.0972 0.9867 -0.1305
vn -0.0324 0.9909 -0.1304
vn -0.1615 0.9782 -0.1304
vn -0.2251 0.9656 -0.1304
vn -0.5775 0.8059 -0.1305
vn -0.7236 0.6778 -0.1305
vn -0.5236 -0.8419 -0.1305
vn -0.0324 -0.9909 -0.1305
vn 0.1615 -0.9782 -0.1304
vn 0.3492 -0.9279 -0.1304
vn 0.4674 -0.8744 -0.1304
vn 0.5235 -0.8419 -0.1305
vn 0.6778 -0.7236 -0.1305
vn 0.7236 -0.6778 -0.1305
vn 0.7664 -0.6290 -0.1304
vn 0.8744 -0.4674 -0.1304
vn 0.9279 -0.3492 -0.1304
vn 0.8149 0.4356 -0.3825
vn 0.4356 0.8148 -0.3825
vn -0.4356 0.8149 -0.3825
vn -0.7142 0.5862 -0.3825
vn -0.8149 -0.4356 -0.3825
vn -0.7142 -0.5862 -0.3825
vn -0.5861 -0.7142 -0.3825
vn -0.4355 -0.8149 -0.3825
vn 0.7142 -0.5862 -0.3825
vn 0.8149 -0.4355 -0.3825
vn 0.7897 0.0778 -0.6085
vn 0.7593 0.2303 -0.6085
vn 0.3741 0.6998 -0.6085
vn 0.3275 0.7228 -0.6086
vn 0.2795 0.7427 -0.6085
vn -0.2795 0.7426 -0.6086
vn -0.4622 0.6450 -0.6085
vn -0.7427 0.2795 -0.6086
vn -0.7931 -0.0260 -0.6085
vn -0.7897 -0.0778 -0.6085
vn -0.7728 -0.1802 -0.6085
vn -0.7427 -0.2795 -0.6085
vn -0.3275 -0.7228 -0.6085
vn -0.2303 -0.7593 -0.6085
vn 0.1293 -0.7829 -0.6085
vn 0.1802 -0.7728 -0.6085
vn 0.2303 -0.7593 -0.6086
vn 0.2795 -0.7427 -0.6085
vn 0.4190 -0.6738 -0.6086
vn 0.5424 -0.5792 -0.6085
vn 0.7228 -0.3275 -0.6085
vn 0.7427 -0.2795 -0.6086
vn 0.7728 -0.1802 -0.6085
vn 0.0199 -0.6087 -0.7932
vn 0.6087 -0.0199 -0.7932
vn 0.3778 0.0624 -0.9238
vn 0.3376 0.1805 -0.9238
vn -0.0869 0.3729 -0.9238
vn -0.2959 0.2429 -0.9238
vn -0.3376 -0.1805 -0.9238
vn -0.1805 -0.3377 -0.9238
vn -0.0125 -0.3827 -0.9238
vn 0.0125 -0.3827 -0.9238
vn 0.3377 -0.1805 -0.9238
vn 0.3729 -0.0869 -0.9238
vn 0.0828 0.1010 -0.9914
vn 0.0213 0.1289 -0.9914
vn -0.1189 -0.0539 -0.9914
vn -0.0828 -0.1009 -0.9914
vn 0.1249 -0.0379 -0.9914
vn 0.0829 0.1010 -0.9914
vn -0.1062 0.0761 -0.9914
vn -0.1289 0.0213 -0.9914
vn -0.2960 -0.2429 -0.9238
vn -0.2429 -0.2959 -0.9238
vn 0.3827 -0.0125 -0.9238
vn 0.0125 0.3826 -0.9238
vn -0.3377 0.1805 -0.9238
vn -0.5828 -0.1768 -0.7932
vn -0.1383 -0.5930 -0.7932
vn -0.0199 -0.6087 -0.7932
vn 0.1383 -0.5930 -0.7932
vn 0.6087 0.0199 -0.7932
vn 0.6061 0.0597 -0.7932
vn 0.5828 0.1768 -0.7932
vn 0.4708 0.3863 -0.7932
vn -0.6134 -0.5034 -0.6085
vn -0.5791 -0.5424 -0.6086
vn -0.2795 -0.7427 -0.6086
vn -0.1802 -0.7728 -0.6085
vn 0.2795 -0.7426 -0.6086
vn 0.3740 -0.6998 -0.6086
vn 0.5424 -0.5791 -0.6086
vn 0.5791 -0.5424 -0.6086
vn 0.4622 0.6450 -0.6085
vn 0.4190 0.6739 -0.6086
vn 0.2303 0.7594 -0.6085
vn -0.3275 0.7228 -0.6085
vn 0.4355 -0.8149 -0.3825
vn -0.5861 0.7142 -0.3825
vn -0.9279 -0.3492 -0.1304
vn -0.6778 -0.7236 -0.1305
vn -0.5775 -0.8059 -0.1304
vn -0.5235 -0.8419 -0.1305
vn -0.4674 -0.8744 -0.1304
vn -0.0972 -0.9867 -0.1304
vn 0.0324 -0.9909 -0.1304
vn 0.4092 -0.9031 -0.1304
vn 0.7236 0.6777 -0.1304
vn 0.5236 0.8419 -0.1304
vn -0.4674 0.8744 -0.1304
vn -0.7236 0.6778 -0.1304
vn -0.7664 0.6290 -0.1304
vn -0.8744 0.4674 -0.1304
usemtl None
s off
f 1//1 2//1 98//1
f 2//2 3//2 99//2
f 3//3 4//3 100//3
f 4//4 5//4 101//4
f 5//5 6//5 102//5
f 6//6 7//6 103//6
f 7//7 8//7 104//7
f 8//8 9//8 105//8
f 9//9 10//9 106//9
f 10//10 11//10 107//10
f 11//11 12//11 108//11
f 12//12 13//12 109//12
f 13//13 14//13 110//13
f 14//14 15//14 111//14
f 15//15 16//15 112//15
f 16//16 17//16 113//16
f 17//17 18//17 114//17
f 18//18 19//18 115//18
f 19//19 20//19 116//19
f 20//20 21//20 117//20
f 21//21 22//21 118//21
f 22//22 23//22 119//22
f 23//23 24//23 120//23
f 24//24 25//24 121//24
f 25//25 26//25 122//25
f 26//26 27//26 123//26
f 27//27 28//27 124//27
f 28//28 29//28 125//28
f 29//29 30//29 126//29
f 30//30 31//30 127//30
f 31//31 32//31 128//31
f 32//32 33//32 129//32
f 33//33 34//33 130//33
f 34//34 35//34 131//34
f 35//35 36//35 132//35
f 36//36 37//36 133//36
f 37//37 38//37 134//37
f 38//38 39//38 135//38
f 39//39 40//39 136//39
f 40//40 41//40 137//40
f 41//41 42//41 138//41
f 42//42 43//42 139//42
f 43//43 44//43 140//43
f 44//44 45//44 141//44
f 45//45 46//45 142//45
f 46//46 47//46 143//46
f 47//47 48//47 144//47
f 48//48 49//48 145//48
f 49//49 50//49 146//49
f 50//50 51//50 147//50
f 51//51 52//51 148//51
f 52//52 53//52 149//52
f 53//53 54//53 150//53
f 54//54 55//54 151//54
f 55//55 56//55 152//55
f 56//56 57//56 153//56
f 57//57 58//57 154//57
f 58//58 59//58 155//58
f 59//59 60//59 156//59
f 60//60 61//60 157//60
f 61//61 62//61 158//61
f 62//62 63//62 159//62
f 63//63 64//63 160//63
f 64//64 65//64 161//64
f 65//65 66//65 162//65
f 66//66 67//66 163//66
f 67//67 68//67 164//67
f 68//68 69//68 165//68
f 69//69 70//69 166//69
f 70//70 71//70 167//70
f 71//71 72//71 168//71
f 72//72 73//72 169//72
f 73//73 74//73 170//73
f 74//74 75//74 171//74
f 75//75 76//75 172//75
f 76//76 77//76 173//76
f 77//77 78//77 174//77
f 78//78 79//78 175//78
f 79//79 80//79 176//79
f 80//80 81//80 177//80
f 81//81 82//81 178//81
f 82//82 83//82 179//82
f 83//83 84//83 180//83
f 84//84 85//84 181//84
f 85//85 86//85 182//85
f 86//86 87//86 183//86
f 87//87 88//87 184//87
f 88//88 89//88 185//88
f 89//89 90//89 186//89
f 90//90 91//90 187//90
f 91//91 92//91 188//91
f 92//92 93//92 189//92
f 93//93 94//93 190//93
f 94//94 95//94 191//94
f 95//95 96//95 192//95
f 96//96 1//96 97//96
f 97//97 98//97 194//97
f 98//98 99//98 195//98
f 99//99 100//99 196//99
f 100//100 101//100 197//100
f 101//101 102//101 198//101
f 102//102 103//102 199//102
f 103//103 104//103 200//103
f 104//104 105//104 201//104
f 105//105 106//105 202//105
f 106//106 107//106 203//106
f 107//107 108//107 204//107
f 108//108 109//108 205//108
f 109//109 110//109 206//109
f 110//110 111//110 207//110
f 111//111 112//111 208//111
f 112//112 113//112 209//112
f 113//113 114//113 210//113
f 114//114 115//114 211//114
f 115//115 116//115 212//115
f 116//116 117//116 213//116
f 117//117 118//117 214//117
f 118//118 119//118 215//118
f 119//119 120//119 216//119
f 120//120 121//120 217//120
f 121//121 122//121 218//121
f 122//122 123//122 219//122
f 123//123 124//123 220//123
f 124//124 125//124 221//124
f 125//125 126//125 222//125
f 126//126 127//126 223//126
f 127//127 128//127 224//127
f 128//128 129//128 225//128
f 129//129 130//129 226//129
f 130//130 131//130 227//130
f 131//131 132//131 228//131
f 132//132 133//132 229//132
f 133//133 134//133 230//133
f 134//134 135//134 231//134
f 135//135 136//135 232//135
f 136//136 137//136 233//136
f 137//137 138//137 234//137
f 138//138 139//138 235//138
f 139//139 140//139 236//139
f 140//140 141//140 237//140
f 141//141 142//141 238//141
f 142//142 143//142 239//142
f 143//143 144//143 240//143
f 144//144 145//144 241//144
f 145//145 146//145 242//145
f 146//146 147//146 243//146
f 147//147 148//147 244//147
f 148//148 149//148 245//148
f 149//149 150//149 246//149
f 150//150 151//150 247//150
f 151//151 152//151 248//151
f 152//152 153//152 249//152
f 153//153 154//153 250//153
f 154//154 155//154 251//154
f 155//155 156//155 252//155
f 156//156 157//156 253//156
f 157//157 158//157 254//157
f 158//158 159//158 255//158
f 159//159 160//159 256//159
f 160//160 161//160 257//160
f 161//161 162//161 258//161
f 162//162 163//162 259//162
f 163//163 164//163 260//163
f 164//164 165//164 261//164
f 165//165 166//165 262//165
f 166//166 167//166 263//166
f 167//167 168//167 264//167
f 168//168 169//168 265//168
f 169//169 170//169 266//169
f 170//170 171//170 267//170
f 171//171 172//171 268//171
f 172//172 173//172 269//172
f 173//173 174//173 270//173
f 174//174 175//174 271//174
f 175//175 176//175 272//175
f 176//176 177//176 273//176
f 177//177 178//177 274//177
f 178//178 179//178 275//178
f 179//179 180//179 276//179
f 180//180 181//180 277//180
f 181//181 182//181 278//181
f 182//182 183//182 279//182
f 183//183 184//183 280//183
f 184//184 185//184 281//184
f 185//185 186//185 282//185
f 186//186 187//186 283//186
f 187//187 188//187 284//187
f 188//188 189//188 285//188
f 189//189 190//189 286//189
f 190//190 191//190 287//190
f 191//191 192//191 288//191
f 192//192 97//192 193//192
f 193//193 194//193 290//193
f 194//194 195//194 291//194
f 195//195 196//195 292//195
f 196//196 197//196 293//196
f 197//197 198//197 294//197
f 198//198 199//198 295//198
f 199//199 200//199 296//199
f 200//200 201//200 297//200
f 201//201 202//201 298//201
f 202//202 203//202 299//202
f 203//203 204//203 300//203
f 204//204 205//204 301//204
f 205//205 206//205 302//205
f 206//206 207//206 303//206
f 207//207 208//207 304//207
f 208//208 209//208 305//208
f 209//209 210//209 306//209
f 210//210 211//210 307//210
f 211//211 212//211 308//211
f 212//212 213//212 309//212
f 213//213 214//213 310//213
f 214//214 215//214 311//214
f 215//215 216//215 312//215
f 216//216 217//216 313//216
f 217//217 218//217 314//217
f 218//218 219//218 315//218
f 219//219 220//219 316//219
f 220//220 221//220 317//220
f 221//221 222//221 318//221
f 222//222 223//222 319//222
f 223//223 224//223 320//223
f 224//224 225//224 321//224
f 225//225 226//225 322//225
f 226//226 227//226 323//226
f 227//227 228//227 324//227
f 228//228 229//228 325//228
f 229//229 230//229 326//229
f 230//230 231//230 327//230
f 231//231 232//231 328//231
f 232//232 233//232 329//232
f 233//233 234//233 330//233
f 234//234 235//234 331//234
f 235//235 236//235 332//235
f 236//236 237//236 333//236
f 237//237 238//237 334//237
f 238//238 239//238 335//238
f 239//239 240//239 336//239
f 240//240 241//240 337//240
f 241//241 242//241 338//241
f 242//242 243//242 339//242
f 243//243 244//243 340//243
f 244//244 245//244 341//244
f 245//245 246//245 342//245
f 246//246 247//246 343//246
f 247//247 248//247 344//247
f 248//248 249//248 345//248
f 249//249 250//249 346//249
f 250//250 251//250 347//250
f 251//251 252//251 348//251
f 252//252 253//252 349//252
f 253//253 254//253 350//253
f 254//254 255//254 351//254
f 255//255 256//255 352//255
f 256//256 257//256 353//256
f 257//257 258//257 354//257
f 258//258 259//258 355//258
f 259//259 260//259 356//259
f 260//260 261//260 357//260
f 261//261 262//261 358//261
f 262//262 263//262 359//262
f 263//263 264//263 360//263
f 264//264 265//264 361//264
f 265//265 266//265 362//265
f 266//266 267//266 363//266
f 267//267 268//267 364//267
f 268//268 269//268 365//268
f 269//269 270//269 366//269
f 270//270 271//270 367//270
f 271//271 272//271 368//271
f 272//272 273//272 369//272
f 273//273 274//273 370//273
f 274//274 275//274 371//274
f 275//275 276//275 372//275
f 276//276 277//276 373//276
f 277//277 278//277 374//277
f 278//278 279//278 375//278
f 279//279 280//279 376//279
f 280//280 281//280 377//280
f 281//281 282//281 378//281
f 282//282 283//282 379//282
f 283//283 284//283 380//283
f 284//284 285//284 381//284
f 285//285 286//285 382//285
f 286//286 287//286 383//286
f 287//287 288//287 384//287
f 288//288 193//288 289//288
f 289//289 290//289 386//289
f 290//290 291//290 387//290
f 291//291 292//291 388//291
f 292//292 293//292 389//292
f 293//293 294//293 390//293
f 294//294 295//294 391//294
f 295//295 296//295 392//295
f 296//296 297//296 393//296
f 297//297 298//297 394//297
f 298//298 299//298 395//298
f 299//299 300//299 396//299
f 300//300 301//300 397//300
f 301//301 302//301 398//301
f 302//302 303//302 399//302
f 303//303 304//303 400//303
f 304//304 305//304 401//304
f 305//305 306//305 402//305
f 306//306 307//306 403//306
f 307//307 308//307 404//307
f 308//308 309//308 405//308
f 309//309 310//309 406//309
f 310//310 311//310 407//310
f 311//311 312//311 408//311
f 312//312 313//312 409//312
f 313//313 314//313 410//313
f 314//314 315//314 411//314
f 315//315 316//315 412//315
f 316//316 317//316 413//316
f 317//317 318//317 414//317
f 318//318 319//318 415//318
f 319//319 320//319 416//319
f 320//320 321//320 417//320
f 321//321 322//321 418//321
f 322//322 323//322 419//322
f 323//323 324//323 420//323
f 324//324 325//324 421//324
f 325//325 326//325 422//325
f 326//326 327//326 423//326
f 327//327 328//327 424//327
f 328//328 329//328 425//328
f 329//329 330//329 426//329
f 330//330 331//330 427//330
f 331//331 332//331 428//331
f 332//332 333//332 429//332
f 333//333 334//333 430//333
f 334//334 335//334 431//334
f 335//335 336//335 432//335
f 336//336 337//336 433//336
f 337//337 338//337 434//337
f 338//338 339//338 435//338
f 339//339 340//339 436//339
f 340//340 341//340 437//340
f 341//341 342//341 438//341
f 342//342 343//342 439//342
f 343//343 344//343 440//343
f 344//344 345//344 441//344
f 345//345 346//345 442//345
f 346//346 347//346 443//346
f 347//347 348//347 444//347
f 348//348 349//348 445//348
f 349//349 350//349 446//349
f 350//350 351//350 447//350
f 351//351 352//351 448//351
f 352//352 353//352 449//352
f 353//353 354//353 450//353
f 354//354 355//354 451//354
f 355//355 356//355 452//355
f 356//356 357//356 453//356
f 357//357 358//357 454//357
f 358//358 359//358 455//358
f 359//359 360//359 456//359
f 360//360 361//360 457//360
f 361//361 362//361 458//361
f 362//362 363//362 459//362
f 363//363 364//363 460//363
f 364//364 365//364 461//364
f 365//365 366//365 462//365
f 366//366 367//366 463//366
f 367//367 368//367 464//367
f 368//368 369//368 465//368
f 369//369 370//369 466//369
f 370//370 371//370 467//370
f 371//371 372//371 468//371
f 372//372 373//372 469//372
f 373//373 374//373 470//373
f 374//374 375//374 471//374
f 375//375 376//375 472//375
f 376//376 377//376 473//376
f 377//377 378//377 474//377
f 378//378 379//378 475//378
f 379//379 380//379 476//379
f 380//380 381//380 477//380
f 381//381 382//381 478//381
f 382//382 383//382 479//382
f 383//383 384//383 480//383
f 384//384 289//384 385//384
f 385//385 386//385 482//385
f 386//386 387//386 483//386
f 387//387 388//387 484//387
f 388//388 389//388 485//388
f 389//389 390//389 486//389
f 390//390 391//390 487//390
f 391//391 392//391 488//391
f 392//392 393//392 489//392
f 393//393 394//393 490//393
f 394//394 395//394 491//394
f 395//395 396//395 492//395
f 396//396 397//396 493//396
f 397//397 398//397 494//397
f 398//398 399//398 495//398
f 399//399 400//399 496//399
f 400//400 401//400 497//400
f 401//401 402//401 498//401
f 402//402 403//402 499//402
f 403//403 404//403 500//403
f 404//404 405//404 501//404
f 405//405 406//405 502//405
f 406//406 407//406 503//406
f 407//407 408//407 504//407
f 408//408 409//408 505//408
f 409//409 410//409 506//409
f 410//410 411//410 507//410
f 411//411 412//411 508//411
f 412//412 413//412 509//412
f 413//413 414//413 510//413
f 414//414 415//414 511//414
f 415//415 416//415 512//415
f 416//416 417//416 513//416
f 417//417 418//417 514//417
f 418//418 419//418 515//418
f 419//419 420//419 516//419
f 420//420 421//420 517//420
f 421//421 422//421 518//421
f 422//422 423//422 519//422
f 423//423 424//423 520//423
f 424//424 425//424 521//424
f 425//425 426//425 522//425
f 426//426 427//426 523//426
f 427//427 428//427 524//427
f 428//428 429//428 525//428
f 429//429 430//429 526//429
f 430//430 431//430 527//430
f 431//431 432//431 528//431
f 432//432 433//432 529//432
f 433//433 434//433 530//433
f 434//434 435//434 531//434
f 435//435 436//435 532//435
f 436//436 437//436 533//436
f 437//437 438//437 534//437
f 438//438 439//438 535//438
f 439//439 440//439 536//439
f 440//440 441//440 537//440
f 441//441 442//441 538//441
f 442//442 443//442 539//442
f 443//443 444//443 540//443
f 444//444 445//444 541//444
f 445//445 446//445 542//445
f 446//446 447//446 543//446
f 447//447 448//447 544//447
f 448//448 449//448 545//448
f 449//449 450//449 546//449
f 450//450 451//450 547//450
f 451//451 452//451 548//451
f 452//452 453//452 549//452
f 453//453 454//453 550//453
f 454//454 455//454 551//454
f 455//455 456//455 552//455
f 456//456 457//456 553//456
f 457//457 458//457 554//457
f 458//458 459//458 555//458
f 459//459 460//459 556//459
f 460//460 461//460 557//460
f 461//461 462//461 558//461
f 462//462 463//462 559//462
f 463//463 464//463 560//463
f 464//464 465//464 561//464
f 465//465 466//465 562//465
f 466//466 467//466 563//466
f 467//467 468//467 564//467
f 468//468 469//468 565//468
f 469//469 470//469 566//469
f 470//470 471//470 567//470
f 471//471 472//471 568//471
f 472//472 473//472 569//472
f 473//473 474//473 570//473
f 474//474 475//474 571//474
f 475//475 476//475 572//475
f 476//476 477//476 573//476
f 477//477 478//477 574//477
f 478//478 479//478 575//478
f 479//479 480//479 576//479
f 480//480 385//480 481//480
f 481//481 482//481 578//481
f 482//482 483//482 579//482
f 483//483 484//483 580//483
f 484//484 485//484 581//484
f 485//485 486//485 582//485
f 486//486 487//486 583//486
f 487//487 488//487 584//487
f 488//488 489//488 585//488
f 489//489 490//489 586//489
f 490//490 491//490 587//490
f 491//491 492//491 588//491
f 492//492 493//492 589//492
f 493//493 494//493 590//493
f 494//494 495//494 591//494
f 495//495 496//495 592//495
f 496//496 497//496 593//496
f 497//497 498//497 594//497
f 498//498 499//498 595//498
f 499//499 500//499 596//499
f 500//500 501//500 597//500
f 501//501 502//501 598//501
f 502//502 503//502 599//502
f 503//503 504//503 600//503
f 504//504 505//504 601//504
f 505//505 506//505 602//505
f 506//506 507//506 603//506
f 507//507 508//507 604//507
f 508//508 509//508 605//508
f 509//509 510//509 606//509
f 510//510 511//510 607//510
f 511//511 512//511 608//511
f 512//512 513//512 609//512
f 513//513 514//513 610//513
f 514//514 515//514 611//514
f 515//515 516//515 612//515
f 516//516 517//516 613//516
f 517//517 518//517 614//517
f 518//518 519//518 615//518
f 519//519 520//519 616//519
f 520//520 521//520 617//520
f 521//521 522//521 618//521
f 522//522 523//522 619//522
f 523//523 524//523 620//523
f 524//524 525//524 621//524
f 525//525 526//525 622//525
f 526//526 527//526 623//526
f 527//527 528//527 624//527
f 528//528 529//528 625//528
f 529//529 530//529 626//529
f 530//530 531//530 627//530
f 531//531 532//531 628//531
f 532//532 533//532 629//532
f 533//533 534//533 630//533
f 534//534 535//534 631//534
f 535//535 536//535 632//535
f 536//536 537//536 633//536
f 537//537 538//537 634//537
f 538//538 539//538 635//538
f 539//539 540//539 636//539
f 540//540 541//540 637//540
f 541//541 542//541 638//541
f 542//542 543//542 639//542
f 543//543 544//543 640//543
f 544//544 545//544 641//544
f 545//545 546//545 642//545
f 546//546 547//546 643//546
f 547//547 548//547 644//547
f 548//548 549//548 645//548
f 549//549 550//549 646//549
f 550//550 551//550 647//550
f 551//551 552//551 648//551
f 552//552 553//552 649//552
f 553//553 554//553 650//553
f 554//554 555//554 651//554
f 555//555 556//555 652//555
f 556//556 557//556 653//556
f 557//557 558//557 654//557
f 558//558 559//558 655//558
f 559//559 560//559 656//559
f 560//560 561//560 657//560
f 561//561 562//561 658//561
f 562//562 563//562 659//562
f 563//563 564//563 660//563
f 564//564 565//564 661//564
f 565//565 566//565 662//565
f 566//566 567//566 663//566
f 567//567 568//567 664//567
f 568//568 569//568 665//568
f 569//569 570//569 666//569
f 570//570 571//570 667//570
f 571//571 572//571 668//571
f 572//572 573//572 669//572
f 573//573 574//573 670//573
f 574//574 575//574 671//574
f 575//575 576//575 672//575
f 576//576 481//576 577//576
f 577//529 578//529 674//529
f 578//530 579//530 675//530
f 579//577 580//577 676//577
f 580//532 581//532 677//532
f 581//533 582//533 678//533
f 582//534 583//534 679//534
f 583//578 584//578 680//578
f 584//579 585//579 681//579
f 585//537 586//537 682//537
f 586//580 587//580 683//580
f 587//581 588//581 684//581
f 588//540 589//540 685//540
f 589//541 590//541 686//541
f 590//582 591//582 687//582
f 591//543 592//543 688//543
f 592//544 593//544 689//544
f 593//545 594//545 690//545
f 594//546 595//546 691//546
f 595//547 596//547 692//547
f 596//548 597//548 693//548
f 597//549 598//549 694//549
f 598//583 599//583 695//583
f 599//551 600//551 696//551
f 600//552 601//552 697//552
f 601//553 602//553 698//553
f 602//554 603//554 699//554
f 603//584 604//584 700//584
f 604//556 605//556 701//556
f 605//557 606//557 702//557
f 606//558 607//558 703//558
f 607//559 608//559 704//559
f 608//560 609//560 705//560
f 609//561 610//561 706//561
f 610//562 611//562 707//562
f 611//585 612//585 708//585
f 612//564 613//564 709//564
f 613//565 614//565 710//565
f 614//586 615//586 711//586
f 615//587 616//587 712//587
f 616//568 617//568 713//568
f 617//569 618//569 714//569
f 618//570 619//570 715//570
f 619//571 620//571 716//571
f 620//572 621//572 717//572
f 621//573 622//573 718//573
f 622//588 623//588 719//588
f 623//575 624//575 720//575
f 624//576 625//576 721//576
f 625//481 626//481 722//481
f 626//482 627//482 723//482
f 627//483 628//483 724//483
f 628//484 629//484 725//484
f 629//485 630//485 726//485
f 630//486 631//486 727//486
f 631//589 632//589 728//589
f 632//488 633//488 729//488
f 633//489 634//489 730//489
f 634//490 635//490 731//490
f 635//590 636//590 732//590
f 636//492 637//492 733//492
f 637//493 638//493 734//493
f 638//591 639//591 735//591
f 639//495 640//495 736//495
f 640//496 641//496 737//496
f 641//497 642//497 738//497
f 642//498 643//498 739//498
f 643//499 644//499 740//499
f 644//500 645//500 741//500
f 645//501 646//501 742//501
f 646//592 647//592 743//592
f 647//503 648//503 744//503
f 648//504 649//504 745//504
f 649//505 650//505 746//505
f 650//506 651//506 747//506
f 651//507 652//507 748//507
f 652//508 653//508 749//508
f 653//509 654//509 750//509
f 654//510 655//510 751//510
f 655//511 656//511 752//511
f 656//512 657//512 753//512
f 657//513 658//513 754//513
f 658//514 659//514 755//514
f 659//593 660//593 756//593
f 660//516 661//516 757//516
f 661//517 662//517 758//517
f 662//594 663//594 759//594
f 663//595 664//595 760//595
f 664//520 665//520 761//520
f 665//521 666//521 762//521
f 666//596 667//596 763//596
f 667//523 668//523 764//523
f 668//597 669//597 765//597
f 669//525 670//525 766//525
f 670//598 671//598 767//598
f 671//527 672//527 768//527
f 672//528 577//528 673//528
f 673//433 674//433 770//433
f 674//434 675//434 771//434
f 675//435 676//435 772//435
f 676//436 677//436 773//436
f 677//437 678//437 774//437
f 678//438 679//438 775//438
f 679//439 680//439 776//439
f 680//440 681//440 777//440
f 681//441 682//441 778//441
f 682//442 683//442 779//442
f 683//443 684//443 780//443
f 684//444 685//444 781//444
f 685//445 686//445 782//445
f 686//599 687//599 783//599
f 687//447 688//447 784//447
f 688//448 689//448 785//448
f 689//449 690//449 786//449
f 690//450 691//450 787//450
f 691//451 692//451 788//451
f 692//452 693//452 789//452
f 693//600 694//600 790//600
f 694//454 695//454 791//454
f 695//455 696//455 792//455
f 696//456 697//456 793//456
f 697//457 698//457 794//457
f 698//458 699//458 795//458
f 699//459 700//459 796//459
f 700//601 701//601 797//601
f 701//461 702//461 798//461
f 702//462 703//462 799//462
f 703//463 704//463 800//463
f 704//464 705//464 801//464
f 705//465 706//465 802//465
f 706//466 707//466 803//466
f 707//467 708//467 804//467
f 708//468 709//468 805//468
f 709//469 710//469 806//469
f 710//470 711//470 807//470
f 711//471 712//471 808//471
f 712//472 713//472 809//472
f 713//473 714//473 810//473
f 714//474 715//474 811//474
f 715//475 716//475 812//475
f 716//476 717//476 813//476
f 717//602 718//602 814//602
f 718//603 719//603 815//603
f 719//479 720//479 816//479
f 720//604 721//604 817//604
f 721//605 722//605 818//605
f 722//386 723//386 819//386
f 723//387 724//387 820//387
f 724//606 725//606 821//606
f 725//389 726//389 822//389
f 726//390 727//390 823//390
f 727//391 728//391 824//391
f 728//392 729//392 825//392
f 729//393 730//393 826//393
f 730//394 731//394 827//394
f 731//395 732//395 828//395
f 732//396 733//396 829//396
f 733//397 734//397 830//397
f 734//607 735//607 831//607
f 735//399 736//399 832//399
f 736//400 737//400 833//400
f 737//401 738//401 834//401
f 738//402 739//402 835//402
f 739//403 740//403 836//403
f 740//404 741//404 837//404
f 741//405 742//405 838//405
f 742//406 743//406 839//406
f 743//407 744//407 840//407
f 744//408 745//408 841//408
f 745//409 746//409 842//409
f 746//410 747//410 843//410
f 747//411 748//411 844//411
f 748//412 749//412 845//412
f 749//413 750//413 846//413
f 750//414 751//414 847//414
f 751//415 752//415 848//415
f 752//416 753//416 849//416
f 753//417 754//417 850//417
f 754//418 755//418 851//418
f 755//608 756//608 852//608
f 756//420 757//420 853//420
f 757//421 758//421 854//421
f 758//422 759//422 855//422
f 759//423 760//423 856//423
f 760//424 761//424 857//424
f 761//425 762//425 858//425
f 762//426 763//426 859//426
f 763//427 764//427 860//427
f 764//428 765//428 861//428
f 765//609 766//609 862//609
f 766//430 767//430 863//430
f 767//431 768//431 864//431
f 768//610 673//610 769//610
f 769//337 770//337 866//337
f 770//338 771//338 867//338
f 771//339 772//339 868//339
f 772//340 773//340 869//340
f 773//611 774//611 870//611
f 774//342 775//342 871//342
f 775//343 776//343 872//343
f 776//344 777//344 873//344
f 777//612 778//612 874//612
f 778//346 779//346 875//346
f 779//613 780//613 876//613
f 780//348 781//348 877//348
f 781//349 782//349 878//349
f 782//350 783//350 879//350
f 783//351 784//351 880//351
f 784//352 785//352 881//352
f 785//353 786//353 882//353
f 786//354 787//354 883//354
f 787//355 788//355 884//355
f 788//356 789//356 885//356
f 789//357 790//357 886//357
f 790//358 791//358 887//358
f 791//359 792//359 888//359
f 792//360 793//360 889//360
f 793//361 794//361 890//361
f 794//362 795//362 891//362
f 795//363 796//363 892//363
f 796//364 797//364 893//364
f 797//614 798//614 894//614
f 798//366 799//366 895//366
f 799//367 800//367 896//367
f 800//368 801//368 897//368
f 801//369 802//369 898//369
f 802//370 803//370 899//370
f 803//371 804//371 900//371
f 804//372 805//372 901//372
f 805//373 806//373 902//373
f 806//374 807//374 903//374
f 807//375 808//375 904//375
f 808//376 809//376 905//376
f 809//377 810//377 906//377
f 810//378 811//378 907//378
f 811//379 812//379 908//379
f 812//380 813//380 909//380
f 813//615 814//615 910//615
f 814//382 815//382 911//382
f 815//383 816//383 912//383
f 816//384 817//384 913//384
f 817//616 818//616 914//616
f 818//290 819//290 915//290
f 819//291 820//291 916//291
f 820//292 821//292 917//292
f 821//617 822//617 918//617
f 822//294 823//294 919//294
f 823//295 824//295 920//295
f 824//296 825//296 921//296
f 825//297 826//297 922//297
f 826//298 827//298 923//298
f 827//299 828//299 924//299
f 828//300 829//300 925//300
f 829//301 830//301 926//301
f 830//302 831//302 927//302
f 831//303 832//303 928//303
f 832//304 833//304 929//304
f 833//305 834//305 930//305
f 834//306 835//306 931//306
f 835//307 836//307 932//307
f 836//308 837//308 933//308
f 837//309 838//309 934//309
f 838//310 839//310 935//310
f 839//311 840//311 936//311
f 840//312 841//312 937//312
f 841//313 842//313 938//313
f 842//314 843//314 939//314
f 843//315 844//315 940//315
f 844//618 845//618 941//618
f 845//619 846//619 942//619
f 846//318 847//318 943//318
f 847//319 848//319 944//319
f 848//320 849//320 945//320
f 849//321 850//321 946//321
f 850//322 851//322 947//322
f 851//323 852//323 948//323
f 852//324 853//324 949//324
f 853//325 854//325 950//325
f 854//326 855//326 951//326
f 855//327 856//327 952//327
f 856//328 857//328 953//328
f 857//620 858//620 954//620
f 858//330 859//330 955//330
f 859//331 860//331 956//331
f 860//332 861//332 957//332
f 861//621 862//621 958//621
f 862//334 863//334 959//334
f 863//335 864//335 960//335
f 864//336 769//336 865//336
f 865//622 866//622 962//622
f 866//623 867//623 963//623
f 867//624 868//624 964//624
f 868//244 869//244 965//244
f 869//245 870//245 966//245
f 870//625 871//625 967//625
f 871//247 872//247 968//247
f 872//248 873//248 969//248
f 873//626 874//626 970//626
f 874//250 875//250 971//250
f 875//251 876//251 972//251
f 876//627 877//627 973//627
f 877//253 878//253 974//253
f 878//254 879//254 975//254
f 879//628 880//628 976//628
f 880//256 881//256 977//256
f 881//629 882//629 978//629
f 882//258 883//258 979//258
f 883//259 884//259 980//259
f 884//630 885//630 981//630
f 885//261 886//261 982//261
f 886//262 887//262 983//262
f 887//631 888//631 984//631
f 888//632 889//632 985//632
f 889//265 890//265 986//265
f 890//633 891//633 987//633
f 891//267 892//267 988//267
f 892//268 893//268 989//268
f 893//269 894//269 990//269
f 894//634 895//634 991//634
f 895//271 896//271 992//271
f 896//272 897//272 993//272
f 897//635 898//635 994//635
f 898//274 899//274 995//274
f 899//275 900//275 996//275
f 900//636 901//636 997//636
f 901//637 902//637 998//637
f 902//278 903//278 999//278
f 903//279 904//279 1000//279
f 904//638 905//638 1001//638
f 905//281 906//281 1002//281
f 906//282 907//282 1003//282
f 907//639 908//639 1004//639
f 908//284 909//284 1005//284
f 909//285 910//285 1006//285
f 910//286 911//286 1007//286
f 911//287 912//287 1008//287
f 912//288 913//288 1009//288
f 913//193 914//193 1010//193
f 914//640 915//640 1011//640
f 915//195 916//195 1012//195
f 916//196 917//196 1013//196
f 917//197 918//197 1014//197
f 918//198 919//198 1015//198
f 919//641 920//641 1016//641
f 920//200 921//200 1017//200
f 921//642 922//642 1018//642
f 922//643 923//643 1019//643
f 923//644 924//644 1020//644
f 924//645 925//645 1021//645
f 925//646 926//646 1022//646
f 926//206 927//206 1023//206
f 927//207 928//207 1024//207
f 928//647 929//647 1025//647
f 929//209 930//209 1026//209
f 930//210 931//210 1027//210
f 931//211 932//211 1028//211
f 932//648 933//648 1029//648
f 933//213 934//213 1030//213
f 934//214 935//214 1031//214
f 935//215 936//215 1032//215
f 936//649 937//649 1033//649
f 937//650 938//650 1034//650
f 938//218 939//218 1035//218
f 939//651 940//651 1036//651
f 940//220 941//220 1037//220
f 941//221 942//221 1038//221
f 942//652 943//652 1039//652
f 943//223 944//223 1040//223
f 944//653 945//653 1041//653
f 945//654 946//654 1042//654
f 946//226 947//226 1043//226
f 947//227 948//227 1044//227
f 948//655 949//655 1045//655
f 949//656 950//656 1046//656
f 950//230 951//230 1047//230
f 951//231 952//231 1048//231
f 952//657 953//657 1049//657
f 953//233 954//233 1050//233
f 954//234 955//234 1051//234
f 955//658 956//658 1052//658
f 956//236 957//236 1053//236
f 957//237 958//237 1054//237
f 958//659 959//659 1055//659
f 959//239 960//239 1056//239
f 960//240 865//240 961//240
f 961//145 962//145 1058//145
f 962//146 963//146 1059//146
f 963//147 964//147 1060//147
f 964//148 965//148 1061//148
f 965//149 966//149 1062//149
f 966//150 967//150 1063//150
f 967//151 968//151 1064//151
f 968//152 969//152 1065//152
f 969//153 970//153 1066//153
f 970//154 971//154 1067//154
f 971//155 972//155 1068//155
f 972//156 973//156 1069//156
f 973//157 974//157 1070//157
f 974//158 975//158 1071//158
f 975//159 976//159 1072//159
f 976//160 977//160 1073//160
f 977//660 978//660 1074//660
f 978//162 979//162 1075//162
f 979//163 980//163 1076//163
f 980//164 981//164 1077//164
f 981//165 982//165 1078//165
f 982//166 983//166 1079//166
f 983//167 984//167 1080//167
f 984//168 985//168 1081//168
f 985//169 986//169 1082//169
f 986//170 987//170 1083//170
f 987//171 988//171 1084//171
f 988//172 989//172 1085//172
f 989//173 990//173 1086//173
f 990//174 991//174 1087//174
f 991//175 992//175 1088//175
f 992//661 993//661 1089//661
f 993//177 994//177 1090//177
f 994//178 995//178 1091//178
f 995//179 996//179 1092//179
f 996//180 997//180 1093//180
f 997//181 998//181 1094//181
f 998//182 999//182 1095//182
f 999//183 1000//183 1096//183
f 1000//184 1001//184 1097//184
f 1001//185 1002//185 1098//185
f 1002//186 1003//186 1099//186
f 1003//187 1004//187 1100//187
f 1004//188 1005//188 1101//188
f 1005//189 1006//189 1102//189
f 1006//190 1007//190 1103//190
f 1007//191 1008//191 1104//191
f 1008//192 1009//192 1105//192
f 1009//97 1010//97 1106//97
f 1010//98 1011//98 1107//98
f 1011//99 1012//99 1108//99
f 1012//100 1013//100 1109//100
f 1013//101 1014//101 1110//101
f 1014//102 1015//102 1111//102
f 1015//103 1016//103 1112//103
f 1016//662 1017//662 1113//662
f 1017//105 1018//105 1114//105
f 1018//106 1019//106 1115//106
f 1019//107 1020//107 1116//107
f 1020//108 1021//108 1117//108
f 1021//109 1022//109 1118//109
f 1022//110 1023//110 1119//110
f 1023//111 1024//111 1120//111
f 1024//112 1025//112 1121//112
f 1025//113 1026//113 1122//113
f 1026//114 1027//114 1123//114
f 1027//115 1028//115 1124//115
f 1028//116 1029//116 1125//116
f 1029//117 1030//117 1126//117
f 1030//118 1031//118 1127//118
f 1031//119 1032//119 1128//119
f 1032//120 1033//120 1129//120
f 1033//121 1034//121 1130//121
f 1034//122 1035//122 1131//122
f 1035//123 1036//123 1132//123
f 1036//124 1037//124 1133//124
f 1037//125 1038//125 1134//125
f 1038//126 1039//126 1135//126
f 1039//127 1040//127 1136//127
f 1040//128 1041//128 1137//128
f 1041//129 1042//129 1138//129
f 1042//130 1043//130 1139//130
f 1043//663 1044//663 1140//663
f 1044//132 1045//132 1141//132
f 1045//133 1046//133 1142//133
f 1046//664 1047//664 1143//664
f 1047//135 1048//135 1144//135
f 1048//136 1049//136 1145//136
f 1049//137 1050//137 1146//137
f 1050//138 1051//138 1147//138
f 1051//139 1052//139 1148//139
f 1052//140 1053//140 1149//140
f 1053//141 1054//141 1150//141
f 1054//142 1055//142 1151//142
f 1055//143 1056//143 1152//143
f 1056//144 961//144 1057//144
f 1057//49 1058//49 1154//49
f 1058//50 1059//50 1155//50
f 1059//51 1060//51 1156//51
f 1060//52 1061//52 1157//52
f 1061//665 1062//665 1158//665
f 1062//54 1063//54 1159//54
f 1063//666 1064//666 1160//666
f 1064//56 1065//56 1161//56
f 1065//667 1066//667 1162//667
f 1066//668 1067//668 1163//668
f 1067//59 1068//59 1164//59
f 1068//669 1069//669 1165//669
f 1069//670 1070//670 1166//670
f 1070//62 1071//62 1167//62
f 1071//671 1072//671 1168//671
f 1072//672 1073//672 1169//672
f 1073//65 1074//65 1170//65
f 1074//66 1075//66 1171//66
f 1075//67 1076//67 1172//67
f 1076//68 1077//68 1173//68
f 1077//673 1078//673 1174//673
f 1078//70 1079//70 1175//70
f 1079//674 1080//674 1176//674
f 1080//72 1081//72 1177//72
f 1081//73 1082//73 1178//73
f 1082//74 1083//74 1179//74
f 1083//675 1084//675 1180//675
f 1084//76 1085//76 1181//76
f 1085//77 1086//77 1182//77
f 1086//78 1087//78 1183//78
f 1087//676 1088//676 1184//676
f 1088//80 1089//80 1185//80
f 1089//81 1090//81 1186//81
f 1090//82 1091//82 1187//82
f 1091//83 1092//83 1188//83
f 1092//84 1093//84 1189//84
f 1093//677 1094//677 1190//677
f 1094//86 1095//86 1191//86
f 1095//87 1096//87 1192//87
f 1096//88 1097//88 1193//88
f 1097//89 1098//89 1194//89
f 1098//678 1099//678 1195//678
f 1099//91 1100//91 1196//91
f 1100//679 1101//679 1197//679
f 1101//680 1102//680 1198//680
f 1102//94 1103//94 1199//94
f 1103//95 1104//95 1200//95
f 1104//96 1105//96 1201//96
f 1105//681 1106//681 1202//681
f 1106//682 1107//682 1203//682
f 1107//3 1108//3 1204//3
f 1108//4 1109//4 1205//4
f 1109//5 1110//5 1206//5
f 1110//6 1111//6 1207//6
f 1111//7 1112//7 1208//7
f 1112//8 1113//8 1209//8
f 1113//9 1114//9 1210//9
f 1114//10 1115//10 1211//10
f 1115//11 1116//11 1212//11
f 1116//12 1117//12 1213//12
f 1117//683 1118//683 1214//683
f 1118//14 1119//14 1215//14
f 1119//15 1120//15 1216//15
f 1120//16 1121//16 1217//16
f 1121//17 1122//17 1218//17
f 1122//684 1123//684 1219//684
f 1123//19 1124//19 1220//19
f 1124//685 1125//685 1221//685
f 1125//21 1126//21 1222//21
f 1126//22 1127//22 1223//22
f 1127//686 1128//686 1224//686
f 1128//24 1129//24 1225//24
f 1129//687 1130//687 1226//687
f 1130//26 1131//26 1227//26
f 1131//688 1132//688 1228//688
f 1132//28 1133//28 1229//28
f 1133//29 1134//29 1230//29
f 1134//689 1135//689 1231//689
f 1135//31 1136//31 1232//31
f 1136//690 1137//690 1233//690
f 1137//33 1138//33 1234//33
f 1138//34 1139//34 1235//34
f 1139//35 1140//35 1236//35
f 1140//691 1141//691 1237//691
f 1141//692 1142//692 1238//692
f 1142//693 1143//693 1239//693
f 1143//694 1144//694 1240//694
f 1144//40 1145//40 1241//40
f 1145//695 1146//695 1242//695
f 1146//696 1147//696 1243//696
f 1147//43 1148//43 1244//43
f 1148//44 1149//44 1245//44
f 1149//45 1150//45 1246//45
f 1150//697 1151//697 1247//697
f 1151//47 1152//47 1248//47
f 1152//48 1057//48 1153//48
f 1153//698 1154//698 1250//698
f 1154//699 1155//699 1251//699
f 1155//700 1156//700 1252//700
f 1156//701 1157//701 1253//701
f 1157//702 1158//702 1254//702
f 1158//703 1159//703 1255//703
f 1159//704 1160//704 1256//704
f 1160//705 1161//705 1257//705
f 1161//706 1162//706 1258//706
f 1162//707 1163//707 1259//707
f 1163//708 1164//708 1260//708
f 1164//709 1165//709 1261//709
f 1165//710 1166//710 1262//710
f 1166//711 1167//711 1263//711
f 1167//712 1168//712 1264//712
f 1168//713 1169//713 1265//713
f 1169//714 1170//714 1266//714
f 1170//715 1171//715 1267//715
f 1171//716 1172//716 1268//716
f 1172//717 1173//717 1269//717
f 1173//718 1174//718 1270//718
f 1174//719 1175//719 1271//719
f 1175//720 1176//720 1272//720
f 1176//721 1177//721 1273//721
f 1177//722 1178//722 1274//722
f 1178//723 1179//723 1275//723
f 1179//724 1180//724 1276//724
f 1180//725 1181//725 1277//725
f 1181//726 1182//726 1278//726
f 1182//727 1183//727 1279//727
f 1183//728 1184//728 1280//728
f 1184//729 1185//729 1281//729
f 1185//730 1186//730 1282//730
f 1186//731 1187//731 1283//731
f 1187//732 1188//732 1284//732
f 1188//733 1189//733 1285//733
f 1189//734 1190//734 1286//734
f 1190//735 1191//735 1287//735
f 1191//736 1192//736 1288//736
f 1192//737 1193//737 1289//737
f 1193//738 1194//738 1290//738
f 1194//739 1195//739 1291//739
f 1195//740 1196//740 1292//740
f 1196//741 1197//741 1293//741
f 1197//742 1198//742 1294//742
f 1198//743 1199//743 1295//743
f 1199//744 1200//744 1296//744
f 1200//745 1201//745 1297//745
f 1201//746 1202//746 1298//746
f 1202//747 1203//747 1299//747
f 1203//748 1204//748 1300//748
f 1204//749 1205//749 1301//749
f 1205//750 1206//750 1302//750
f 1206//751 1207//751 1303//751
f 1207//752 1208//752 1304//752
f 1208//753 1209//753 1305//753
f 1209//754 1210//754 1306//754
f 1210//755 1211//755 1307//755
f 1211//756 1212//756 1308//756
f 1212//757 1213//757 1309//757
f 1213//758 1214//758 1310//758
f 1214//759 1215//759 1311//759
f 1215//760 1216//760 1312//760
f 1216//761 1217//761 1313//761
f 1217//762 1218//762 1314//762
f 1218//763 1219//763 1315//763
f 1219//764 1220//764 1316//764
f 1220//765 1221//765 1317//765
f 1221//766 1222//766 1318//766
f 1222//767 1223//767 1319//767
f 1223//768 1224//768 1320//768
f 1224//769 1225//769 1321//769
f 1225//770 1226//770 1322//770
f 1226//771 1227//771 1323//771
f 1227//772 1228//772 1324//772
f 1228//773 1229//773 1325//773
f 1229//774 1230//774 1326//774
f 1230//775 1231//775 1327//775
f 1231//776 1232//776 1328//776
f 1232//777 1233//777 1329//777
f 1233//778 1234//778 1330//778
f 1234//779 1235//779 1331//779
f 1235//780 1236//780 1332//780
f 1236//781 1237//781 1333//781
f 1237//782 1238//782 1334//782
f 1238//783 1239//783 1335//783
f 1239//784 1240//784 1336//784
f 1240//785 1241//785 1337//785
f 1241//786 1242//786 1338//786
f 1242//787 1243//787 1339//787
f 1243//788 1244//788 1340//788
f 1244//789 1245//789 1341//789
f 1245//790 1246//790 1342//790
f 1246//791 1247//791 1343//791
f 1247//792 1248//792 1344//792
f 1248//793 1153//793 1249//793
f 1249//794 1250//794 1346//794
f 1250//795 1251//795 1347//795
f 1251//796 1252//796 1348//796
f 1252//797 1253//797 1349//797
f 1253//798 1254//798 1350//798
f 1254//799 1255//799 1351//799
f 1255//800 1256//800 1352//800
f 1256//801 1257//801 1353//801
f 1257//802 1258//802 1354//802
f 1258//803 1259//803 1355//803
f 1259//804 1260//804 1356//804
f 1260//805 1261//805 1357//805
f 1261//806 1262//806 1358//806
f 1262//807 1263//807 1359//807
f 1263//808 1264//808 1360//808
f 1264//809 1265//809 1361//809
f 1265//810 1266//810 1362//810
f 1266//811 1267//811 1363//811
f 1267//812 1268//812 1364//812
f 1268//813 1269//813 1365//813
f 1269//814 1270//814 1366//814
f 1270//815 1271//815 1367//815
f 1271//816 1272//816 1368//816
f 1272//817 1273//817 1369//817
f 1273//818 1274//818 1370//818
f 1274//819 1275//819 1371//819
f 1275//820 1276//820 1372//820
f 1276//821 1277//821 1373//821
f 1277//822 1278//822 1374//822
f 1278//823 1279//823 1375//823
f 1279//824 1280//824 1376//824
f 1280//825 1281//825 1377//825
f 1281//826 1282//826 1378//826
f 1282//827 1283//827 1379//827
f 1283//828 1284//828 1380//828
f 1284//829 1285//829 1381//829
f 1285//830 1286//830 1382//830
f 1286//831 1287//831 1383//831
f 1287//832 1288//832 1384//832
f 1288//833 1289//833 1385//833
f 1289//834 1290//834 1386//834
f 1290//835 1291//835 1387//835
f 1291//836 1292//836 1388//836
f 1292//837 1293//837 1389//837
f 1293//838 1294//838 1390//838
f 1294//839 1295//839 1391//839
f 1295//840 1296//840 1392//840
f 1296//841 1297//841 1393//841
f 1297//842 1298//842 1394//842
f 1298//843 1299//843 1395//843
f 1299//844 1300//844 1396//844
f 1300//845 1301//845 1397//845
f 1301//846 1302//846 1398//846
f 1302//847 1303//847 1399//847
f 1303//848 1304//848 1400//848
f 1304//849 1305//849 1401//849
f 1305//850 1306//850 1402//850
f 1306//851 1307//851 1403//851
f 1307//852 1308//852 1404//852
f 1308//853 1309//853 1405//853
f 1309//854 1310//854 1406//854
f 1310//855 1311//855 1407//855
f 1311//856 1312//856 1408//856
f 1312//857 1313//857 1409//857
f 1313//858 1314//858 1410//858
f 1314//859 1315//859 1411//859
f 1315//860 1316//860 1412//860
f 1316//861 1317//861 1413//861
f 1317//862 1318//862 1414//862
f 1318//863 1319//863 1415//863
f 1319//864 1320//864 1416//864
f 1320//865 1321//865 1417//865
f 1321//866 1322//866 1418//866
f 1322//867 1323//867 1419//867
f 1323//868 1324//868 1420//868
f 1324//869 1325//869 1421//869
f 1325//870 1326//870 1422//870
f 1326//871 1327//871 1423//871
f 1327//872 1328//872 1424//872
f 1328//873 1329//873 1425//873
f 1329//874 1330//874 1426//874
f 1330//875 1331//875 1427//875
f 1331//876 1332//876 1428//876
f 1332//877 1333//877 1429//877
f 1333//878 1334//878 1430//878
f 1334//879 1335//879 1431//879
f 1335//880 1336//880 1432//880
f 1336//881 1337//881 1433//881
f 1337//882 1338//882 1434//882
f 1338//883 1339//883 1435//883
f 1339//884 1340//884 1436//884
f 1340//885 1341//885 1437//885
f 1341//886 1342//886 1438//886
f 1342//887 1343//887 1439//887
f 1343//888 1344//888 1440//888
f 1344//889 1249//889 1345//889
f 1345//890 1346//890 1442//890
f 1346//891 1347//891 1443//891
f 1347//892 1348//892 1444//892
f 1348//893 1349//893 1445//893
f 1349//894 1350//894 1446//894
f 1350//895 1351//895 1447//895
f 1351//896 1352//896 1448//896
f 1352//897 1353//897 1449//897
f 1353//898 1354//898 1450//898
f 1354//899 1355//899 1451//899
f 1355//900 1356//900 1452//900
f 1356//901 1357//901 1453//901
f 1357//902 1358//902 1454//902
f 1358//903 1359//903 1455//903
f 1359//904 1360//904 1456//904
f 1360//905 1361//905 1457//905
f 1361//906 1362//906 1458//906
f 1362//907 1363//907 1459//907
f 1363//908 1364//908 1460//908
f 1364//909 1365//909 1461//909
f 1365//910 1366//910 1462//910
f 1366//911 1367//911 1463//911
f 1367//912 1368//912 1464//912
f 1368//913 1369//913 1465//913
f 1369//914 1370//914 1466//914
f 1370//915 1371//915 1467//915
f 1371//916 1372//916 1468//916
f 1372//917 1373//917 1469//917
f 1373//918 1374//918 1470//918
f 1374//919 1375//919 1471//919
f 1375//920 1376//920 1472//920
f 1376//921 1377//921 1473//921
f 1377//922 1378//922 1474//922
f 1378//923 1379//923 1475//923
f 1379//924 1380//924 1476//924
f 1380//925 1381//925 1477//925
f 1381//926 1382//926 1478//926
f 1382//927 1383//927 1479//927
f 1383//928 1384//928 1480//928
f 1384//929 1385//929 1481//929
f 1385//930 1386//930 1482//930
f 1386//931 1387//931 1483//931
f 1387//932 1388//932 1484//932
f 1388//933 1389//933 1485//933
f 1389//934 1390//934 1486//934
f 1390//935 1391//935 1487//935
f 1391//936 1392//936 1488//936
f 1392//937 1393//937 1489//937
f 1393//938 1394//938 1490//938
f 1394//939 1395//939 1491//939
f 1395//940 1396//940 1492//940
f 1396//941 1397//941 1493//941
f 1397//942 1398//942 1494//942
f 1398//943 1399//943 1495//943
f 1399//944 1400//944 1496//944
f 1400//945 1401//945 1497//945
f 1401//946 1402//946 1498//946
f 1402//947 1403//947 1499//947
f 1403//948 1404//948 1500//948
f 1404//949 1405//949 1501//949
f 1405//950 1406//950 1502//950
f 1406//951 1407//951 1503//951
f 1407//952 1408//952 1504//952
f 1408//953 1409//953 1505//953
f 1409//954 1410//954 1506//954
f 1410//955 1411//955 1507//955
f 1411//956 1412//956 1508//956
f 1412//957 1413//957 1509//957
f 1413//958 1414//958 1510//958
f 1414//959 1415//959 1511//959
f 1415//960 1416//960 1512//960
f 1416//961 1417//961 1513//961
f 1417//962 1418//962 1514//962
f 1418//963 1419//963 1515//963
f 1419//964 1420//964 1516//964
f 1420//965 1421//965 1517//965
f 1421//966 1422//966 1518//966
f 1422//967 1423//967 1519//967
f 1423//968 1424//968 1520//968
f 1424//969 1425//969 1521//969
f 1425//970 1426//970 1522//970
f 1426//971 1427//971 1523//971
f 1427//972 1428//972 1524//972
f 1428//973 1429//973 1525//973
f 1429//974 1430//974 1526//974
f 1430//975 1431//975 1527//975
f 1431//976 1432//976 1528//976
f 1432//977 1433//977 1529//977
f 1433//978 1434//978 1530//978
f 1434//979 1435//979 1531//979
f 1435//980 1436//980 1532//980
f 1436//981 1437//981 1533//981
f 1437//982 1438//982 1534//982
f 1438//983 1439//983 1535//983
f 1439//984 1440//984 1536//984
f 1440//985 1345//985 1441//985
f 1441//986 1442//986 1538//986
f 1442//987 1443//987 1539//987
f 1443//988 1444//988 1540//988
f 1444//989 1445//989 1541//989
f 1445//990 1446//990 1542//990
f 1446//991 1447//991 1543//991
f 1447//992 1448//992 1544//992
f 1448//993 1449//993 1545//993
f 1449//994 1450//994 1546//994
f 1450//995 1451//995 1547//995
f 1451//996 1452//996 1548//996
f 1452//997 1453//997 1549//997
f 1453//998 1454//998 1550//998
f 1454//999 1455//999 1551//999
f 1455//1000 1456//1000 1552//1000
f 1456//1001 1457//1001 1553//1001
f 1457//1002 1458//1002 1554//1002
f 1458//1003 1459//1003 1555//1003
f 1459//1004 1460//1004 1556//1004
f 1460//1005 1461//1005 1557//1005
f 1461//1006 1462//1006 1558//1006
f 1462//1007 1463//1007 1559//1007
f 1463//1008 1464//1008 1560//1008
f 1464//1009 1465//1009 1561//1009
f 1465//1010 1466//1010 1562//1010
f 1466//1011 1467//1011 1563//1011
f 1467//1012 1468//1012 1564//1012
f 1468//1013 1469//1013 1565//1013
f 1469//1014 1470//1014 1566//1014
f 1470//1015 1471//1015 1567//1015
f 1471//1016 1472//1016 1568//1016
f 1472//1017 1473//1017 1569//1017
f 1473//1018 1474//1018 1570//1018
f 1474//1019 1475//1019 1571//1019
f 1475//1020 1476//1020 1572//1020
f 1476//1021 1477//1021 1573//1021
f 1477//1022 1478//1022 1574//1022
f 1478//1023 1479//1023 1575//1023
f 1479//1024 1480//1024 1576//1024
f 1480//1025 1481//1025 1577//1025
f 1481//1026 1482//1026 1578//1026
f 1482//1027 1483//1027 1579//1027
f 1483//1028 1484//1028 1580//1028
f 1484//1029 1485//1029 1581//1029
f 1485//1030 1486//1030 1582//1030
f 1486//1031 1487//1031 1583//1031
f 1487//1032 1488//1032 1584//1032
f 1488//1033 1489//1033 1585//1033
f 1489//1034 1490//1034 1586//1034
f 1490//1035 1491//1035 1587//1035
f 1491//1036 1492//1036 1588//1036
f 1492//1037 1493//1037 1589//1037
f 1493//1038 1494//1038 1590//1038
f 1494//1039 1495//1039 1591//1039
f 1495//1040 1496//1040 1592//1040
f 1496//1041 1497//1041 1593//1041
f 1497//1042 1498//1042 1594//1042
f 1498//1043 1499//1043 1595//1043
f 1499//1044 1500//1044 1596//1044
f 1500//1045 1501//1045 1597//1045
f 1501//1046 1502//1046 1598//1046
f 1502//1047 1503//1047 1599//1047
f 1503//1048 1504//1048 1600//1048
f 1504//1049 1505//1049 1601//1049
f 1505//1050 1506//1050 1602//1050
f 1506//1051 1507//1051 1603//1051
f 1507//1052 1508//1052 1604//1052
f 1508//1053 1509//1053 1605//1053
f 1509//1054 1510//1054 1606//1054
f 1510//1055 1511//1055 1607//1055
f 1511//1056 1512//1056 1608//1056
f 1512//1057 1513//1057 1609//1057
f 1513//1058 1514//1058 1610//1058
f 1514//1059 1515//1059 1611//1059
f 1515//1060 1516//1060 1612//1060
f 1516//1061 1517//1061 1613//1061
f 1517//1062 1518//1062 1614//1062
f 1518//1063 1519//1063 1615//1063
f 1519//1064 1520//1064 1616//1064
f 1520//1065 1521//1065 1617//1065
f 1521//1066 1522//1066 1618//1066
f 1522//1067 1523//1067 1619//1067
f 1523//1068 1524//1068 1620//1068
f 1524//1069 1525//1069 1621//1069
f 1525//1070 1526//1070 1622//1070
f 1526//1071 1527//1071 1623//1071
f 1527//1072 1528//1072 1624//1072
f 1528//1073 1529//1073 1625//1073
f 1529//1074 1530//1074 1626//1074
f 1530//1075 1531//1075 1627//1075
f 1531//1076 1532//1076 1628//1076
f 1532//1077 1533//1077 1629//1077
f 1533//1078 1534//1078 1630//1078
f 1534//1079 1535//1079 1631//1079
f 1535//1080 1536//1080 1632//1080
f 1536//1081 1441//1081 1537//1081
f 1537//1082 1538//1082 1634//1082
f 1538//1083 1539//1083 1635//1083
f 1539//1084 1540//1084 1636//1084
f 1540//1085 1541//1085 1637//1085
f 1541//1086 1542//1086 1638//1086
f 1542//1087 1543//1087 1639//1087
f 1543//1088 1544//1088 1640//1088
f 1544//1089 1545//1089 1641//1089
f 1545//1090 1546//1090 1642//1090
f 1546//1091 1547//1091 1643//1091
f 1547//1092 1548//1092 1644//1092
f 1548//1093 1549//1093 1645//1093
f 1549//1094 1550//1094 1646//1094
f 1550//1095 1551//1095 1647//1095
f 1551//1096 1552//1096 1648//1096
f 1552//1097 1553//1097 1649//1097
f 1553//1098 1554//1098 1650//1098
f 1554//1099 1555//1099 1651//1099
f 1555//1100 1556//1100 1652//1100
f 1556//1101 1557//1101 1653//1101
f 1557//1102 1558//1102 1654//1102
f 1558//1103 1559//1103 1655//1103
f 1559//1104 1560//1104 1656//1104
f 1560//1105 1561//1105 1657//1105
f 1561//1106 1562//1106 1658//1106
f 1562//1107 1563//1107 1659//1107
f 1563//1108 1564//1108 1660//1108
f 1564//1109 1565//1109 1661//1109
f 1565//1110 1566//1110 1662//1110
f 1566//1111 1567//1111 1663//1111
f 1567//1112 1568//1112 1664//1112
f 1568//1113 1569//1113 1665//1113
f 1569//1114 1570//1114 1666//1114
f 1570//1115 1571//1115 1667//1115
f 1571//1116 1572//1116 1668//1116
f 1572//1117 1573//1117 1669//1117
f 1573//1118 1574//1118 1670//1118
f 1574//1119 1575//1119 1671//1119
f 1575//1120 1576//1120 1672//1120
f 1576//1121 1577//1121 1673//1121
f 1577//1122 1578//1122 1674//1122
f 1578//1123 1579//1123 1675//1123
f 1579//1124 1580//1124 1676//1124
f 1580//1125 1581//1125 1677//1125
f 1581//1126 1582//1126 1678//1126
f 1582//1127 1583//1127 1679//1127
f 1583//1128 1584//1128 1680//1128
f 1584//1129 1585//1129 1681//1129
f 1585//1130 1586//1130 1682//1130
f 1586//1131 1587//1131 1683//1131
f 1587//1132 1588//1132 1684//1132
f 1588//1133 1589//1133 1685//1133
f 1589//1134 1590//1134 1686//1134
f 1590//1135 1591//1135 1687//1135
f 1591//1136 1592//1136 1688//1136
f 1592//1137 1593//1137 1689//1137
f 1593//1138 1594//1138 1690//1138
f 1594//1139 1595//1139 1691//1139
f 1595//1140 1596//1140 1692//1140
f 1596//1141 1597//1141 1693//1141
f 1597//1142 1598//1142 1694//1142
f 1598//1143 1599//1143 1695//1143
f 1599//1144 1600//1144 1696//1144
f 1600//1145 1601//1145 1697//1145
f 1601//1146 1602//1146 1698//1146
f 1602//1147 1603//1147 1699//1147
f 1603//1148 1604//1148 1700//1148
f 1604//1149 1605//1149 1701//1149
f 1605//1150 1606//1150 1702//1150
f 1606//1151 1607//1151 1703//1151
f 1607//1152 1608//1152 1704//1152
f 1608//1153 1609//1153 1705//1153
f 1609//1154 1610//1154 1706//1154
f 1610//1155 1611//1155 1707//1155
f 1611//1156 1612//1156 1708//1156
f 1612//1157 1613//1157 1709//1157
f 1613//1158 1614//1158 1710//1158
f 1614//1159 1615//1159 1711//1159
f 1615//1160 1616//1160 1712//1160
f 1616//1161 1617//1161 1713//1161
f 1617//1162 1618//1162 1714//1162
f 1618//1163 1619//1163 1715//1163
f 1619//1164 1620//1164 1716//1164
f 1620//1165 1621//1165 1717//1165
f 1621//1166 1622//1166 1718//1166
f 1622//1167 1623//1167 1719//1167
f 1623//1168 1624//1168 1720//1168
f 1624//1169 1625//1169 1721//1169
f 1625//1170 1626//1170 1722//1170
f 1626//1171 1627//1171 1723//1171
f 1627//1172 1628//1172 1724//1172
f 1628//1173 1629//1173 1725//1173
f 1629//1174 1630//1174 1726//1174
f 1630//1175 1631//1175 1727//1175
f 1631//1176 1632//1176 1728//1176
f 1632//1177 1537//1177 1633//1177
f 1633//1178 1634//1178 1730//1178
f 1634//1179 1635//1179 1731//1179
f 1635//1180 1636//1180 1732//1180
f 1636//1181 1637//1181 1733//1181
f 1637//1182 1638//1182 1734//1182
f 1638//1183 1639//1183 1735//1183
f 1639//1184 1640//1184 1736//1184
f 1640//1185 1641//1185 1737//1185
f 1641//1186 1642//1186 1738//1186
f 1642//1187 1643//1187 1739//1187
f 1643//1188 1644//1188 1740//1188
f 1644//1189 1645//1189 1741//1189
f 1645//1190 1646//1190 1742//1190
f 1646//1191 1647//1191 1743//1191
f 1647//1192 1648//1192 1744//1192
f 1648//1193 1649//1193 1745//1193
f 1649//1194 1650//1194 1746//1194
f 1650//1195 1651//1195 1747//1195
f 1651//1196 1652//1196 1748//1196
f 1652//1197 1653//1197 1749//1197
f 1653//1198 1654//1198 1750//1198
f 1654//1199 1655//1199 1751//1199
f 1655//1200 1656//1200 1752//1200
f 1656//1201 1657//1201 1753//1201
f 1657//1202 1658//1202 1754//1202
f 1658//1203 1659//1203 1755//1203
f 1659//1204 1660//1204 1756//1204
f 1660//1205 1661//1205 1757//1205
f 1661//1206 1662//1206 1758//1206
f 1662//1207 1663//1207 1759//1207
f 1663//1208 1664//1208 1760//1208
f 1664//1209 1665//1209 1761//1209
f 1665//1210 1666//1210 1762//1210
f 1666//1211 1667//1211 1763//1211
f 1667//1212 1668//1212 1764//1212
f 1668//1213 1669//1213 1765//1213
f 1669//1214 1670//1214 1766//1214
f 1670//1215 1671//1215 1767//1215
f 1671//1216 1672//1216 1768//1216
f 1672//1217 1673//1217 1769//1217
f 1673//1218 1674//1218 1770//1218
f 1674//1219 1675//1219 1771//1219
f 1675//1220 1676//1220 1772//1220
f 1676//1221 1677//1221 1773//1221
f 1677//1222 1678//1222 1774//1222
f 1678//1223 1679//1223 1775//1223
f 1679//1224 1680//1224 1776//1224
f 1680//1225 1681//1225 1777//1225
f 1681//1226 1682//1226 1778//1226
f 1682//1227 1683//1227 1779//1227
f 1683//1228 1684//1228 1780//1228
f 1684//1229 1685//1229 1781//1229
f 1685//1230 1686//1230 1782//1230
f 1686//1231 1687//1231 1783//1231
f 1687//1232 1688//1232 1784//1232
f 1688//1233 1689//1233 1785//1233
f 1689//1234 1690//1234 1786//1234
f 1690//1235 1691//1235 1787//1235
f 1691//1236 1692//1236 1788//1236
f 1692//1237 1693//1237 1789//1237
f 1693//1238 1694//1238 1790//1238
f 1694//1239 1695//1239 1791//1239
f 1695//1240 1696//1240 1792//1240
f 1696//1241 1697//1241 1793//1241
f 1697//1242 1698//1242 1794//1242
f 1698//1243 1699//1243 1795//1243
f 1699//1244 1700//1244 1796//1244
f 1700//1245 1701//1245 1797//1245
f 1701//1246 1702//1246 1798//1246
f 1702//1247 1703//1247 1799//1247
f 1703//1248 1704//1248 1800//1248
f 1704//1249 1705//1249 1801//1249
f 1705//1250 1706//1250 1802//1250
f 1706//1251 1707//1251 1803//1251
f 1707//1252 1708//1252 1804//1252
f 1708//1253 1709//1253 1805//1253
f 1709//1254 1710//1254 1806//1254
f 1710//1255 1711//1255 1807//1255
f 1711//1256 1712//1256 1808//1256
f 1712//1257 1713//1257 1809//1257
f 1713//1258 1714//1258 1810//1258
f 1714//1259 1715//1259 1811//1259
f 1715//1260 1716//1260 1812//1260
f 1716//1261 1717//1261 1813//1261
f 1717//1262 1718//1262 1814//1262
f 1718//1263 1719//1263 1815//1263
f 1719//1264 1720//1264 1816//1264
f 1720//1265 1721//1265 1817//1265
f 1721//1266 1722//1266 1818//1266
f 1722//1267 1723//1267 1819//1267
f 1723//1268 1724//1268 1820//1268
f 1724//1269 1725//1269 1821//1269
f 1725//1270 1726//1270 1822//1270
f 1726//1271 1727//1271 1823//1271
f 1727//1272 1728//1272 1824//1272
f 1728//1273 1633//1273 1729//1273
f 1729//1274 1730//1274 1826//1274
f 1730//1227 1731//1227 1827//1227
f 1731//1275 1732//1275 1828//1275
f 1732//1229 1733//1229 1829//1229
f 1733//1230 1734//1230 1830//1230
f 1734//1276 1735//1276 1831//1276
f 1735//1277 1736//1277 1832//1277
f 1736//1233 1737//1233 1833//1233
f 1737//1234 1738//1234 1834//1234
f 1738//1235 1739//1235 1835//1235
f 1739//1236 1740//1236 1836//1236
f 1740//1237 1741//1237 1837//1237
f 1741//1238 1742//1238 1838//1238
f 1742//1278 1743//1278 1839//1278
f 1743//1240 1744//1240 1840//1240
f 1744//1241 1745//1241 1841//1241
f 1745//1242 1746//1242 1842//1242
f 1746//1243 1747//1243 1843//1243
f 1747//1244 1748//1244 1844//1244
f 1748//1245 1749//1245 1845//1245
f 1749//1246 1750//1246 1846//1246
f 1750//1247 1751//1247 1847//1247
f 1751//1248 1752//1248 1848//1248
f 1752//1249 1753//1249 1849//1249
f 1753//1250 1754//1250 1850//1250
f 1754//1251 1755//1251 1851//1251
f 1755//1279 1756//1279 1852//1279
f 1756//1253 1757//1253 1853//1253
f 1757//1254 1758//1254 1854//1254
f 1758//1255 1759//1255 1855//1255
f 1759//1256 1760//1256 1856//1256
f 1760//1257 1761//1257 1857//1257
f 1761//1258 1762//1258 1858//1258
f 1762//1259 1763//1259 1859//1259
f 1763//1280 1764//1280 1860//1280
f 1764//1261 1765//1261 1861//1261
f 1765//1262 1766//1262 1862//1262
f 1766//1281 1767//1281 1863//1281
f 1767//1282 1768//1282 1864//1282
f 1768//1265 1769//1265 1865//1265
f 1769//1266 1770//1266 1866//1266
f 1770//1283 1771//1283 1867//1283
f 1771//1268 1772//1268 1868//1268
f 1772//1269 1773//1269 1869//1269
f 1773//1270 1774//1270 1870//1270
f 1774//1284 1775//1284 1871//1284
f 1775//1272 1776//1272 1872//1272
f 1776//1273 1777//1273 1873//1273
f 1777//1178 1778//1178 1874//1178
f 1778//1285 1779//1285 1875//1285
f 1779//1286 1780//1286 1876//1286
f 1780//1181 1781//1181 1877//1181
f 1781//1182 1782//1182 1878//1182
f 1782//1183 1783//1183 1879//1183
f 1783//1184 1784//1184 1880//1184
f 1784//1185 1785//1185 1881//1185
f 1785//1186 1786//1186 1882//1186
f 1786//1187 1787//1187 1883//1187
f 1787//1188 1788//1188 1884//1188
f 1788//1189 1789//1189 1885//1189
f 1789//1190 1790//1190 1886//1190
f 1790//1287 1791//1287 1887//1287
f 1791//1192 1792//1192 1888//1192
f 1792//1193 1793//1193 1889//1193
f 1793//1194 1794//1194 1890//1194
f 1794//1195 1795//1195 1891//1195
f 1795//1196 1796//1196 1892//1196
f 1796//1197 1797//1197 1893//1197
f 1797//1198 1798//1198 1894//1198
f 1798//1288 1799//1288 1895//1288
f 1799//1200 1800//1200 1896//1200
f 1800//1201 1801//1201 1897//1201
f 1801//1202 1802//1202 1898//1202
f 1802//1203 1803//1203 1899//1203
f 1803//1204 1804//1204 1900//1204
f 1804//1205 1805//1205 1901//1205
f 1805//1206 1806//1206 1902//1206
f 1806//1207 1807//1207 1903//1207
f 1807//1208 1808//1208 1904//1208
f 1808//1209 1809//1209 1905//1209
f 1809//1210 1810//1210 1906//1210
f 1810//1211 1811//1211 1907//1211
f 1811//1289 1812//1289 1908//1289
f 1812//1213 1813//1213 1909//1213
f 1813//1214 1814//1214 1910//1214
f 1814//1215 1815//1215 1911//1215
f 1815//1290 1816//1290 1912//1290
f 1816//1217 1817//1217 1913//1217
f 1817//1218 1818//1218 1914//1218
f 1818//1291 1819//1291 1915//1291
f 1819//1220 1820//1220 1916//1220
f 1820//1221 1821//1221 1917//1221
f 1821//1222 1822//1222 1918//1222
f 1822//1292 1823//1292 1919//1292
f 1823//1224 1824//1224 1920//1224
f 1824//1225 1729//1225 1825//1225
f 1825//1293 1826//1293 1922//1293
f 1826//1131 1827//1131 1923//1131
f 1827//1294 1828//1294 1924//1294
f 1828//1133 1829//1133 1925//1133
f 1829//1134 1830//1134 1926//1134
f 1830//1135 1831//1135 1927//1135
f 1831//1295 1832//1295 1928//1295
f 1832//1137 1833//1137 1929//1137
f 1833//1138 1834//1138 1930//1138
f 1834//1139 1835//1139 1931//1139
f 1835//1140 1836//1140 1932//1140
f 1836//1296 1837//1296 1933//1296
f 1837//1142 1838//1142 1934//1142
f 1838//1297 1839//1297 1935//1297
f 1839//1144 1840//1144 1936//1144
f 1840//1145 1841//1145 1937//1145
f 1841//1298 1842//1298 1938//1298
f 1842//1147 1843//1147 1939//1147
f 1843//1148 1844//1148 1940//1148
f 1844//1149 1845//1149 1941//1149
f 1845//1299 1846//1299 1942//1299
f 1846//1151 1847//1151 1943//1151
f 1847//1152 1848//1152 1944//1152
f 1848//1300 1849//1300 1945//1300
f 1849//1154 1850//1154 1946//1154
f 1850//1155 1851//1155 1947//1155
f 1851//1301 1852//1301 1948//1301
f 1852//1157 1853//1157 1949//1157
f 1853//1158 1854//1158 1950//1158
f 1854//1159 1855//1159 1951//1159
f 1855//1160 1856//1160 1952//1160
f 1856//1161 1857//1161 1953//1161
f 1857//1162 1858//1162 1954//1162
f 1858//1163 1859//1163 1955//1163
f 1859//1302 1860//1302 1956//1302
f 1860//1165 1861//1165 1957//1165
f 1861//1166 1862//1166 1958//1166
f 1862//1167 1863//1167 1959//1167
f 1863//1168 1864//1168 1960//1168
f 1864//1169 1865//1169 1961//1169
f 1865//1303 1866//1303 1962//1303
f 1866//1171 1867//1171 1963//1171
f 1867//1172 1868//1172 1964//1172
f 1868//1173 1869//1173 1965//1173
f 1869//1304 1870//1304 1966//1304
f 1870//1175 1871//1175 1967//1175
f 1871//1176 1872//1176 1968//1176
f 1872//1305 1873//1305 1969//1305
f 1873//1082 1874//1082 1970//1082
f 1874//1083 1875//1083 1971//1083
f 1875//1306 1876//1306 1972//1306
f 1876//1307 1877//1307 1973//1307
f 1877//1086 1878//1086 1974//1086
f 1878//1087 1879//1087 1975//1087
f 1879//1088 1880//1088 1976//1088
f 1880//1308 1881//1308 1977//1308
f 1881//1090 1882//1090 1978//1090
f 1882//1091 1883//1091 1979//1091
f 1883//1092 1884//1092 1980//1092
f 1884//1093 1885//1093 1981//1093
f 1885//1094 1886//1094 1982//1094
f 1886//1309 1887//1309 1983//1309
f 1887//1096 1888//1096 1984//1096
f 1888//1097 1889//1097 1985//1097
f 1889//1098 1890//1098 1986//1098
f 1890//1099 1891//1099 1987//1099
f 1891//1100 1892//1100 1988//1100
f 1892//1101 1893//1101 1989//1101
f 1893//1102 1894//1102 1990//1102
f 1894//1103 1895//1103 1991//1103
f 1895//1104 1896//1104 1992//1104
f 1896//1310 1897//1310 1993//1310
f 1897//1311 1898//1311 1994//1311
f 1898//1107 1899//1107 1995//1107
f 1899//1108 1900//1108 1996//1108
f 1900//1312 1901//1312 1997//1312
f 1901//1110 1902//1110 1998//1110
f 1902//1111 1903//1111 1999//1111
f 1903//1112 1904//1112 2000//1112
f 1904//1313 1905//1313 2001//1313
f 1905//1114 1906//1114 2002//1114
f 1906//1115 1907//1115 2003//1115
f 1907//1314 1908//1314 2004//1314
f 1908//1117 1909//1117 2005//1117
f 1909//1118 1910//1118 2006//1118
f 1910//1119 1911//1119 2007//1119
f 1911//1120 1912//1120 2008//1120
f 1912//1121 1913//1121 2009//1121
f 1913//1315 1914//1315 2010//1315
f 1914//1123 1915//1123 2011//1123
f 1915//1124 1916//1124 2012//1124
f 1916//1125 1917//1125 2013//1125
f 1917//1126 1918//1126 2014//1126
f 1918//1127 1919//1127 2015//1127
f 1919//1128 1920//1128 2016//1128
f 1920//1316 1825//1316 1921//1316
f 1921//1317 1922//1317 2018//1317
f 1922//1035 1923//1035 2019//1035
f 1923//1036 1924//1036 2020//1036
f 1924//1037 1925//1037 2021//1037
f 1925//1318 1926//1318 2022//1318
f 1926//1039 1927//1039 2023//1039
f 1927//1040 1928//1040 2024//1040
f 1928//1041 1929//1041 2025//1041
f 1929//1042 1930//1042 2026//1042
f 1930//1043 1931//1043 2027//1043
f 1931//1044 1932//1044 2028//1044
f 1932//1045 1933//1045 2029//1045
f 1933//1046 1934//1046 2030//1046
f 1934//1047 1935//1047 2031//1047
f 1935//1048 1936//1048 2032//1048
f 1936//1049 1937//1049 2033//1049
f 1937//1050 1938//1050 2034//1050
f 1938//1051 1939//1051 2035//1051
f 1939//1052 1940//1052 2036//1052
f 1940//1053 1941//1053 2037//1053
f 1941//1319 1942//1319 2038//1319
f 1942//1055 1943//1055 2039//1055
f 1943//1056 1944//1056 2040//1056
f 1944//1057 1945//1057 2041//1057
f 1945//1058 1946//1058 2042//1058
f 1946//1059 1947//1059 2043//1059
f 1947//1060 1948//1060 2044//1060
f 1948//1061 1949//1061 2045//1061
f 1949//1062 1950//1062 2046//1062
f 1950//1063 1951//1063 2047//1063
f 1951//1064 1952//1064 2048//1064
f 1952//1065 1953//1065 2049//1065
f 1953//1066 1954//1066 2050//1066
f 1954//1067 1955//1067 2051//1067
f 1955//1068 1956//1068 2052//1068
f 1956//1069 1957//1069 2053//1069
f 1957//1070 1958//1070 2054//1070
f 1958//1071 1959//1071 2055//1071
f 1959//1072 1960//1072 2056//1072
f 1960//1073 1961//1073 2057//1073
f 1961//1074 1962//1074 2058//1074
f 1962//1075 1963//1075 2059//1075
f 1963//1076 1964//1076 2060//1076
f 1964//1077 1965//1077 2061//1077
f 1965//1320 1966//1320 2062//1320
f 1966//1079 1967//1079 2063//1079
f 1967//1080 1968//1080 2064//1080
f 1968//1081 1969//1081 2065//1081
f 1969//986 1970//986 2066//986
f 1970//987 1971//987 2067//987
f 1971//988 1972//988 2068//988
f 1972//989 1973//989 2069//989
f 1973//990 1974//990 2070//990
f 1974//991 1975//991 2071//991
f 1975//992 1976//992 2072//992
f 1976//993 1977//993 2073//993
f 1977//994 1978//994 2074//994
f 1978//995 1979//995 2075//995
f 1979//996 1980//996 2076//996
f 1980//997 1981//997 2077//997
f 1981//998 1982//998 2078//998
f 1982//999 1983//999 2079//999
f 1983//1000 1984//1000 2080//1000
f 1984//1001 1985//1001 2081//1001
f 1985//1002 1986//1002 2082//1002
f 1986//1003 1987//1003 2083//1003
f 1987//1004 1988//1004 2084//1004
f 1988//1005 1989//1005 2085//1005
f 1989//1321 1990//1321 2086//1321
f 1990//1007 1991//1007 2087//1007
f 1991//1008 1992//1008 2088//1008
f 1992//1009 1993//1009 2089//1009
f 1993//1322 1994//1322 2090//1322
f 1994//1011 1995//1011 2091//1011
f 1995//1012 1996//1012 2092//1012
f 1996//1013 1997//1013 2093//1013
f 1997//1323 1998//1323 2094//1323
f 1998//1015 1999//1015 2095//1015
f 1999//1016 2000//1016 2096//1016
f 2000//1017 2001//1017 2097//1017
f 2001//1018 2002//1018 2098//1018
f 2002//1019 2003//1019 2099//1019
f 2003//1020 2004//1020 2100//1020
f 2004//1021 2005//1021 2101//1021
f 2005//1022 2006//1022 2102//1022
f 2006//1324 2007//1324 2103//1324
f 2007//1024 2008//1024 2104//1024
f 2008//1025 2009//1025 2105//1025
f 2009//1026 2010//1026 2106//1026
f 2010//1027 2011//1027 2107//1027
f 2011//1028 2012//1028 2108//1028
f 2012//1029 2013//1029 2109//1029
f 2013//1325 2014//1325 2110//1325
f 2014//1031 2015//1031 2111//1031
f 2015//1032 2016//1032 2112//1032
f 2016//1033 1921//1033 2017//1033
f 2017//938 2018//938 2114//938
f 2018//1326 2019//1326 2115//1326
f 2019//940 2020//940 2116//940
f 2020//941 2021//941 2117//941
f 2021//942 2022//942 2118//942
f 2022//1327 2023//1327 2119//1327
f 2023//1328 2024//1328 2120//1328
f 2024//1329 2025//1329 2121//1329
f 2025//946 2026//946 2122//946
f 2026//947 2027//947 2123//947
f 2027//948 2028//948 2124//948
f 2028//949 2029//949 2125//949
f 2029//950 2030//950 2126//950
f 2030//951 2031//951 2127//951
f 2031//952 2032//952 2128//952
f 2032//1330 2033//1330 2129//1330
f 2033//954 2034//954 2130//954
f 2034//1331 2035//1331 2131//1331
f 2035//956 2036//956 2132//956
f 2036//957 2037//957 2133//957
f 2037//958 2038//958 2134//958
f 2038//959 2039//959 2135//959
f 2039//960 2040//960 2136//960
f 2040//1332 2041//1332 2137//1332
f 2041//1333 2042//1333 2138//1333
f 2042//963 2043//963 2139//963
f 2043//964 2044//964 2140//964
f 2044//965 2045//965 2141//965
f 2045//1334 2046//1334 2142//1334
f 2046//1335 2047//1335 2143//1335
f 2047//968 2048//968 2144//968
f 2048//969 2049//969 2145//969
f 2049//1336 2050//1336 2146//1336
f 2050//971 2051//971 2147//971
f 2051//1337 2052//1337 2148//1337
f 2052//1338 2053//1338 2149//1338
f 2053//1339 2054//1339 2150//1339
f 2054//975 2055//975 2151//975
f 2055//976 2056//976 2152//976
f 2056//1340 2057//1340 2153//1340
f 2057//978 2058//978 2154//978
f 2058//979 2059//979 2155//979
f 2059//1341 2060//1341 2156//1341
f 2060//981 2061//981 2157//981
f 2061//982 2062//982 2158//982
f 2062//1342 2063//1342 2159//1342
f 2063//984 2064//984 2160//984
f 2064//1343 2065//1343 2161//1343
f 2065//1344 2066//1344 2162//1344
f 2066//891 2067//891 2163//891
f 2067//1345 2068//1345 2164//1345
f 2068//1346 2069//1346 2165//1346
f 2069//1347 2070//1347 2166//1347
f 2070//895 2071//895 2167//895
f 2071//1348 2072//1348 2168//1348
f 2072//897 2073//897 2169//897
f 2073//1349 2074//1349 2170//1349
f 2074//899 2075//899 2171//899
f 2075//900 2076//900 2172//900
f 2076//901 2077//901 2173//901
f 2077//902 2078//902 2174//902
f 2078//903 2079//903 2175//903
f 2079//1350 2080//1350 2176//1350
f 2080//905 2081//905 2177//905
f 2081//1351 2082//1351 2178//1351
f 2082//907 2083//907 2179//907
f 2083//1352 2084//1352 2180//1352
f 2084//1353 2085//1353 2181//1353
f 2085//910 2086//910 2182//910
f 2086//911 2087//911 2183//911
f 2087//912 2088//912 2184//912
f 2088//1354 2089//1354 2185//1354
f 2089//914 2090//914 2186//914
f 2090//915 2091//915 2187//915
f 2091//1355 2092//1355 2188//1355
f 2092//1356 2093//1356 2189//1356
f 2093//918 2094//918 2190//918
f 2094//1357 2095//1357 2191//1357
f 2095//1358 2096//1358 2192//1358
f 2096//921 2097//921 2193//921
f 2097//1359 2098//1359 2194//1359
f 2098//923 2099//923 2195//923
f 2099//924 2100//924 2196//924
f 2100//925 2101//925 2197//925
f 2101//926 2102//926 2198//926
f 2102//1360 2103//1360 2199//1360
f 2103//1361 2104//1361 2200//1361
f 2104//1362 2105//1362 2201//1362
f 2105//930 2106//930 2202//930
f 2106//931 2107//931 2203//931
f 2107//1363 2108//1363 2204//1363
f 2108//1364 2109//1364 2205//1364
f 2109//1365 2110//1365 2206//1365
f 2110//935 2111//935 2207//935
f 2111//1366 2112//1366 2208//1366
f 2112//1367 2017//1367 2113//1367
f 2113//842 2114//842 2210//842
f 2114//843 2115//843 2211//843
f 2115//844 2116//844 2212//844
f 2116//845 2117//845 2213//845
f 2117//846 2118//846 2214//846
f 2118//847 2119//847 2215//847
f 2119//848 2120//848 2216//848
f 2120//1368 2121//1368 2217//1368
f 2121//850 2122//850 2218//850
f 2122//851 2123//851 2219//851
f 2123//852 2124//852 2220//852
f 2124//853 2125//853 2221//853
f 2125//854 2126//854 2222//854
f 2126//855 2127//855 2223//855
f 2127//856 2128//856 2224//856
f 2128//857 2129//857 2225//857
f 2129//858 2130//858 2226//858
f 2130//859 2131//859 2227//859
f 2131//860 2132//860 2228//860
f 2132//861 2133//861 2229//861
f 2133//862 2134//862 2230//862
f 2134//863 2135//863 2231//863
f 2135//864 2136//864 2232//864
f 2136//865 2137//865 2233//865
f 2137//866 2138//866 2234//866
f 2138//867 2139//867 2235//867
f 2139//868 2140//868 2236//868
f 2140//869 2141//869 2237//869
f 2141//870 2142//870 2238//870
f 2142//871 2143//871 2239//871
f 2143//872 2144//872 2240//872
f 2144//873 2145//873 2241//873
f 2145//874 2146//874 2242//874
f 2146//875 2147//875 2243//875
f 2147//1369 2148//1369 2244//1369
f 2148//877 2149//877 2245//877
f 2149//878 2150//878 2246//878
f 2150//879 2151//879 2247//879
f 2151//880 2152//880 2248//880
f 2152//881 2153//881 2249//881
f 2153//882 2154//882 2250//882
f 2154//883 2155//883 2251//883
f 2155//884 2156//884 2252//884
f 2156//885 2157//885 2253//885
f 2157//886 2158//886 2254//886
f 2158//887 2159//887 2255//887
f 2159//888 2160//888 2256//888
f 2160//889 2161//889 2257//889
f 2161//794 2162//794 2258//794
f 2162//795 2163//795 2259//795
f 2163//796 2164//796 2260//796
f 2164//797 2165//797 2261//797
f 2165//798 2166//798 2262//798
f 2166//799 2167//799 2263//799
f 2167//800 2168//800 2264//800
f 2168//1370 2169//1370 2265//1370
f 2169//802 2170//802 2266//802
f 2170//803 2171//803 2267//803
f 2171//1371 2172//1371 2268//1371
f 2172//805 2173//805 2269//805
f 2173//806 2174//806 2270//806
f 2174//807 2175//807 2271//807
f 2175//808 2176//808 2272//808
f 2176//809 2177//809 2273//809
f 2177//810 2178//810 2274//810
f 2178//811 2179//811 2275//811
f 2179//812 2180//812 2276//812
f 2180//813 2181//813 2277//813
f 2181//814 2182//814 2278//814
f 2182//815 2183//815 2279//815
f 2183//816 2184//816 2280//816
f 2184//817 2185//817 2281//817
f 2185//818 2186//818 2282//818
f 2186//819 2187//819 2283//819
f 2187//820 2188//820 2284//820
f 2188//821 2189//821 2285//821
f 2189//822 2190//822 2286//822
f 2190//823 2191//823 2287//823
f 2191//824 2192//824 2288//824
f 2192//825 2193//825 2289//825
f 2193//826 2194//826 2290//826
f 2194//827 2195//827 2291//827
f 2195//828 2196//828 2292//828
f 2196//829 2197//829 2293//829
f 2197//1372 2198//1372 2294//1372
f 2198//831 2199//831 2295//831
f 2199//832 2200//832 2296//832
f 2200//833 2201//833 2297//833
f 2201//1373 2202//1373 2298//1373
f 2202//835 2203//835 2299//835
f 2203//836 2204//836 2300//836
f 2204//837 2205//837 2301//837
f 2205//838 2206//838 2302//838
f 2206//839 2207//839 2303//839
f 2207//840 2208//840 2304//840
f 2208//841 2113//841 2209//841
f 2209//746 2210//746 2//746
f 2210//1374 2211//1374 3//1374
f 2211//1375 2212//1375 4//1375
f 2212//1376 2213//1376 5//1376
f 2213//750 2214//750 6//750
f 2214//1377 2215//1377 7//1377
f 2215//1378 2216//1378 8//1378
f 2216//753 2217//753 9//753
f 2217//1379 2218//1379 10//1379
f 2218//1380 2219//1380 11//1380
f 2219//756 2220//756 12//756
f 2220//1381 2221//1381 13//1381
f 2221//1382 2222//1382 14//1382
f 2222//1383 2223//1383 15//1383
f 2223//1384 2224//1384 16//1384
f 2224//1385 2225//1385 17//1385
f 2225//762 2226//762 18//762
f 2226//1386 2227//1386 19//1386
f 2227//764 2228//764 20//764
f 2228//1387 2229//1387 21//1387
f 2229//766 2230//766 22//766
f 2230//767 2231//767 23//767
f 2231//1388 2232//1388 24//1388
f 2232//1389 2233//1389 25//1389
f 2233//770 2234//770 26//770
f 2234//1390 2235//1390 27//1390
f 2235//772 2236//772 28//772
f 2236//1391 2237//1391 29//1391
f 2237//774 2238//774 30//774
f 2238//1392 2239//1392 31//1392
f 2239//1393 2240//1393 32//1393
f 2240//1394 2241//1394 33//1394
f 2241//778 2242//778 34//778
f 2242//1395 2243//1395 35//1395
f 2243//780 2244//780 36//780
f 2244//1396 2245//1396 37//1396
f 2245//1397 2246//1397 38//1397
f 2246//1398 2247//1398 39//1398
f 2247//784 2248//784 40//784
f 2248//1399 2249//1399 41//1399
f 2249//1400 2250//1400 42//1400
f 2250//1401 2251//1401 43//1401
f 2251//1402 2252//1402 44//1402
f 2252//789 2253//789 45//789
f 2253//1403 2254//1403 46//1403
f 2254//1404 2255//1404 47//1404
f 2255//792 2256//792 48//792
f 2256//1405 2257//1405 49//1405
f 2257//1406 2258//1406 50//1406
f 2258//699 2259//699 51//699
f 2259//700 2260//700 52//700
f 2260//1407 2261//1407 53//1407
f 2261//702 2262//702 54//702
f 2262//1408 2263//1408 55//1408
f 2263//1409 2264//1409 56//1409
f 2264//1410 2265//1410 57//1410
f 2265//1411 2266//1411 58//1411
f 2266//1412 2267//1412 59//1412
f 2267//1413 2268//1413 60//1413
f 2268//1414 2269//1414 61//1414
f 2269//1415 2270//1415 62//1415
f 2270//711 2271//711 63//711
f 2271//1416 2272//1416 64//1416
f 2272//1417 2273//1417 65//1417
f 2273//1418 2274//1418 66//1418
f 2274//1419 2275//1419 67//1419
f 2275//716 2276//716 68//716
f 2276//1420 2277//1420 69//1420
f 2277//718 2278//718 70//718
f 2278//719 2279//719 71//719
f 2279//1421 2280//1421 72//1421
f 2280//1422 2281//1422 73//1422
f 2281//722 2282//722 74//722
f 2282//723 2283//723 75//723
f 2283//724 2284//724 76//724
f 2284//1423 2285//1423 77//1423
f 2285//726 2286//726 78//726
f 2286//1424 2287//1424 79//1424
f 2287//728 2288//728 80//728
f 2288//1425 2289//1425 81//1425
f 2289//1426 2290//1426 82//1426
f 2290//1427 2291//1427 83//1427
f 2291//1428 2292//1428 84//1428
f 2292//1429 2293//1429 85//1429
f 2293//1430 2294//1430 86//1430
f 2294//1431 2295//1431 87//1431
f 2295//1432 2296//1432 88//1432
f 2296//737 2297//737 89//737
f 2297//1433 2298//1433 90//1433
f 2298//1434 2299//1434 91//1434
f 2299//740 2300//740 92//740
f 2300//1435 2301//1435 93//1435
f 2301//742 2302//742 94//742
f 2302//743 2303//743 95//743
f 2303//1436 2304//1436 96//1436
f 2304//1437 2209//1437 1//1437
f 2305//1438 2306//1438 2342//1438
f 2305//1439 2342//1439 2341//1439
f 2306//1440 2307//1440 2342//1440
f 2307//1441 2343//1441 2342//1441
f 2307//1442 2308//1442 2344//1442
f 2307//1443 2344//1443 2343//1443
f 2308//1444 2309//1444 2344//1444
f 2309//1445 2345//1445 2344//1445
f 2309//1446 2310//1446 2346//1446
f 2309//1447 2346//1447 2345//1447
f 2310//1448 2311//1448 2346//1448
f 2311//1449 2347//1449 2346//1449
f 2311//1450 2312//1450 2348//1450
f 2311//1451 2348//1451 2347//1451
f 2312//1452 2313//1452 2348//1452
f 2313//1453 2349//1453 2348//1453
f 2313//1454 2314//1454 2350//1454
f 2313//1455 2350//1455 2349//1455
f 2314//1456 2315//1456 2350//1456
f 2315//1457 2351//1457 2350//1457
f 2315//1458 2316//1458 2352//1458
f 2315//1459 2352//1459 2351//1459
f 2316//1460 2317//1460 2352//1460
f 2317//1461 2353//1461 2352//1461
f 2317//1462 2318//1462 2354//1462
f 2317//1463 2354//1463 2353//1463
f 2318//1464 2319//1464 2354//1464
f 2319//1465 2355//1465 2354//1465
f 2319//1466 2320//1466 2356//1466
f 2319//1467 2356//1467 2355//1467
f 2320//1468 2321//1468 2356//1468
f 2321//1469 2357//1469 2356//1469
f 2321//1470 2322//1470 2358//1470
f 2321//1471 2358//1471 2357//1471
f 2322//1472 2323//1472 2358//1472
f 2323//1473 2359//1473 2358//1473
f 2323//1474 2324//1474 2360//1474
f 2323//1475 2360//1475 2359//1475
f 2324//1476 2325//1476 2360//1476
f 2325//1477 2361//1477 2360//1477
f 2325//1478 2326//1478 2362//1478
f 2325//1479 2362//1479 2361//1479
f 2326//1480 2327//1480 2362//1480
f 2327//1481 2363//1481 2362//1481
f 2327//1482 2328//1482 2364//1482
f 2327//1483 2364//1483 2363//1483
f 2328//1484 2329//1484 2364//1484
f 2329//1485 2365//1485 2364//1485
f 2329//1486 2330//1486 2366//1486
f 2329//1487 2366//1487 2365//1487
f 2330//1488 2331//1488 2366//1488
f 2331//1489 2367//1489 2366//1489
f 2331//1490 2332//1490 2368//1490
f 2331//1491 2368//1491 2367//1491
f 2332//1492 2333//1492 2368//1492
f 2333//1493 2369//1493 2368//1493
f 2333//1494 2334//1494 2370//1494
f 2333//1495 2370//1495 2369//1495
f 2334//1496 2335//1496 2370//1496
f 2335//1497 2371//1497 2370//1497
f 2335//1498 2336//1498 2372//1498
f 2335//1499 2372//1499 2371//1499
f 2336//1500 2337//1500 2372//1500
f 2337//1501 2373//1501 2372//1501
f 2337//1502 2338//1502 2374//1502
f 2337//1503 2374//1503 2373//1503
f 2338//1504 2339//1504 2374//1504
f 2339//1505 2375//1505 2374//1505
f 2339//1506 2340//1506 2376//1506
f 2339//1507 2376//1507 2375//1507
f 2340//1508 2305//1508 2376//1508
f 2305//1509 2341//1509 2376//1509
f 2341//1510 2342//1510 2377//1510
f 2342//1511 2378//1511 2377//1511
f 2342//1512 2343//1512 2379//1512
f 2342//1513 2379//1513 2378//1513
f 2343//1514 2344//1514 2379//1514
f 2344//1515 2380//1515 2379//1515
f 2344//1516 2345//1516 2381//1516
f 2344//1517 2381//1517 2380//1517
f 2345//1518 2346//1518 2381//1518
f 2346//1519 2382//1519 2381//1519
f 2346//1520 2347//1520 2383//1520
f 2346//1521 2383//1521 2382//1521
f 2347//1522 2348//1522 2383//1522
f 2348//1523 2384//1523 2383//1523
f 2348//1524 2349//1524 2385//1524
f 2348//1525 2385//1525 2384//1525
f 2349//1526 2350//1526 2385//1526
f 2350//1527 2386//1527 2385//1527
f 2350//1528 2351//1528 2387//1528
f 2350//1529 2387//1529 2386//1529
f 2351//1530 2352//1530 2387//1530
f 2352//1531 2388//1531 2387//1531
f 2352//1532 2353//1532 2389//1532
f 2352//1533 2389//1533 2388//1533
f 2353//1534 2354//1534 2389//1534
f 2354//1535 2390//1535 2389//1535
f 2354//1536 2355//1536 2391//1536
f 2354//1537 2391//1537 2390//1537
f 2355//1538 2356//1538 2391//1538
f 2356//1539 2392//1539 2391//1539
f 2356//1540 2357//1540 2393//1540
f 2356//1541 2393//1541 2392//1541
f 2357//1542 2358//1542 2393//1542
f 2358//1543 2394//1543 2393//1543
f 2358//1544 2359//1544 2395//1544
f 2358//1545 2395//1545 2394//1545
f 2359//1546 2360//1546 2395//1546
f 2360//1547 2396//1547 2395//1547
f 2360//1548 2361//1548 2397//1548
f 2360//1549 2397//1549 2396//1549
f 2361//1550 2362//1550 2397//1550
f 2362//1551 2398//1551 2397//1551
f 2362//1552 2363//1552 2399//1552
f 2362//1553 2399//1553 2398//1553
f 2363//1554 2364//1554 2399//1554
f 2364//1555 2400//1555 2399//1555
f 2364//1556 2365//1556 2401//1556
f 2364//1557 2401//1557 2400//1557
f 2365//1558 2366//1558 2401//1558
f 2366//1559 2402//1559 2401//1559
f 2366//1560 2367//1560 2403//1560
f 2366//1561 2403//1561 2402//1561
f 2367//1562 2368//1562 2403//1562
f 2368//1563 2404//1563 2403//1563
f 2368//1564 2369//1564 2405//1564
f 2368//1565 2405//1565 2404//1565
f 2369//1566 2370//1566 2405//1566
f 2370//1567 2406//1567 2405//1567
f 2370//1568 2371//1568 2407//1568
f 2370//1569 2407//1569 2406//1569
f 2371//1570 2372//1570 2407//1570
f 2372//1571 2408//1571 2407//1571
f 2372//1572 2373//1572 2409//1572
f 2372//1573 2409//1573 2408//1573
f 2373//1574 2374//1574 2409//1574
f 2374//1575 2410//1575 2409//1575
f 2374//1576 2375//1576 2411//1576
f 2374//1577 2411//1577 2410//1577
f 2375//1578 2376//1578 2411//1578
f 2376//1579 2412//1579 2411//1579
f 2376//1580 2341//1580 2377//1580
f 2376//1581 2377//1581 2412//1581
f 2377//1582 2378//1582 2414//1582
f 2377//1583 2414//1583 2413//1583
f 2378//1584 2379//1584 2414//1584
f 2379//1585 2415//1585 2414//1585
f 2379//1586 2380//1586 2416//1586
f 2379//1587 2416//1587 2415//1587
f 2380//1588 2381//1588 2416//1588
f 2381//1589 2417//1589 2416//1589
f 2381//1590 2382//1590 2418//1590
f 2381//1591 2418//1591 2417//1591
f 2382//1592 2383//1592 2418//1592
f 2383//1593 2419//1593 2418//1593
f 2383//1594 2384//1594 2420//1594
f 2383//1595 2420//1595 2419//1595
f 2384//1596 2385//1596 2420//1596
f 2385//1597 2421//1597 2420//1597
f 2385//1598 2386//1598 2422//1598
f 2385//1599 2422//1599 2421//1599
f 2386//1600 2387//1600 2422//1600
f 2387//1601 2423//1601 2422//1601
f 2387//1602 2388//1602 2424//1602
f 2387//1603 2424//1603 2423//1603
f 2388//1604 2389//1604 2424//1604
f 2389//1605 2425//1605 2424//1605
f 2389//1606 2390//1606 2426//1606
f 2389//1607 2426//1607 2425//1607
f 2390//1608 2391//1608 2426//1608
f 2391//1609 2427//1609 2426//1609
f 2391//1610 2392//1610 2428//1610
f 2391//1611 2428//1611 2427//1611
f 2392//1612 2393//1612 2428//1612
f 2393//1613 2429//1613 2428//1613
f 2393//1614 2394//1614 2430//1614
f 2393//1615 2430//1615 2429//1615
f 2394//1616 2395//1616 2430//1616
f 2395//1617 2431//1617 2430//1617
f 2395//1618 2396//1618 2432//1618
f 2395//1619 2432//1619 2431//1619
f 2396//1620 2397//1620 2432//1620
f 2397//1621 2433//1621 2432//1621
f 2397//1622 2398//1622 2434//1622
f 2397//1623 2434//1623 2433//1623
f 2398//1624 2399//1624 2434//1624
f 2399//1625 2435//1625 2434//1625
f 2399//1626 2400//1626 2436//1626
f 2399//1627 2436//1627 2435//1627
f 2400//1628 2401//1628 2436//1628
f 2401//1629 2437//1629 2436//1629
f 2401//1630 2402//1630 2438//1630
f 2401//1631 2438//1631 2437//1631
f 2402//1632 2403//1632 2438//1632
f 2403//1633 2439//1633 2438//1633
f 2403//1634 2404//1634 2440//1634
f 2403//1635 2440//1635 2439//1635
f 2404//1636 2405//1636 2440//1636
f 2405//1637 2441//1637 2440//1637
f 2405//1638 2406//1638 2442//1638
f 2405//1639 2442//1639 2441//1639
f 2406//1640 2407//1640 2442//1640
f 2407//1641 2443//1641 2442//1641
f 2407//1642 2408//1642 2444//1642
f 2407//1643 2444//1643 2443//1643
f 2408//1644 2409//1644 2444//1644
f 2409//1645 2445//1645 2444//1645
f 2409//1646 2410//1646 2446//1646
f 2409//1647 2446//1647 2445//1647
f 2410//1648 2411//1648 2446//1648
f 2411//1649 2447//1649 2446//1649
f 2411//1650 2412//1650 2448//1650
f 2411//1651 2448//1651 2447//1651
f 2412//1652 2377//1652 2448//1652
f 2377//1653 2413//1653 2448//1653
f 2413//1654 2414//1654 2449//1654
f 2414//1655 2450//1655 2449//1655
f 2414//1656 2415//1656 2451//1656
f 2414//1657 2451//1657 2450//1657
f 2415//1658 2416//1658 2451//1658
f 2416//1659 2452//1659 2451//1659
f 2416//1660 2417//1660 2453//1660
f 2416//1661 2453//1661 2452//1661
f 2417//1662 2418//1662 2453//1662
f 2418//1663 2454//1663 2453//1663
f 2418//1664 2419//1664 2455//1664
f 2418//1665 2455//1665 2454//1665
f 2419//1666 2420//1666 2455//1666
f 2420//1667 2456//1667 2455//1667
f 2420//1668 2421//1668 2457//1668
f 2420//1669 2457//1669 2456//1669
f 2421//1670 2422//1670 2457//1670
f 2422//1671 2458//1671 2457//1671
f 2422//1672 2423//1672 2459//1672
f 2422//1673 2459//1673 2458//1673
f 2423//1674 2424//1674 2459//1674
f 2424//1675 2460//1675 2459//1675
f 2424//1676 2425//1676 2461//1676
f 2424//1677 2461//1677 2460//1677
f 2425//1678 2426//1678 2461//1678
f 2426//1679 2462//1679 2461//1679
f 2426//1680 2427//1680 2463//1680
f 2426//1681 2463//1681 2462//1681
f 2427//1682 2428//1682 2463//1682
f 2428//1683 2464//1683 2463//1683
f 2428//1684 2429//1684 2465//1684
f 2428//1685 2465//1685 2464//1685
f 2429//1686 2430//1686 2465//1686
f 2430//1687 2466//1687 2465//1687
f 2430//1688 2431//1688 2467//1688
f 2430//1689 2467//1689 2466//1689
f 2431//1690 2432//1690 2467//1690
f 2432//1691 2468//1691 2467//1691
f 2432//1692 2433//1692 2469//1692
f 2432//1693 2469//1693 2468//1693
f 2433//1694 2434//1694 2469//1694
f 2434//1695 2470//1695 2469//1695
f 2434//1696 2435//1696 2471//1696
f 2434//1697 2471//1697 2470//1697
f 2435//1698 2436//1698 2471//1698
f 2436//1699 2472//1699 2471//1699
f 2436//1700 2437//1700 2473//1700
f 2436//1701 2473//1701 2472//1701
f 2437//1702 2438//1702 2473//1702
f 2438//1703 2474//1703 2473//1703
f 2438//1704 2439//1704 2475//1704
f 2438//1705 2475//1705 2474//1705
f 2439//1706 2440//1706 2475//1706
f 2440//1707 2476//1707 2475//1707
f 2440//1708 2441//1708 2477//1708
f 2440//1709 2477//1709 2476//1709
f 2441//1710 2442//1710 2477//1710
f 2442//1711 2478//1711 2477//1711
f 2442//1712 2443//1712 2479//1712
f 2442//1713 2479//1713 2478//1713
f 2443//1714 2444//1714 2479//1714
f 2444//1715 2480//1715 2479//1715
f 2444//1716 2445//1716 2481//1716
f 2444//1717 2481//1717 2480//1717
f 2445//1718 2446//1718 2481//1718
f 2446//1719 2482//1719 2481//1719
f 2446//1720 2447//1720 2483//1720
f 2446//1721 2483//1721 2482//1721
f 2447//1722 2448//1722 2483//1722
f 2448//1723 2484//1723 2483//1723
f 2448//1724 2413//1724 2449//1724
f 2448//1725 2449//1725 2484//1725
f 2449//1726 2450//1726 2486//1726
f 2449//1727 2486//1727 2485//1727
f 2450//1728 2451//1728 2486//1728
f 2451//1729 2487//1729 2486//1729
f 2451//1730 2452//1730 2488//1730
f 2451//1731 2488//1731 2487//1731
f 2452//1732 2453//1732 2488//1732
f 2453//1733 2489//1733 2488//1733
f 2453//1734 2454//1734 2490//1734
f 2453//1735 2490//1735 2489//1735
f 2454//1736 2455//1736 2490//1736
f 2455//1737 2491//1737 2490//1737
f 2455//1738 2456//1738 2492//1738
f 2455//1739 2492//1739 2491//1739
f 2456//1740 2457//1740 2492//1740
f 2457//1741 2493//1741 2492//1741
f 2457//1742 2458//1742 2494//1742
f 2457//1743 2494//1743 2493//1743
f 2458//1744 2459//1744 2494//1744
f 2459//1745 2495//1745 2494//1745
f 2459//1746 2460//1746 2496//1746
f 2459//1747 2496//1747 2495//1747
f 2460//1748 2461//1748 2496//1748
f 2461//1749 2497//1749 2496//1749
f 2461//1750 2462//1750 2498//1750
f 2461//1751 2498//1751 2497//1751
f 2462//1752 2463//1752 2498//1752
f 2463//1753 2499//1753 2498//1753
f 2463//1754 2464//1754 2500//1754
f 2463//1755 2500//1755 2499//1755
f 2464//1756 2465//1756 2500//1756
f 2465//1757 2501//1757 2500//1757
f 2465//1758 2466//1758 2502//1758
f 2465//1759 2502//1759 2501//1759
f 2466//1760 2467//1760 2502//1760
f 2467//1761 2503//1761 2502//1761
f 2467//1762 2468//1762 2504//1762
f 2467//1763 2504//1763 2503//1763
f 2468//1764 2469//1764 2504//1764
f 2469//1765 2505//1765 2504//1765
f 2469//1766 2470//1766 2506//1766
f 2469//1767 2506//1767 2505//1767
f 2470//1768 2471//1768 2506//1768
f 2471//1769 2507//1769 2506//1769
f 2471//1770 2472//1770 2508//1770
f 2471//1771 2508//1771 2507//1771
f 2472//1772 2473//1772 2508//1772
f 2473//1773 2509//1773 2508//1773
f 2473//1774 2474//1774 2510//1774
f 2473//1775 2510//1775 2509//1775
f 2474//1776 2475//1776 2510//1776
f 2475//1777 2511//1777 2510//1777
f 2475//1778 2476//1778 2512//1778
f 2475//1779 2512//1779 2511//1779
f 2476//1780 2477//1780 2512//1780
f 2477//1781 2513//1781 2512//1781
f 2477//1782 2478//1782 2514//1782
f 2477//1783 2514//1783 2513//1783
f 2478//1784 2479//1784 2514//1784
f 2479//1785 2515//1785 2514//1785
f 2479//1786 2480//1786 2516//1786
f 2479//1787 2516//1787 2515//1787
f 2480//1788 2481//1788 2516//1788
f 2481//1789 2517//1789 2516//1789
f 2481//1790 2482//1790 2518//1790
f 2481//1791 2518//1791 2517//1791
f 2482//1792 2483//1792 2518//1792
f 2483//1793 2519//1793 2518//1793
f 2483//1794 2484//1794 2520//1794
f 2483//1795 2520//1795 2519//1795
f 2484//1796 2449//1796 2520//1796
f 2449//1797 2485//1797 2520//1797
f 2485//1798 2486//1798 2521//1798
f 2486//1799 2522//1799 2521//1799
f 2486//1800 2487//1800 2523//1800
f 2486//1801 2523//1801 2522//1801
f 2487//1802 2488//1802 2523//1802
f 2488//1803 2524//1803 2523//1803
f 2488//1804 2489//1804 2525//1804
f 2488//1805 2525//1805 2524//1805
f 2489//1806 2490//1806 2525//1806
f 2490//1807 2526//1807 2525//1807
f 2490//1808 2491//1808 2527//1808
f 2490//1809 2527//1809 2526//1809
f 2491//1810 2492//1810 2527//1810
f 2492//1811 2528//1811 2527//1811
f 2492//1812 2493//1812 2529//1812
f 2492//1813 2529//1813 2528//1813
f 2493//1814 2494//1814 2529//1814
f 2494//1815 2530//1815 2529//1815
f 2494//1816 2495//1816 2531//1816
f 2494//1817 2531//1817 2530//1817
f 2495//1818 2496//1818 2531//1818
f 2496//1819 2532//1819 2531//1819
f 2496//1820 2497//1820 2533//1820
f 2496//1821 2533//1821 2532//1821
f 2497//1822 2498//1822 2533//1822
f 2498//1823 2534//1823 2533//1823
f 2498//1824 2499//1824 2535//1824
f 2498//1825 2535//1825 2534//1825
f 2499//1826 2500//1826 2535//1826
f 2500//1827 2536//1827 2535//1827
f 2500//1828 2501//1828 2537//1828
f 2500//1829 2537//1829 2536//1829
f 2501//1830 2502//1830 2537//1830
f 2502//1831 2538//1831 2537//1831
f 2502//1832 2503//1832 2539//1832
f 2502//1833 2539//1833 2538//1833
f 2503//1834 2504//1834 2539//1834
f 2504//1835 2540//1835 2539//1835
f 2504//1836 2505//1836 2541//1836
f 2504//1837 2541//1837 2540//1837
f 2505//1838 2506//1838 2541//1838
f 2506//1839 2542//1839 2541//1839
f 2506//1840 2507//1840 2543//1840
f 2506//1841 2543//1841 2542//1841
f 2507//1842 2508//1842 2543//1842
f 2508//1843 2544//1843 2543//1843
f 2508//1844 2509//1844 2545//1844
f 2508//1845 2545//1845 2544//1845
f 2509//1846 2510//1846 2545//1846
f 2510//1847 2546//1847 2545//1847
f 2510//1848 2511//1848 2547//1848
f 2510//1849 2547//1849 2546//1849
f 2511//1850 2512//1850 2547//1850
f 2512//1851 2548//1851 2547//1851
f 2512//1852 2513//1852 2549//1852
f 2512//1853 2549//1853 2548//1853
f 2513//1854 2514//1854 2549//1854
f 2514//1855 2550//1855 2549//1855
f 2514//1856 2515//1856 2551//1856
f 2514//1857 2551//1857 2550//1857
f 2515//1858 2516//1858 2551//1858
f 2516//1859 2552//1859 2551//1859
f 2516//1860 2517//1860 2553//1860
f 2516//1861 2553//1861 2552//1861
f 2517//1862 2518//1862 2553//1862
f 2518//1863 2554//1863 2553//1863
f 2518//1864 2519//1864 2555//1864
f 2518//1865 2555//1865 2554//1865
f 2519//1866 2520//1866 2555//1866
f 2520//1867 2556//1867 2555//1867
f 2520//1868 2485//1868 2521//1868
f 2520//1869 2521//1869 2556//1869
f 2521//1870 2522//1870 2558//1870
f 2521//1871 2558//1871 2557//1871
f 2522//1872 2523//1872 2558//1872
f 2523//1873 2559//1873 2558//1873
f 2523//1874 2524//1874 2560//1874
f 2523//1875 2560//1875 2559//1875
f 2524//1876 2525//1876 2560//1876
f 2525//1877 2561//1877 2560//1877
f 2525//1878 2526//1878 2562//1878
f 2525//1879 2562//1879 2561//1879
f 2526//1880 2527//1880 2562//1880
f 2527//1881 2563//1881 2562//1881
f 2527//1882 2528//1882 2564//1882
f 2527//1883 2564//1883 2563//1883
f 2528//1884 2529//1884 2564//1884
f 2529//1885 2565//1885 2564//1885
f 2529//1886 2530//1886 2566//1886
f 2529//1887 2566//1887 2565//1887
f 2530//1888 2531//1888 2566//1888
f 2531//1889 2567//1889 2566//1889
f 2531//1890 2532//1890 2568//1890
f 2531//1891 2568//1891 2567//1891
f 2532//1892 2533//1892 2568//1892
f 2533//1893 2569//1893 2568//1893
f 2533//1894 2534//1894 2570//1894
f 2533//1895 2570//1895 2569//1895
f 2534//1896 2535//1896 2570//1896
f 2535//1897 2571//1897 2570//1897
f 2535//1898 2536//1898 2572//1898
f 2535//1899 2572//1899 2571//1899
f 2536//1900 2537//1900 2572//1900
f 2537//1901 2573//1901 2572//1901
f 2537//1902 2538//1902 2574//1902
f 2537//1903 2574//1903 2573//1903
f 2538//1904 2539//1904 2574//1904
f 2539//1905 2575//1905 2574//1905
f 2539//1906 2540//1906 2576//1906
f 2539//1907 2576//1907 2575//1907
f 2540//1908 2541//1908 2576//1908
f 2541//1909 2577//1909 2576//1909
f 2541//1910 2542//1910 2578//1910
f 2541//1911 2578//1911 2577//1911
f 2542//1912 2543//1912 2578//1912
f 2543//1913 2579//1913 2578//1913
f 2543//1914 2544//1914 2580//1914
f 2543//1915 2580//1915 2579//1915
f 2544//1916 2545//1916 2580//1916
f 2545//1917 2581//1917 2580//1917
f 2545//1918 2546//1918 2582//1918
f 2545//1919 2582//1919 2581//1919
f 2546//1920 2547//1920 2582//1920
f 2547//1921 2583//1921 2582//1921
f 2547//1922 2548//1922 2584//1922
f 2547//1923 2584//1923 2583//1923
f 2548//1924 2549//1924 2584//1924
f 2549//1925 2585//1925 2584//1925
f 2549//1926 2550//1926 2586//1926
f 2549//1927 2586//1927 2585//1927
f 2550//1928 2551//1928 2586//1928
f 2551//1929 2587//1929 2586//1929
f 2551//1930 2552//1930 2588//1930
f 2551//1931 2588//1931 2587//1931
f 2552//1932 2553//1932 2588//1932
f 2553//1933 2589//1933 2588//1933
f 2553//1934 2554//1934 2590//1934
f 2553//1935 2590//1935 2589//1935
f 2554//1936 2555//1936 2590//1936
f 2555//1937 2591//1937 2590//1937
f 2555//1938 2556//1938 2592//1938
f 2555//1939 2592//1939 2591//1939
f 2556//1940 2521//1940 2592//1940
f 2521//1941 2557//1941 2592//1941
f 2557//1942 2558//1942 2593//1942
f 2558//1943 2594//1943 2593//1943
f 2558//1944 2559//1944 2595//1944
f 2558//1945 2595//1945 2594//1945
f 2559//1946 2560//1946 2595//1946
f 2560//1947 2596//1947 2595//1947
f 2560//1948 2561//1948 2597//1948
f 2560//1949 2597//1949 2596//1949
f 2561//1950 2562//1950 2597//1950
f 2562//1951 2598//1951 2597//1951
f 2562//1952 2563//1952 2599//1952
f 2562//1953 2599//1953 2598//1953
f 2563//1954 2564//1954 2599//1954
f 2564//1955 2600//1955 2599//1955
f 2564//1956 2565//1956 2601//1956
f 2564//1957 2601//1957 2600//1957
f 2565//1958 2566//1958 2601//1958
f 2566//1959 2602//1959 2601//1959
f 2566//1960 2567//1960 2603//1960
f 2566//1961 2603//1961 2602//1961
f 2567//1962 2568//1962 2603//1962
f 2568//1963 2604//1963 2603//1963
f 2568//1964 2569//1964 2605//1964
f 2568//1965 2605//1965 2604//1965
f 2569//1966 2570//1966 2605//1966
f 2570//1967 2606//1967 2605//1967
f 2570//1968 2571//1968 2607//1968
f 2570//1969 2607//1969 2606//1969
f 2571//1970 2572//1970 2607//1970
f 2572//1971 2608//1971 2607//1971
f 2572//1972 2573//1972 2609//1972
f 2572//1973 2609//1973 2608//1973
f 2573//1974 2574//1974 2609//1974
f 2574//1975 2610//1975 2609//1975
f 2574//1976 2575//1976 2611//1976
f 2574//1977 2611//1977 2610//1977
f 2575//1978 2576//1978 2611//1978
f 2576//1979 2612//1979 2611//1979
f 2576//1980 2577//1980 2613//1980
f 2576//1981 2613//1981 2612//1981
f 2577//1982 2578//1982 2613//1982
f 2578//1983 2614//1983 2613//1983
f 2578//1984 2579//1984 2615//1984
f 2578//1985 2615//1985 2614//1985
f 2579//1986 2580//1986 2615//1986
f 2580//1987 2616//1987 2615//1987
f 2580//1988 2581//1988 2617//1988
f 2580//1989 2617//1989 2616//1989
f 2581//1990 2582//1990 2617//1990
f 2582//1991 2618//1991 2617//1991
f 2582//1992 2583//1992 2619//1992
f 2582//1993 2619//1993 2618//1993
f 2583//1994 2584//1994 2619//1994
f 2584//1995 2620//1995 2619//1995
f 2584//1996 2585//1996 2621//1996
f 2584//1997 2621//1997 2620//1997
f 2585//1998 2586//1998 2621//1998
f 2586//1999 2622//1999 2621//1999
f 2586//2000 2587//2000 2623//2000
f 2586//2001 2623//2001 2622//2001
f 2587//2002 2588//2002 2623//2002
f 2588//2003 2624//2003 2623//2003
f 2588//2004 2589//2004 2625//2004
f 2588//2005 2625//2005 2624//2005
f 2589//2006 2590//2006 2625//2006
f 2590//2007 2626//2007 2625//2007
f 2590//2008 2591//2008 2627//2008
f 2590//2009 2627//2009 2626//2009
f 2591//2010 2592//2010 2627//2010
f 2592//2011 2628//2011 2627//2011
f 2592//2012 2557//2012 2593//2012
f 2592//2013 2593//2013 2628//2013
f 2593//2014 2594//2014 2630//2014
f 2593//2015 2630//2015 2629//2015
f 2594//2016 2595//2016 2630//2016
f 2595//2017 2631//2017 2630//2017
f 2595//2018 2596//2018 2632//2018
f 2595//2019 2632//2019 2631//2019
f 2596//2020 2597//2020 2632//2020
f 2597//2021 2633//2021 2632//2021
f 2597//2022 2598//2022 2634//2022
f 2597//2023 2634//2023 2633//2023
f 2598//2024 2599//2024 2634//2024
f 2599//2025 2635//2025 2634//2025
f 2599//2026 2600//2026 2636//2026
f 2599//2027 2636//2027 2635//2027
f 2600//2028 2601//2028 2636//2028
f 2601//2029 2637//2029 2636//2029
f 2601//2030 2602//2030 2638//2030
f 2601//2031 2638//2031 2637//2031
f 2602//2032 2603//2032 2638//2032
f 2603//2033 2639//2033 2638//2033
f 2603//2034 2604//2034 2640//2034
f 2603//2035 2640//2035 2639//2035
f 2604//2036 2605//2036 2640//2036
f 2605//2037 2641//2037 2640//2037
f 2605//2038 2606//2038 2642//2038
f 2605//2039 2642//2039 2641//2039
f 2606//2040 2607//2040 2642//2040
f 2607//2041 2643//2041 2642//2041
f 2607//2042 2608//2042 2644//2042
f 2607//2043 2644//2043 2643//2043
f 2608//2044 2609//2044 2644//2044
f 2609//2045 2645//2045 2644//2045
f 2609//2046 2610//2046 2646//2046
f 2609//2047 2646//2047 2645//2047
f 2610//2048 2611//2048 2646//2048
f 2611//2049 2647//2049 2646//2049
f 2611//2050 2612//2050 2648//2050
f 2611//2050 2648//2050 2647//2050
f 2612//2051 2613//2051 2648//2051
f 2613//2052 2649//2052 2648//2052
f 2613//2053 2614//2053 2650//2053
f 2613//2054 2650//2054 2649//2054
f 2614//2055 2615//2055 2650//2055
f 2615//2056 2651//2056 2650//2056
f 2615//2057 2616//2057 2652//2057
f 2615//2058 2652//2058 2651//2058
f 2616//2059 2617//2059 2652//2059
f 2617//2060 2653//2060 2652//2060
f 2617//2061 2618//2061 2654//2061
f 2617//2062 2654//2062 2653//2062
f 2618//2063 2619//2063 2654//2063
f 2619//2064 2655//2064 2654//2064
f 2619//2065 2620//2065 2656//2065
f 2619//2066 2656//2066 2655//2066
f 2620//2067 2621//2067 2656//2067
f 2621//2068 2657//2068 2656//2068
f 2621//2069 2622//2069 2658//2069
f 2621//2070 2658//2070 2657//2070
f 2622//2071 2623//2071 2658//2071
f 2623//2072 2659//2072 2658//2072
f 2623//2073 2624//2073 2660//2073
f 2623//2074 2660//2074 2659//2074
f 2624//2075 2625//2075 2660//2075
f 2625//2076 2661//2076 2660//2076
f 2625//2077 2626//2077 2662//2077
f 2625//2078 2662//2078 2661//2078
f 2626//2079 2627//2079 2662//2079
f 2627//2080 2663//2080 2662//2080
f 2627//2081 2628//2081 2664//2081
f 2627//2082 2664//2082 2663//2082
f 2628//2083 2593//2083 2664//2083
f 2593//2084 2629//2084 2664//2084
f 2629//2085 2630//2085 2665//2085
f 2630//2085 2666//2085 2665//2085
f 2630//2086 2631//2086 2667//2086
f 2630//2087 2667//2087 2666//2087
f 2631//2088 2632//2088 2667//2088
f 2632//2088 2668//2088 2667//2088
f 2632//2089 2633//2089 2669//2089
f 2632//2090 2669//2090 2668//2090
f 2633//2091 2634//2091 2669//2091
f 2634//2092 2670//2092 2669//2092
f 2634//2093 2635//2093 2671//2093
f 2634//2094 2671//2094 2670//2094
f 2635//2095 2636//2095 2671//2095
f 2636//2096 2672//2096 2671//2096
f 2636//2097 2637//2097 2673//2097
f 2636//2098 2673//2098 2672//2098
f 2637//2099 2638//2099 2673//2099
f 2638//2099 2674//2099 2673//2099
f 2638//2100 2639//2100 2675//2100
f 2638//2101 2675//2101 2674//2101
f 2639//2102 2640//2102 2675//2102
f 2640//2102 2676//2102 2675//2102
f 2640//2103 2641//2103 2677//2103
f 2640//2104 2677//2104 2676//2104
f 2641//2105 2642//2105 2677//2105
f 2642//2106 2678//2106 2677//2106
f 2642//2107 2643//2107 2679//2107
f 2642//2108 2679//2108 2678//2108
f 2643//2109 2644//2109 2679//2109
f 2644//2110 2680//2110 2679//2110
f 2644//2111 2645//2111 2681//2111
f 2644//2112 2681//2112 2680//2112
f 2645//2113 2646//2113 2681//2113
f 2646//2114 2682//2114 2681//2114
f 2646//2115 2647//2115 2683//2115
f 2646//2115 2683//2115 2682//2115
f 2647//2116 2648//2116 2683//2116
f 2648//2117 2684//2117 2683//2117
f 2648//2118 2649//2118 2685//2118
f 2648//2119 2685//2119 2684//2119
f 2649//2120 2650//2120 2685//2120
f 2650//2121 2686//2121 2685//2121
f 2650//2122 2651//2122 2687//2122
f 2650//2123 2687//2123 2686//2123
f 2651//2124 2652//2124 2687//2124
f 2652//2125 2688//2125 2687//2125
f 2652//2126 2653//2126 2689//2126
f 2652//2127 2689//2127 2688//2127
f 2653//2128 2654//2128 2689//2128
f 2654//2129 2690//2129 2689//2129
f 2654//2130 2655//2130 2691//2130
f 2654//2130 2691//2130 2690//2130
f 2655//2131 2656//2131 2691//2131
f 2656//2132 2692//2132 2691//2132
f 2656//2133 2657//2133 2693//2133
f 2656//2133 2693//2133 2692//2133
f 2657//2134 2658//2134 2693//2134
f 2658//2135 2694//2135 2693//2135
f 2658//2136 2659//2136 2695//2136
f 2658//2137 2695//2137 2694//2137
f 2659//2138 2660//2138 2695//2138
f 2660//2139 2696//2139 2695//2139
f 2660//2140 2661//2140 2697//2140
f 2660//2141 2697//2141 2696//2141
f 2661//2142 2662//2142 2697//2142
f 2662//2143 2698//2143 2697//2143
f 2662//2144 2663//2144 2699//2144
f 2662//2144 2699//2144 2698//2144
f 2663//2145 2664//2145 2699//2145
f 2664//2146 2700//2146 2699//2146
f 2664//2147 2629//2147 2665//2147
f 2664//2147 2665//2147 2700//2147
f 2665//2148 2666//2148 2702//2148
f 2665//2149 2702//2149 2701//2149
f 2666//2150 2667//2150 2702//2150
f 2667//2151 2703//2151 2702//2151
f 2667//2152 2668//2152 2704//2152
f 2667//2153 2704//2153 2703//2153
f 2668//2154 2669//2154 2704//2154
f 2669//2155 2705//2155 2704//2155
f 2669//2156 2670//2156 2706//2156
f 2669//2157 2706//2157 2705//2157
f 2670//2158 2671//2158 2706//2158
f 2671//2159 2707//2159 2706//2159
f 2671//2160 2672//2160 2708//2160
f 2671//2161 2708//2161 2707//2161
f 2672//2162 2673//2162 2708//2162
f 2673//2163 2709//2163 2708//2163
f 2673//2164 2674//2164 2710//2164
f 2673//2165 2710//2165 2709//2165
f 2674//2166 2675//2166 2710//2166
f 2675//2167 2711//2167 2710//2167
f 2675//2168 2676//2168 2712//2168
f 2675//2169 2712//2169 2711//2169
f 2676//2170 2677//2170 2712//2170
f 2677//2171 2713//2171 2712//2171
f 2677//2172 2678//2172 2714//2172
f 2677//2173 2714//2173 2713//2173
f 2678//2174 2679//2174 2714//2174
f 2679//2175 2715//2175 2714//2175
f 2679//2176 2680//2176 2716//2176
f 2679//2177 2716//2177 2715//2177
f 2680//2178 2681//2178 2716//2178
f 2681//2179 2717//2179 2716//2179
f 2681//2180 2682//2180 2718//2180
f 2681//2181 2718//2181 2717//2181
f 2682//2182 2683//2182 2718//2182
f 2683//2183 2719//2183 2718//2183
f 2683//2184 2684//2184 2720//2184
f 2683//2185 2720//2185 2719//2185
f 2684//2186 2685//2186 2720//2186
f 2685//2187 2721//2187 2720//2187
f 2685//2188 2686//2188 2722//2188
f 2685//2189 2722//2189 2721//2189
f 2686//2190 2687//2190 2722//2190
f 2687//2191 2723//2191 2722//2191
f 2687//2192 2688//2192 2724//2192
f 2687//2193 2724//2193 2723//2193
f 2688//2194 2689//2194 2724//2194
f 2689//2195 2725//2195 2724//2195
f 2689//2196 2690//2196 2726//2196
f 2689//2197 2726//2197 2725//2197
f 2690//2198 2691//2198 2726//2198
f 2691//2199 2727//2199 2726//2199
f 2691//2200 2692//2200 2728//2200
f 2691//2201 2728//2201 2727//2201
f 2692//2202 2693//2202 2728//2202
f 2693//2203 2729//2203 2728//2203
f 2693//2204 2694//2204 2730//2204
f 2693//2205 2730//2205 2729//2205
f 2694//2206 2695//2206 2730//2206
f 2695//2207 2731//2207 2730//2207
f 2695//2208 2696//2208 2732//2208
f 2695//2209 2732//2209 2731//2209
f 2696//2210 2697//2210 2732//2210
f 2697//2211 2733//2211 2732//2211
f 2697//2212 2698//2212 2734//2212
f 2697//2213 2734//2213 2733//2213
f 2698//2214 2699//2214 2734//2214
f 2699//2215 2735//2215 2734//2215
f 2699//2216 2700//2216 2736//2216
f 2699//2217 2736//2217 2735//2217
f 2700//2218 2665//2218 2736//2218
f 2665//2219 2701//2219 2736//2219
f 2701//2220 2702//2220 2737//2220
f 2702//2221 2738//2221 2737//2221
f 2702//2222 2703//2222 2739//2222
f 2702//2223 2739//2223 2738//2223
f 2703//2224 2704//2224 2739//2224
f 2704//2225 2740//2225 2739//2225
f 2704//2226 2705//2226 2741//2226
f 2704//2227 2741//2227 2740//2227
f 2705//2228 2706//2228 2741//2228
f 2706//2229 2742//2229 2741//2229
f 2706//2230 2707//2230 2743//2230
f 2706//2231 2743//2231 2742//2231
f 2707//2232 2708//2232 2743//2232
f 2708//2233 2744//2233 2743//2233
f 2708//2234 2709//2234 2745//2234
f 2708//2235 2745//2235 2744//2235
f 2709//2236 2710//2236 2745//2236
f 2710//2237 2746//2237 2745//2237
f 2710//2238 2711//2238 2747//2238
f 2710//2239 2747//2239 2746//2239
f 2711//2240 2712//2240 2747//2240
f 2712//2241 2748//2241 2747//2241
f 2712//2242 2713//2242 2749//2242
f 2712//2243 2749//2243 2748//2243
f 2713//2244 2714//2244 2749//2244
f 2714//2245 2750//2245 2749//2245
f 2714//2246 2715//2246 2751//2246
f 2714//2247 2751//2247 2750//2247
f 2715//2248 2716//2248 2751//2248
f 2716//2249 2752//2249 2751//2249
f 2716//2250 2717//2250 2753//2250
f 2716//2251 2753//2251 2752//2251
f 2717//2252 2718//2252 2753//2252
f 2718//2253 2754//2253 2753//2253
f 2718//2254 2719//2254 2755//2254
f 2718//2255 2755//2255 2754//2255
f 2719//2256 2720//2256 2755//2256
f 2720//2257 2756//2257 2755//2257
f 2720//2258 2721//2258 2757//2258
f 2720//2259 2757//2259 2756//2259
f 2721//2260 2722//2260 2757//2260
f 2722//2261 2758//2261 2757//2261
f 2722//2262 2723//2262 2759//2262
f 2722//2263 2759//2263 2758//2263
f 2723//2264 2724//2264 2759//2264
f 2724//2265 2760//2265 2759//2265
f 2724//2266 2725//2266 2761//2266
f 2724//2267 2761//2267 2760//2267
f 2725//2268 2726//2268 2761//2268
f 2726//2269 2762//2269 2761//2269
f 2726//2270 2727//2270 2763//2270
f 2726//2271 2763//2271 2762//2271
f 2727//2272 2728//2272 2763//2272
f 2728//2273 2764//2273 2763//2273
f 2728//2274 2729//2274 2765//2274
f 2728//2275 2765//2275 2764//2275
f 2729//2276 2730//2276 2765//2276
f 2730//2277 2766//2277 2765//2277
f 2730//2278 2731//2278 2767//2278
f 2730//2279 2767//2279 2766//2279
f 2731//2280 2732//2280 2767//2280
f 2732//2281 2768//2281 2767//2281
f 2732//2282 2733//2282 2769//2282
f 2732//2283 2769//2283 2768//2283
f 2733//2284 2734//2284 2769//2284
f 2734//2285 2770//2285 2769//2285
f 2734//2286 2735//2286 2771//2286
f 2734//2287 2771//2287 2770//2287
f 2735//2288 2736//2288 2771//2288
f 2736//2289 2772//2289 2771//2289
f 2736//2290 2701//2290 2737//2290
f 2736//2291 2737//2291 2772//2291
f 2737//2292 2738//2292 2774//2292
f 2737//2293 2774//2293 2773//2293
f 2738//2294 2739//2294 2774//2294
f 2739//2295 2775//2295 2774//2295
f 2739//2296 2740//2296 2776//2296
f 2739//2297 2776//2297 2775//2297
f 2740//2298 2741//2298 2776//2298
f 2741//2299 2777//2299 2776//2299
f 2741//2300 2742//2300 2778//2300
f 2741//2301 2778//2301 2777//2301
f 2742//2302 2743//2302 2778//2302
f 2743//2303 2779//2303 2778//2303
f 2743//2304 2744//2304 2780//2304
f 2743//2305 2780//2305 2779//2305
f 2744//2306 2745//2306 2780//2306
f 2745//2307 2781//2307 2780//2307
f 2745//2308 2746//2308 2782//2308
f 2745//2309 2782//2309 2781//2309
f 2746//2310 2747//2310 2782//2310
f 2747//2311 2783//2311 2782//2311
f 2747//2312 2748//2312 2784//2312
f 2747//2313 2784//2313 2783//2313
f 2748//2314 2749//2314 2784//2314
f 2749//2315 2785//2315 2784//2315
f 2749//2316 2750//2316 2786//2316
f 2749//2317 2786//2317 2785//2317
f 2750//2318 2751//2318 2786//2318
f 2751//2319 2787//2319 2786//2319
f 2751//2320 2752//2320 2788//2320
f 2751//2321 2788//2321 2787//2321
f 2752//2322 2753//2322 2788//2322
f 2753//2323 2789//2323 2788//2323
f 2753//2324 2754//2324 2790//2324
f 2753//2325 2790//2325 2789//2325
f 2754//2326 2755//2326 2790//2326
f 2755//2327 2791//2327 2790//2327
f 2755//2328 2756//2328 2792//2328
f 2755//2329 2792//2329 2791//2329
f 2756//2330 2757//2330 2792//2330
f 2757//2331 2793//2331 2792//2331
f 2757//2332 2758//2332 2794//2332
f 2757//2333 2794//2333 2793//2333
f 2758//2334 2759//2334 2794//2334
f 2759//2335 2795//2335 2794//2335
f 2759//2336 2760//2336 2796//2336
f 2759//2337 2796//2337 2795//2337
f 2760//2338 2761//2338 2796//2338
f 2761//2339 2797//2339 2796//2339
f 2761//2340 2762//2340 2798//2340
f 2761//2341 2798//2341 2797//2341
f 2762//2342 2763//2342 2798//2342
f 2763//2343 2799//2343 2798//2343
f 2763//2344 2764//2344 2800//2344
f 2763//2345 2800//2345 2799//2345
f 2764//2346 2765//2346 2800//2346
f 2765//2347 2801//2347 2800//2347
f 2765//2348 2766//2348 2802//2348
f 2765//2349 2802//2349 2801//2349
f 2766//2350 2767//2350 2802//2350
f 2767//2351 2803//2351 2802//2351
f 2767//2352 2768//2352 2804//2352
f 2767//2353 2804//2353 2803//2353
f 2768//2354 2769//2354 2804//2354
f 2769//2355 2805//2355 2804//2355
f 2769//2356 2770//2356 2806//2356
f 2769//2357 2806//2357 2805//2357
f 2770//2358 2771//2358 2806//2358
f 2771//2359 2807//2359 2806//2359
f 2771//2360 2772//2360 2808//2360
f 2771//2361 2808//2361 2807//2361
f 2772//2362 2737//2362 2808//2362
f 2737//2363 2773//2363 2808//2363
f 2773//2364 2774//2364 2809//2364
f 2774//2365 2810//2365 2809//2365
f 2774//2366 2775//2366 2811//2366
f 2774//2367 2811//2367 2810//2367
f 2775//2368 2776//2368 2811//2368
f 2776//2369 2812//2369 2811//2369
f 2776//2370 2777//2370 2813//2370
f 2776//2371 2813//2371 2812//2371
f 2777//2372 2778//2372 2813//2372
f 2778//2373 2814//2373 2813//2373
f 2778//2374 2779//2374 2815//2374
f 2778//2375 2815//2375 2814//2375
f 2779//2376 2780//2376 2815//2376
f 2780//2377 2816//2377 2815//2377
f 2780//2378 2781//2378 2817//2378
f 2780//2379 2817//2379 2816//2379
f 2781//2380 2782//2380 2817//2380
f 2782//2381 2818//2381 2817//2381
f 2782//2382 2783//2382 2819//2382
f 2782//2383 2819//2383 2818//2383
f 2783//2384 2784//2384 2819//2384
f 2784//2385 2820//2385 2819//2385
f 2784//2386 2785//2386 2821//2386
f 2784//2387 2821//2387 2820//2387
f 2785//2388 2786//2388 2821//2388
f 2786//2389 2822//2389 2821//2389
f 2786//2390 2787//2390 2823//2390
f 2786//2391 2823//2391 2822//2391
f 2787//2392 2788//2392 2823//2392
f 2788//2393 2824//2393 2823//2393
f 2788//2394 2789//2394 2825//2394
f 2788//2395 2825//2395 2824//2395
f 2789//2396 2790//2396 2825//2396
f 2790//2397 2826//2397 2825//2397
f 2790//2398 2791//2398 2827//2398
f 2790//2399 2827//2399 2826//2399
f 2791//2400 2792//2400 2827//2400
f 2792//2401 2828//2401 2827//2401
f 2792//2402 2793//2402 2829//2402
f 2792//2403 2829//2403 2828//2403
f 2793//2404 2794//2404 2829//2404
f 2794//2405 2830//2405 2829//2405
f 2794//2406 2795//2406 2831//2406
f 2794//2407 2831//2407 2830//2407
f 2795//2408 2796//2408 2831//2408
f 2796//2409 2832//2409 2831//2409
f 2796//2410 2797//2410 2833//2410
f 2796//2411 2833//2411 2832//2411
f 2797//2412 2798//2412 2833//2412
f 2798//2413 2834//2413 2833//2413
f 2798//2414 2799//2414 2835//2414
f 2798//2415 2835//2415 2834//2415
f 2799//2416 2800//2416 2835//2416
f 2800//2417 2836//2417 2835//2417
f 2800//2418 2801//2418 2837//2418
f 2800//2419 2837//2419 2836//2419
f 2801//2420 2802//2420 2837//2420
f 2802//2421 2838//2421 2837//2421
f 2802//2422 2803//2422 2839//2422
f 2802//2423 2839//2423 2838//2423
f 2803//2424 2804//2424 2839//2424
f 2804//2425 2840//2425 2839//2425
f 2804//2426 2805//2426 2841//2426
f 2804//2427 2841//2427 2840//2427
f 2805//2428 2806//2428 2841//2428
f 2806//2429 2842//2429 2841//2429
f 2806//2430 2807//2430 2843//2430
f 2806//2431 2843//2431 2842//2431
f 2807//2432 2808//2432 2843//2432
f 2808//2433 2844//2433 2843//2433
f 2808//2434 2773//2434 2809//2434
f 2808//2435 2809//2435 2844//2435
f 2809//2436 2810//2436 2846//2436
f 2809//2437 2846//2437 2845//2437
f 2810//2438 2811//2438 2846//2438
f 2811//2439 2847//2439 2846//2439
f 2811//2440 2812//2440 2848//2440
f 2811//2441 2848//2441 2847//2441
f 2812//2442 2813//2442 2848//2442
f 2813//2443 2849//2443 2848//2443
f 2813//2444 2814//2444 2850//2444
f 2813//2445 2850//2445 2849//2445
f 2814//2446 2815//2446 2850//2446
f 2815//2447 2851//2447 2850//2447
f 2815//2448 2816//2448 2852//2448
f 2815//2449 2852//2449 2851//2449
f 2816//2450 2817//2450 2852//2450
f 2817//2451 2853//2451 2852//2451
f 2817//2452 2818//2452 2854//2452
f 2817//2453 2854//2453 2853//2453
f 2818//2454 2819//2454 2854//2454
f 2819//2455 2855//2455 2854//2455
f 2819//2456 2820//2456 2856//2456
f 2819//2457 2856//2457 2855//2457
f 2820//2458 2821//2458 2856//2458
f 2821//2459 2857//2459 2856//2459
f 2821//2460 2822//2460 2858//2460
f 2821//2461 2858//2461 2857//2461
f 2822//2462 2823//2462 2858//2462
f 2823//2463 2859//2463 2858//2463
f 2823//2464 2824//2464 2860//2464
f 2823//2465 2860//2465 2859//2465
f 2824//2466 2825//2466 2860//2466
f 2825//2467 2861//2467 2860//2467
f 2825//2468 2826//2468 2862//2468
f 2825//2469 2862//2469 2861//2469
f 2826//2470 2827//2470 2862//2470
f 2827//2471 2863//2471 2862//2471
f 2827//2472 2828//2472 2864//2472
f 2827//2473 2864//2473 2863//2473
f 2828//2474 2829//2474 2864//2474
f 2829//2475 2865//2475 2864//2475
f 2829//2476 2830//2476 2866//2476
f 2829//2477 2866//2477 2865//2477
f 2830//2478 2831//2478 2866//2478
f 2831//2479 2867//2479 2866//2479
f 2831//2480 2832//2480 2868//2480
f 2831//2481 2868//2481 2867//2481
f 2832//2482 2833//2482 2868//2482
f 2833//2483 2869//2483 2868//2483
f 2833//2484 2834//2484 2870//2484
f 2833//2485 2870//2485 2869//2485
f 2834//2486 2835//2486 2870//2486
f 2835//2487 2871//2487 2870//2487
f 2835//2488 2836//2488 2872//2488
f 2835//2489 2872//2489 2871//2489
f 2836//2490 2837//2490 2872//2490
f 2837//2491 2873//2491 2872//2491
f 2837//2492 2838//2492 2874//2492
f 2837//2493 2874//2493 2873//2493
f 2838//2494 2839//2494 2874//2494
f 2839//2495 2875//2495 2874//2495
f 2839//2496 2840//2496 2876//2496
f 2839//2497 2876//2497 2875//2497
f 2840//2498 2841//2498 2876//2498
f 2841//2499 2877//2499 2876//2499
f 2841//2500 2842//2500 2878//2500
f 2841//2501 2878//2501 2877//2501
f 2842//2502 2843//2502 2878//2502
f 2843//2503 2879//2503 2878//2503
f 2843//2504 2844//2504 2880//2504
f 2843//2505 2880//2505 2879//2505
f 2844//2506 2809//2506 2880//2506
f 2809//2507 2845//2507 2880//2507
f 2845//2508 2846//2508 2881//2508
f 2846//2509 2882//2509 2881//2509
f 2846//2510 2847//2510 2883//2510
f 2846//2511 2883//2511 2882//2511
f 2847//2512 2848//2512 2883//2512
f 2848//2513 2884//2513 2883//2513
f 2848//2514 2849//2514 2885//2514
f 2848//2515 2885//2515 2884//2515
f 2849//2516 2850//2516 2885//2516
f 2850//2517 2886//2517 2885//2517
f 2850//2518 2851//2518 2887//2518
f 2850//2519 2887//2519 2886//2519
f 2851//2520 2852//2520 2887//2520
f 2852//2521 2888//2521 2887//2521
f 2852//2522 2853//2522 2889//2522
f 2852//2523 2889//2523 2888//2523
f 2853//2524 2854//2524 2889//2524
f 2854//2525 2890//2525 2889//2525
f 2854//2526 2855//2526 2891//2526
f 2854//2527 2891//2527 2890//2527
f 2855//2528 2856//2528 2891//2528
f 2856//2529 2892//2529 2891//2529
f 2856//2530 2857//2530 2893//2530
f 2856//2531 2893//2531 2892//2531
f 2857//2532 2858//2532 2893//2532
f 2858//2533 2894//2533 2893//2533
f 2858//2534 2859//2534 2895//2534
f 2858//2535 2895//2535 2894//2535
f 2859//2536 2860//2536 2895//2536
f 2860//2537 2896//2537 2895//2537
f 2860//2538 2861//2538 2897//2538
f 2860//2539 2897//2539 2896//2539
f 2861//2540 2862//2540 2897//2540
f 2862//2541 2898//2541 2897//2541
f 2862//2542 2863//2542 2899//2542
f 2862//2543 2899//2543 2898//2543
f 2863//2544 2864//2544 2899//2544
f 2864//2545 2900//2545 2899//2545
f 2864//2546 2865//2546 2901//2546
f 2864//2547 2901//2547 2900//2547
f 2865//2548 2866//2548 2901//2548
f 2866//2549 2902//2549 2901//2549
f 2866//2550 2867//2550 2903//2550
f 2866//2551 2903//2551 2902//2551
f 2867//2552 2868//2552 2903//2552
f 2868//2553 2904//2553 2903//2553
f 2868//2554 2869//2554 2905//2554
f 2868//2555 2905//2555 2904//2555
f 2869//2556 2870//2556 2905//2556
f 2870//2557 2906//2557 2905//2557
f 2870//2558 2871//2558 2907//2558
f 2870//2559 2907//2559 2906//2559
f 2871//2560 2872//2560 2907//2560
f 2872//2561 2908//2561 2907//2561
f 2872//2562 2873//2562 2909//2562
f 2872//2563 2909//2563 2908//2563
f 2873//2564 2874//2564 2909//2564
f 2874//2565 2910//2565 2909//2565
f 2874//2566 2875//2566 2911//2566
f 2874//2567 2911//2567 2910//2567
f 2875//2568 2876//2568 2911//2568
f 2876//2569 2912//2569 2911//2569
f 2876//2570 2877//2570 2913//2570
f 2876//2571 2913//2571 2912//2571
f 2877//2572 2878//2572 2913//2572
f 2878//2573 2914//2573 2913//2573
f 2878//2574 2879//2574 2915//2574
f 2878//2575 2915//2575 2914//2575
f 2879//2576 2880//2576 2915//2576
f 2880//2577 2916//2577 2915//2577
f 2880//2578 2845//2578 2881//2578
f 2880//2579 2881//2579 2916//2579
f 2881//2580 2882//2580 2918//2580
f 2881//2581 2918//2581 2917//2581
f 2882//2582 2883//2582 2918//2582
f 2883//2583 2919//2583 2918//2583
f 2883//2584 2884//2584 2920//2584
f 2883//2585 2920//2585 2919//2585
f 2884//2586 2885//2586 2920//2586
f 2885//2587 2921//2587 2920//2587
f 2885//2588 2886//2588 2922//2588
f 2885//2589 2922//2589 2921//2589
f 2886//2590 2887//2590 2922//2590
f 2887//2591 2923//2591 2922//2591
f 2887//2592 2888//2592 2924//2592
f 2887//2593 2924//2593 2923//2593
f 2888//2594 2889//2594 2924//2594
f 2889//2595 2925//2595 2924//2595
f 2889//2596 2890//2596 2926//2596
f 2889//2597 2926//2597 2925//2597
f 2890//2598 2891//2598 2926//2598
f 2891//2599 2927//2599 2926//2599
f 2891//2600 2892//2600 2928//2600
f 2891//2601 2928//2601 2927//2601
f 2892//2602 2893//2602 2928//2602
f 2893//2603 2929//2603 2928//2603
f 2893//2604 2894//2604 2930//2604
f 2893//2605 2930//2605 2929//2605
f 2894//2606 2895//2606 2930//2606
f 2895//2607 2931//2607 2930//2607
f 2895//2608 2896//2608 2932//2608
f 2895//2609 2932//2609 2931//2609
f 2896//2610 2897//2610 2932//2610
f 2897//2611 2933//2611 2932//2611
f 2897//2612 2898//2612 2934//2612
f 2897//2613 2934//2613 2933//2613
f 2898//2614 2899//2614 2934//2614
f 2899//2615 2935//2615 2934//2615
f 2899//2616 2900//2616 2936//2616
f 2899//2617 2936//2617 2935//2617
f 2900//2618 2901//2618 2936//2618
f 2901//2619 2937//2619 2936//2619
f 2901//2620 2902//2620 2938//2620
f 2901//2621 2938//2621 2937//2621
f 2902//2622 2903//2622 2938//2622
f 2903//2623 2939//2623 2938//2623
f 2903//2624 2904//2624 2940//2624
f 2903//2625 2940//2625 2939//2625
f 2904//2626 2905//2626 2940//2626
f 2905//2627 2941//2627 2940//2627
f 2905//2628 2906//2628 2942//2628
f 2905//2629 2942//2629 2941//2629
f 2906//2630 2907//2630 2942//2630
f 2907//2631 2943//2631 2942//2631
f 2907//2632 2908//2632 2944//2632
f 2907//2633 2944//2633 2943//2633
f 2908//2634 2909//2634 2944//2634
f 2909//2635 2945//2635 2944//2635
f 2909//2636 2910//2636 2946//2636
f 2909//2637 2946//2637 2945//2637
f 2910//2638 2911//2638 2946//2638
f 2911//2639 2947//2639 2946//2639
f 2911//2640 2912//2640 2948//2640
f 2911//2641 2948//2641 2947//2641
f 2912//2642 2913//2642 2948//2642
f 2913//2643 2949//2643 2948//2643
f 2913//2644 2914//2644 2950//2644
f 2913//2645 2950//2645 2949//2645
f 2914//2646 2915//2646 2950//2646
f 2915//2647 2951//2647 2950//2647
f 2915//2648 2916//2648 2952//2648
f 2915//2649 2952//2649 2951//2649
f 2916//2650 2881//2650 2952//2650
f 2881//2651 2917//2651 2952//2651
f 2917//2652 2918//2652 2953//2652
f 2918//2653 2954//2653 2953//2653
f 2918//2654 2919//2654 2955//2654
f 2918//2655 2955//2655 2954//2655
f 2919//2656 2920//2656 2955//2656
f 2920//2657 2956//2657 2955//2657
f 2920//2658 2921//2658 2957//2658
f 2920//2659 2957//2659 2956//2659
f 2921//2660 2922//2660 2957//2660
f 2922//2661 2958//2661 2957//2661
f 2922//2662 2923//2662 2959//2662
f 2922//2663 2959//2663 2958//2663
f 2923//2664 2924//2664 2959//2664
f 2924//2665 2960//2665 2959//2665
f 2924//2666 2925//2666 2961//2666
f 2924//2667 2961//2667 2960//2667
f 2925//2668 2926//2668 2961//2668
f 2926//2669 2962//2669 2961//2669
f 2926//2670 2927//2670 2963//2670
f 2926//2671 2963//2671 2962//2671
f 2927//2672 2928//2672 2963//2672
f 2928//2673 2964//2673 2963//2673
f 2928//2674 2929//2674 2965//2674
f 2928//2675 2965//2675 2964//2675
f 2929//2676 2930//2676 2965//2676
f 2930//2677 2966//2677 2965//2677
f 2930//2678 2931//2678 2967//2678
f 2930//2679 2967//2679 2966//2679
f 2931//2680 2932//2680 2967//2680
f 2932//2681 2968//2681 2967//2681
f 2932//2682 2933//2682 2969//2682
f 2932//2683 2969//2683 2968//2683
f 2933//2684 2934//2684 2969//2684
f 2934//2685 2970//2685 2969//2685
f 2934//2686 2935//2686 2971//2686
f 2934//2687 2971//2687 2970//2687
f 2935//2688 2936//2688 2971//2688
f 2936//2689 2972//2689 2971//2689
f 2936//2690 2937//2690 2973//2690
f 2936//2691 2973//2691 2972//2691
f 2937//2692 2938//2692 2973//2692
f 2938//2693 2974//2693 2973//2693
f 2938//2694 2939//2694 2975//2694
f 2938//2695 2975//2695 2974//2695
f 2939//2696 2940//2696 2975//2696
f 2940//2697 2976//2697 2975//2697
f 2940//2698 2941//2698 2977//2698
f 2940//2699 2977//2699 2976//2699
f 2941//2700 2942//2700 2977//2700
f 2942//2701 2978//2701 2977//2701
f 2942//2702 2943//2702 2979//2702
f 2942//2703 2979//2703 2978//2703
f 2943//2704 2944//2704 2979//2704
f 2944//2705 2980//2705 2979//2705
f 2944//2706 2945//2706 2981//2706
f 2944//2707 2981//2707 2980//2707
f 2945//2708 2946//2708 2981//2708
f 2946//2709 2982//2709 2981//2709
f 2946//2710 2947//2710 2983//2710
f 2946//2711 2983//2711 2982//2711
f 2947//2712 2948//2712 2983//2712
f 2948//2713 2984//2713 2983//2713
f 2948//2714 2949//2714 2985//2714
f 2948//2715 2985//2715 2984//2715
f 2949//2716 2950//2716 2985//2716
f 2950//2717 2986//2717 2985//2717
f 2950//2718 2951//2718 2987//2718
f 2950//2719 2987//2719 2986//2719
f 2951//2720 2952//2720 2987//2720
f 2952//2721 2988//2721 2987//2721
f 2952//2722 2917//2722 2953//2722
f 2952//2723 2953//2723 2988//2723
f 2989//2724 2990//2724 3026//2724
f 2989//2725 3026//2725 3025//2725
f 2990//2726 2991//2726 3026//2726
f 2991//2727 3027//2727 3026//2727
f 2991//2728 2992//2728 3028//2728
f 2991//2729 3028//2729 3027//2729
f 2992//2730 2993//2730 3028//2730
f 2993//2731 3029//2731 3028//2731
f 2993//2732 2994//2732 3030//2732
f 2993//2733 3030//2733 3029//2733
f 2994//2734 2995//2734 3030//2734
f 2995//2735 3031//2735 3030//2735
f 2995//2736 2996//2736 3032//2736
f 2995//2737 3032//2737 3031//2737
f 2996//2738 2997//2738 3032//2738
f 2997//2739 3033//2739 3032//2739
f 2997//2740 2998//2740 3034//2740
f 2997//2741 3034//2741 3033//2741
f 2998//2742 2999//2742 3034//2742
f 2999//2743 3035//2743 3034//2743
f 2999//2744 3000//2744 3036//2744
f 2999//2745 3036//2745 3035//2745
f 3000//2746 3001//2746 3036//2746
f 3001//2747 3037//2747 3036//2747
f 3001//2748 3002//2748 3038//2748
f 3001//2749 3038//2749 3037//2749
f 3002//2750 3003//2750 3038//2750
f 3003//2751 3039//2751 3038//2751
f 3003//2752 3004//2752 3040//2752
f 3003//2753 3040//2753 3039//2753
f 3004//2754 3005//2754 3040//2754
f 3005//2755 3041//2755 3040//2755
f 3005//2756 3006//2756 3042//2756
f 3005//2757 3042//2757 3041//2757
f 3006//2758 3007//2758 3042//2758
f 3007//2759 3043//2759 3042//2759
f 3007//2760 3008//2760 3044//2760
f 3007//2761 3044//2761 3043//2761
f 3008//2762 3009//2762 3044//2762
f 3009//2763 3045//2763 3044//2763
f 3009//2764 3010//2764 3046//2764
f 3009//2765 3046//2765 3045//2765
f 3010//2766 3011//2766 3046//2766
f 3011//2767 3047//2767 3046//2767
f 3011//2768 3012//2768 3048//2768
f 3011//2769 3048//2769 3047//2769
f 3012//2770 3013//2770 3048//2770
f 3013//2771 3049//2771 3048//2771
f 3013//2772 3014//2772 3050//2772
f 3013//2773 3050//2773 3049//2773
f 3014//2774 3015//2774 3050//2774
f 3015//2775 3051//2775 3050//2775
f 3015//2776 3016//2776 3052//2776
f 3015//2777 3052//2777 3051//2777
f 3016//2778 3017//2778 3052//2778
f 3017//2779 3053//2779 3052//2779
f 3017//2780 3018//2780 3054//2780
f 3017//2781 3054//2781 3053//2781
f 3018//2782 3019//2782 3054//2782
f 3019//2783 3055//2783 3054//2783
f 3019//2784 3020//2784 3056//2784
f 3019//2785 3056//2785 3055//2785
f 3020//2786 3021//2786 3056//2786
f 3021//2787 3057//2787 3056//2787
f 3021//2788 3022//2788 3058//2788
f 3021//2789 3058//2789 3057//2789
f 3022//2790 3023//2790 3058//2790
f 3023//2791 3059//2791 3058//2791
f 3023//2792 3024//2792 3060//2792
f 3023//2793 3060//2793 3059//2793
f 3024//2794 2989//2794 3060//2794
f 2989//2795 3025//2795 3060//2795
f 3025//2796 3026//2796 3061//2796
f 3026//2797 3062//2797 3061//2797
f 3026//2798 3027//2798 3063//2798
f 3026//2799 3063//2799 3062//2799
f 3027//2800 3028//2800 3063//2800
f 3028//2801 3064//2801 3063//2801
f 3028//2802 3029//2802 3065//2802
f 3028//2803 3065//2803 3064//2803
f 3029//2804 3030//2804 3065//2804
f 3030//2805 3066//2805 3065//2805
f 3030//2806 3031//2806 3067//2806
f 3030//2807 3067//2807 3066//2807
f 3031//2808 3032//2808 3067//2808
f 3032//2809 3068//2809 3067//2809
f 3032//2810 3033//2810 3069//2810
f 3032//2811 3069//2811 3068//2811
f 3033//2812 3034//2812 3069//2812
f 3034//2813 3070//2813 3069//2813
f 3034//2814 3035//2814 3071//2814
f 3034//2815 3071//2815 3070//2815
f 3035//2816 3036//2816 3071//2816
f 3036//2817 3072//2817 3071//2817
f 3036//2818 3037//2818 3073//2818
f 3036//2819 3073//2819 3072//2819
f 3037//2820 3038//2820 3073//2820
f 3038//2821 3074//2821 3073//2821
f 3038//2822 3039//2822 3075//2822
f 3038//2823 3075//2823 3074//2823
f 3039//2824 3040//2824 3075//2824
f 3040//2825 3076//2825 3075//2825
f 3040//2826 3041//2826 3077//2826
f 3040//2827 3077//2827 3076//2827
f 3041//2828 3042//2828 3077//2828
f 3042//2829 3078//2829 3077//2829
f 3042//2830 3043//2830 3079//2830
f 3042//2831 3079//2831 3078//2831
f 3043//2832 3044//2832 3079//2832
f 3044//2833 3080//2833 3079//2833
f 3044//2834 3045//2834 3081//2834
f 3044//2835 3081//2835 3080//2835
f 3045//2836 3046//2836 3081//2836
f 3046//2837 3082//2837 3081//2837
f 3046//2838 3047//2838 3083//2838
f 3046//2839 3083//2839 3082//2839
f 3047//2840 3048//2840 3083//2840
f 3048//2841 3084//2841 3083//2841
f 3048//2842 3049//2842 3085//2842
f 3048//2843 3085//2843 3084//2843
f 3049//2844 3050//2844 3085//2844
f 3050//2845 3086//2845 3085//2845
f 3050//2846 3051//2846 3087//2846
f 3050//2847 3087//2847 3086//2847
f 3051//2848 3052//2848 3087//2848
f 3052//2849 3088//2849 3087//2849
f 3052//2850 3053//2850 3089//2850
f 3052//2851 3089//2851 3088//2851
f 3053//2852 3054//2852 3089//2852
f 3054//2853 3090//2853 3089//2853
f 3054//2854 3055//2854 3091//2854
f 3054//2855 3091//2855 3090//2855
f 3055//2856 3056//2856 3091//2856
f 3056//2857 3092//2857 3091//2857
f 3056//2858 3057//2858 3093//2858
f 3056//2859 3093//2859 3092//2859
f 3057//2860 3058//2860 3093//2860
f 3058//2861 3094//2861 3093//2861
f 3058//2862 3059//2862 3095//2862
f 3058//2863 3095//2863 3094//2863
f 3059//2864 3060//2864 3095//2864
f 3060//2865 3096//2865 3095//2865
f 3060//2866 3025//2866 3061//2866
f 3060//2867 3061//2867 3096//2867
f 3061//2868 3062//2868 3098//2868
f 3061//2869 3098//2869 3097//2869
f 3062//2870 3063//2870 3098//2870
f 3063//2871 3099//2871 3098//2871
f 3063//2872 3064//2872 3100//2872
f 3063//2873 3100//2873 3099//2873
f 3064//2874 3065//2874 3100//2874
f 3065//2875 3101//2875 3100//2875
f 3065//2876 3066//2876 3102//2876
f 3065//2877 3102//2877 3101//2877
f 3066//2878 3067//2878 3102//2878
f 3067//2879 3103//2879 3102//2879
f 3067//2880 3068//2880 3104//2880
f 3067//2881 3104//2881 3103//2881
f 3068//2882 3069//2882 3104//2882
f 3069//2883 3105//2883 3104//2883
f 3069//2884 3070//2884 3106//2884
f 3069//2885 3106//2885 3105//2885
f 3070//2886 3071//2886 3106//2886
f 3071//2887 3107//2887 3106//2887
f 3071//2888 3072//2888 3108//2888
f 3071//2889 3108//2889 3107//2889
f 3072//2890 3073//2890 3108//2890
f 3073//2891 3109//2891 3108//2891
f 3073//2892 3074//2892 3110//2892
f 3073//2893 3110//2893 3109//2893
f 3074//2894 3075//2894 3110//2894
f 3075//2895 3111//2895 3110//2895
f 3075//2896 3076//2896 3112//2896
f 3075//2897 3112//2897 3111//2897
f 3076//2898 3077//2898 3112//2898
f 3077//2899 3113//2899 3112//2899
f 3077//2900 3078//2900 3114//2900
f 3077//2901 3114//2901 3113//2901
f 3078//2902 3079//2902 3114//2902
f 3079//2903 3115//2903 3114//2903
f 3079//2904 3080//2904 3116//2904
f 3079//2905 3116//2905 3115//2905
f 3080//2906 3081//2906 3116//2906
f 3081//2907 3117//2907 3116//2907
f 3081//2908 3082//2908 3118//2908
f 3081//2909 3118//2909 3117//2909
f 3082//2910 3083//2910 3118//2910
f 3083//2911 3119//2911 3118//2911
f 3083//2912 3084//2912 3120//2912
f 3083//2913 3120//2913 3119//2913
f 3084//2914 3085//2914 3120//2914
f 3085//2915 3121//2915 3120//2915
f 3085//2916 3086//2916 3122//2916
f 3085//2917 3122//2917 3121//2917
f 3086//2918 3087//2918 3122//2918
f 3087//2919 3123//2919 3122//2919
f 3087//2920 3088//2920 3124//2920
f 3087//2921 3124//2921 3123//2921
f 3088//2922 3089//2922 3124//2922
f 3089//2923 3125//2923 3124//2923
f 3089//2924 3090//2924 3126//2924
f 3089//2925 3126//2925 3125//2925
f 3090//2926 3091//2926 3126//2926
f 3091//2927 3127//2927 3126//2927
f 3091//2928 3092//2928 3128//2928
f 3091//2929 3128//2929 3127//2929
f 3092//2930 3093//2930 3128//2930
f 3093//2931 3129//2931 3128//2931
f 3093//2932 3094//2932 3130//2932
f 3093//2933 3130//2933 3129//2933
f 3094//2934 3095//2934 3130//2934
f 3095//2935 3131//2935 3130//2935
f 3095//2936 3096//2936 3132//2936
f 3095//2937 3132//2937 3131//2937
f 3096//2938 3061//2938 3132//2938
f 3061//2939 3097//2939 3132//2939
f 3097//2940 3098//2940 3133//2940
f 3098//2941 3134//2941 3133//2941
f 3098//2942 3099//2942 3135//2942
f 3098//2943 3135//2943 3134//2943
f 3099//2944 3100//2944 3135//2944
f 3100//2945 3136//2945 3135//2945
f 3100//2946 3101//2946 3137//2946
f 3100//2947 3137//2947 3136//2947
f 3101//2948 3102//2948 3137//2948
f 3102//2949 3138//2949 3137//2949
f 3102//2950 3103//2950 3139//2950
f 3102//2951 3139//2951 3138//2951
f 3103//2952 3104//2952 3139//2952
f 3104//2953 3140//2953 3139//2953
f 3104//2954 3105//2954 3141//2954
f 3104//2955 3141//2955 3140//2955
f 3105//2956 3106//2956 3141//2956
f 3106//2957 3142//2957 3141//2957
f 3106//2958 3107//2958 3143//2958
f 3106//2959 3143//2959 3142//2959
f 3107//2960 3108//2960 3143//2960
f 3108//2961 3144//2961 3143//2961
f 3108//2962 3109//2962 3145//2962
f 3108//2963 3145//2963 3144//2963
f 3109//2964 3110//2964 3145//2964
f 3110//2965 3146//2965 3145//2965
f 3110//2966 3111//2966 3147//2966
f 3110//2967 3147//2967 3146//2967
f 3111//2968 3112//2968 3147//2968
f 3112//2969 3148//2969 3147//2969
f 3112//2970 3113//2970 3149//2970
f 3112//2971 3149//2971 3148//2971
f 3113//2972 3114//2972 3149//2972
f 3114//2973 3150//2973 3149//2973
f 3114//2974 3115//2974 3151//2974
f 3114//2975 3151//2975 3150//2975
f 3115//2976 3116//2976 3151//2976
f 3116//2977 3152//2977 3151//2977
f 3116//2978 3117//2978 3153//2978
f 3116//2979 3153//2979 3152//2979
f 3117//2980 3118//2980 3153//2980
f 3118//2981 3154//2981 3153//2981
f 3118//2982 3119//2982 3155//2982
f 3118//2983 3155//2983 3154//2983
f 3119//2984 3120//2984 3155//2984
f 3120//2985 3156//2985 3155//2985
f 3120//2986 3121//2986 3157//2986
f 3120//2987 3157//2987 3156//2987
f 3121//2988 3122//2988 3157//2988
f 3122//2989 3158//2989 3157//2989
f 3122//2990 3123//2990 3159//2990
f 3122//2991 3159//2991 3158//2991
f 3123//2992 3124//2992 3159//2992
f 3124//2993 3160//2993 3159//2993
f 3124//2994 3125//2994 3161//2994
f 3124//2995 3161//2995 3160//2995
f 3125//2996 3126//2996 3161//2996
f 3126//2997 3162//2997 3161//2997
f 3126//2998 3127//2998 3163//2998
f 3126//2999 3163//2999 3162//2999
f 3127//3000 3128//3000 3163//3000
f 3128//3001 3164//3001 3163//3001
f 3128//3002 3129//3002 3165//3002
f 3128//3003 3165//3003 3164//3003
f 3129//3004 3130//3004 3165//3004
f 3130//3005 3166//3005 3165//3005
f 3130//3006 3131//3006 3167//3006
f 3130//3007 3167//3007 3166//3007
f 3131//3008 3132//3008 3167//3008
f 3132//3009 3168//3009 3167//3009
f 3132//3010 3097//3010 3133//3010
f 3132//3011 3133//3011 3168//3011
f 3133//3012 3134//3012 3170//3012
f 3133//3013 3170//3013 3169//3013
f 3134//3014 3135//3014 3170//3014
f 3135//3015 3171//3015 3170//3015
f 3135//3016 3136//3016 3172//3016
f 3135//3017 3172//3017 3171//3017
f 3136//3018 3137//3018 3172//3018
f 3137//3019 3173//3019 3172//3019
f 3137//3020 3138//3020 3174//3020
f 3137//3021 3174//3021 3173//3021
f 3138//3022 3139//3022 3174//3022
f 3139//3023 3175//3023 3174//3023
f 3139//3024 3140//3024 3176//3024
f 3139//3025 3176//3025 3175//3025
f 3140//3026 3141//3026 3176//3026
f 3141//3027 3177//3027 3176//3027
f 3141//3028 3142//3028 3178//3028
f 3141//3029 3178//3029 3177//3029
f 3142//3030 3143//3030 3178//3030
f 3143//3031 3179//3031 3178//3031
f 3143//3032 3144//3032 3180//3032
f 3143//3033 3180//3033 3179//3033
f 3144//3034 3145//3034 3180//3034
f 3145//3035 3181//3035 3180//3035
f 3145//3036 3146//3036 3182//3036
f 3145//3037 3182//3037 3181//3037
f 3146//3038 3147//3038 3182//3038
f 3147//3039 3183//3039 3182//3039
f 3147//3040 3148//3040 3184//3040
f 3147//3041 3184//3041 3183//3041
f 3148//3042 3149//3042 3184//3042
f 3149//3043 3185//3043 3184//3043
f 3149//3044 3150//3044 3186//3044
f 3149//3045 3186//3045 3185//3045
f 3150//3046 3151//3046 3186//3046
f 3151//3047 3187//3047 3186//3047
f 3151//3048 3152//3048 3188//3048
f 3151//3049 3188//3049 3187//3049
f 3152//3050 3153//3050 3188//3050
f 3153//3051 3189//3051 3188//3051
f 3153//3052 3154//3052 3190//3052
f 3153//3053 3190//3053 3189//3053
f 3154//3054 3155//3054 3190//3054
f 3155//3055 3191//3055 3190//3055
f 3155//3056 3156//3056 3192//3056
f 3155//3057 3192//3057 3191//3057
f 3156//3058 3157//3058 3192//3058
f 3157//3059 3193//3059 3192//3059
f 3157//3060 3158//3060 3194//3060
f 3157//3061 3194//3061 3193//3061
f 3158//3062 3159//3062 3194//3062
f 3159//3063 3195//3063 3194//3063
f 3159//3064 3160//3064 3196//3064
f 3159//3065 3196//3065 3195//3065
f 3160//3066 3161//3066 3196//3066
f 3161//3067 3197//3067 3196//3067
f 3161//3068 3162//3068 3198//3068
f 3161//3069 3198//3069 3197//3069
f 3162//3070 3163//3070 3198//3070
f 3163//3071 3199//3071 3198//3071
f 3163//3072 3164//3072 3200//3072
f 3163//3073 3200//3073 3199//3073
f 3164//3074 3165//3074 3200//3074
f 3165//3075 3201//3075 3200//3075
f 3165//3076 3166//3076 3202//3076
f 3165//3077 3202//3077 3201//3077
f 3166//3078 3167//3078 3202//3078
f 3167//3079 3203//3079 3202//3079
f 3167//3080 3168//3080 3204//3080
f 3167//3081 3204//3081 3203//3081
f 3168//3082 3133//3082 3204//3082
f 3133//3083 3169//3083 3204//3083
f 3169//3084 3170//3084 3205//3084
f 3170//3085 3206//3085 3205//3085
f 3170//3086 3171//3086 3207//3086
f 3170//3087 3207//3087 3206//3087
f 3171//3088 3172//3088 3207//3088
f 3172//3089 3208//3089 3207//3089
f 3172//3090 3173//3090 3209//3090
f 3172//3091 3209//3091 3208//3091
f 3173//3092 3174//3092 3209//3092
f 3174//3093 3210//3093 3209//3093
f 3174//3094 3175//3094 3211//3094
f 3174//3095 3211//3095 3210//3095
f 3175//3096 3176//3096 3211//3096
f 3176//3097 3212//3097 3211//3097
f 3176//3098 3177//3098 3213//3098
f 3176//3099 3213//3099 3212//3099
f 3177//3100 3178//3100 3213//3100
f 3178//3101 3214//3101 3213//3101
f 3178//3102 3179//3102 3215//3102
f 3178//3103 3215//3103 3214//3103
f 3179//3104 3180//3104 3215//3104
f 3180//3105 3216//3105 3215//3105
f 3180//3106 3181//3106 3217//3106
f 3180//3107 3217//3107 3216//3107
f 3181//3108 3182//3108 3217//3108
f 3182//3109 3218//3109 3217//3109
f 3182//3110 3183//3110 3219//3110
f 3182//3111 3219//3111 3218//3111
f 3183//3112 3184//3112 3219//3112
f 3184//3113 3220//3113 3219//3113
f 3184//3114 3185//3114 3221//3114
f 3184//3115 3221//3115 3220//3115
f 3185//3116 3186//3116 3221//3116
f 3186//3117 3222//3117 3221//3117
f 3186//3118 3187//3118 3223//3118
f 3186//3119 3223//3119 3222//3119
f 3187//3120 3188//3120 3223//3120
f 3188//3121 3224//3121 3223//3121
f 3188//3122 3189//3122 3225//3122
f 3188//3123 3225//3123 3224//3123
f 3189//3124 3190//3124 3225//3124
f 3190//3125 3226//3125 3225//3125
f 3190//3126 3191//3126 3227//3126
f 3190//3127 3227//3127 3226//3127
f 3191//3128 3192//3128 3227//3128
f 3192//3129 3228//3129 3227//3129
f 3192//3130 3193//3130 3229//3130
f 3192//3131 3229//3131 3228//3131
f 3193//3132 3194//3132 3229//3132
f 3194//3133 3230//3133 3229//3133
f 3194//3134 3195//3134 3231//3134
f 3194//3135 3231//3135 3230//3135
f 3195//3136 3196//3136 3231//3136
f 3196//3137 3232//3137 3231//3137
f 3196//3138 3197//3138 3233//3138
f 3196//3139 3233//3139 3232//3139
f 3197//3140 3198//3140 3233//3140
f 3198//3141 3234//3141 3233//3141
f 3198//3142 3199//3142 3235//3142
f 3198//3143 3235//3143 3234//3143
f 3199//3144 3200//3144 3235//3144
f 3200//3145 3236//3145 3235//3145
f 3200//3146 3201//3146 3237//3146
f 3200//3147 3237//3147 3236//3147
f 3201//3148 3202//3148 3237//3148
f 3202//3149 3238//3149 3237//3149
f 3202//3150 3203//3150 3239//3150
f 3202//3151 3239//3151 3238//3151
f 3203//3152 3204//3152 3239//3152
f 3204//3153 3240//3153 3239//3153
f 3204//3154 3169//3154 3205//3154
f 3204//3155 3205//3155 3240//3155
f 3205//3156 3206//3156 3242//3156
f 3205//3157 3242//3157 3241//3157
f 3206//3158 3207//3158 3242//3158
f 3207//3159 3243//3159 3242//3159
f 3207//3160 3208//3160 3244//3160
f 3207//3161 3244//3161 3243//3161
f 3208//3162 3209//3162 3244//3162
f 3209//3163 3245//3163 3244//3163
f 3209//3164 3210//3164 3246//3164
f 3209//3165 3246//3165 3245//3165
f 3210//3166 3211//3166 3246//3166
f 3211//3167 3247//3167 3246//3167
f 3211//3168 3212//3168 3248//3168
f 3211//3169 3248//3169 3247//3169
f 3212//3170 3213//3170 3248//3170
f 3213//3171 3249//3171 3248//3171
f 3213//3172 3214//3172 3250//3172
f 3213//3173 3250//3173 3249//3173
f 3214//3174 3215//3174 3250//3174
f 3215//3175 3251//3175 3250//3175
f 3215//3176 3216//3176 3252//3176
f 3215//3177 3252//3177 3251//3177
f 3216//3178 3217//3178 3252//3178
f 3217//3179 3253//3179 3252//3179
f 3217//3180 3218//3180 3254//3180
f 3217//3181 3254//3181 3253//3181
f 3218//3182 3219//3182 3254//3182
f 3219//3183 3255//3183 3254//3183
f 3219//3184 3220//3184 3256//3184
f 3219//3185 3256//3185 3255//3185
f 3220//3186 3221//3186 3256//3186
f 3221//3187 3257//3187 3256//3187
f 3221//3188 3222//3188 3258//3188
f 3221//3189 3258//3189 3257//3189
f 3222//3190 3223//3190 3258//3190
f 3223//3191 3259//3191 3258//3191
f 3223//3192 3224//3192 3260//3192
f 3223//3193 3260//3193 3259//3193
f 3224//3194 3225//3194 3260//3194
f 3225//3195 3261//3195 3260//3195
f 3225//3196 3226//3196 3262//3196
f 3225//3197 3262//3197 3261//3197
f 3226//3198 3227//3198 3262//3198
f 3227//3199 3263//3199 3262//3199
f 3227//3200 3228//3200 3264//3200
f 3227//3201 3264//3201 3263//3201
f 3228//3202 3229//3202 3264//3202
f 3229//3203 3265//3203 3264//3203
f 3229//3204 3230//3204 3266//3204
f 3229//3205 3266//3205 3265//3205
f 3230//3206 3231//3206 3266//3206
f 3231//3207 3267//3207 3266//3207
f 3231//3208 3232//3208 3268//3208
f 3231//3209 3268//3209 3267//3209
f 3232//3210 3233//3210 3268//3210
f 3233//3211 3269//3211 3268//3211
f 3233//3212 3234//3212 3270//3212
f 3233//3213 3270//3213 3269//3213
f 3234//3214 3235//3214 3270//3214
f 3235//3215 3271//3215 3270//3215
f 3235//3216 3236//3216 3272//3216
f 3235//3217 3272//3217 3271//3217
f 3236//3218 3237//3218 3272//3218
f 3237//3219 3273//3219 3272//3219
f 3237//3220 3238//3220 3274//3220
f 3237//3221 3274//3221 3273//3221
f 3238//3222 3239//3222 3274//3222
f 3239//3223 3275//3223 3274//3223
f 3239//3224 3240//3224 3276//3224
f 3239//3225 3276//3225 3275//3225
f 3240//3226 3205//3226 3276//3226
f 3205//3227 3241//3227 3276//3227
f 3241//3228 3242//3228 3277//3228
f 3242//3229 3278//3229 3277//3229
f 3242//3230 3243//3230 3279//3230
f 3242//3231 3279//3231 3278//3231
f 3243//3232 3244//3232 3279//3232
f 3244//3233 3280//3233 3279//3233
f 3244//3234 3245//3234 3281//3234
f 3244//3235 3281//3235 3280//3235
f 3245//3236 3246//3236 3281//3236
f 3246//3237 3282//3237 3281//3237
f 3246//3238 3247//3238 3283//3238
f 3246//3239 3283//3239 3282//3239
f 3247//3240 3248//3240 3283//3240
f 3248//3241 3284//3241 3283//3241
f 3248//3242 3249//3242 3285//3242
f 3248//3243 3285//3243 3284//3243
f 3249//3244 3250//3244 3285//3244
f 3250//3245 3286//3245 3285//3245
f 3250//3246 3251//3246 3287//3246
f 3250//3247 3287//3247 3286//3247
f 3251//3248 3252//3248 3287//3248
f 3252//3249 3288//3249 3287//3249
f 3252//3250 3253//3250 3289//3250
f 3252//3251 3289//3251 3288//3251
f 3253//3252 3254//3252 3289//3252
f 3254//3253 3290//3253 3289//3253
f 3254//3254 3255//3254 3291//3254
f 3254//3255 3291//3255 3290//3255
f 3255//3256 3256//3256 3291//3256
f 3256//3257 3292//3257 3291//3257
f 3256//3258 3257//3258 3293//3258
f 3256//3259 3293//3259 3292//3259
f 3257//3260 3258//3260 3293//3260
f 3258//3261 3294//3261 3293//3261
f 3258//3262 3259//3262 3295//3262
f 3258//3263 3295//3263 3294//3263
f 3259//3264 3260//3264 3295//3264
f 3260//3265 3296//3265 3295//3265
f 3260//3266 3261//3266 3297//3266
f 3260//3267 3297//3267 3296//3267
f 3261//3268 3262//3268 3297//3268
f 3262//3269 3298//3269 3297//3269
f 3262//3270 3263//3270 3299//3270
f 3262//3271 3299//3271 3298//3271
f 3263//3272 3264//3272 3299//3272
f 3264//3273 3300//3273 3299//3273
f 3264//3274 3265//3274 3301//3274
f 3264//3275 3301//3275 3300//3275
f 3265//3276 3266//3276 3301//3276
f 3266//3277 3302//3277 3301//3277
f 3266//3278 3267//3278 3303//3278
f 3266//3279 3303//3279 3302//3279
f 3267//3280 3268//3280 3303//3280
f 3268//3281 3304//3281 3303//3281
f 3268//3282 3269//3282 3305//3282
f 3268//3283 3305//3283 3304//3283
f 3269//3284 3270//3284 3305//3284
f 3270//3285 3306//3285 3305//3285
f 3270//3286 3271//3286 3307//3286
f 3270//3287 3307//3287 3306//3287
f 3271//3288 3272//3288 3307//3288
f 3272//3289 3308//3289 3307//3289
f 3272//3290 3273//3290 3309//3290
f 3272//3291 3309//3291 3308//3291
f 3273//3292 3274//3292 3309//3292
f 3274//3293 3310//3293 3309//3293
f 3274//3294 3275//3294 3311//3294
f 3274//3295 3311//3295 3310//3295
f 3275//3296 3276//3296 3311//3296
f 3276//3297 3312//3297 3311//3297
f 3276//3298 3241//3298 3277//3298
f 3276//3299 3277//3299 3312//3299
f 3277//3300 3278//3300 3314//3300
f 3277//3301 3314//3301 3313//3301
f 3278//3302 3279//3302 3314//3302
f 3279//3303 3315//3303 3314//3303
f 3279//3304 3280//3304 3316//3304
f 3279//3305 3316//3305 3315//3305
f 3280//3306 3281//3306 3316//3306
f 3281//3307 3317//3307 3316//3307
f 3281//3308 3282//3308 3318//3308
f 3281//3309 3318//3309 3317//3309
f 3282//3310 3283//3310 3318//3310
f 3283//3311 3319//3311 3318//3311
f 3283//3312 3284//3312 3320//3312
f 3283//3313 3320//3313 3319//3313
f 3284//3314 3285//3314 3320//3314
f 3285//3315 3321//3315 3320//3315
f 3285//3316 3286//3316 3322//3316
f 3285//3316 3322//3316 3321//3316
f 3286//3317 3287//3317 3322//3317
f 3287//3318 3323//3318 3322//3318
f 3287//3319 3288//3319 3324//3319
f 3287//3320 3324//3320 3323//3320
f 3288//3321 3289//3321 3324//3321
f 3289//3322 3325//3322 3324//3322
f 3289//3323 3290//3323 3326//3323
f 3289//3324 3326//3324 3325//3324
f 3290//3325 3291//3325 3326//3325
f 3291//3326 3327//3326 3326//3326
f 3291//3327 3292//3327 3328//3327
f 3291//3328 3328//3328 3327//3328
f 3292//3329 3293//3329 3328//3329
f 3293//3330 3329//3330 3328//3330
f 3293//3331 3294//3331 3330//3331
f 3293//3332 3330//3332 3329//3332
f 3294//3333 3295//3333 3330//3333
f 3295//3334 3331//3334 3330//3334
f 3295//3335 3296//3335 3332//3335
f 3295//3336 3332//3336 3331//3336
f 3296//3337 3297//3337 3332//3337
f 3297//3338 3333//3338 3332//3338
f 3297//3339 3298//3339 3334//3339
f 3297//3340 3334//3340 3333//3340
f 3298//3341 3299//3341 3334//3341
f 3299//3342 3335//3342 3334//3342
f 3299//3343 3300//3343 3336//3343
f 3299//3344 3336//3344 3335//3344
f 3300//3345 3301//3345 3336//3345
f 3301//3346 3337//3346 3336//3346
f 3301//3347 3302//3347 3338//3347
f 3301//3348 3338//3348 3337//3348
f 3302//3349 3303//3349 3338//3349
f 3303//3350 3339//3350 3338//3350
f 3303//3351 3304//3351 3340//3351
f 3303//3351 3340//3351 3339//3351
f 3304//3352 3305//3352 3340//3352
f 3305//3352 3341//3352 3340//3352
f 3305//3353 3306//3353 3342//3353
f 3305//3354 3342//3354 3341//3354
f 3306//3355 3307//3355 3342//3355
f 3307//3356 3343//3356 3342//3356
f 3307//3357 3308//3357 3344//3357
f 3307//3358 3344//3358 3343//3358
f 3308//3359 3309//3359 3344//3359
f 3309//3360 3345//3360 3344//3360
f 3309//3361 3310//3361 3346//3361
f 3309//3362 3346//3362 3345//3362
f 3310//3363 3311//3363 3346//3363
f 3311//3364 3347//3364 3346//3364
f 3311//3365 3312//3365 3348//3365
f 3311//3366 3348//3366 3347//3366
f 3312//3367 3277//3367 3348//3367
f 3277//3367 3313//3367 3348//3367
f 3313//3368 3314//3368 3349//3368
f 3314//3369 3350//3369 3349//3369
f 3314//3370 3315//3370 3351//3370
f 3314//3371 3351//3371 3350//3371
f 3315//3372 3316//3372 3351//3372
f 3316//3373 3352//3373 3351//3373
f 3316//3374 3317//3374 3353//3374
f 3316//3375 3353//3375 3352//3375
f 3317//3376 3318//3376 3353//3376
f 3318//3377 3354//3377 3353//3377
f 3318//3378 3319//3378 3355//3378
f 3318//3379 3355//3379 3354//3379
f 3319//3380 3320//3380 3355//3380
f 3320//3381 3356//3381 3355//3381
f 3320//3382 3321//3382 3357//3382
f 3320//3383 3357//3383 3356//3383
f 3321//3384 3322//3384 3357//3384
f 3322//3384 3358//3384 3357//3384
f 3322//3385 3323//3385 3359//3385
f 3322//3386 3359//3386 3358//3386
f 3323//3387 3324//3387 3359//3387
f 3324//3387 3360//3387 3359//3387
f 3324//3388 3325//3388 3361//3388
f 3324//3389 3361//3389 3360//3389
f 3325//3390 3326//3390 3361//3390
f 3326//3391 3362//3391 3361//3391
f 3326//3392 3327//3392 3363//3392
f 3326//3393 3363//3393 3362//3393
f 3327//3394 3328//3394 3363//3394
f 3328//3395 3364//3395 3363//3395
f 3328//3396 3329//3396 3365//3396
f 3328//3397 3365//3397 3364//3397
f 3329//3398 3330//3398 3365//3398
f 3330//3399 3366//3399 3365//3399
f 3330//3400 3331//3400 3367//3400
f 3330//3401 3367//3401 3366//3401
f 3331//3402 3332//3402 3367//3402
f 3332//3402 3368//3402 3367//3402
f 3332//3403 3333//3403 3369//3403
f 3332//3404 3369//3404 3368//3404
f 3333//3405 3334//3405 3369//3405
f 3334//3406 3370//3406 3369//3406
f 3334//3407 3335//3407 3371//3407
f 3334//3408 3371//3408 3370//3408
f 3335//3409 3336//3409 3371//3409
f 3336//3410 3372//3410 3371//3410
f 3336//3411 3337//3411 3373//3411
f 3336//3412 3373//3412 3372//3412
f 3337//3413 3338//3413 3373//3413
f 3338//3414 3374//3414 3373//3414
f 3338//3415 3339//3415 3375//3415
f 3338//3416 3375//3416 3374//3416
f 3339//3417 3340//3417 3375//3417
f 3340//3417 3376//3417 3375//3417
f 3340//3418 3341//3418 3377//3418
f 3340//3418 3377//3418 3376//3418
f 3341//3419 3342//3419 3377//3419
f 3342//3420 3378//3420 3377//3420
f 3342//3421 3343//3421 3379//3421
f 3342//3422 3379//3422 3378//3422
f 3343//3423 3344//3423 3379//3423
f 3344//3424 3380//3424 3379//3424
f 3344//3425 3345//3425 3381//3425
f 3344//3426 3381//3426 3380//3426
f 3345//3427 3346//3427 3381//3427
f 3346//3428 3382//3428 3381//3428
f 3346//3429 3347//3429 3383//3429
f 3346//3429 3383//3429 3382//3429
f 3347//3430 3348//3430 3383//3430
f 3348//3431 3384//3431 3383//3431
f 3348//3432 3313//3432 3349//3432
f 3348//3432 3349//3432 3384//3432
f 3349//3433 3350//3433 3386//3433
f 3349//3434 3386//3434 3385//3434
f 3350//3435 3351//3435 3386//3435
f 3351//3436 3387//3436 3386//3436
f 3351//3437 3352//3437 3388//3437
f 3351//3438 3388//3438 3387//3438
f 3352//3439 3353//3439 3388//3439
f 3353//3440 3389//3440 3388//3440
f 3353//3441 3354//3441 3390//3441
f 3353//3442 3390//3442 3389//3442
f 3354//3443 3355//3443 3390//3443
f 3355//3444 3391//3444 3390//3444
f 3355//3445 3356//3445 3392//3445
f 3355//3446 3392//3446 3391//3446
f 3356//3447 3357//3447 3392//3447
f 3357//3448 3393//3448 3392//3448
f 3357//3449 3358//3449 3394//3449
f 3357//3450 3394//3450 3393//3450
f 3358//3451 3359//3451 3394//3451
f 3359//3452 3395//3452 3394//3452
f 3359//3453 3360//3453 3396//3453
f 3359//3454 3396//3454 3395//3454
f 3360//3455 3361//3455 3396//3455
f 3361//3456 3397//3456 3396//3456
f 3361//3457 3362//3457 3398//3457
f 3361//3458 3398//3458 3397//3458
f 3362//3459 3363//3459 3398//3459
f 3363//3460 3399//3460 3398//3460
f 3363//3461 3364//3461 3400//3461
f 3363//3462 3400//3462 3399//3462
f 3364//3463 3365//3463 3400//3463
f 3365//3464 3401//3464 3400//3464
f 3365//3465 3366//3465 3402//3465
f 3365//3466 3402//3466 3401//3466
f 3366//3467 3367//3467 3402//3467
f 3367//3468 3403//3468 3402//3468
f 3367//3469 3368//3469 3404//3469
f 3367//3470 3404//3470 3403//3470
f 3368//3471 3369//3471 3404//3471
f 3369//3472 3405//3472 3404//3472
f 3369//3473 3370//3473 3406//3473
f 3369//3474 3406//3474 3405//3474
f 3370//3475 3371//3475 3406//3475
f 3371//3476 3407//3476 3406//3476
f 3371//3477 3372//3477 3408//3477
f 3371//3478 3408//3478 3407//3478
f 3372//3479 3373//3479 3408//3479
f 3373//3480 3409//3480 3408//3480
f 3373//3481 3374//3481 3410//3481
f 3373//3482 3410//3482 3409//3482
f 3374//3483 3375//3483 3410//3483
f 3375//3484 3411//3484 3410//3484
f 3375//3485 3376//3485 3412//3485
f 3375//3486 3412//3486 3411//3486
f 3376//3487 3377//3487 3412//3487
f 3377//3488 3413//3488 3412//3488
f 3377//3489 3378//3489 3414//3489
f 3377//3490 3414//3490 3413//3490
f 3378//3491 3379//3491 3414//3491
f 3379//3492 3415//3492 3414//3492
f 3379//3493 3380//3493 3416//3493
f 3379//3494 3416//3494 3415//3494
f 3380//3495 3381//3495 3416//3495
f 3381//3496 3417//3496 3416//3496
f 3381//3497 3382//3497 3418//3497
f 3381//3498 3418//3498 3417//3498
f 3382//3499 3383//3499 3418//3499
f 3383//3500 3419//3500 3418//3500
f 3383//3501 3384//3501 3420//3501
f 3383//3502 3420//3502 3419//3502
f 3384//3503 3349//3503 3420//3503
f 3349//3504 3385//3504 3420//3504
f 3385//3505 3386//3505 3421//3505
f 3386//3506 3422//3506 3421//3506
f 3386//3507 3387//3507 3423//3507
f 3386//3508 3423//3508 3422//3508
f 3387//3509 3388//3509 3423//3509
f 3388//3510 3424//3510 3423//3510
f 3388//3511 3389//3511 3425//3511
f 3388//3512 3425//3512 3424//3512
f 3389//3513 3390//3513 3425//3513
f 3390//3514 3426//3514 3425//3514
f 3390//3515 3391//3515 3427//3515
f 3390//3516 3427//3516 3426//3516
f 3391//3517 3392//3517 3427//3517
f 3392//3518 3428//3518 3427//3518
f 3392//3519 3393//3519 3429//3519
f 3392//3520 3429//3520 3428//3520
f 3393//3521 3394//3521 3429//3521
f 3394//3522 3430//3522 3429//3522
f 3394//3523 3395//3523 3431//3523
f 3394//3524 3431//3524 3430//3524
f 3395//3525 3396//3525 3431//3525
f 3396//3526 3432//3526 3431//3526
f 3396//3527 3397//3527 3433//3527
f 3396//3528 3433//3528 3432//3528
f 3397//3529 3398//3529 3433//3529
f 3398//3530 3434//3530 3433//3530
f 3398//3531 3399//3531 3435//3531
f 3398//3532 3435//3532 3434//3532
f 3399//3533 3400//3533 3435//3533
f 3400//3534 3436//3534 3435//3534
f 3400//3535 3401//3535 3437//3535
f 3400//3536 3437//3536 3436//3536
f 3401//3537 3402//3537 3437//3537
f 3402//3538 3438//3538 3437//3538
f 3402//3539 3403//3539 3439//3539
f 3402//3540 3439//3540 3438//3540
f 3403//3541 3404//3541 3439//3541
f 3404//3542 3440//3542 3439//3542
f 3404//3543 3405//3543 3441//3543
f 3404//3544 3441//3544 3440//3544
f 3405//3545 3406//3545 3441//3545
f 3406//3546 3442//3546 3441//3546
f 3406//3547 3407//3547 3443//3547
f 3406//3548 3443//3548 3442//3548
f 3407//3549 3408//3549 3443//3549
f 3408//3550 3444//3550 3443//3550
f 3408//3551 3409//3551 3445//3551
f 3408//3552 3445//3552 3444//3552
f 3409//3553 3410//3553 3445//3553
f 3410//3554 3446//3554 3445//3554
f 3410//3555 3411//3555 3447//3555
f 3410//3556 3447//3556 3446//3556
f 3411//3557 3412//3557 3447//3557
f 3412//3558 3448//3558 3447//3558
f 3412//3559 3413//3559 3449//3559
f 3412//3560 3449//3560 3448//3560
f 3413//3561 3414//3561 3449//3561
f 3414//3562 3450//3562 3449//3562
f 3414//3563 3415//3563 3451//3563
f 3414//3564 3451//3564 3450//3564
f 3415//3565 3416//3565 3451//3565
f 3416//3566 3452//3566 3451//3566
f 3416//3567 3417//3567 3453//3567
f 3416//3568 3453//3568 3452//3568
f 3417//3569 3418//3569 3453//3569
f 3418//3570 3454//3570 3453//3570
f 3418//3571 3419//3571 3455//3571
f 3418//3572 3455//3572 3454//3572
f 3419//3573 3420//3573 3455//3573
f 3420//3574 3456//3574 3455//3574
f 3420//3575 3385//3575 3421//3575
f 3420//3576 3421//3576 3456//3576
f 3421//3577 3422//3577 3458//3577
f 3421//3578 3458//3578 3457//3578
f 3422//3579 3423//3579 3458//3579
f 3423//3580 3459//3580 3458//3580
f 3423//3581 3424//3581 3460//3581
f 3423//3582 3460//3582 3459//3582
f 3424//3583 3425//3583 3460//3583
f 3425//3584 3461//3584 3460//3584
f 3425//3585 3426//3585 3462//3585
f 3425//3586 3462//3586 3461//3586
f 3426//3587 3427//3587 3462//3587
f 3427//3588 3463//3588 3462//3588
f 3427//3589 3428//3589 3464//3589
f 3427//3590 3464//3590 3463//3590
f 3428//3591 3429//3591 3464//3591
f 3429//3592 3465//3592 3464//3592
f 3429//3593 3430//3593 3466//3593
f 3429//3594 3466//3594 3465//3594
f 3430//3595 3431//3595 3466//3595
f 3431//3596 3467//3596 3466//3596
f 3431//3597 3432//3597 3468//3597
f 3431//3598 3468//3598 3467//3598
f 3432//3599 3433//3599 3468//3599
f 3433//3600 3469//3600 3468//3600
f 3433//3601 3434//3601 3470//3601
f 3433//3602 3470//3602 3469//3602
f 3434//3603 3435//3603 3470//3603
f 3435//3604 3471//3604 3470//3604
f 3435//3605 3436//3605 3472//3605
f 3435//3606 3472//3606 3471//3606
f 3436//3607 3437//3607 3472//3607
f 3437//3608 3473//3608 3472//3608
f 3437//3609 3438//3609 3474//3609
f 3437//3610 3474//3610 3473//3610
f 3438//3611 3439//3611 3474//3611
f 3439//3612 3475//3612 3474//3612
f 3439//3613 3440//3613 3476//3613
f 3439//3614 3476//3614 3475//3614
f 3440//3615 3441//3615 3476//3615
f 3441//3616 3477//3616 3476//3616
f 3441//3617 3442//3617 3478//3617
f 3441//3618 3478//3618 3477//3618
f 3442//3619 3443//3619 3478//3619
f 3443//3620 3479//3620 3478//3620
f 3443//3621 3444//3621 3480//3621
f 3443//3622 3480//3622 3479//3622
f 3444//3623 3445//3623 3480//3623
f 3445//3624 3481//3624 3480//3624
f 3445//3625 3446//3625 3482//3625
f 3445//3626 3482//3626 3481//3626
f 3446//3627 3447//3627 3482//3627
f 3447//3628 3483//3628 3482//3628
f 3447//3629 3448//3629 3484//3629
f 3447//3630 3484//3630 3483//3630
f 3448//3631 3449//3631 3484//3631
f 3449//3632 3485//3632 3484//3632
f 3449//3633 3450//3633 3486//3633
f 3449//3634 3486//3634 3485//3634
f 3450//3635 3451//3635 3486//3635
f 3451//3636 3487//3636 3486//3636
f 3451//3637 3452//3637 3488//3637
f 3451//3638 3488//3638 3487//3638
f 3452//3639 3453//3639 3488//3639
f 3453//3640 3489//3640 3488//3640
f 3453//3641 3454//3641 3490//3641
f 3453//3642 3490//3642 3489//3642
f 3454//3643 3455//3643 3490//3643
f 3455//3644 3491//3644 3490//3644
f 3455//3645 3456//3645 3492//3645
f 3455//3646 3492//3646 3491//3646
f 3456//3647 3421//3647 3492//3647
f 3421//3648 3457//3648 3492//3648
f 3457//3649 3458//3649 3493//3649
f 3458//3650 3494//3650 3493//3650
f 3458//3651 3459//3651 3495//3651
f 3458//3652 3495//3652 3494//3652
f 3459//3653 3460//3653 3495//3653
f 3460//3654 3496//3654 3495//3654
f 3460//3655 3461//3655 3497//3655
f 3460//3656 3497//3656 3496//3656
f 3461//3657 3462//3657 3497//3657
f 3462//3658 3498//3658 3497//3658
f 3462//3659 3463//3659 3499//3659
f 3462//3660 3499//3660 3498//3660
f 3463//3661 3464//3661 3499//3661
f 3464//3662 3500//3662 3499//3662
f 3464//3663 3465//3663 3501//3663
f 3464//3664 3501//3664 3500//3664
f 3465//3665 3466//3665 3501//3665
f 3466//3666 3502//3666 3501//3666
f 3466//3667 3467//3667 3503//3667
f 3466//3668 3503//3668 3502//3668
f 3467//3669 3468//3669 3503//3669
f 3468//3670 3504//3670 3503//3670
f 3468//3671 3469//3671 3505//3671
f 3468//3672 3505//3672 3504//3672
f 3469//3673 3470//3673 3505//3673
f 3470//3674 3506//3674 3505//3674
f 3470//3675 3471//3675 3507//3675
f 3470//3676 3507//3676 3506//3676
f 3471//3677 3472//3677 3507//3677
f 3472//3678 3508//3678 3507//3678
f 3472//3679 3473//3679 3509//3679
f 3472//3680 3509//3680 3508//3680
f 3473//3681 3474//3681 3509//3681
f 3474//3682 3510//3682 3509//3682
f 3474//3683 3475//3683 3511//3683
f 3474//3684 3511//3684 3510//3684
f 3475//3685 3476//3685 3511//3685
f 3476//3686 3512//3686 3511//3686
f 3476//3687 3477//3687 3513//3687
f 3476//3688 3513//3688 3512//3688
f 3477//3689 3478//3689 3513//3689
f 3478//3690 3514//3690 3513//3690
f 3478//3691 3479//3691 3515//3691
f 3478//3692 3515//3692 3514//3692
f 3479//3693 3480//3693 3515//3693
f 3480//3694 3516//3694 3515//3694
f 3480//3695 3481//3695 3517//3695
f 3480//3696 3517//3696 3516//3696
f 3481//3697 3482//3697 3517//3697
f 3482//3698 3518//3698 3517//3698
f 3482//3699 3483//3699 3519//3699
f 3482//3700 3519//3700 3518//3700
f 3483//3701 3484//3701 3519//3701
f 3484//3702 3520//3702 3519//3702
f 3484//3703 3485//3703 3521//3703
f 3484//3704 3521//3704 3520//3704
f 3485//3705 3486//3705 3521//3705
f 3486//3706 3522//3706 3521//3706
f 3486//3707 3487//3707 3523//3707
f 3486//3708 3523//3708 3522//3708
f 3487//3709 3488//3709 3523//3709
f 3488//3710 3524//3710 3523//3710
f 3488//3711 3489//3711 3525//3711
f 3488//3712 3525//3712 3524//3712
f 3489//3713 3490//3713 3525//3713
f 3490//3714 3526//3714 3525//3714
f 3490//3715 3491//3715 3527//3715
f 3490//3716 3527//3716 3526//3716
f 3491//3717 3492//3717 3527//3717
f 3492//3718 3528//3718 3527//3718
f 3492//3719 3457//3719 3493//3719
f 3492//3720 3493//3720 3528//3720
f 3493//3721 3494//3721 3530//3721
f 3493//3722 3530//3722 3529//3722
f 3494//3723 3495//3723 3530//3723
f 3495//3724 3531//3724 3530//3724
f 3495//3725 3496//3725 3532//3725
f 3495//3726 3532//3726 3531//3726
f 3496//3727 3497//3727 3532//3727
f 3497//3728 3533//3728 3532//3728
f 3497//3729 3498//3729 3534//3729
f 3497//3730 3534//3730 3533//3730
f 3498//3731 3499//3731 3534//3731
f 3499//3732 3535//3732 3534//3732
f 3499//3733 3500//3733 3536//3733
f 3499//3734 3536//3734 3535//3734
f 3500//3735 3501//3735 3536//3735
f 3501//3736 3537//3736 3536//3736
f 3501//3737 3502//3737 3538//3737
f 3501//3738 3538//3738 3537//3738
f 3502//3739 3503//3739 3538//3739
f 3503//3740 3539//3740 3538//3740
f 3503//3741 3504//3741 3540//3741
f 3503//3742 3540//3742 3539//3742
f 3504//3743 3505//3743 3540//3743
f 3505//3744 3541//3744 3540//3744
f 3505//3745 3506//3745 3542//3745
f 3505//3746 3542//3746 3541//3746
f 3506//3747 3507//3747 3542//3747
f 3507//3748 3543//3748 3542//3748
f 3507//3749 3508//3749 3544//3749
f 3507//3750 3544//3750 3543//3750
f 3508//3751 3509//3751 3544//3751
f 3509//3752 3545//3752 3544//3752
f 3509//3753 3510//3753 3546//3753
f 3509//3754 3546//3754 3545//3754
f 3510//3755 3511//3755 3546//3755
f 3511//3756 3547//3756 3546//3756
f 3511//3757 3512//3757 3548//3757
f 3511//3758 3548//3758 3547//3758
f 3512//3759 3513//3759 3548//3759
f 3513//3760 3549//3760 3548//3760
f 3513//3761 3514//3761 3550//3761
f 3513//3762 3550//3762 3549//3762
f 3514//3763 3515//3763 3550//3763
f 3515//3764 3551//3764 3550//3764
f 3515//3765 3516//3765 3552//3765
f 3515//3766 3552//3766 3551//3766
f 3516//3767 3517//3767 3552//3767
f 3517//3768 3553//3768 3552//3768
f 3517//3769 3518//3769 3554//3769
f 3517//3770 3554//3770 3553//3770
f 3518//3771 3519//3771 3554//3771
f 3519//3772 3555//3772 3554//3772
f 3519//3773 3520//3773 3556//3773
f 3519//3774 3556//3774 3555//3774
f 3520//3775 3521//3775 3556//3775
f 3521//3776 3557//3776 3556//3776
f 3521//3777 3522//3777 3558//3777
f 3521//3778 3558//3778 3557//3778
f 3522//3779 3523//3779 3558//3779
f 3523//3780 3559//3780 3558//3780
f 3523//3781 3524//3781 3560//3781
f 3523//3782 3560//3782 3559//3782
f 3524//3783 3525//3783 3560//3783
f 3525//3784 3561//3784 3560//3784
f 3525//3785 3526//3785 3562//3785
f 3525//3786 3562//3786 3561//3786
f 3526//3787 3527//3787 3562//3787
f 3527//3788 3563//3788 3562//3788
f 3527//3789 3528//3789 3564//3789
f 3527//3790 3564//3790 3563//3790
f 3528//3791 3493//3791 3564//3791
f 3493//3792 3529//3792 3564//3792
f 3529//3793 3530//3793 3565//3793
f 3530//3794 3566//3794 3565//3794
f 3530//3795 3531//3795 3567//3795
f 3530//3796 3567//3796 3566//3796
f 3531//3797 3532//3797 3567//3797
f 3532//3798 3568//3798 3567//3798
f 3532//3799 3533//3799 3569//3799
f 3532//3800 3569//3800 3568//3800
f 3533//3801 3534//3801 3569//3801
f 3534//3802 3570//3802 3569//3802
f 3534//3803 3535//3803 3571//3803
f 3534//3804 3571//3804 3570//3804
f 3535//3805 3536//3805 3571//3805
f 3536//3806 3572//3806 3571//3806
f 3536//3807 3537//3807 3573//3807
f 3536//3808 3573//3808 3572//3808
f 3537//3809 3538//3809 3573//3809
f 3538//3810 3574//3810 3573//3810
f 3538//3811 3539//3811 3575//3811
f 3538//3812 3575//3812 3574//3812
f 3539//3813 3540//3813 3575//3813
f 3540//3814 3576//3814 3575//3814
f 3540//3815 3541//3815 3577//3815
f 3540//3816 3577//3816 3576//3816
f 3541//3817 3542//3817 3577//3817
f 3542//3818 3578//3818 3577//3818
f 3542//3819 3543//3819 3579//3819
f 3542//3820 3579//3820 3578//3820
f 3543//3821 3544//3821 3579//3821
f 3544//3822 3580//3822 3579//3822
f 3544//3823 3545//3823 3581//3823
f 3544//3824 3581//3824 3580//3824
f 3545//3825 3546//3825 3581//3825
f 3546//3826 3582//3826 3581//3826
f 3546//3827 3547//3827 3583//3827
f 3546//3828 3583//3828 3582//3828
f 3547//3829 3548//3829 3583//3829
f 3548//3830 3584//3830 3583//3830
f 3548//3831 3549//3831 3585//3831
f 3548//3832 3585//3832 3584//3832
f 3549//3833 3550//3833 3585//3833
f 3550//3834 3586//3834 3585//3834
f 3550//3835 3551//3835 3587//3835
f 3550//3836 3587//3836 3586//3836
f 3551//3837 3552//3837 3587//3837
f 3552//3838 3588//3838 3587//3838
f 3552//3839 3553//3839 3589//3839
f 3552//3840 3589//3840 3588//3840
f 3553//3841 3554//3841 3589//3841
f 3554//3842 3590//3842 3589//3842
f 3554//3843 3555//3843 3591//3843
f 3554//3844 3591//3844 3590//3844
f 3555//3845 3556//3845 3591//3845
f 3556//3846 3592//3846 3591//3846
f 3556//3847 3557//3847 3593//3847
f 3556//3848 3593//3848 3592//3848
f 3557//3849 3558//3849 3593//3849
f 3558//3850 3594//3850 3593//3850
f 3558//3851 3559//3851 3595//3851
f 3558//3852 3595//3852 3594//3852
f 3559//3853 3560//3853 3595//3853
f 3560//3854 3596//3854 3595//3854
f 3560//3855 3561//3855 3597//3855
f 3560//3856 3597//3856 3596//3856
f 3561//3857 3562//3857 3597//3857
f 3562//3858 3598//3858 3597//3858
f 3562//3859 3563//3859 3599//3859
f 3562//3860 3599//3860 3598//3860
f 3563//3861 3564//3861 3599//3861
f 3564//3862 3600//3862 3599//3862
f 3564//3863 3529//3863 3565//3863
f 3564//3864 3565//3864 3600//3864
f 3565//3865 3566//3865 3602//3865
f 3565//3866 3602//3866 3601//3866
f 3566//3867 3567//3867 3602//3867
f 3567//3868 3603//3868 3602//3868
f 3567//3869 3568//3869 3604//3869
f 3567//3870 3604//3870 3603//3870
f 3568//3871 3569//3871 3604//3871
f 3569//3872 3605//3872 3604//3872
f 3569//3873 3570//3873 3606//3873
f 3569//3874 3606//3874 3605//3874
f 3570//3875 3571//3875 3606//3875
f 3571//3876 3607//3876 3606//3876
f 3571//3877 3572//3877 3608//3877
f 3571//3878 3608//3878 3607//3878
f 3572//3879 3573//3879 3608//3879
f 3573//3880 3609//3880 3608//3880
f 3573//3881 3574//3881 3610//3881
f 3573//3882 3610//3882 3609//3882
f 3574//3883 3575//3883 3610//3883
f 3575//3884 3611//3884 3610//3884
f 3575//3885 3576//3885 3612//3885
f 3575//3886 3612//3886 3611//3886
f 3576//3887 3577//3887 3612//3887
f 3577//3888 3613//3888 3612//3888
f 3577//3889 3578//3889 3614//3889
f 3577//3890 3614//3890 3613//3890
f 3578//3891 3579//3891 3614//3891
f 3579//3892 3615//3892 3614//3892
f 3579//3893 3580//3893 3616//3893
f 3579//3894 3616//3894 3615//3894
f 3580//3895 3581//3895 3616//3895
f 3581//3896 3617//3896 3616//3896
f 3581//3897 3582//3897 3618//3897
f 3581//3898 3618//3898 3617//3898
f 3582//3899 3583//3899 3618//3899
f 3583//3900 3619//3900 3618//3900
f 3583//3901 3584//3901 3620//3901
f 3583//3902 3620//3902 3619//3902
f 3584//3903 3585//3903 3620//3903
f 3585//3904 3621//3904 3620//3904
f 3585//3905 3586//3905 3622//3905
f 3585//3906 3622//3906 3621//3906
f 3586//3907 3587//3907 3622//3907
f 3587//3908 3623//3908 3622//3908
f 3587//3909 3588//3909 3624//3909
f 3587//3910 3624//3910 3623//3910
f 3588//3911 3589//3911 3624//3911
f 3589//3912 3625//3912 3624//3912
f 3589//3913 3590//3913 3626//3913
f 3589//3914 3626//3914 3625//3914
f 3590//3915 3591//3915 3626//3915
f 3591//3916 3627//3916 3626//3916
f 3591//3917 3592//3917 3628//3917
f 3591//3918 3628//3918 3627//3918
f 3592//3919 3593//3919 3628//3919
f 3593//3920 3629//3920 3628//3920
f 3593//3921 3594//3921 3630//3921
f 3593//3922 3630//3922 3629//3922
f 3594//3923 3595//3923 3630//3923
f 3595//3924 3631//3924 3630//3924
f 3595//3925 3596//3925 3632//3925
f 3595//3926 3632//3926 3631//3926
f 3596//3927 3597//3927 3632//3927
f 3597//3928 3633//3928 3632//3928
f 3597//3929 3598//3929 3634//3929
f 3597//3930 3634//3930 3633//3930
f 3598//3931 3599//3931 3634//3931
f 3599//3932 3635//3932 3634//3932
f 3599//3933 3600//3933 3636//3933
f 3599//3934 3636//3934 3635//3934
f 3600//3935 3565//3935 3636//3935
f 3565//3936 3601//3936 3636//3936
f 3601//3937 3602//3937 3637//3937
f 3602//3938 3638//3938 3637//3938
f 3602//3939 3603//3939 3639//3939
f 3602//3940 3639//3940 3638//3940
f 3603//3941 3604//3941 3639//3941
f 3604//3942 3640//3942 3639//3942
f 3604//3943 3605//3943 3641//3943
f 3604//3944 3641//3944 3640//3944
f 3605//3945 3606//3945 3641//3945
f 3606//3946 3642//3946 3641//3946
f 3606//3947 3607//3947 3643//3947
f 3606//3948 3643//3948 3642//3948
f 3607//3949 3608//3949 3643//3949
f 3608//3950 3644//3950 3643//3950
f 3608//3951 3609//3951 3645//3951
f 3608//3952 3645//3952 3644//3952
f 3609//3953 3610//3953 3645//3953
f 3610//3954 3646//3954 3645//3954
f 3610//3955 3611//3955 3647//3955
f 3610//3956 3647//3956 3646//3956
f 3611//3957 3612//3957 3647//3957
f 3612//3958 3648//3958 3647//3958
f 3612//3959 3613//3959 3649//3959
f 3612//3960 3649//3960 3648//3960
f 3613//3961 3614//3961 3649//3961
f 3614//3962 3650//3962 3649//3962
f 3614//3963 3615//3963 3651//3963
f 3614//3964 3651//3964 3650//3964
f 3615//3965 3616//3965 3651//3965
f 3616//3966 3652//3966 3651//3966
f 3616//3967 3617//3967 3653//3967
f 3616//3968 3653//3968 3652//3968
f 3617//3969 3618//3969 3653//3969
f 3618//3970 3654//3970 3653//3970
f 3618//3971 3619//3971 3655//3971
f 3618//3972 3655//3972 3654//3972
f 3619//3973 3620//3973 3655//3973
f 3620//3974 3656//3974 3655//3974
f 3620//3975 3621//3975 3657//3975
f 3620//3976 3657//3976 3656//3976
f 3621//3977 3622//3977 3657//3977
f 3622//3978 3658//3978 3657//3978
f 3622//3979 3623//3979 3659//3979
f 3622//3980 3659//3980 3658//3980
f 3623//3981 3624//3981 3659//3981
f 3624//3982 3660//3982 3659//3982
f 3624//3983 3625//3983 3661//3983
f 3624//3984 3661//3984 3660//3984
f 3625//3985 3626//3985 3661//3985
f 3626//3986 3662//3986 3661//3986
f 3626//3987 3627//3987 3663//3987
f 3626//3988 3663//3988 3662//3988
f 3627//3989 3628//3989 3663//3989
f 3628//3990 3664//3990 3663//3990
f 3628//3991 3629//3991 3665//3991
f 3628//3992 3665//3992 3664//3992
f 3629//3993 3630//3993 3665//3993
f 3630//3994 3666//3994 3665//3994
f 3630//3995 3631//3995 3667//3995
f 3630//3996 3667//3996 3666//3996
f 3631//3997 3632//3997 3667//3997
f 3632//3998 3668//3998 3667//3998
f 3632//3999 3633//3999 3669//3999
f 3632//4000 3669//4000 3668//4000
f 3633//4001 3634//4001 3669//4001
f 3634//4002 3670//4002 3669//4002
f 3634//4003 3635//4003 3671//4003
f 3634//4004 3671//4004 3670//4004
f 3635//4005 3636//4005 3671//4005
f 3636//4006 3672//4006 3671//4006
f 3636//4007 3601//4007 3637//4007
f 3636//4008 3637//4008 3672//4008
f 3673//4009 3674//4009 3710//4009
f 3673//4010 3710//4010 3709//4010
f 3674//4011 3675//4011 3710//4011
f 3675//4012 3711//4012 3710//4012
f 3675//4013 3676//4013 3712//4013
f 3675//4014 3712//4014 3711//4014
f 3676//4015 3677//4015 3712//4015
f 3677//4016 3713//4016 3712//4016
f 3677//4017 3678//4017 3714//4017
f 3677//4018 3714//4018 3713//4018
f 3678//4019 3679//4019 3714//4019
f 3679//4020 3715//4020 3714//4020
f 3679//4021 3680//4021 3716//4021
f 3679//4022 3716//4022 3715//4022
f 3680//4023 3681//4023 3716//4023
f 3681//4024 3717//4024 3716//4024
f 3681//4025 3682//4025 3718//4025
f 3681//4026 3718//4026 3717//4026
f 3682//4027 3683//4027 3718//4027
f 3683//4028 3719//4028 3718//4028
f 3683//4029 3684//4029 3720//4029
f 3683//4030 3720//4030 3719//4030
f 3684//4031 3685//4031 3720//4031
f 3685//4032 3721//4032 3720//4032
f 3685//4033 3686//4033 3722//4033
f 3685//4034 3722//4034 3721//4034
f 3686//4035 3687//4035 3722//4035
f 3687//4036 3723//4036 3722//4036
f 3687//4037 3688//4037 3724//4037
f 3687//4038 3724//4038 3723//4038
f 3688//4039 3689//4039 3724//4039
f 3689//4040 3725//4040 3724//4040
f 3689//4041 3690//4041 3726//4041
f 3689//4042 3726//4042 3725//4042
f 3690//4043 3691//4043 3726//4043
f 3691//4044 3727//4044 3726//4044
f 3691//4045 3692//4045 3728//4045
f 3691//4046 3728//4046 3727//4046
f 3692//4047 3693//4047 3728//4047
f 3693//4048 3729//4048 3728//4048
f 3693//4049 3694//4049 3730//4049
f 3693//4050 3730//4050 3729//4050
f 3694//4051 3695//4051 3730//4051
f 3695//4052 3731//4052 3730//4052
f 3695//4053 3696//4053 3732//4053
f 3695//4054 3732//4054 3731//4054
f 3696//4055 3697//4055 3732//4055
f 3697//4056 3733//4056 3732//4056
f 3697//4057 3698//4057 3734//4057
f 3697//4058 3734//4058 3733//4058
f 3698//4059 3699//4059 3734//4059
f 3699//4060 3735//4060 3734//4060
f 3699//4061 3700//4061 3736//4061
f 3699//4062 3736//4062 3735//4062
f 3700//4063 3701//4063 3736//4063
f 3701//4064 3737//4064 3736//4064
f 3701//4065 3702//4065 3738//4065
f 3701//4066 3738//4066 3737//4066
f 3702//4067 3703//4067 3738//4067
f 3703//4068 3739//4068 3738//4068
f 3703//4069 3704//4069 3740//4069
f 3703//4070 3740//4070 3739//4070
f 3704//4071 3705//4071 3740//4071
f 3705//4072 3741//4072 3740//4072
f 3705//4073 3706//4073 3742//4073
f 3705//4074 3742//4074 3741//4074
f 3706//4075 3707//4075 3742//4075
f 3707//4076 3743//4076 3742//4076
f 3707//4077 3708//4077 3744//4077
f 3707//4078 3744//4078 3743//4078
f 3708//4079 3673//4079 3744//4079
f 3673//4080 3709//4080 3744//4080
f 3709//4081 3710//4081 3745//4081
f 3710//4082 3746//4082 3745//4082
f 3710//4083 3711//4083 3747//4083
f 3710//4084 3747//4084 3746//4084
f 3711//4085 3712//4085 3747//4085
f 3712//4086 3748//4086 3747//4086
f 3712//4087 3713//4087 3749//4087
f 3712//4088 3749//4088 3748//4088
f 3713//4089 3714//4089 3749//4089
f 3714//4090 3750//4090 3749//4090
f 3714//4091 3715//4091 3751//4091
f 3714//4092 3751//4092 3750//4092
f 3715//4093 3716//4093 3751//4093
f 3716//4094 3752//4094 3751//4094
f 3716//4095 3717//4095 3753//4095
f 3716//4096 3753//4096 3752//4096
f 3717//4097 3718//4097 3753//4097
f 3718//4098 3754//4098 3753//4098
f 3718//4099 3719//4099 3755//4099
f 3718//4100 3755//4100 3754//4100
f 3719//4101 3720//4101 3755//4101
f 3720//4102 3756//4102 3755//4102
f 3720//4103 3721//4103 3757//4103
f 3720//4104 3757//4104 3756//4104
f 3721//4105 3722//4105 3757//4105
f 3722//4106 3758//4106 3757//4106
f 3722//4107 3723//4107 3759//4107
f 3722//4108 3759//4108 3758//4108
f 3723//4109 3724//4109 3759//4109
f 3724//4110 3760//4110 3759//4110
f 3724//4111 3725//4111 3761//4111
f 3724//4112 3761//4112 3760//4112
f 3725//4113 3726//4113 3761//4113
f 3726//4114 3762//4114 3761//4114
f 3726//4115 3727//4115 3763//4115
f 3726//4116 3763//4116 3762//4116
f 3727//4117 3728//4117 3763//4117
f 3728//4118 3764//4118 3763//4118
f 3728//4119 3729//4119 3765//4119
f 3728//4120 3765//4120 3764//4120
f 3729//4121 3730//4121 3765//4121
f 3730//4122 3766//4122 3765//4122
f 3730//4123 3731//4123 3767//4123
f 3730//4124 3767//4124 3766//4124
f 3731//4125 3732//4125 3767//4125
f 3732//4126 3768//4126 3767//4126
f 3732//4127 3733//4127 3769//4127
f 3732//4128 3769//4128 3768//4128
f 3733//4129 3734//4129 3769//4129
f 3734//4130 3770//4130 3769//4130
f 3734//4131 3735//4131 3771//4131
f 3734//4132 3771//4132 3770//4132
f 3735//4133 3736//4133 3771//4133
f 3736//4134 3772//4134 3771//4134
f 3736//4135 3737//4135 3773//4135
f 3736//4136 3773//4136 3772//4136
f 3737//4137 3738//4137 3773//4137
f 3738//4138 3774//4138 3773//4138
f 3738//4139 3739//4139 3775//4139
f 3738//4140 3775//4140 3774//4140
f 3739//4141 3740//4141 3775//4141
f 3740//4142 3776//4142 3775//4142
f 3740//4143 3741//4143 3777//4143
f 3740//4144 3777//4144 3776//4144
f 3741//4145 3742//4145 3777//4145
f 3742//4146 3778//4146 3777//4146
f 3742//4147 3743//4147 3779//4147
f 3742//4148 3779//4148 3778//4148
f 3743//4149 3744//4149 3779//4149
f 3744//4150 3780//4150 3779//4150
f 3744//4151 3709//4151 3745//4151
f 3744//4152 3745//4152 3780//4152
f 3745//4153 3746//4153 3782//4153
f 3745//4154 3782//4154 3781//4154
f 3746//4155 3747//4155 3782//4155
f 3747//4156 3783//4156 3782//4156
f 3747//4157 3748//4157 3784//4157
f 3747//4158 3784//4158 3783//4158
f 3748//4159 3749//4159 3784//4159
f 3749//4160 3785//4160 3784//4160
f 3749//4161 3750//4161 3786//4161
f 3749//4162 3786//4162 3785//4162
f 3750//4163 3751//4163 3786//4163
f 3751//4164 3787//4164 3786//4164
f 3751//4165 3752//4165 3788//4165
f 3751//4166 3788//4166 3787//4166
f 3752//4167 3753//4167 3788//4167
f 3753//4168 3789//4168 3788//4168
f 3753//4169 3754//4169 3790//4169
f 3753//4170 3790//4170 3789//4170
f 3754//4171 3755//4171 3790//4171
f 3755//4172 3791//4172 3790//4172
f 3755//4173 3756//4173 3792//4173
f 3755//4174 3792//4174 3791//4174
f 3756//4175 3757//4175 3792//4175
f 3757//4176 3793//4176 3792//4176
f 3757//4177 3758//4177 3794//4177
f 3757//4178 3794//4178 3793//4178
f 3758//4179 3759//4179 3794//4179
f 3759//4180 3795//4180 3794//4180
f 3759//4181 3760//4181 3796//4181
f 3759//4182 3796//4182 3795//4182
f 3760//4183 3761//4183 3796//4183
f 3761//4184 3797//4184 3796//4184
f 3761//4185 3762//4185 3798//4185
f 3761//4186 3798//4186 3797//4186
f 3762//4187 3763//4187 3798//4187
f 3763//4188 3799//4188 3798//4188
f 3763//4189 3764//4189 3800//4189
f 3763//4190 3800//4190 3799//4190
f 3764//4191 3765//4191 3800//4191
f 3765//4192 3801//4192 3800//4192
f 3765//4193 3766//4193 3802//4193
f 3765//4194 3802//4194 3801//4194
f 3766//4195 3767//4195 3802//4195
f 3767//4196 3803//4196 3802//4196
f 3767//4197 3768//4197 3804//4197
f 3767//4198 3804//4198 3803//4198
f 3768//4199 3769//4199 3804//4199
f 3769//4200 3805//4200 3804//4200
f 3769//4201 3770//4201 3806//4201
f 3769//4202 3806//4202 3805//4202
f 3770//4203 3771//4203 3806//4203
f 3771//4204 3807//4204 3806//4204
f 3771//4205 3772//4205 3808//4205
f 3771//4206 3808//4206 3807//4206
f 3772//4207 3773//4207 3808//4207
f 3773//4208 3809//4208 3808//4208
f 3773//4209 3774//4209 3810//4209
f 3773//4210 3810//4210 3809//4210
f 3774//4211 3775//4211 3810//4211
f 3775//4212 3811//4212 3810//4212
f 3775//4213 3776//4213 3812//4213
f 3775//4214 3812//4214 3811//4214
f 3776//4215 3777//4215 3812//4215
f 3777//4216 3813//4216 3812//4216
f 3777//4217 3778//4217 3814//4217
f 3777//4218 3814//4218 3813//4218
f 3778//4219 3779//4219 3814//4219
f 3779//4220 3815//4220 3814//4220
f 3779//4221 3780//4221 3816//4221
f 3779//4222 3816//4222 3815//4222
f 3780//4223 3745//4223 3816//4223
f 3745//4224 3781//4224 3816//4224
f 3781//4225 3782//4225 3817//4225
f 3782//4226 3818//4226 3817//4226
f 3782//4227 3783//4227 3819//4227
f 3782//4228 3819//4228 3818//4228
f 3783//4229 3784//4229 3819//4229
f 3784//4230 3820//4230 3819//4230
f 3784//4231 3785//4231 3821//4231
f 3784//4232 3821//4232 3820//4232
f 3785//4233 3786//4233 3821//4233
f 3786//4234 3822//4234 3821//4234
f 3786//4235 3787//4235 3823//4235
f 3786//4236 3823//4236 3822//4236
f 3787//4237 3788//4237 3823//4237
f 3788//4238 3824//4238 3823//4238
f 3788//4239 3789//4239 3825//4239
f 3788//4240 3825//4240 3824//4240
f 3789//4241 3790//4241 3825//4241
f 3790//4242 3826//4242 3825//4242
f 3790//4243 3791//4243 3827//4243
f 3790//4244 3827//4244 3826//4244
f 3791//4245 3792//4245 3827//4245
f 3792//4246 3828//4246 3827//4246
f 3792//4247 3793//4247 3829//4247
f 3792//4248 3829//4248 3828//4248
f 3793//4249 3794//4249 3829//4249
f 3794//4250 3830//4250 3829//4250
f 3794//4251 3795//4251 3831//4251
f 3794//4252 3831//4252 3830//4252
f 3795//4253 3796//4253 3831//4253
f 3796//4254 3832//4254 3831//4254
f 3796//4255 3797//4255 3833//4255
f 3796//4256 3833//4256 3832//4256
f 3797//4257 3798//4257 3833//4257
f 3798//4258 3834//4258 3833//4258
f 3798//4259 3799//4259 3835//4259
f 3798//4260 3835//4260 3834//4260
f 3799//4261 3800//4261 3835//4261
f 3800//4262 3836//4262 3835//4262
f 3800//4263 3801//4263 3837//4263
f 3800//4264 3837//4264 3836//4264
f 3801//4265 3802//4265 3837//4265
f 3802//4266 3838//4266 3837//4266
f 3802//4267 3803//4267 3839//4267
f 3802//4268 3839//4268 3838//4268
f 3803//4269 3804//4269 3839//4269
f 3804//4270 3840//4270 3839//4270
f 3804//4271 3805//4271 3841//4271
f 3804//4272 3841//4272 3840//4272
f 3805//4273 3806//4273 3841//4273
f 3806//4274 3842//4274 3841//4274
f 3806//4275 3807//4275 3843//4275
f 3806//4276 3843//4276 3842//4276
f 3807//4277 3808//4277 3843//4277
f 3808//4278 3844//4278 3843//4278
f 3808//4279 3809//4279 3845//4279
f 3808//4280 3845//4280 3844//4280
f 3809//4281 3810//4281 3845//4281
f 3810//4282 3846//4282 3845//4282
f 3810//4283 3811//4283 3847//4283
f 3810//4284 3847//4284 3846//4284
f 3811//4285 3812//4285 3847//4285
f 3812//4286 3848//4286 3847//4286
f 3812//4287 3813//4287 3849//4287
f 3812//4288 3849//4288 3848//4288
f 3813//4289 3814//4289 3849//4289
f 3814//4290 3850//4290 3849//4290
f 3814//4291 3815//4291 3851//4291
f 3814//4292 3851//4292 3850//4292
f 3815//4293 3816//4293 3851//4293
f 3816//4294 3852//4294 3851//4294
f 3816//4295 3781//4295 3817//4295
f 3816//4296 3817//4296 3852//4296
f 3817//4297 3818//4297 3854//4297
f 3817//4298 3854//4298 3853//4298
f 3818//4299 3819//4299 3854//4299
f 3819//4300 3855//4300 3854//4300
f 3819//4301 3820//4301 3856//4301
f 3819//4302 3856//4302 3855//4302
f 3820//4303 3821//4303 3856//4303
f 3821//4304 3857//4304 3856//4304
f 3821//4305 3822//4305 3858//4305
f 3821//4306 3858//4306 3857//4306
f 3822//4307 3823//4307 3858//4307
f 3823//4308 3859//4308 3858//4308
f 3823//4309 3824//4309 3860//4309
f 3823//4310 3860//4310 3859//4310
f 3824//4311 3825//4311 3860//4311
f 3825//4312 3861//4312 3860//4312
f 3825//4313 3826//4313 3862//4313
f 3825//4314 3862//4314 3861//4314
f 3826//4315 3827//4315 3862//4315
f 3827//4316 3863//4316 3862//4316
f 3827//4317 3828//4317 3864//4317
f 3827//4318 3864//4318 3863//4318
f 3828//4319 3829//4319 3864//4319
f 3829//4320 3865//4320 3864//4320
f 3829//4321 3830//4321 3866//4321
f 3829//4322 3866//4322 3865//4322
f 3830//4323 3831//4323 3866//4323
f 3831//4324 3867//4324 3866//4324
f 3831//4325 3832//4325 3868//4325
f 3831//4326 3868//4326 3867//4326
f 3832//4327 3833//4327 3868//4327
f 3833//4328 3869//4328 3868//4328
f 3833//4329 3834//4329 3870//4329
f 3833//4330 3870//4330 3869//4330
f 3834//4331 3835//4331 3870//4331
f 3835//4332 3871//4332 3870//4332
f 3835//4333 3836//4333 3872//4333
f 3835//4334 3872//4334 3871//4334
f 3836//4335 3837//4335 3872//4335
f 3837//4336 3873//4336 3872//4336
f 3837//4337 3838//4337 3874//4337
f 3837//4338 3874//4338 3873//4338
f 3838//4339 3839//4339 3874//4339
f 3839//4340 3875//4340 3874//4340
f 3839//4341 3840//4341 3876//4341
f 3839//4342 3876//4342 3875//4342
f 3840//4343 3841//4343 3876//4343
f 3841//4344 3877//4344 3876//4344
f 3841//4345 3842//4345 3878//4345
f 3841//4346 3878//4346 3877//4346
f 3842//4347 3843//4347 3878//4347
f 3843//4348 3879//4348 3878//4348
f 3843//4349 3844//4349 3880//4349
f 3843//4350 3880//4350 3879//4350
f 3844//4351 3845//4351 3880//4351
f 3845//4352 3881//4352 3880//4352
f 3845//4353 3846//4353 3882//4353
f 3845//4354 3882//4354 3881//4354
f 3846//4355 3847//4355 3882//4355
f 3847//4356 3883//4356 3882//4356
f 3847//4357 3848//4357 3884//4357
f 3847//4358 3884//4358 3883//4358
f 3848//4359 3849//4359 3884//4359
f 3849//4360 3885//4360 3884//4360
f 3849//4361 3850//4361 3886//4361
f 3849//4362 3886//4362 3885//4362
f 3850//4363 3851//4363 3886//4363
f 3851//4364 3887//4364 3886//4364
f 3851//4365 3852//4365 3888//4365
f 3851//4366 3888//4366 3887//4366
f 3852//4367 3817//4367 3888//4367
f 3817//4368 3853//4368 3888//4368
f 3853//4369 3854//4369 3889//4369
f 3854//4370 3890//4370 3889//4370
f 3854//4371 3855//4371 3891//4371
f 3854//4372 3891//4372 3890//4372
f 3855//4373 3856//4373 3891//4373
f 3856//4374 3892//4374 3891//4374
f 3856//4375 3857//4375 3893//4375
f 3856//4376 3893//4376 3892//4376
f 3857//4377 3858//4377 3893//4377
f 3858//4378 3894//4378 3893//4378
f 3858//4379 3859//4379 3895//4379
f 3858//4380 3895//4380 3894//4380
f 3859//4381 3860//4381 3895//4381
f 3860//4382 3896//4382 3895//4382
f 3860//4383 3861//4383 3897//4383
f 3860//4384 3897//4384 3896//4384
f 3861//4385 3862//4385 3897//4385
f 3862//4386 3898//4386 3897//4386
f 3862//4387 3863//4387 3899//4387
f 3862//4388 3899//4388 3898//4388
f 3863//4389 3864//4389 3899//4389
f 3864//4390 3900//4390 3899//4390
f 3864//4391 3865//4391 3901//4391
f 3864//4392 3901//4392 3900//4392
f 3865//4393 3866//4393 3901//4393
f 3866//4394 3902//4394 3901//4394
f 3866//4395 3867//4395 3903//4395
f 3866//4396 3903//4396 3902//4396
f 3867//4397 3868//4397 3903//4397
f 3868//4398 3904//4398 3903//4398
f 3868//4399 3869//4399 3905//4399
f 3868//4400 3905//4400 3904//4400
f 3869//4401 3870//4401 3905//4401
f 3870//4402 3906//4402 3905//4402
f 3870//4403 3871//4403 3907//4403
f 3870//4404 3907//4404 3906//4404
f 3871//4405 3872//4405 3907//4405
f 3872//4406 3908//4406 3907//4406
f 3872//4407 3873//4407 3909//4407
f 3872//4408 3909//4408 3908//4408
f 3873//4409 3874//4409 3909//4409
f 3874//4410 3910//4410 3909//4410
f 3874//4411 3875//4411 3911//4411
f 3874//4412 3911//4412 3910//4412
f 3875//4413 3876//4413 3911//4413
f 3876//4414 3912//4414 3911//4414
f 3876//4415 3877//4415 3913//4415
f 3876//4416 3913//4416 3912//4416
f 3877//4417 3878//4417 3913//4417
f 3878//4418 3914//4418 3913//4418
f 3878//4419 3879//4419 3915//4419
f 3878//4420 3915//4420 3914//4420
f 3879//4421 3880//4421 3915//4421
f 3880//4422 3916//4422 3915//4422
f 3880//4423 3881//4423 3917//4423
f 3880//4424 3917//4424 3916//4424
f 3881//4425 3882//4425 3917//4425
f 3882//4426 3918//4426 3917//4426
f 3882//4427 3883//4427 3919//4427
f 3882//4428 3919//4428 3918//4428
f 3883//4429 3884//4429 3919//4429
f 3884//4430 3920//4430 3919//4430
f 3884//4431 3885//4431 3921//4431
f 3884//4432 3921//4432 3920//4432
f 3885//4433 3886//4433 3921//4433
f 3886//4434 3922//4434 3921//4434
f 3886//4435 3887//4435 3923//4435
f 3886//4436 3923//4436 3922//4436
f 3887//4437 3888//4437 3923//4437
f 3888//4438 3924//4438 3923//4438
f 3888//4439 3853//4439 3889//4439
f 3888//4440 3889//4440 3924//4440
f 3889//4441 3890//4441 3926//4441
f 3889//4442 3926//4442 3925//4442
f 3890//4443 3891//4443 3926//4443
f 3891//4444 3927//4444 3926//4444
f 3891//4445 3892//4445 3928//4445
f 3891//4446 3928//4446 3927//4446
f 3892//4447 3893//4447 3928//4447
f 3893//4448 3929//4448 3928//4448
f 3893//4449 3894//4449 3930//4449
f 3893//4450 3930//4450 3929//4450
f 3894//4451 3895//4451 3930//4451
f 3895//4452 3931//4452 3930//4452
f 3895//4453 3896//4453 3932//4453
f 3895//4454 3932//4454 3931//4454
f 3896//4455 3897//4455 3932//4455
f 3897//4456 3933//4456 3932//4456
f 3897//4457 3898//4457 3934//4457
f 3897//4458 3934//4458 3933//4458
f 3898//4459 3899//4459 3934//4459
f 3899//4460 3935//4460 3934//4460
f 3899//4461 3900//4461 3936//4461
f 3899//4462 3936//4462 3935//4462
f 3900//4463 3901//4463 3936//4463
f 3901//4464 3937//4464 3936//4464
f 3901//4465 3902//4465 3938//4465
f 3901//4466 3938//4466 3937//4466
f 3902//4467 3903//4467 3938//4467
f 3903//4468 3939//4468 3938//4468
f 3903//4469 3904//4469 3940//4469
f 3903//4470 3940//4470 3939//4470
f 3904//4471 3905//4471 3940//4471
f 3905//4472 3941//4472 3940//4472
f 3905//4473 3906//4473 3942//4473
f 3905//4474 3942//4474 3941//4474
f 3906//4475 3907//4475 3942//4475
f 3907//4476 3943//4476 3942//4476
f 3907//4477 3908//4477 3944//4477
f 3907//4478 3944//4478 3943//4478
f 3908//4479 3909//4479 3944//4479
f 3909//4480 3945//4480 3944//4480
f 3909//4481 3910//4481 3946//4481
f 3909//4482 3946//4482 3945//4482
f 3910//4483 3911//4483 3946//4483
f 3911//4484 3947//4484 3946//4484
f 3911//4485 3912//4485 3948//4485
f 3911//4486 3948//4486 3947//4486
f 3912//4487 3913//4487 3948//4487
f 3913//4488 3949//4488 3948//4488
f 3913//4489 3914//4489 3950//4489
f 3913//4490 3950//4490 3949//4490
f 3914//4491 3915//4491 3950//4491
f 3915//4492 3951//4492 3950//4492
f 3915//4493 3916//4493 3952//4493
f 3915//4494 3952//4494 3951//4494
f 3916//4495 3917//4495 3952//4495
f 3917//4496 3953//4496 3952//4496
f 3917//4497 3918//4497 3954//4497
f 3917//4498 3954//4498 3953//4498
f 3918//4499 3919//4499 3954//4499
f 3919//4500 3955//4500 3954//4500
f 3919//4501 3920//4501 3956//4501
f 3919//4502 3956//4502 3955//4502
f 3920//4503 3921//4503 3956//4503
f 3921//4504 3957//4504 3956//4504
f 3921//4505 3922//4505 3958//4505
f 3921//4506 3958//4506 3957//4506
f 3922//4507 3923//4507 3958//4507
f 3923//4508 3959//4508 3958//4508
f 3923//4509 3924//4509 3960//4509
f 3923//4510 3960//4510 3959//4510
f 3924//4511 3889//4511 3960//4511
f 3889//4512 3925//4512 3960//4512
f 3925//4513 3926//4513 3961//4513
f 3926//4514 3962//4514 3961//4514
f 3926//4515 3927//4515 3963//4515
f 3926//4516 3963//4516 3962//4516
f 3927//4517 3928//4517 3963//4517
f 3928//4518 3964//4518 3963//4518
f 3928//4519 3929//4519 3965//4519
f 3928//4520 3965//4520 3964//4520
f 3929//4521 3930//4521 3965//4521
f 3930//4522 3966//4522 3965//4522
f 3930//4523 3931//4523 3967//4523
f 3930//4524 3967//4524 3966//4524
f 3931//4525 3932//4525 3967//4525
f 3932//4526 3968//4526 3967//4526
f 3932//4527 3933//4527 3969//4527
f 3932//4528 3969//4528 3968//4528
f 3933//4529 3934//4529 3969//4529
f 3934//4530 3970//4530 3969//4530
f 3934//4531 3935//4531 3971//4531
f 3934//4532 3971//4532 3970//4532
f 3935//4533 3936//4533 3971//4533
f 3936//4534 3972//4534 3971//4534
f 3936//4535 3937//4535 3973//4535
f 3936//4536 3973//4536 3972//4536
f 3937//4537 3938//4537 3973//4537
f 3938//4538 3974//4538 3973//4538
f 3938//4539 3939//4539 3975//4539
f 3938//4540 3975//4540 3974//4540
f 3939//4541 3940//4541 3975//4541
f 3940//4542 3976//4542 3975//4542
f 3940//4543 3941//4543 3977//4543
f 3940//4544 3977//4544 3976//4544
f 3941//4545 3942//4545 3977//4545
f 3942//4546 3978//4546 3977//4546
f 3942//4547 3943//4547 3979//4547
f 3942//4548 3979//4548 3978//4548
f 3943//4549 3944//4549 3979//4549
f 3944//4550 3980//4550 3979//4550
f 3944//4551 3945//4551 3981//4551
f 3944//4552 3981//4552 3980//4552
f 3945//4553 3946//4553 3981//4553
f 3946//4554 3982//4554 3981//4554
f 3946//4555 3947//4555 3983//4555
f 3946//4556 3983//4556 3982//4556
f 3947//4557 3948//4557 3983//4557
f 3948//4558 3984//4558 3983//4558
f 3948//4559 3949//4559 3985//4559
f 3948//4560 3985//4560 3984//4560
f 3949//4561 3950//4561 3985//4561
f 3950//4562 3986//4562 3985//4562
f 3950//4563 3951//4563 3987//4563
f 3950//4564 3987//4564 3986//4564
f 3951//4565 3952//4565 3987//4565
f 3952//4566 3988//4566 3987//4566
f 3952//4567 3953//4567 3989//4567
f 3952//4568 3989//4568 3988//4568
f 3953//4569 3954//4569 3989//4569
f 3954//4570 3990//4570 3989//4570
f 3954//4571 3955//4571 3991//4571
f 3954//4572 3991//4572 3990//4572
f 3955//4573 3956//4573 3991//4573
f 3956//4574 3992//4574 3991//4574
f 3956//4575 3957//4575 3993//4575
f 3956//4576 3993//4576 3992//4576
f 3957//4577 3958//4577 3993//4577
f 3958//4578 3994//4578 3993//4578
f 3958//4579 3959//4579 3995//4579
f 3958//4580 3995//4580 3994//4580
f 3959//4581 3960//4581 3995//4581
f 3960//4582 3996//4582 3995//4582
f 3960//4583 3925//4583 3961//4583
f 3960//4584 3961//4584 3996//4584
f 3961//4585 3962//4585 3998//4585
f 3961//4585 3998//4585 3997//4585
f 3962//4586 3963//4586 3998//4586
f 3963//4587 3999//4587 3998//4587
f 3963//4588 3964//4588 4000//4588
f 3963//4589 4000//4589 3999//4589
f 3964//4590 3965//4590 4000//4590
f 3965//4591 4001//4591 4000//4591
f 3965//4592 3966//4592 4002//4592
f 3965//4593 4002//4593 4001//4593
f 3966//4594 3967//4594 4002//4594
f 3967//4595 4003//4595 4002//4595
f 3967//4596 3968//4596 4004//4596
f 3967//4597 4004//4597 4003//4597
f 3968//4598 3969//4598 4004//4598
f 3969//4599 4005//4599 4004//4599
f 3969//4600 3970//4600 4006//4600
f 3969//4600 4006//4600 4005//4600
f 3970//4601 3971//4601 4006//4601
f 3971//4601 4007//4601 4006//4601
f 3971//4602 3972//4602 4008//4602
f 3971//4603 4008//4603 4007//4603
f 3972//4604 3973//4604 4008//4604
f 3973//4605 4009//4605 4008//4605
f 3973//4606 3974//4606 4010//4606
f 3973//4607 4010//4607 4009//4607
f 3974//4608 3975//4608 4010//4608
f 3975//4609 4011//4609 4010//4609
f 3975//4610 3976//4610 4012//4610
f 3975//4611 4012//4611 4011//4611
f 3976//4612 3977//4612 4012//4612
f 3977//4613 4013//4613 4012//4613
f 3977//4614 3978//4614 4014//4614
f 3977//4615 4014//4615 4013//4615
f 3978//4616 3979//4616 4014//4616
f 3979//4617 4015//4617 4014//4617
f 3979//4618 3980//4618 4016//4618
f 3979//4619 4016//4619 4015//4619
f 3980//4620 3981//4620 4016//4620
f 3981//4621 4017//4621 4016//4621
f 3981//4622 3982//4622 4018//4622
f 3981//4623 4018//4623 4017//4623
f 3982//4624 3983//4624 4018//4624
f 3983//4625 4019//4625 4018//4625
f 3983//4626 3984//4626 4020//4626
f 3983//4627 4020//4627 4019//4627
f 3984//4628 3985//4628 4020//4628
f 3985//4629 4021//4629 4020//4629
f 3985//4630 3986//4630 4022//4630
f 3985//4631 4022//4631 4021//4631
f 3986//4632 3987//4632 4022//4632
f 3987//4633 4023//4633 4022//4633
f 3987//4634 3988//4634 4024//4634
f 3987//4635 4024//4635 4023//4635
f 3988//4636 3989//4636 4024//4636
f 3989//4636 4025//4636 4024//4636
f 3989//4637 3990//4637 4026//4637
f 3989//4638 4026//4638 4025//4638
f 3990//4639 3991//4639 4026//4639
f 3991//4640 4027//4640 4026//4640
f 3991//4641 3992//4641 4028//4641
f 3991//4642 4028//4642 4027//4642
f 3992//4643 3993//4643 4028//4643
f 3993//4644 4029//4644 4028//4644
f 3993//4645 3994//4645 4030//4645
f 3993//4646 4030//4646 4029//4646
f 3994//4647 3995//4647 4030//4647
f 3995//4648 4031//4648 4030//4648
f 3995//4649 3996//4649 4032//4649
f 3995//4650 4032//4650 4031//4650
f 3996//4651 3961//4651 4032//4651
f 3961//4652 3997//4652 4032//4652
f 3997//4653 3998//4653 4033//4653
f 3998//4653 4034//4653 4033//4653
f 3998//4654 3999//4654 4035//4654
f 3998//4654 4035//4654 4034//4654
f 3999//4655 4000//4655 4035//4655
f 4000//4656 4036//4656 4035//4656
f 4000//4657 4001//4657 4037//4657
f 4000//4658 4037//4658 4036//4658
f 4001//4659 4002//4659 4037//4659
f 4002//4660 4038//4660 4037//4660
f 4002//4661 4003//4661 4039//4661
f 4002//4662 4039//4662 4038//4662
f 4003//4663 4004//4663 4039//4663
f 4004//4664 4040//4664 4039//4664
f 4004//4665 4005//4665 4041//4665
f 4004//4666 4041//4666 4040//4666
f 4005//4667 4006//4667 4041//4667
f 4006//4667 4042//4667 4041//4667
f 4006//4668 4007//4668 4043//4668
f 4006//4668 4043//4668 4042//4668
f 4007//4669 4008//4669 4043//4669
f 4008//4669 4044//4669 4043//4669
f 4008//4670 4009//4670 4045//4670
f 4008//4671 4045//4671 4044//4671
f 4009//4672 4010//4672 4045//4672
f 4010//4673 4046//4673 4045//4673
f 4010//4674 4011//4674 4047//4674
f 4010//4675 4047//4675 4046//4675
f 4011//4676 4012//4676 4047//4676
f 4012//4677 4048//4677 4047//4677
f 4012//4678 4013//4678 4049//4678
f 4012//4679 4049//4679 4048//4679
f 4013//4680 4014//4680 4049//4680
f 4014//4681 4050//4681 4049//4681
f 4014//4682 4015//4682 4051//4682
f 4014//4682 4051//4682 4050//4682
f 4015//4683 4016//4683 4051//4683
f 4016//4684 4052//4684 4051//4684
f 4016//4685 4017//4685 4053//4685
f 4016//4686 4053//4686 4052//4686
f 4017//4687 4018//4687 4053//4687
f 4018//4688 4054//4688 4053//4688
f 4018//4689 4019//4689 4055//4689
f 4018//4690 4055//4690 4054//4690
f 4019//4691 4020//4691 4055//4691
f 4020//4692 4056//4692 4055//4692
f 4020//4693 4021//4693 4057//4693
f 4020//4694 4057//4694 4056//4694
f 4021//4695 4022//4695 4057//4695
f 4022//4696 4058//4696 4057//4696
f 4022//4697 4023//4697 4059//4697
f 4022//4697 4059//4697 4058//4697
f 4023//4698 4024//4698 4059//4698
f 4024//4698 4060//4698 4059//4698
f 4024//4699 4025//4699 4061//4699
f 4024//4700 4061//4700 4060//4700
f 4025//4701 4026//4701 4061//4701
f 4026//4702 4062//4702 4061//4702
f 4026//4703 4027//4703 4063//4703
f 4026//4704 4063//4704 4062//4704
f 4027//4705 4028//4705 4063//4705
f 4028//4706 4064//4706 4063//4706
f 4028//4707 4029//4707 4065//4707
f 4028//4708 4065//4708 4064//4708
f 4029//4709 4030//4709 4065//4709
f 4030//4710 4066//4710 4065//4710
f 4030//4711 4031//4711 4067//4711
f 4030//4712 4067//4712 4066//4712
f 4031//4713 4032//4713 4067//4713
f 4032//4714 4068//4714 4067//4714
f 4032//4715 3997//4715 4033//4715
f 4032//4716 4033//4716 4068//4716
f 4033//4717 4034//4717 4070//4717
f 4033//4718 4070//4718 4069//4718
f 4034//4719 4035//4719 4070//4719
f 4035//4720 4071//4720 4070//4720
f 4035//4721 4036//4721 4072//4721
f 4035//4722 4072//4722 4071//4722
f 4036//4723 4037//4723 4072//4723
f 4037//4724 4073//4724 4072//4724
f 4037//4725 4038//4725 4074//4725
f 4037//4726 4074//4726 4073//4726
f 4038//4727 4039//4727 4074//4727
f 4039//4728 4075//4728 4074//4728
f 4039//4729 4040//4729 4076//4729
f 4039//4730 4076//4730 4075//4730
f 4040//4731 4041//4731 4076//4731
f 4041//4732 4077//4732 4076//4732
f 4041//4733 4042//4733 4078//4733
f 4041//4734 4078//4734 4077//4734
f 4042//4735 4043//4735 4078//4735
f 4043//4736 4079//4736 4078//4736
f 4043//4737 4044//4737 4080//4737
f 4043//4738 4080//4738 4079//4738
f 4044//4739 4045//4739 4080//4739
f 4045//4740 4081//4740 4080//4740
f 4045//4741 4046//4741 4082//4741
f 4045//4742 4082//4742 4081//4742
f 4046//4743 4047//4743 4082//4743
f 4047//4744 4083//4744 4082//4744
f 4047//4745 4048//4745 4084//4745
f 4047//4746 4084//4746 4083//4746
f 4048//4747 4049//4747 4084//4747
f 4049//4748 4085//4748 4084//4748
f 4049//4749 4050//4749 4086//4749
f 4049//4750 4086//4750 4085//4750
f 4050//4751 4051//4751 4086//4751
f 4051//4752 4087//4752 4086//4752
f 4051//4753 4052//4753 4088//4753
f 4051//4754 4088//4754 4087//4754
f 4052//4755 4053//4755 4088//4755
f 4053//4756 4089//4756 4088//4756
f 4053//4757 4054//4757 4090//4757
f 4053//4758 4090//4758 4089//4758
f 4054//4759 4055//4759 4090//4759
f 4055//4760 4091//4760 4090//4760
f 4055//4761 4056//4761 4092//4761
f 4055//4762 4092//4762 4091//4762
f 4056//4763 4057//4763 4092//4763
f 4057//4764 4093//4764 4092//4764
f 4057//4765 4058//4765 4094//4765
f 4057//4766 4094//4766 4093//4766
f 4058//4767 4059//4767 4094//4767
f 4059//4768 4095//4768 4094//4768
f 4059//4769 4060//4769 4096//4769
f 4059//4770 4096//4770 4095//4770
f 4060//4771 4061//4771 4096//4771
f 4061//4772 4097//4772 4096//4772
f 4061//4773 4062//4773 4098//4773
f 4061//4774 4098//4774 4097//4774
f 4062//4775 4063//4775 4098//4775
f 4063//4776 4099//4776 4098//4776
f 4063//4777 4064//4777 4100//4777
f 4063//4778 4100//4778 4099//4778
f 4064//4779 4065//4779 4100//4779
f 4065//4780 4101//4780 4100//4780
f 4065//4781 4066//4781 4102//4781
f 4065//4782 4102//4782 4101//4782
f 4066//4783 4067//4783 4102//4783
f 4067//4784 4103//4784 4102//4784
f 4067//4785 4068//4785 4104//4785
f 4067//4786 4104//4786 4103//4786
f 4068//4787 4033//4787 4104//4787
f 4033//4788 4069//4788 4104//4788
f 4069//4789 4070//4789 4105//4789
f 4070//4790 4106//4790 4105//4790
f 4070//4791 4071//4791 4107//4791
f 4070//4792 4107//4792 4106//4792
f 4071//4793 4072//4793 4107//4793
f 4072//4794 4108//4794 4107//4794
f 4072//4795 4073//4795 4109//4795
f 4072//4796 4109//4796 4108//4796
f 4073//4797 4074//4797 4109//4797
f 4074//4798 4110//4798 4109//4798
f 4074//4799 4075//4799 4111//4799
f 4074//4800 4111//4800 4110//4800
f 4075//4801 4076//4801 4111//4801
f 4076//4802 4112//4802 4111//4802
f 4076//4803 4077//4803 4113//4803
f 4076//4804 4113//4804 4112//4804
f 4077//4805 4078//4805 4113//4805
f 4078//4806 4114//4806 4113//4806
f 4078//4807 4079//4807 4115//4807
f 4078//4808 4115//4808 4114//4808
f 4079//4809 4080//4809 4115//4809
f 4080//4810 4116//4810 4115//4810
f 4080//4811 4081//4811 4117//4811
f 4080//4812 4117//4812 4116//4812
f 4081//4813 4082//4813 4117//4813
f 4082//4814 4118//4814 4117//4814
f 4082//4815 4083//4815 4119//4815
f 4082//4816 4119//4816 4118//4816
f 4083//4817 4084//4817 4119//4817
f 4084//4818 4120//4818 4119//4818
f 4084//4819 4085//4819 4121//4819
f 4084//4820 4121//4820 4120//4820
f 4085//4821 4086//4821 4121//4821
f 4086//4822 4122//4822 4121//4822
f 4086//4823 4087//4823 4123//4823
f 4086//4824 4123//4824 4122//4824
f 4087//4825 4088//4825 4123//4825
f 4088//4826 4124//4826 4123//4826
f 4088//4827 4089//4827 4125//4827
f 4088//4828 4125//4828 4124//4828
f 4089//4829 4090//4829 4125//4829
f 4090//4830 4126//4830 4125//4830
f 4090//4831 4091//4831 4127//4831
f 4090//4832 4127//4832 4126//4832
f 4091//4833 4092//4833 4127//4833
f 4092//4834 4128//4834 4127//4834
f 4092//4835 4093//4835 4129//4835
f 4092//4836 4129//4836 4128//4836
f 4093//4837 4094//4837 4129//4837
f 4094//4838 4130//4838 4129//4838
f 4094//4839 4095//4839 4131//4839
f 4094//4840 4131//4840 4130//4840
f 4095//4841 4096//4841 4131//4841
f 4096//4842 4132//4842 4131//4842
f 4096//4843 4097//4843 4133//4843
f 4096//4844 4133//4844 4132//4844
f 4097//4845 4098//4845 4133//4845
f 4098//4846 4134//4846 4133//4846
f 4098//4847 4099//4847 4135//4847
f 4098//4848 4135//4848 4134//4848
f 4099//4849 4100//4849 4135//4849
f 4100//4850 4136//4850 4135//4850
f 4100//4851 4101//4851 4137//4851
f 4100//4852 4137//4852 4136//4852
f 4101//4853 4102//4853 4137//4853
f 4102//4854 4138//4854 4137//4854
f 4102//4855 4103//4855 4139//4855
f 4102//4856 4139//4856 4138//4856
f 4103//4857 4104//4857 4139//4857
f 4104//4858 4140//4858 4139//4858
f 4104//4859 4069//4859 4105//4859
f 4104//4860 4105//4860 4140//4860
f 4105//4861 4106//4861 4142//4861
f 4105//4862 4142//4862 4141//4862
f 4106//4863 4107//4863 4142//4863
f 4107//4864 4143//4864 4142//4864
f 4107//4865 4108//4865 4144//4865
f 4107//4866 4144//4866 4143//4866
f 4108//4867 4109//4867 4144//4867
f 4109//4868 4145//4868 4144//4868
f 4109//4869 4110//4869 4146//4869
f 4109//4870 4146//4870 4145//4870
f 4110//4871 4111//4871 4146//4871
f 4111//4872 4147//4872 4146//4872
f 4111//4873 4112//4873 4148//4873
f 4111//4874 4148//4874 4147//4874
f 4112//4875 4113//4875 4148//4875
f 4113//4876 4149//4876 4148//4876
f 4113//4877 4114//4877 4150//4877
f 4113//4878 4150//4878 4149//4878
f 4114//4879 4115//4879 4150//4879
f 4115//4880 4151//4880 4150//4880
f 4115//4881 4116//4881 4152//4881
f 4115//4882 4152//4882 4151//4882
f 4116//4883 4117//4883 4152//4883
f 4117//4884 4153//4884 4152//4884
f 4117//4885 4118//4885 4154//4885
f 4117//4886 4154//4886 4153//4886
f 4118//4887 4119//4887 4154//4887
f 4119//4888 4155//4888 4154//4888
f 4119//4889 4120//4889 4156//4889
f 4119//4890 4156//4890 4155//4890
f 4120//4891 4121//4891 4156//4891
f 4121//4892 4157//4892 4156//4892
f 4121//4893 4122//4893 4158//4893
f 4121//4894 4158//4894 4157//4894
f 4122//4895 4123//4895 4158//4895
f 4123//4896 4159//4896 4158//4896
f 4123//4897 4124//4897 4160//4897
f 4123//4898 4160//4898 4159//4898
f 4124//4899 4125//4899 4160//4899
f 4125//4900 4161//4900 4160//4900
f 4125//4901 4126//4901 4162//4901
f 4125//4902 4162//4902 4161//4902
f 4126//4903 4127//4903 4162//4903
f 4127//4904 4163//4904 4162//4904
f 4127//4905 4128//4905 4164//4905
f 4127//4906 4164//4906 4163//4906
f 4128//4907 4129//4907 4164//4907
f 4129//4908 4165//4908 4164//4908
f 4129//4909 4130//4909 4166//4909
f 4129//4910 4166//4910 4165//4910
f 4130//4911 4131//4911 4166//4911
f 4131//4912 4167//4912 4166//4912
f 4131//4913 4132//4913 4168//4913
f 4131//4914 4168//4914 4167//4914
f 4132//4915 4133//4915 4168//4915
f 4133//4916 4169//4916 4168//4916
f 4133//4917 4134//4917 4170//4917
f 4133//4918 4170//4918 4169//4918
f 4134//4919 4135//4919 4170//4919
f 4135//4920 4171//4920 4170//4920
f 4135//4921 4136//4921 4172//4921
f 4135//4922 4172//4922 4171//4922
f 4136//4923 4137//4923 4172//4923
f 4137//4924 4173//4924 4172//4924
f 4137//4925 4138//4925 4174//4925
f 4137//4926 4174//4926 4173//4926
f 4138//4927 4139//4927 4174//4927
f 4139//4928 4175//4928 4174//4928
f 4139//4929 4140//4929 4176//4929
f 4139//4930 4176//4930 4175//4930
f 4140//4931 4105//4931 4176//4931
f 4105//4932 4141//4932 4176//4932
f 4141//4933 4142//4933 4177//4933
f 4142//4934 4178//4934 4177//4934
f 4142//4935 4143//4935 4179//4935
f 4142//4936 4179//4936 4178//4936
f 4143//4937 4144//4937 4179//4937
f 4144//4938 4180//4938 4179//4938
f 4144//4939 4145//4939 4181//4939
f 4144//4940 4181//4940 4180//4940
f 4145//4941 4146//4941 4181//4941
f 4146//4942 4182//4942 4181//4942
f 4146//4943 4147//4943 4183//4943
f 4146//4944 4183//4944 4182//4944
f 4147//4945 4148//4945 4183//4945
f 4148//4946 4184//4946 4183//4946
f 4148//4947 4149//4947 4185//4947
f 4148//4948 4185//4948 4184//4948
f 4149//4949 4150//4949 4185//4949
f 4150//4950 4186//4950 4185//4950
f 4150//4951 4151//4951 4187//4951
f 4150//4952 4187//4952 4186//4952
f 4151//4953 4152//4953 4187//4953
f 4152//4954 4188//4954 4187//4954
f 4152//4955 4153//4955 4189//4955
f 4152//4956 4189//4956 4188//4956
f 4153//4957 4154//4957 4189//4957
f 4154//4958 4190//4958 4189//4958
f 4154//4959 4155//4959 4191//4959
f 4154//4960 4191//4960 4190//4960
f 4155//4961 4156//4961 4191//4961
f 4156//4962 4192//4962 4191//4962
f 4156//4963 4157//4963 4193//4963
f 4156//4964 4193//4964 4192//4964
f 4157//4965 4158//4965 4193//4965
f 4158//4966 4194//4966 4193//4966
f 4158//4967 4159//4967 4195//4967
f 4158//4968 4195//4968 4194//4968
f 4159//4969 4160//4969 4195//4969
f 4160//4970 4196//4970 4195//4970
f 4160//4971 4161//4971 4197//4971
f 4160//4972 4197//4972 4196//4972
f 4161//4973 4162//4973 4197//4973
f 4162//4974 4198//4974 4197//4974
f 4162//4975 4163//4975 4199//4975
f 4162//4976 4199//4976 4198//4976
f 4163//4977 4164//4977 4199//4977
f 4164//4978 4200//4978 4199//4978
f 4164//4979 4165//4979 4201//4979
f 4164//4980 4201//4980 4200//4980
f 4165//4981 4166//4981 4201//4981
f 4166//4982 4202//4982 4201//4982
f 4166//4983 4167//4983 4203//4983
f 4166//4984 4203//4984 4202//4984
f 4167//4985 4168//4985 4203//4985
f 4168//4986 4204//4986 4203//4986
f 4168//4987 4169//4987 4205//4987
f 4168//4988 4205//4988 4204//4988
f 4169//4989 4170//4989 4205//4989
f 4170//4990 4206//4990 4205//4990
f 4170//4991 4171//4991 4207//4991
f 4170//4992 4207//4992 4206//4992
f 4171//4993 4172//4993 4207//4993
f 4172//4994 4208//4994 4207//4994
f 4172//4995 4173//4995 4209//4995
f 4172//4996 4209//4996 4208//4996
f 4173//4997 4174//4997 4209//4997
f 4174//4998 4210//4998 4209//4998
f 4174//4999 4175//4999 4211//4999
f 4174//5000 4211//5000 4210//5000
f 4175//5001 4176//5001 4211//5001
f 4176//5002 4212//5002 4211//5002
f 4176//5003 4141//5003 4177//5003
f 4176//5004 4177//5004 4212//5004
f 4177//5005 4178//5005 4214//5005
f 4177//5006 4214//5006 4213//5006
f 4178//5007 4179//5007 4214//5007
f 4179//5008 4215//5008 4214//5008
f 4179//5009 4180//5009 4216//5009
f 4179//5010 4216//5010 4215//5010
f 4180//5011 4181//5011 4216//5011
f 4181//5012 4217//5012 4216//5012
f 4181//5013 4182//5013 4218//5013
f 4181//5014 4218//5014 4217//5014
f 4182//5015 4183//5015 4218//5015
f 4183//5016 4219//5016 4218//5016
f 4183//5017 4184//5017 4220//5017
f 4183//5018 4220//5018 4219//5018
f 4184//5019 4185//5019 4220//5019
f 4185//5020 4221//5020 4220//5020
f 4185//5021 4186//5021 4222//5021
f 4185//5022 4222//5022 4221//5022
f 4186//5023 4187//5023 4222//5023
f 4187//5024 4223//5024 4222//5024
f 4187//5025 4188//5025 4224//5025
f 4187//5026 4224//5026 4223//5026
f 4188//5027 4189//5027 4224//5027
f 4189//5028 4225//5028 4224//5028
f 4189//5029 4190//5029 4226//5029
f 4189//5030 4226//5030 4225//5030
f 4190//5031 4191//5031 4226//5031
f 4191//5032 4227//5032 4226//5032
f 4191//5033 4192//5033 4228//5033
f 4191//5034 4228//5034 4227//5034
f 4192//5035 4193//5035 4228//5035
f 4193//5036 4229//5036 4228//5036
f 4193//5037 4194//5037 4230//5037
f 4193//5038 4230//5038 4229//5038
f 4194//5039 4195//5039 4230//5039
f 4195//5040 4231//5040 4230//5040
f 4195//5041 4196//5041 4232//5041
f 4195//5042 4232//5042 4231//5042
f 4196//5043 4197//5043 4232//5043
f 4197//5044 4233//5044 4232//5044
f 4197//5045 4198//5045 4234//5045
f 4197//5046 4234//5046 4233//5046
f 4198//5047 4199//5047 4234//5047
f 4199//5048 4235//5048 4234//5048
f 4199//5049 4200//5049 4236//5049
f 4199//5050 4236//5050 4235//5050
f 4200//5051 4201//5051 4236//5051
f 4201//5052 4237//5052 4236//5052
f 4201//5053 4202//5053 4238//5053
f 4201//5054 4238//5054 4237//5054
f 4202//5055 4203//5055 4238//5055
f 4203//5056 4239//5056 4238//5056
f 4203//5057 4204//5057 4240//5057
f 4203//5058 4240//5058 4239//5058
f 4204//5059 4205//5059 4240//5059
f 4205//5060 4241//5060 4240//5060
f 4205//5061 4206//5061 4242//5061
f 4205//5062 4242//5062 4241//5062
f 4206//5063 4207//5063 4242//5063
f 4207//5064 4243//5064 4242//5064
f 4207//5065 4208//5065 4244//5065
f 4207//5066 4244//5066 4243//5066
f 4208//5067 4209//5067 4244//5067
f 4209//5068 4245//5068 4244//5068
f 4209//5069 4210//5069 4246//5069
f 4209//5070 4246//5070 4245//5070
f 4210//5071 4211//5071 4246//5071
f 4211//5072 4247//5072 4246//5072
f 4211//5073 4212//5073 4248//5073
f 4211//5074 4248//5074 4247//5074
f 4212//5075 4177//5075 4248//5075
f 4177//5076 4213//5076 4248//5076
f 4213//5077 4214//5077 4249//5077
f 4214//5078 4250//5078 4249//5078
f 4214//5079 4215//5079 4251//5079
f 4214//5080 4251//5080 4250//5080
f 4215//5081 4216//5081 4251//5081
f 4216//5082 4252//5082 4251//5082
f 4216//5083 4217//5083 4253//5083
f 4216//5084 4253//5084 4252//5084
f 4217//5085 4218//5085 4253//5085
f 4218//5086 4254//5086 4253//5086
f 4218//5087 4219//5087 4255//5087
f 4218//5088 4255//5088 4254//5088
f 4219//5089 4220//5089 4255//5089
f 4220//5090 4256//5090 4255//5090
f 4220//5091 4221//5091 4257//5091
f 4220//5092 4257//5092 4256//5092
f 4221//5093 4222//5093 4257//5093
f 4222//5094 4258//5094 4257//5094
f 4222//5095 4223//5095 4259//5095
f 4222//5096 4259//5096 4258//5096
f 4223//5097 4224//5097 4259//5097
f 4224//5098 4260//5098 4259//5098
f 4224//5099 4225//5099 4261//5099
f 4224//5100 4261//5100 4260//5100
f 4225//5101 4226//5101 4261//5101
f 4226//5102 4262//5102 4261//5102
f 4226//5103 4227//5103 4263//5103
f 4226//5104 4263//5104 4262//5104
f 4227//5105 4228//5105 4263//5105
f 4228//5106 4264//5106 4263//5106
f 4228//5107 4229//5107 4265//5107
f 4228//5108 4265//5108 4264//5108
f 4229//5109 4230//5109 4265//5109
f 4230//5110 4266//5110 4265//5110
f 4230//5111 4231//5111 4267//5111
f 4230//5112 4267//5112 4266//5112
f 4231//5113 4232//5113 4267//5113
f 4232//5114 4268//5114 4267//5114
f 4232//5115 4233//5115 4269//5115
f 4232//5116 4269//5116 4268//5116
f 4233//5117 4234//5117 4269//5117
f 4234//5118 4270//5118 4269//5118
f 4234//5119 4235//5119 4271//5119
f 4234//5120 4271//5120 4270//5120
f 4235//5121 4236//5121 4271//5121
f 4236//5122 4272//5122 4271//5122
f 4236//5123 4237//5123 4273//5123
f 4236//5124 4273//5124 4272//5124
f 4237//5125 4238//5125 4273//5125
f 4238//5126 4274//5126 4273//5126
f 4238//5127 4239//5127 4275//5127
f 4238//5128 4275//5128 4274//5128
f 4239//5129 4240//5129 4275//5129
f 4240//5130 4276//5130 4275//5130
f 4240//5131 4241//5131 4277//5131
f 4240//5132 4277//5132 4276//5132
f 4241//5133 4242//5133 4277//5133
f 4242//5134 4278//5134 4277//5134
f 4242//5135 4243//5135 4279//5135
f 4242//5136 4279//5136 4278//5136
f 4243//5137 4244//5137 4279//5137
f 4244//5138 4280//5138 4279//5138
f 4244//5139 4245//5139 4281//5139
f 4244//5140 4281//5140 4280//5140
f 4245//5141 4246//5141 4281//5141
f 4246//5142 4282//5142 4281//5142
f 4246//5143 4247//5143 4283//5143
f 4246//5144 4283//5144 4282//5144
f 4247//5145 4248//5145 4283//5145
f 4248//5146 4284//5146 4283//5146
f 4248//5147 4213//5147 4249//5147
f 4248//5148 4249//5148 4284//5148
f 4249//5149 4250//5149 4286//5149
f 4249//5150 4286//5150 4285//5150
f 4250//5151 4251//5151 4286//5151
f 4251//5152 4287//5152 4286//5152
f 4251//5153 4252//5153 4288//5153
f 4251//5154 4288//5154 4287//5154
f 4252//5155 4253//5155 4288//5155
f 4253//5156 4289//5156 4288//5156
f 4253//5157 4254//5157 4290//5157
f 4253//5158 4290//5158 4289//5158
f 4254//5159 4255//5159 4290//5159
f 4255//5160 4291//5160 4290//5160
f 4255//5161 4256//5161 4292//5161
f 4255//5162 4292//5162 4291//5162
f 4256//5163 4257//5163 4292//5163
f 4257//5164 4293//5164 4292//5164
f 4257//5165 4258//5165 4294//5165
f 4257//5166 4294//5166 4293//5166
f 4258//5167 4259//5167 4294//5167
f 4259//5168 4295//5168 4294//5168
f 4259//5169 4260//5169 4296//5169
f 4259//5170 4296//5170 4295//5170
f 4260//5171 4261//5171 4296//5171
f 4261//5172 4297//5172 4296//5172
f 4261//5173 4262//5173 4298//5173
f 4261//5174 4298//5174 4297//5174
f 4262//5175 4263//5175 4298//5175
f 4263//5176 4299//5176 4298//5176
f 4263//5177 4264//5177 4300//5177
f 4263//5178 4300//5178 4299//5178
f 4264//5179 4265//5179 4300//5179
f 4265//5180 4301//5180 4300//5180
f 4265//5181 4266//5181 4302//5181
f 4265//5182 4302//5182 4301//5182
f 4266//5183 4267//5183 4302//5183
f 4267//5184 4303//5184 4302//5184
f 4267//5185 4268//5185 4304//5185
f 4267//5186 4304//5186 4303//5186
f 4268//5187 4269//5187 4304//5187
f 4269//5188 4305//5188 4304//5188
f 4269//5189 4270//5189 4306//5189
f 4269//5190 4306//5190 4305//5190
f 4270//5191 4271//5191 4306//5191
f 4271//5192 4307//5192 4306//5192
f 4271//5193 4272//5193 4308//5193
f 4271//5194 4308//5194 4307//5194
f 4272//5195 4273//5195 4308//5195
f 4273//5196 4309//5196 4308//5196
f 4273//5197 4274//5197 4310//5197
f 4273//5198 4310//5198 4309//5198
f 4274//5199 4275//5199 4310//5199
f 4275//5200 4311//5200 4310//5200
f 4275//5201 4276//5201 4312//5201
f 4275//5202 4312//5202 4311//5202
f 4276//5203 4277//5203 4312//5203
f 4277//5204 4313//5204 4312//5204
f 4277//5205 4278//5205 4314//5205
f 4277//5206 4314//5206 4313//5206
f 4278//5207 4279//5207 4314//5207
f 4279//5208 4315//5208 4314//5208
f 4279//5209 4280//5209 4316//5209
f 4279//5210 4316//5210 4315//5210
f 4280//5211 4281//5211 4316//5211
f 4281//5212 4317//5212 4316//5212
f 4281//5213 4282//5213 4318//5213
f 4281//5214 4318//5214 4317//5214
f 4282//5215 4283//5215 4318//5215
f 4283//5216 4319//5216 4318//5216
f 4283//5217 4284//5217 4320//5217
f 4283//5218 4320//5218 4319//5218
f 4284//5219 4249//5219 4320//5219
f 4249//5220 4285//5220 4320//5220
f 4285//5221 4286//5221 4321//5221
f 4286//5222 4322//5222 4321//5222
f 4286//5223 4287//5223 4323//5223
f 4286//5224 4323//5224 4322//5224
f 4287//5225 4288//5225 4323//5225
f 4288//5226 4324//5226 4323//5226
f 4288//5227 4289//5227 4325//5227
f 4288//5228 4325//5228 4324//5228
f 4289//5229 4290//5229 4325//5229
f 4290//5230 4326//5230 4325//5230
f 4290//5231 4291//5231 4327//5231
f 4290//5232 4327//5232 4326//5232
f 4291//5233 4292//5233 4327//5233
f 4292//5234 4328//5234 4327//5234
f 4292//5235 4293//5235 4329//5235
f 4292//5236 4329//5236 4328//5236
f 4293//5237 4294//5237 4329//5237
f 4294//5238 4330//5238 4329//5238
f 4294//5239 4295//5239 4331//5239
f 4294//5240 4331//5240 4330//5240
f 4295//5241 4296//5241 4331//5241
f 4296//5242 4332//5242 4331//5242
f 4296//5243 4297//5243 4333//5243
f 4296//5244 4333//5244 4332//5244
f 4297//5245 4298//5245 4333//5245
f 4298//5246 4334//5246 4333//5246
f 4298//5247 4299//5247 4335//5247
f 4298//5248 4335//5248 4334//5248
f 4299//5249 4300//5249 4335//5249
f 4300//5250 4336//5250 4335//5250
f 4300//5251 4301//5251 4337//5251
f 4300//5252 4337//5252 4336//5252
f 4301//5253 4302//5253 4337//5253
f 4302//5254 4338//5254 4337//5254
f 4302//5255 4303//5255 4339//5255
f 4302//5256 4339//5256 4338//5256
f 4303//5257 4304//5257 4339//5257
f 4304//5258 4340//5258 4339//5258
f 4304//5259 4305//5259 4341//5259
f 4304//5260 4341//5260 4340//5260
f 4305//5261 4306//5261 4341//5261
f 4306//5262 4342//5262 4341//5262
f 4306//5263 4307//5263 4343//5263
f 4306//5264 4343//5264 4342//5264
f 4307//5265 4308//5265 4343//5265
f 4308//5266 4344//5266 4343//5266
f 4308//5267 4309//5267 4345//5267
f 4308//5268 4345//5268 4344//5268
f 4309//5269 4310//5269 4345//5269
f 4310//5270 4346//5270 4345//5270
f 4310//5271 4311//5271 4347//5271
f 4310//5272 4347//5272 4346//5272
f 4311//5273 4312//5273 4347//5273
f 4312//5274 4348//5274 4347//5274
f 4312//5275 4313//5275 4349//5275
f 4312//5276 4349//5276 4348//5276
f 4313//5277 4314//5277 4349//5277
f 4314//5278 4350//5278 4349//5278
f 4314//5279 4315//5279 4351//5279
f 4314//5280 4351//5280 4350//5280
f 4315//5281 4316//5281 4351//5281
f 4316//5282 4352//5282 4351//5282
f 4316//5283 4317//5283 4353//5283
f 4316//5284 4353//5284 4352//5284
f 4317//5285 4318//5285 4353//5285
f 4318//5286 4354//5286 4353//5286
f 4318//5287 4319//5287 4355//5287
f 4318//5288 4355//5288 4354//5288
f 4319//5289 4320//5289 4355//5289
f 4320//5290 4356//5290 4355//5290
f 4320//5291 4285//5291 4321//5291
f 4320//5292 4321//5292 4356//5292
f 4357//5293 4358//5293 4394//5293
f 4357//5294 4394//5294 4393//5294
f 4358//5295 4359//5295 4394//5295
f 4359//5296 4395//5296 4394//5296
f 4359//5297 4360//5297 4396//5297
f 4359//5298 4396//5298 4395//5298
f 4360//5299 4361//5299 4396//5299
f 4361//5300 4397//5300 4396//5300
f 4361//5301 4362//5301 4398//5301
f 4361//5302 4398//5302 4397//5302
f 4362//5303 4363//5303 4398//5303
f 4363//5304 4399//5304 4398//5304
f 4363//5305 4364//5305 4400//5305
f 4363//5306 4400//5306 4399//5306
f 4364//5307 4365//5307 4400//5307
f 4365//5308 4401//5308 4400//5308
f 4365//5309 4366//5309 4402//5309
f 4365//5310 4402//5310 4401//5310
f 4366//5311 4367//5311 4402//5311
f 4367//5312 4403//5312 4402//5312
f 4367//5313 4368//5313 4404//5313
f 4367//5314 4404//5314 4403//5314
f 4368//5315 4369//5315 4404//5315
f 4369//5316 4405//5316 4404//5316
f 4369//5317 4370//5317 4406//5317
f 4369//5318 4406//5318 4405//5318
f 4370//5319 4371//5319 4406//5319
f 4371//5320 4407//5320 4406//5320
f 4371//5321 4372//5321 4408//5321
f 4371//5322 4408//5322 4407//5322
f 4372//5323 4373//5323 4408//5323
f 4373//5324 4409//5324 4408//5324
f 4373//5325 4374//5325 4410//5325
f 4373//5326 4410//5326 4409//5326
f 4374//5327 4375//5327 4410//5327
f 4375//5328 4411//5328 4410//5328
f 4375//5329 4376//5329 4412//5329
f 4375//5330 4412//5330 4411//5330
f 4376//5331 4377//5331 4412//5331
f 4377//5332 4413//5332 4412//5332
f 4377//5333 4378//5333 4414//5333
f 4377//5334 4414//5334 4413//5334
f 4378//5335 4379//5335 4414//5335
f 4379//5336 4415//5336 4414//5336
f 4379//5337 4380//5337 4416//5337
f 4379//5338 4416//5338 4415//5338
f 4380//5339 4381//5339 4416//5339
f 4381//5340 4417//5340 4416//5340
f 4381//5341 4382//5341 4418//5341
f 4381//5342 4418//5342 4417//5342
f 4382//5343 4383//5343 4418//5343
f 4383//5344 4419//5344 4418//5344
f 4383//5345 4384//5345 4420//5345
f 4383//5346 4420//5346 4419//5346
f 4384//5347 4385//5347 4420//5347
f 4385//5348 4421//5348 4420//5348
f 4385//5349 4386//5349 4422//5349
f 4385//5350 4422//5350 4421//5350
f 4386//5351 4387//5351 4422//5351
f 4387//5352 4423//5352 4422//5352
f 4387//5353 4388//5353 4424//5353
f 4387//5354 4424//5354 4423//5354
f 4388//5355 4389//5355 4424//5355
f 4389//5356 4425//5356 4424//5356
f 4389//5357 4390//5357 4426//5357
f 4389//5358 4426//5358 4425//5358
f 4390//5359 4391//5359 4426//5359
f 4391//5360 4427//5360 4426//5360
f 4391//5361 4392//5361 4428//5361
f 4391//5362 4428//5362 4427//5362
f 4392//5363 4357//5363 4428//5363
f 4357//5364 4393//5364 4428//5364
f 4393//5365 4394//5365 4429//5365
f 4394//5366 4430//5366 4429//5366
f 4394//5367 4395//5367 4431//5367
f 4394//5368 4431//5368 4430//5368
f 4395//5369 4396//5369 4431//5369
f 4396//5370 4432//5370 4431//5370
f 4396//5371 4397//5371 4433//5371
f 4396//5372 4433//5372 4432//5372
f 4397//5373 4398//5373 4433//5373
f 4398//5374 4434//5374 4433//5374
f 4398//5375 4399//5375 4435//5375
f 4398//5376 4435//5376 4434//5376
f 4399//5377 4400//5377 4435//5377
f 4400//5378 4436//5378 4435//5378
f 4400//5379 4401//5379 4437//5379
f 4400//5380 4437//5380 4436//5380
f 4401//5381 4402//5381 4437//5381
f 4402//5382 4438//5382 4437//5382
f 4402//5383 4403//5383 4439//5383
f 4402//5384 4439//5384 4438//5384
f 4403//5385 4404//5385 4439//5385
f 4404//5386 4440//5386 4439//5386
f 4404//5387 4405//5387 4441//5387
f 4404//5388 4441//5388 4440//5388
f 4405//5389 4406//5389 4441//5389
f 4406//5390 4442//5390 4441//5390
f 4406//5391 4407//5391 4443//5391
f 4406//5392 4443//5392 4442//5392
f 4407//5393 4408//5393 4443//5393
f 4408//5394 4444//5394 4443//5394
f 4408//5395 4409//5395 4445//5395
f 4408//5396 4445//5396 4444//5396
f 4409//5397 4410//5397 4445//5397
f 4410//5398 4446//5398 4445//5398
f 4410//5399 4411//5399 4447//5399
f 4410//5400 4447//5400 4446//5400
f 4411//5401 4412//5401 4447//5401
f 4412//5402 4448//5402 4447//5402
f 4412//5403 4413//5403 4449//5403
f 4412//5404 4449//5404 4448//5404
f 4413//5405 4414//5405 4449//5405
f 4414//5406 4450//5406 4449//5406
f 4414//5407 4415//5407 4451//5407
f 4414//5408 4451//5408 4450//5408
f 4415//5409 4416//5409 4451//5409
f 4416//5410 4452//5410 4451//5410
f 4416//5411 4417//5411 4453//5411
f 4416//5412 4453//5412 4452//5412
f 4417//5413 4418//5413 4453//5413
f 4418//5414 4454//5414 4453//5414
f 4418//5415 4419//5415 4455//5415
f 4418//5416 4455//5416 4454//5416
f 4419//5417 4420//5417 4455//5417
f 4420//5418 4456//5418 4455//5418
f 4420//5419 4421//5419 4457//5419
f 4420//5420 4457//5420 4456//5420
f 4421//5421 4422//5421 4457//5421
f 4422//5422 4458//5422 4457//5422
f 4422//5423 4423//5423 4459//5423
f 4422//5424 4459//5424 4458//5424
f 4423//5425 4424//5425 4459//5425
f 4424//5426 4460//5426 4459//5426
f 4424//5427 4425//5427 4461//5427
f 4424//5428 4461//5428 4460//5428
f 4425//5429 4426//5429 4461//5429
f 4426//5430 4462//5430 4461//5430
f 4426//5431 4427//5431 4463//5431
f 4426//5432 4463//5432 4462//5432
f 4427//5433 4428//5433 4463//5433
f 4428//5434 4464//5434 4463//5434
f 4428//5435 4393//5435 4429//5435
f 4428//5436 4429//5436 4464//5436
f 4429//5437 4430//5437 4466//5437
f 4429//5438 4466//5438 4465//5438
f 4430//5439 4431//5439 4466//5439
f 4431//5440 4467//5440 4466//5440
f 4431//5441 4432//5441 4468//5441
f 4431//5442 4468//5442 4467//5442
f 4432//5443 4433//5443 4468//5443
f 4433//5444 4469//5444 4468//5444
f 4433//5445 4434//5445 4470//5445
f 4433//5446 4470//5446 4469//5446
f 4434//5447 4435//5447 4470//5447
f 4435//5448 4471//5448 4470//5448
f 4435//5449 4436//5449 4472//5449
f 4435//5450 4472//5450 4471//5450
f 4436//5451 4437//5451 4472//5451
f 4437//5452 4473//5452 4472//5452
f 4437//5453 4438//5453 4474//5453
f 4437//5454 4474//5454 4473//5454
f 4438//5455 4439//5455 4474//5455
f 4439//5456 4475//5456 4474//5456
f 4439//5457 4440//5457 4476//5457
f 4439//5458 4476//5458 4475//5458
f 4440//5459 4441//5459 4476//5459
f 4441//5460 4477//5460 4476//5460
f 4441//5461 4442//5461 4478//5461
f 4441//5462 4478//5462 4477//5462
f 4442//5463 4443//5463 4478//5463
f 4443//5464 4479//5464 4478//5464
f 4443//5465 4444//5465 4480//5465
f 4443//5466 4480//5466 4479//5466
f 4444//5467 4445//5467 4480//5467
f 4445//5468 4481//5468 4480//5468
f 4445//5469 4446//5469 4482//5469
f 4445//5470 4482//5470 4481//5470
f 4446//5471 4447//5471 4482//5471
f 4447//5472 4483//5472 4482//5472
f 4447//5473 4448//5473 4484//5473
f 4447//5474 4484//5474 4483//5474
f 4448//5475 4449//5475 4484//5475
f 4449//5476 4485//5476 4484//5476
f 4449//5477 4450//5477 4486//5477
f 4449//5478 4486//5478 4485//5478
f 4450//5479 4451//5479 4486//5479
f 4451//5480 4487//5480 4486//5480
f 4451//5481 4452//5481 4488//5481
f 4451//5482 4488//5482 4487//5482
f 4452//5483 4453//5483 4488//5483
f 4453//5484 4489//5484 4488//5484
f 4453//5485 4454//5485 4490//5485
f 4453//5486 4490//5486 4489//5486
f 4454//5487 4455//5487 4490//5487
f 4455//5488 4491//5488 4490//5488
f 4455//5489 4456//5489 4492//5489
f 4455//5490 4492//5490 4491//5490
f 4456//5491 4457//5491 4492//5491
f 4457//5492 4493//5492 4492//5492
f 4457//5493 4458//5493 4494//5493
f 4457//5494 4494//5494 4493//5494
f 4458//5495 4459//5495 4494//5495
f 4459//5496 4495//5496 4494//5496
f 4459//5497 4460//5497 4496//5497
f 4459//5498 4496//5498 4495//5498
f 4460//5499 4461//5499 4496//5499
f 4461//5500 4497//5500 4496//5500
f 4461//5501 4462//5501 4498//5501
f 4461//5502 4498//5502 4497//5502
f 4462//5503 4463//5503 4498//5503
f 4463//5504 4499//5504 4498//5504
f 4463//5505 4464//5505 4500//5505
f 4463//5506 4500//5506 4499//5506
f 4464//5507 4429//5507 4500//5507
f 4429//5508 4465//5508 4500//5508
f 4465//5509 4466//5509 4501//5509
f 4466//5510 4502//5510 4501//5510
f 4466//5511 4467//5511 4503//5511
f 4466//5512 4503//5512 4502//5512
f 4467//5513 4468//5513 4503//5513
f 4468//5514 4504//5514 4503//5514
f 4468//5515 4469//5515 4505//5515
f 4468//5516 4505//5516 4504//5516
f 4469//5517 4470//5517 4505//5517
f 4470//5518 4506//5518 4505//5518
f 4470//5519 4471//5519 4507//5519
f 4470//5520 4507//5520 4506//5520
f 4471//5521 4472//5521 4507//5521
f 4472//5522 4508//5522 4507//5522
f 4472//5523 4473//5523 4509//5523
f 4472//5524 4509//5524 4508//5524
f 4473//5525 4474//5525 4509//5525
f 4474//5526 4510//5526 4509//5526
f 4474//5527 4475//5527 4511//5527
f 4474//5528 4511//5528 4510//5528
f 4475//5529 4476//5529 4511//5529
f 4476//5530 4512//5530 4511//5530
f 4476//5531 4477//5531 4513//5531
f 4476//5532 4513//5532 4512//5532
f 4477//5533 4478//5533 4513//5533
f 4478//5534 4514//5534 4513//5534
f 4478//5535 4479//5535 4515//5535
f 4478//5536 4515//5536 4514//5536
f 4479//5537 4480//5537 4515//5537
f 4480//5538 4516//5538 4515//5538
f 4480//5539 4481//5539 4517//5539
f 4480//5540 4517//5540 4516//5540
f 4481//5541 4482//5541 4517//5541
f 4482//5542 4518//5542 4517//5542
f 4482//5543 4483//5543 4519//5543
f 4482//5544 4519//5544 4518//5544
f 4483//5545 4484//5545 4519//5545
f 4484//5546 4520//5546 4519//5546
f 4484//5547 4485//5547 4521//5547
f 4484//5548 4521//5548 4520//5548
f 4485//5549 4486//5549 4521//5549
f 4486//5550 4522//5550 4521//5550
f 4486//5551 4487//5551 4523//5551
f 4486//5552 4523//5552 4522//5552
f 4487//5553 4488//5553 4523//5553
f 4488//5554 4524//5554 4523//5554
f 4488//5555 4489//5555 4525//5555
f 4488//5556 4525//5556 4524//5556
f 4489//5557 4490//5557 4525//5557
f 4490//5558 4526//5558 4525//5558
f 4490//5559 4491//5559 4527//5559
f 4490//5560 4527//5560 4526//5560
f 4491//5561 4492//5561 4527//5561
f 4492//5562 4528//5562 4527//5562
f 4492//5563 4493//5563 4529//5563
f 4492//5564 4529//5564 4528//5564
f 4493//5565 4494//5565 4529//5565
f 4494//5566 4530//5566 4529//5566
f 4494//5567 4495//5567 4531//5567
f 4494//5568 4531//5568 4530//5568
f 4495//5569 4496//5569 4531//5569
f 4496//5570 4532//5570 4531//5570
f 4496//5571 4497//5571 4533//5571
f 4496//5572 4533//5572 4532//5572
f 4497//5573 4498//5573 4533//5573
f 4498//5574 4534//5574 4533//5574
f 4498//5575 4499//5575 4535//5575
f 4498//5576 4535//5576 4534//5576
f 4499//5577 4500//5577 4535//5577
f 4500//5578 4536//5578 4535//5578
f 4500//5579 4465//5579 4501//5579
f 4500//5580 4501//5580 4536//5580
f 4501//5581 4502//5581 4538//5581
f 4501//5582 4538//5582 4537//5582
f 4502//5583 4503//5583 4538//5583
f 4503//5584 4539//5584 4538//5584
f 4503//5585 4504//5585 4540//5585
f 4503//5586 4540//5586 4539//5586
f 4504//5587 4505//5587 4540//5587
f 4505//5588 4541//5588 4540//5588
f 4505//5589 4506//5589 4542//5589
f 4505//5590 4542//5590 4541//5590
f 4506//5591 4507//5591 4542//5591
f 4507//5592 4543//5592 4542//5592
f 4507//5593 4508//5593 4544//5593
f 4507//5594 4544//5594 4543//5594
f 4508//5595 4509//5595 4544//5595
f 4509//5596 4545//5596 4544//5596
f 4509//5597 4510//5597 4546//5597
f 4509//5598 4546//5598 4545//5598
f 4510//5599 4511//5599 4546//5599
f 4511//5600 4547//5600 4546//5600
f 4511//5601 4512//5601 4548//5601
f 4511//5602 4548//5602 4547//5602
f 4512//5603 4513//5603 4548//5603
f 4513//5604 4549//5604 4548//5604
f 4513//5605 4514//5605 4550//5605
f 4513//5606 4550//5606 4549//5606
f 4514//5607 4515//5607 4550//5607
f 4515//5608 4551//5608 4550//5608
f 4515//5609 4516//5609 4552//5609
f 4515//5610 4552//5610 4551//5610
f 4516//5611 4517//5611 4552//5611
f 4517//5612 4553//5612 4552//5612
f 4517//5613 4518//5613 4554//5613
f 4517//5614 4554//5614 4553//5614
f 4518//5615 4519//5615 4554//5615
f 4519//5616 4555//5616 4554//5616
f 4519//5617 4520//5617 4556//5617
f 4519//5618 4556//5618 4555//5618
f 4520//5619 4521//5619 4556//5619
f 4521//5620 4557//5620 4556//5620
f 4521//5621 4522//5621 4558//5621
f 4521//5622 4558//5622 4557//5622
f 4522//5623 4523//5623 4558//5623
f 4523//5624 4559//5624 4558//5624
f 4523//5625 4524//5625 4560//5625
f 4523//5626 4560//5626 4559//5626
f 4524//5627 4525//5627 4560//5627
f 4525//5628 4561//5628 4560//5628
f 4525//5629 4526//5629 4562//5629
f 4525//5630 4562//5630 4561//5630
f 4526//5631 4527//5631 4562//5631
f 4527//5632 4563//5632 4562//5632
f 4527//5633 4528//5633 4564//5633
f 4527//5634 4564//5634 4563//5634
f 4528//5635 4529//5635 4564//5635
f 4529//5636 4565//5636 4564//5636
f 4529//5637 4530//5637 4566//5637
f 4529//5638 4566//5638 4565//5638
f 4530//5639 4531//5639 4566//5639
f 4531//5640 4567//5640 4566//5640
f 4531//5641 4532//5641 4568//5641
f 4531//5642 4568//5642 4567//5642
f 4532//5643 4533//5643 4568//5643
f 4533//5644 4569//5644 4568//5644
f 4533//5645 4534//5645 4570//5645
f 4533//5646 4570//5646 4569//5646
f 4534//5647 4535//5647 4570//5647
f 4535//5648 4571//5648 4570//5648
f 4535//5649 4536//5649 4572//5649
f 4535//5650 4572//5650 4571//5650
f 4536//5651 4501//5651 4572//5651
f 4501//5652 4537//5652 4572//5652
f 4537//5653 4538//5653 4573//5653
f 4538//5654 4574//5654 4573//5654
f 4538//5655 4539//5655 4575//5655
f 4538//5656 4575//5656 4574//5656
f 4539//5657 4540//5657 4575//5657
f 4540//5658 4576//5658 4575//5658
f 4540//5659 4541//5659 4577//5659
f 4540//5660 4577//5660 4576//5660
f 4541//5661 4542//5661 4577//5661
f 4542//5662 4578//5662 4577//5662
f 4542//5663 4543//5663 4579//5663
f 4542//5664 4579//5664 4578//5664
f 4543//5665 4544//5665 4579//5665
f 4544//5666 4580//5666 4579//5666
f 4544//5667 4545//5667 4581//5667
f 4544//5668 4581//5668 4580//5668
f 4545//5669 4546//5669 4581//5669
f 4546//5670 4582//5670 4581//5670
f 4546//5671 4547//5671 4583//5671
f 4546//5672 4583//5672 4582//5672
f 4547//5673 4548//5673 4583//5673
f 4548//5674 4584//5674 4583//5674
f 4548//5675 4549//5675 4585//5675
f 4548//5676 4585//5676 4584//5676
f 4549//5677 4550//5677 4585//5677
f 4550//5678 4586//5678 4585//5678
f 4550//5679 4551//5679 4587//5679
f 4550//5680 4587//5680 4586//5680
f 4551//5681 4552//5681 4587//5681
f 4552//5682 4588//5682 4587//5682
f 4552//5683 4553//5683 4589//5683
f 4552//5684 4589//5684 4588//5684
f 4553//5685 4554//5685 4589//5685
f 4554//5686 4590//5686 4589//5686
f 4554//5687 4555//5687 4591//5687
f 4554//5688 4591//5688 4590//5688
f 4555//5689 4556//5689 4591//5689
f 4556//5690 4592//5690 4591//5690
f 4556//5691 4557//5691 4593//5691
f 4556//5692 4593//5692 4592//5692
f 4557//5693 4558//5693 4593//5693
f 4558//5694 4594//5694 4593//5694
f 4558//5695 4559//5695 4595//5695
f 4558//5696 4595//5696 4594//5696
f 4559//5697 4560//5697 4595//5697
f 4560//5698 4596//5698 4595//5698
f 4560//5699 4561//5699 4597//5699
f 4560//5700 4597//5700 4596//5700
f 4561//5701 4562//5701 4597//5701
f 4562//5702 4598//5702 4597//5702
f 4562//5703 4563//5703 4599//5703
f 4562//5704 4599//5704 4598//5704
f 4563//5705 4564//5705 4599//5705
f 4564//5706 4600//5706 4599//5706
f 4564//5707 4565//5707 4601//5707
f 4564//5708 4601//5708 4600//5708
f 4565//5709 4566//5709 4601//5709
f 4566//5710 4602//5710 4601//5710
f 4566//5711 4567//5711 4603//5711
f 4566//5712 4603//5712 4602//5712
f 4567//5713 4568//5713 4603//5713
f 4568//5714 4604//5714 4603//5714
f 4568//5715 4569//5715 4605//5715
f 4568//5716 4605//5716 4604//5716
f 4569//5717 4570//5717 4605//5717
f 4570//5718 4606//5718 4605//5718
f 4570//5719 4571//5719 4607//5719
f 4570//5720 4607//5720 4606//5720
f 4571//5721 4572//5721 4607//5721
f 4572//5722 4608//5722 4607//5722
f 4572//5723 4537//5723 4573//5723
f 4572//5724 4573//5724 4608//5724
f 4573//5725 4574//5725 4610//5725
f 4573//5726 4610//5726 4609//5726
f 4574//5727 4575//5727 4610//5727
f 4575//5728 4611//5728 4610//5728
f 4575//5729 4576//5729 4612//5729
f 4575//5730 4612//5730 4611//5730
f 4576//5731 4577//5731 4612//5731
f 4577//5732 4613//5732 4612//5732
f 4577//5733 4578//5733 4614//5733
f 4577//5734 4614//5734 4613//5734
f 4578//5735 4579//5735 4614//5735
f 4579//5736 4615//5736 4614//5736
f 4579//5737 4580//5737 4616//5737
f 4579//5738 4616//5738 4615//5738
f 4580//5739 4581//5739 4616//5739
f 4581//5740 4617//5740 4616//5740
f 4581//5741 4582//5741 4618//5741
f 4581//5742 4618//5742 4617//5742
f 4582//5743 4583//5743 4618//5743
f 4583//5744 4619//5744 4618//5744
f 4583//5745 4584//5745 4620//5745
f 4583//5746 4620//5746 4619//5746
f 4584//5747 4585//5747 4620//5747
f 4585//5748 4621//5748 4620//5748
f 4585//5749 4586//5749 4622//5749
f 4585//5750 4622//5750 4621//5750
f 4586//5751 4587//5751 4622//5751
f 4587//5752 4623//5752 4622//5752
f 4587//5753 4588//5753 4624//5753
f 4587//5754 4624//5754 4623//5754
f 4588//5755 4589//5755 4624//5755
f 4589//5756 4625//5756 4624//5756
f 4589//5757 4590//5757 4626//5757
f 4589//5758 4626//5758 4625//5758
f 4590//5759 4591//5759 4626//5759
f 4591//5760 4627//5760 4626//5760
f 4591//5761 4592//5761 4628//5761
f 4591//5762 4628//5762 4627//5762
f 4592//5763 4593//5763 4628//5763
f 4593//5764 4629//5764 4628//5764
f 4593//5765 4594//5765 4630//5765
f 4593//5766 4630//5766 4629//5766
f 4594//5767 4595//5767 4630//5767
f 4595//5768 4631//5768 4630//5768
f 4595//5769 4596//5769 4632//5769
f 4595//5770 4632//5770 4631//5770
f 4596//5771 4597//5771 4632//5771
f 4597//5772 4633//5772 4632//5772
f 4597//5773 4598//5773 4634//5773
f 4597//5774 4634//5774 4633//5774
f 4598//5775 4599//5775 4634//5775
f 4599//5776 4635//5776 4634//5776
f 4599//5777 4600//5777 4636//5777
f 4599//5778 4636//5778 4635//5778
f 4600//5779 4601//5779 4636//5779
f 4601//5780 4637//5780 4636//5780
f 4601//5781 4602//5781 4638//5781
f 4601//5782 4638//5782 4637//5782
f 4602//5783 4603//5783 4638//5783
f 4603//5784 4639//5784 4638//5784
f 4603//5785 4604//5785 4640//5785
f 4603//5786 4640//5786 4639//5786
f 4604//5787 4605//5787 4640//5787
f 4605//5788 4641//5788 4640//5788
f 4605//5789 4606//5789 4642//5789
f 4605//5790 4642//5790 4641//5790
f 4606//5791 4607//5791 4642//5791
f 4607//5792 4643//5792 4642//5792
f 4607//5793 4608//5793 4644//5793
f 4607//5794 4644//5794 4643//5794
f 4608//5795 4573//5795 4644//5795
f 4573//5796 4609//5796 4644//5796
f 4609//5797 4610//5797 4645//5797
f 4610//5798 4646//5798 4645//5798
f 4610//5799 4611//5799 4647//5799
f 4610//5800 4647//5800 4646//5800
f 4611//5801 4612//5801 4647//5801
f 4612//5802 4648//5802 4647//5802
f 4612//5803 4613//5803 4649//5803
f 4612//5804 4649//5804 4648//5804
f 4613//5805 4614//5805 4649//5805
f 4614//5806 4650//5806 4649//5806
f 4614//5807 4615//5807 4651//5807
f 4614//5808 4651//5808 4650//5808
f 4615//5809 4616//5809 4651//5809
f 4616//5810 4652//5810 4651//5810
f 4616//5811 4617//5811 4653//5811
f 4616//5812 4653//5812 4652//5812
f 4617//5813 4618//5813 4653//5813
f 4618//5814 4654//5814 4653//5814
f 4618//5815 4619//5815 4655//5815
f 4618//5816 4655//5816 4654//5816
f 4619//5817 4620//5817 4655//5817
f 4620//5818 4656//5818 4655//5818
f 4620//5819 4621//5819 4657//5819
f 4620//5820 4657//5820 4656//5820
f 4621//5821 4622//5821 4657//5821
f 4622//5822 4658//5822 4657//5822
f 4622//5823 4623//5823 4659//5823
f 4622//5824 4659//5824 4658//5824
f 4623//5825 4624//5825 4659//5825
f 4624//5826 4660//5826 4659//5826
f 4624//5827 4625//5827 4661//5827
f 4624//5828 4661//5828 4660//5828
f 4625//5829 4626//5829 4661//5829
f 4626//5830 4662//5830 4661//5830
f 4626//5831 4627//5831 4663//5831
f 4626//5832 4663//5832 4662//5832
f 4627//5833 4628//5833 4663//5833
f 4628//5834 4664//5834 4663//5834
f 4628//5835 4629//5835 4665//5835
f 4628//5836 4665//5836 4664//5836
f 4629//5837 4630//5837 4665//5837
f 4630//5838 4666//5838 4665//5838
f 4630//5839 4631//5839 4667//5839
f 4630//5840 4667//5840 4666//5840
f 4631//5841 4632//5841 4667//5841
f 4632//5842 4668//5842 4667//5842
f 4632//5843 4633//5843 4669//5843
f 4632//5844 4669//5844 4668//5844
f 4633//5845 4634//5845 4669//5845
f 4634//5846 4670//5846 4669//5846
f 4634//5847 4635//5847 4671//5847
f 4634//5848 4671//5848 4670//5848
f 4635//5849 4636//5849 4671//5849
f 4636//5850 4672//5850 4671//5850
f 4636//5851 4637//5851 4673//5851
f 4636//5852 4673//5852 4672//5852
f 4637//5853 4638//5853 4673//5853
f 4638//5854 4674//5854 4673//5854
f 4638//5855 4639//5855 4675//5855
f 4638//5856 4675//5856 4674//5856
f 4639//5857 4640//5857 4675//5857
f 4640//5858 4676//5858 4675//5858
f 4640//5859 4641//5859 4677//5859
f 4640//5860 4677//5860 4676//5860
f 4641//5861 4642//5861 4677//5861
f 4642//5862 4678//5862 4677//5862
f 4642//5863 4643//5863 4679//5863
f 4642//5864 4679//5864 4678//5864
f 4643//5865 4644//5865 4679//5865
f 4644//5866 4680//5866 4679//5866
f 4644//5867 4609//5867 4645//5867
f 4644//5868 4645//5868 4680//5868
f 4645//5869 4646//5869 4682//5869
f 4645//5870 4682//5870 4681//5870
f 4646//5871 4647//5871 4682//5871
f 4647//5872 4683//5872 4682//5872
f 4647//5873 4648//5873 4684//5873
f 4647//5874 4684//5874 4683//5874
f 4648//5875 4649//5875 4684//5875
f 4649//5876 4685//5876 4684//5876
f 4649//5877 4650//5877 4686//5877
f 4649//5878 4686//5878 4685//5878
f 4650//5879 4651//5879 4686//5879
f 4651//5880 4687//5880 4686//5880
f 4651//5881 4652//5881 4688//5881
f 4651//5882 4688//5882 4687//5882
f 4652//5883 4653//5883 4688//5883
f 4653//5884 4689//5884 4688//5884
f 4653//5885 4654//5885 4690//5885
f 4653//5886 4690//5886 4689//5886
f 4654//5887 4655//5887 4690//5887
f 4655//5888 4691//5888 4690//5888
f 4655//5889 4656//5889 4692//5889
f 4655//5890 4692//5890 4691//5890
f 4656//5891 4657//5891 4692//5891
f 4657//5892 4693//5892 4692//5892
f 4657//5893 4658//5893 4694//5893
f 4657//5894 4694//5894 4693//5894
f 4658//5895 4659//5895 4694//5895
f 4659//5896 4695//5896 4694//5896
f 4659//5897 4660//5897 4696//5897
f 4659//5898 4696//5898 4695//5898
f 4660//5899 4661//5899 4696//5899
f 4661//5900 4697//5900 4696//5900
f 4661//5901 4662//5901 4698//5901
f 4661//5902 4698//5902 4697//5902
f 4662//5903 4663//5903 4698//5903
f 4663//5904 4699//5904 4698//5904
f 4663//5905 4664//5905 4700//5905
f 4663//5905 4700//5905 4699//5905
f 4664//5906 4665//5906 4700//5906
f 4665//5907 4701//5907 4700//5907
f 4665//5908 4666//5908 4702//5908
f 4665//5909 4702//5909 4701//5909
f 4666//5910 4667//5910 4702//5910
f 4667//5911 4703//5911 4702//5911
f 4667//5912 4668//5912 4704//5912
f 4667//5913 4704//5913 4703//5913
f 4668//5914 4669//5914 4704//5914
f 4669//5915 4705//5915 4704//5915
f 4669//5916 4670//5916 4706//5916
f 4669//5917 4706//5917 4705//5917
f 4670//5918 4671//5918 4706//5918
f 4671//5919 4707//5919 4706//5919
f 4671//5920 4672//5920 4708//5920
f 4671//5921 4708//5921 4707//5921
f 4672//5922 4673//5922 4708//5922
f 4673//5923 4709//5923 4708//5923
f 4673//5924 4674//5924 4710//5924
f 4673//5925 4710//5925 4709//5925
f 4674//5926 4675//5926 4710//5926
f 4675//5927 4711//5927 4710//5927
f 4675//5928 4676//5928 4712//5928
f 4675//5929 4712//5929 4711//5929
f 4676//5930 4677//5930 4712//5930
f 4677//5931 4713//5931 4712//5931
f 4677//5932 4678//5932 4714//5932
f 4677//5933 4714//5933 4713//5933
f 4678//5934 4679//5934 4714//5934
f 4679//5935 4715//5935 4714//5935
f 4679//5936 4680//5936 4716//5936
f 4679//5937 4716//5937 4715//5937
f 4680//5938 4645//5938 4716//5938
f 4645//5939 4681//5939 4716//5939
f 4681//5940 4682//5940 4717//5940
f 4682//5940 4718//5940 4717//5940
f 4682//5941 4683//5941 4719//5941
f 4682//5942 4719//5942 4718//5942
f 4683//5943 4684//5943 4719//5943
f 4684//5943 4720//5943 4719//5943
f 4684//5944 4685//5944 4721//5944
f 4684//5945 4721//5945 4720//5945
f 4685//5946 4686//5946 4721//5946
f 4686//5947 4722//5947 4721//5947
f 4686//5948 4687//5948 4723//5948
f 4686//5949 4723//5949 4722//5949
f 4687//5950 4688//5950 4723//5950
f 4688//5951 4724//5951 4723//5951
f 4688//5952 4689//5952 4725//5952
f 4688//5953 4725//5953 4724//5953
f 4689//5954 4690//5954 4725//5954
f 4690//5954 4726//5954 4725//5954
f 4690//5955 4691//5955 4727//5955
f 4690//5956 4727//5956 4726//5956
f 4691//5957 4692//5957 4727//5957
f 4692//5957 4728//5957 4727//5957
f 4692//5958 4693//5958 4729//5958
f 4692//5959 4729//5959 4728//5959
f 4693//5960 4694//5960 4729//5960
f 4694//5961 4730//5961 4729//5961
f 4694//5962 4695//5962 4731//5962
f 4694//5963 4731//5963 4730//5963
f 4695//5964 4696//5964 4731//5964
f 4696//5965 4732//5965 4731//5965
f 4696//5966 4697//5966 4733//5966
f 4696//5967 4733//5967 4732//5967
f 4697//5968 4698//5968 4733//5968
f 4698//5969 4734//5969 4733//5969
f 4698//5970 4699//5970 4735//5970
f 4698//5970 4735//5970 4734//5970
f 4699//5971 4700//5971 4735//5971
f 4700//5972 4736//5972 4735//5972
f 4700//5973 4701//5973 4737//5973
f 4700//5974 4737//5974 4736//5974
f 4701//5975 4702//5975 4737//5975
f 4702//5976 4738//5976 4737//5976
f 4702//5977 4703//5977 4739//5977
f 4702//5978 4739//5978 4738//5978
f 4703//5979 4704//5979 4739//5979
f 4704//5980 4740//5980 4739//5980
f 4704//5981 4705//5981 4741//5981
f 4704//5982 4741//5982 4740//5982
f 4705//5983 4706//5983 4741//5983
f 4706//5984 4742//5984 4741//5984
f 4706//5985 4707//5985 4743//5985
f 4706//5985 4743//5985 4742//5985
f 4707//5986 4708//5986 4743//5986
f 4708//5987 4744//5987 4743//5987
f 4708//5988 4709//5988 4745//5988
f 4708//5988 4745//5988 4744//5988
f 4709//5989 4710//5989 4745//5989
f 4710//5990 4746//5990 4745//5990
f 4710//5991 4711//5991 4747//5991
f 4710//5992 4747//5992 4746//5992
f 4711//5993 4712//5993 4747//5993
f 4712//5994 4748//5994 4747//5994
f 4712//5995 4713//5995 4749//5995
f 4712//5996 4749//5996 4748//5996
f 4713//5997 4714//5997 4749//5997
f 4714//5998 4750//5998 4749//5998
f 4714//5999 4715//5999 4751//5999
f 4714//5999 4751//5999 4750//5999
f 4715//6000 4716//6000 4751//6000
f 4716//6001 4752//6001 4751//6001
f 4716//6002 4681//6002 4717//6002
f 4716//6002 4717//6002 4752//6002
f 4717//6003 4718//6003 4754//6003
f 4717//6004 4754//6004 4753//6004
f 4718//6005 4719//6005 4754//6005
f 4719//6006 4755//6006 4754//6006
f 4719//6007 4720//6007 4756//6007
f 4719//6008 4756//6008 4755//6008
f 4720//6009 4721//6009 4756//6009
f 4721//6010 4757//6010 4756//6010
f 4721//6011 4722//6011 4758//6011
f 4721//6012 4758//6012 4757//6012
f 4722//6013 4723//6013 4758//6013
f 4723//6014 4759//6014 4758//6014
f 4723//6015 4724//6015 4760//6015
f 4723//6016 4760//6016 4759//6016
f 4724//6017 4725//6017 4760//6017
f 4725//6018 4761//6018 4760//6018
f 4725//6019 4726//6019 4762//6019
f 4725//6020 4762//6020 4761//6020
f 4726//6021 4727//6021 4762//6021
f 4727//6022 4763//6022 4762//6022
f 4727//6023 4728//6023 4764//6023
f 4727//6024 4764//6024 4763//6024
f 4728//6025 4729//6025 4764//6025
f 4729//6026 4765//6026 4764//6026
f 4729//6027 4730//6027 4766//6027
f 4729//6028 4766//6028 4765//6028
f 4730//6029 4731//6029 4766//6029
f 4731//6030 4767//6030 4766//6030
f 4731//6031 4732//6031 4768//6031
f 4731//6032 4768//6032 4767//6032
f 4732//6033 4733//6033 4768//6033
f 4733//6034 4769//6034 4768//6034
f 4733//6035 4734//6035 4770//6035
f 4733//6036 4770//6036 4769//6036
f 4734//6037 4735//6037 4770//6037
f 4735//6038 4771//6038 4770//6038
f 4735//6039 4736//6039 4772//6039
f 4735//6040 4772//6040 4771//6040
f 4736//6041 4737//6041 4772//6041
f 4737//6042 4773//6042 4772//6042
f 4737//6043 4738//6043 4774//6043
f 4737//6044 4774//6044 4773//6044
f 4738//6045 4739//6045 4774//6045
f 4739//6046 4775//6046 4774//6046
f 4739//6047 4740//6047 4776//6047
f 4739//6048 4776//6048 4775//6048
f 4740//6049 4741//6049 4776//6049
f 4741//6050 4777//6050 4776//6050
f 4741//6051 4742//6051 4778//6051
f 4741//6052 4778//6052 4777//6052
f 4742//6053 4743//6053 4778//6053
f 4743//6054 4779//6054 4778//6054
f 4743//6055 4744//6055 4780//6055
f 4743//6056 4780//6056 4779//6056
f 4744//6057 4745//6057 4780//6057
f 4745//6058 4781//6058 4780//6058
f 4745//6059 4746//6059 4782//6059
f 4745//6060 4782//6060 4781//6060
f 4746//6061 4747//6061 4782//6061
f 4747//6062 4783//6062 4782//6062
f 4747//6063 4748//6063 4784//6063
f 4747//6064 4784//6064 4783//6064
f 4748//6065 4749//6065 4784//6065
f 4749//6066 4785//6066 4784//6066
f 4749//6067 4750//6067 4786//6067
f 4749//6068 4786//6068 4785//6068
f 4750//6069 4751//6069 4786//6069
f 4751//6070 4787//6070 4786//6070
f 4751//6071 4752//6071 4788//6071
f 4751//6072 4788//6072 4787//6072
f 4752//6073 4717//6073 4788//6073
f 4717//6074 4753//6074 4788//6074
f 4753//6075 4754//6075 4789//6075
f 4754//6076 4790//6076 4789//6076
f 4754//6077 4755//6077 4791//6077
f 4754//6078 4791//6078 4790//6078
f 4755//6079 4756//6079 4791//6079
f 4756//6080 4792//6080 4791//6080
f 4756//6081 4757//6081 4793//6081
f 4756//6082 4793//6082 4792//6082
f 4757//6083 4758//6083 4793//6083
f 4758//6084 4794//6084 4793//6084
f 4758//6085 4759//6085 4795//6085
f 4758//6086 4795//6086 4794//6086
f 4759//6087 4760//6087 4795//6087
f 4760//6088 4796//6088 4795//6088
f 4760//6089 4761//6089 4797//6089
f 4760//6090 4797//6090 4796//6090
f 4761//6091 4762//6091 4797//6091
f 4762//6092 4798//6092 4797//6092
f 4762//6093 4763//6093 4799//6093
f 4762//6094 4799//6094 4798//6094
f 4763//6095 4764//6095 4799//6095
f 4764//6096 4800//6096 4799//6096
f 4764//6097 4765//6097 4801//6097
f 4764//6098 4801//6098 4800//6098
f 4765//6099 4766//6099 4801//6099
f 4766//6100 4802//6100 4801//6100
f 4766//6101 4767//6101 4803//6101
f 4766//6102 4803//6102 4802//6102
f 4767//6103 4768//6103 4803//6103
f 4768//6104 4804//6104 4803//6104
f 4768//6105 4769//6105 4805//6105
f 4768//6106 4805//6106 4804//6106
f 4769//6107 4770//6107 4805//6107
f 4770//6108 4806//6108 4805//6108
f 4770//6109 4771//6109 4807//6109
f 4770//6110 4807//6110 4806//6110
f 4771//6111 4772//6111 4807//6111
f 4772//6112 4808//6112 4807//6112
f 4772//6113 4773//6113 4809//6113
f 4772//6114 4809//6114 4808//6114
f 4773//6115 4774//6115 4809//6115
f 4774//6116 4810//6116 4809//6116
f 4774//6117 4775//6117 4811//6117
f 4774//6118 4811//6118 4810//6118
f 4775//6119 4776//6119 4811//6119
f 4776//6120 4812//6120 4811//6120
f 4776//6121 4777//6121 4813//6121
f 4776//6122 4813//6122 4812//6122
f 4777//6123 4778//6123 4813//6123
f 4778//6124 4814//6124 4813//6124
f 4778//6125 4779//6125 4815//6125
f 4778//6126 4815//6126 4814//6126
f 4779//6127 4780//6127 4815//6127
f 4780//6128 4816//6128 4815//6128
f 4780//6129 4781//6129 4817//6129
f 4780//6130 4817//6130 4816//6130
f 4781//6131 4782//6131 4817//6131
f 4782//6132 4818//6132 4817//6132
f 4782//6133 4783//6133 4819//6133
f 4782//6134 4819//6134 4818//6134
f 4783//6135 4784//6135 4819//6135
f 4784//6136 4820//6136 4819//6136
f 4784//6137 4785//6137 4821//6137
f 4784//6138 4821//6138 4820//6138
f 4785//6139 4786//6139 4821//6139
f 4786//6140 4822//6140 4821//6140
f 4786//6141 4787//6141 4823//6141
f 4786//6142 4823//6142 4822//6142
f 4787//6143 4788//6143 4823//6143
f 4788//6144 4824//6144 4823//6144
f 4788//6145 4753//6145 4789//6145
f 4788//6146 4789//6146 4824//6146
f 4789//6147 4790//6147 4826//6147
f 4789//6148 4826//6148 4825//6148
f 4790//6149 4791//6149 4826//6149
f 4791//6150 4827//6150 4826//6150
f 4791//6151 4792//6151 4828//6151
f 4791//6152 4828//6152 4827//6152
f 4792//6153 4793//6153 4828//6153
f 4793//6154 4829//6154 4828//6154
f 4793//6155 4794//6155 4830//6155
f 4793//6156 4830//6156 4829//6156
f 4794//6157 4795//6157 4830//6157
f 4795//6158 4831//6158 4830//6158
f 4795//6159 4796//6159 4832//6159
f 4795//6160 4832//6160 4831//6160
f 4796//6161 4797//6161 4832//6161
f 4797//6162 4833//6162 4832//6162
f 4797//6163 4798//6163 4834//6163
f 4797//6164 4834//6164 4833//6164
f 4798//6165 4799//6165 4834//6165
f 4799//6166 4835//6166 4834//6166
f 4799//6167 4800//6167 4836//6167
f 4799//6168 4836//6168 4835//6168
f 4800//6169 4801//6169 4836//6169
f 4801//6170 4837//6170 4836//6170
f 4801//6171 4802//6171 4838//6171
f 4801//6172 4838//6172 4837//6172
f 4802//6173 4803//6173 4838//6173
f 4803//6174 4839//6174 4838//6174
f 4803//6175 4804//6175 4840//6175
f 4803//6176 4840//6176 4839//6176
f 4804//6177 4805//6177 4840//6177
f 4805//6178 4841//6178 4840//6178
f 4805//6179 4806//6179 4842//6179
f 4805//6180 4842//6180 4841//6180
f 4806//6181 4807//6181 4842//6181
f 4807//6182 4843//6182 4842//6182
f 4807//6183 4808//6183 4844//6183
f 4807//6184 4844//6184 4843//6184
f 4808//6185 4809//6185 4844//6185
f 4809//6186 4845//6186 4844//6186
f 4809//6187 4810//6187 4846//6187
f 4809//6188 4846//6188 4845//6188
f 4810//6189 4811//6189 4846//6189
f 4811//6190 4847//6190 4846//6190
f 4811//6191 4812//6191 4848//6191
f 4811//6192 4848//6192 4847//6192
f 4812//6193 4813//6193 4848//6193
f 4813//6194 4849//6194 4848//6194
f 4813//6195 4814//6195 4850//6195
f 4813//6196 4850//6196 4849//6196
f 4814//6197 4815//6197 4850//6197
f 4815//6198 4851//6198 4850//6198
f 4815//6199 4816//6199 4852//6199
f 4815//6200 4852//6200 4851//6200
f 4816//6201 4817//6201 4852//6201
f 4817//6202 4853//6202 4852//6202
f 4817//6203 4818//6203 4854//6203
f 4817//6204 4854//6204 4853//6204
f 4818//6205 4819//6205 4854//6205
f 4819//6206 4855//6206 4854//6206
f 4819//6207 4820//6207 4856//6207
f 4819//6208 4856//6208 4855//6208
f 4820//6209 4821//6209 4856//6209
f 4821//6210 4857//6210 4856//6210
f 4821//6211 4822//6211 4858//6211
f 4821//6212 4858//6212 4857//6212
f 4822//6213 4823//6213 4858//6213
f 4823//6214 4859//6214 4858//6214
f 4823//6215 4824//6215 4860//6215
f 4823//6216 4860//6216 4859//6216
f 4824//6217 4789//6217 4860//6217
f 4789//6218 4825//6218 4860//6218
f 4825//6219 4826//6219 4861//6219
f 4826//6220 4862//6220 4861//6220
f 4826//6221 4827//6221 4863//6221
f 4826//6222 4863//6222 4862//6222
f 4827//6223 4828//6223 4863//6223
f 4828//6224 4864//6224 4863//6224
f 4828//6225 4829//6225 4865//6225
f 4828//6226 4865//6226 4864//6226
f 4829//6227 4830//6227 4865//6227
f 4830//6228 4866//6228 4865//6228
f 4830//6229 4831//6229 4867//6229
f 4830//6230 4867//6230 4866//6230
f 4831//6231 4832//6231 4867//6231
f 4832//6232 4868//6232 4867//6232
f 4832//6233 4833//6233 4869//6233
f 4832//6234 4869//6234 4868//6234
f 4833//6235 4834//6235 4869//6235
f 4834//6236 4870//6236 4869//6236
f 4834//6237 4835//6237 4871//6237
f 4834//6238 4871//6238 4870//6238
f 4835//6239 4836//6239 4871//6239
f 4836//6240 4872//6240 4871//6240
f 4836//6241 4837//6241 4873//6241
f 4836//6242 4873//6242 4872//6242
f 4837//6243 4838//6243 4873//6243
f 4838//6244 4874//6244 4873//6244
f 4838//6245 4839//6245 4875//6245
f 4838//6246 4875//6246 4874//6246
f 4839//6247 4840//6247 4875//6247
f 4840//6248 4876//6248 4875//6248
f 4840//6249 4841//6249 4877//6249
f 4840//6250 4877//6250 4876//6250
f 4841//6251 4842//6251 4877//6251
f 4842//6252 4878//6252 4877//6252
f 4842//6253 4843//6253 4879//6253
f 4842//6254 4879//6254 4878//6254
f 4843//6255 4844//6255 4879//6255
f 4844//6256 4880//6256 4879//6256
f 4844//6257 4845//6257 4881//6257
f 4844//6258 4881//6258 4880//6258
f 4845//6259 4846//6259 4881//6259
f 4846//6260 4882//6260 4881//6260
f 4846//6261 4847//6261 4883//6261
f 4846//6262 4883//6262 4882//6262
f 4847//6263 4848//6263 4883//6263
f 4848//6264 4884//6264 4883//6264
f 4848//6265 4849//6265 4885//6265
f 4848//6266 4885//6266 4884//6266
f 4849//6267 4850//6267 4885//6267
f 4850//6268 4886//6268 4885//6268
f 4850//6269 4851//6269 4887//6269
f 4850//6270 4887//6270 4886//6270
f 4851//6271 4852//6271 4887//6271
f 4852//6272 4888//6272 4887//6272
f 4852//6273 4853//6273 4889//6273
f 4852//6274 4889//6274 4888//6274
f 4853//6275 4854//6275 4889//6275
f 4854//6276 4890//6276 4889//6276
f 4854//6277 4855//6277 4891//6277
f 4854//6278 4891//6278 4890//6278
f 4855//6279 4856//6279 4891//6279
f 4856//6280 4892//6280 4891//6280
f 4856//6281 4857//6281 4893//6281
f 4856//6282 4893//6282 4892//6282
f 4857//6283 4858//6283 4893//6283
f 4858//6284 4894//6284 4893//6284
f 4858//6285 4859//6285 4895//6285
f 4858//6286 4895//6286 4894//6286
f 4859//6287 4860//6287 4895//6287
f 4860//6288 4896//6288 4895//6288
f 4860//6289 4825//6289 4861//6289
f 4860//6290 4861//6290 4896//6290
f 4861//6291 4862//6291 4898//6291
f 4861//6292 4898//6292 4897//6292
f 4862//6293 4863//6293 4898//6293
f 4863//6294 4899//6294 4898//6294
f 4863//6295 4864//6295 4900//6295
f 4863//6296 4900//6296 4899//6296
f 4864//6297 4865//6297 4900//6297
f 4865//6298 4901//6298 4900//6298
f 4865//6299 4866//6299 4902//6299
f 4865//6300 4902//6300 4901//6300
f 4866//6301 4867//6301 4902//6301
f 4867//6302 4903//6302 4902//6302
f 4867//6303 4868//6303 4904//6303
f 4867//6304 4904//6304 4903//6304
f 4868//6305 4869//6305 4904//6305
f 4869//6306 4905//6306 4904//6306
f 4869//6307 4870//6307 4906//6307
f 4869//6308 4906//6308 4905//6308
f 4870//6309 4871//6309 4906//6309
f 4871//6310 4907//6310 4906//6310
f 4871//6311 4872//6311 4908//6311
f 4871//6312 4908//6312 4907//6312
f 4872//6313 4873//6313 4908//6313
f 4873//6314 4909//6314 4908//6314
f 4873//6315 4874//6315 4910//6315
f 4873//6316 4910//6316 4909//6316
f 4874//6317 4875//6317 4910//6317
f 4875//6318 4911//6318 4910//6318
f 4875//6319 4876//6319 4912//6319
f 4875//6320 4912//6320 4911//6320
f 4876//6321 4877//6321 4912//6321
f 4877//6322 4913//6322 4912//6322
f 4877//6323 4878//6323 4914//6323
f 4877//6324 4914//6324 4913//6324
f 4878//6325 4879//6325 4914//6325
f 4879//6326 4915//6326 4914//6326
f 4879//6327 4880//6327 4916//6327
f 4879//6328 4916//6328 4915//6328
f 4880//6329 4881//6329 4916//6329
f 4881//6330 4917//6330 4916//6330
f 4881//6331 4882//6331 4918//6331
f 4881//6332 4918//6332 4917//6332
f 4882//6333 4883//6333 4918//6333
f 4883//6334 4919//6334 4918//6334
f 4883//6335 4884//6335 4920//6335
f 4883//6336 4920//6336 4919//6336
f 4884//6337 4885//6337 4920//6337
f 4885//6338 4921//6338 4920//6338
f 4885//6339 4886//6339 4922//6339
f 4885//6340 4922//6340 4921//6340
f 4886//6341 4887//6341 4922//6341
f 4887//6342 4923//6342 4922//6342
f 4887//6343 4888//6343 4924//6343
f 4887//6344 4924//6344 4923//6344
f 4888//6345 4889//6345 4924//6345
f 4889//6346 4925//6346 4924//6346
f 4889//6347 4890//6347 4926//6347
f 4889//6348 4926//6348 4925//6348
f 4890//6349 4891//6349 4926//6349
f 4891//6350 4927//6350 4926//6350
f 4891//6351 4892//6351 4928//6351
f 4891//6352 4928//6352 4927//6352
f 4892//6353 4893//6353 4928//6353
f 4893//6354 4929//6354 4928//6354
f 4893//6355 4894//6355 4930//6355
f 4893//6356 4930//6356 4929//6356
f 4894//6357 4895//6357 4930//6357
f 4895//6358 4931//6358 4930//6358
f 4895//6359 4896//6359 4932//6359
f 4895//6360 4932//6360 4931//6360
f 4896//6361 4861//6361 4932//6361
f 4861//6362 4897//6362 4932//6362
f 4897//6363 4898//6363 4933//6363
f 4898//6364 4934//6364 4933//6364
f 4898//6365 4899//6365 4935//6365
f 4898//6366 4935//6366 4934//6366
f 4899//6367 4900//6367 4935//6367
f 4900//6368 4936//6368 4935//6368
f 4900//6369 4901//6369 4937//6369
f 4900//6370 4937//6370 4936//6370
f 4901//6371 4902//6371 4937//6371
f 4902//6372 4938//6372 4937//6372
f 4902//6373 4903//6373 4939//6373
f 4902//6374 4939//6374 4938//6374
f 4903//6375 4904//6375 4939//6375
f 4904//6376 4940//6376 4939//6376
f 4904//6377 4905//6377 4941//6377
f 4904//6378 4941//6378 4940//6378
f 4905//6379 4906//6379 4941//6379
f 4906//6380 4942//6380 4941//6380
f 4906//6381 4907//6381 4943//6381
f 4906//6382 4943//6382 4942//6382
f 4907//6383 4908//6383 4943//6383
f 4908//6384 4944//6384 4943//6384
f 4908//6385 4909//6385 4945//6385
f 4908//6386 4945//6386 4944//6386
f 4909//6387 4910//6387 4945//6387
f 4910//6388 4946//6388 4945//6388
f 4910//6389 4911//6389 4947//6389
f 4910//6390 4947//6390 4946//6390
f 4911//6391 4912//6391 4947//6391
f 4912//6392 4948//6392 4947//6392
f 4912//6393 4913//6393 4949//6393
f 4912//6394 4949//6394 4948//6394
f 4913//6395 4914//6395 4949//6395
f 4914//6396 4950//6396 4949//6396
f 4914//6397 4915//6397 4951//6397
f 4914//6398 4951//6398 4950//6398
f 4915//6399 4916//6399 4951//6399
f 4916//6400 4952//6400 4951//6400
f 4916//6401 4917//6401 4953//6401
f 4916//6402 4953//6402 4952//6402
f 4917//6403 4918//6403 4953//6403
f 4918//6404 4954//6404 4953//6404
f 4918//6405 4919//6405 4955//6405
f 4918//6406 4955//6406 4954//6406
f 4919//6407 4920//6407 4955//6407
f 4920//6408 4956//6408 4955//6408
f 4920//6409 4921//6409 4957//6409
f 4920//6410 4957//6410 4956//6410
f 4921//6411 4922//6411 4957//6411
f 4922//6412 4958//6412 4957//6412
f 4922//6413 4923//6413 4959//6413
f 4922//6414 4959//6414 4958//6414
f 4923//6415 4924//6415 4959//6415
f 4924//6416 4960//6416 4959//6416
f 4924//6417 4925//6417 4961//6417
f 4924//6418 4961//6418 4960//6418
f 4925//6419 4926//6419 4961//6419
f 4926//6420 4962//6420 4961//6420
f 4926//6421 4927//6421 4963//6421
f 4926//6422 4963//6422 4962//6422
f 4927//6423 4928//6423 4963//6423
f 4928//6424 4964//6424 4963//6424
f 4928//6425 4929//6425 4965//6425
f 4928//6426 4965//6426 4964//6426
f 4929//6427 4930//6427 4965//6427
f 4930//6428 4966//6428 4965//6428
f 4930//6429 4931//6429 4967//6429
f 4930//6430 4967//6430 4966//6430
f 4931//6431 4932//6431 4967//6431
f 4932//6432 4968//6432 4967//6432
f 4932//6433 4897//6433 4933//6433
f 4932//6434 4933//6434 4968//6434
f 4933//6435 4934//6435 4970//6435
f 4933//6436 4970//6436 4969//6436
f 4934//6437 4935//6437 4970//6437
f 4935//6438 4971//6438 4970//6438
f 4935//6439 4936//6439 4972//6439
f 4935//6440 4972//6440 4971//6440
f 4936//6441 4937//6441 4972//6441
f 4937//6442 4973//6442 4972//6442
f 4937//6443 4938//6443 4974//6443
f 4937//6444 4974//6444 4973//6444
f 4938//6445 4939//6445 4974//6445
f 4939//6446 4975//6446 4974//6446
f 4939//6447 4940//6447 4976//6447
f 4939//6448 4976//6448 4975//6448
f 4940//6449 4941//6449 4976//6449
f 4941//6450 4977//6450 4976//6450
f 4941//6451 4942//6451 4978//6451
f 4941//6452 4978//6452 4977//6452
f 4942//6453 4943//6453 4978//6453
f 4943//6454 4979//6454 4978//6454
f 4943//6455 4944//6455 4980//6455
f 4943//6456 4980//6456 4979//6456
f 4944//6457 4945//6457 4980//6457
f 4945//6458 4981//6458 4980//6458
f 4945//6459 4946//6459 4982//6459
f 4945//6460 4982//6460 4981//6460
f 4946//6461 4947//6461 4982//6461
f 4947//6462 4983//6462 4982//6462
f 4947//6463 4948//6463 4984//6463
f 4947//6464 4984//6464 4983//6464
f 4948//6465 4949//6465 4984//6465
f 4949//6466 4985//6466 4984//6466
f 4949//6467 4950//6467 4986//6467
f 4949//6468 4986//6468 4985//6468
f 4950//6469 4951//6469 4986//6469
f 4951//6470 4987//6470 4986//6470
f 4951//6471 4952//6471 4988//6471
f 4951//6472 4988//6472 4987//6472
f 4952//6473 4953//6473 4988//6473
f 4953//6474 4989//6474 4988//6474
f 4953//6475 4954//6475 4990//6475
f 4953//6476 4990//6476 4989//6476
f 4954//6477 4955//6477 4990//6477
f 4955//6478 4991//6478 4990//6478
f 4955//6479 4956//6479 4992//6479
f 4955//6480 4992//6480 4991//6480
f 4956//6481 4957//6481 4992//6481
f 4957//6482 4993//6482 4992//6482
f 4957//6483 4958//6483 4994//6483
f 4957//6484 4994//6484 4993//6484
f 4958//6485 4959//6485 4994//6485
f 4959//6486 4995//6486 4994//6486
f 4959//6487 4960//6487 4996//6487
f 4959//6488 4996//6488 4995//6488
f 4960//6489 4961//6489 4996//6489
f 4961//6490 4997//6490 4996//6490
f 4961//6491 4962//6491 4998//6491
f 4961//6492 4998//6492 4997//6492
f 4962//6493 4963//6493 4998//6493
f 4963//6494 4999//6494 4998//6494
f 4963//6495 4964//6495 5000//6495
f 4963//6496 5000//6496 4999//6496
f 4964//6497 4965//6497 5000//6497
f 4965//6498 5001//6498 5000//6498
f 4965//6499 4966//6499 5002//6499
f 4965//6500 5002//6500 5001//6500
f 4966//6501 4967//6501 5002//6501
f 4967//6502 5003//6502 5002//6502
f 4967//6503 4968//6503 5004//6503
f 4967//6504 5004//6504 5003//6504
f 4968//6505 4933//6505 5004//6505
f 4933//6506 4969//6506 5004//6506
f 4969//6507 4970//6507 5005//6507
f 4970//6508 5006//6508 5005//6508
f 4970//6509 4971//6509 5007//6509
f 4970//6510 5007//6510 5006//6510
f 4971//6511 4972//6511 5007//6511
f 4972//6512 5008//6512 5007//6512
f 4972//6513 4973//6513 5009//6513
f 4972//6514 5009//6514 5008//6514
f 4973//6515 4974//6515 5009//6515
f 4974//6516 5010//6516 5009//6516
f 4974//6517 4975//6517 5011//6517
f 4974//6518 5011//6518 5010//6518
f 4975//6519 4976//6519 5011//6519
f 4976//6520 5012//6520 5011//6520
f 4976//6521 4977//6521 5013//6521
f 4976//6522 5013//6522 5012//6522
f 4977//6523 4978//6523 5013//6523
f 4978//6524 5014//6524 5013//6524
f 4978//6525 4979//6525 5015//6525
f 4978//6526 5015//6526 5014//6526
f 4979//6527 4980//6527 5015//6527
f 4980//6528 5016//6528 5015//6528
f 4980//6529 4981//6529 5017//6529
f 4980//6530 5017//6530 5016//6530
f 4981//6531 4982//6531 5017//6531
f 4982//6532 5018//6532 5017//6532
f 4982//6533 4983//6533 5019//6533
f 4982//6534 5019//6534 5018//6534
f 4983//6535 4984//6535 5019//6535
f 4984//6536 5020//6536 5019//6536
f 4984//6537 4985//6537 5021//6537
f 4984//6538 5021//6538 5020//6538
f 4985//6539 4986//6539 5021//6539
f 4986//6540 5022//6540 5021//6540
f 4986//6541 4987//6541 5023//6541
f 4986//6542 5023//6542 5022//6542
f 4987//6543 4988//6543 5023//6543
f 4988//6544 5024//6544 5023//6544
f 4988//6545 4989//6545 5025//6545
f 4988//6546 5025//6546 5024//6546
f 4989//6547 4990//6547 5025//6547
f 4990//6548 5026//6548 5025//6548
f 4990//6549 4991//6549 5027//6549
f 4990//6550 5027//6550 5026//6550
f 4991//6551 4992//6551 5027//6551
f 4992//6552 5028//6552 5027//6552
f 4992//6553 4993//6553 5029//6553
f 4992//6554 5029//6554 5028//6554
f 4993//6555 4994//6555 5029//6555
f 4994//6556 5030//6556 5029//6556
f 4994//6557 4995//6557 5031//6557
f 4994//6558 5031//6558 5030//6558
f 4995//6559 4996//6559 5031//6559
f 4996//6560 5032//6560 5031//6560
f 4996//6561 4997//6561 5033//6561
f 4996//6562 5033//6562 5032//6562
f 4997//6563 4998//6563 5033//6563
f 4998//6564 5034//6564 5033//6564
f 4998//6565 4999//6565 5035//6565
f 4998//6566 5035//6566 5034//6566
f 4999//6567 5000//6567 5035//6567
f 5000//6568 5036//6568 5035//6568
f 5000//6569 5001//6569 5037//6569
f 5000//6570 5037//6570 5036//6570
f 5001//6571 5002//6571 5037//6571
f 5002//6572 5038//6572 5037//6572
f 5002//6573 5003//6573 5039//6573
f 5002//6574 5039//6574 5038//6574
f 5003//6575 5004//6575 5039//6575
f 5004//6576 5040//6576 5039//6576
f 5004//6577 4969//6577 5005//6577
f 5004//6578 5005//6578 5040//6578
f 5041//6579 5042//6579 5078//6579
f 5041//6580 5078//6580 5077//6580
f 5042//6581 5043//6581 5078//6581
f 5043//6582 5079//6582 5078//6582
f 5043//6583 5044//6583 5080//6583
f 5043//6584 5080//6584 5079//6584
f 5044//6585 5045//6585 5080//6585
f 5045//6586 5081//6586 5080//6586
f 5045//6587 5046//6587 5082//6587
f 5045//6588 5082//6588 5081//6588
f 5046//6589 5047//6589 5082//6589
f 5047//6590 5083//6590 5082//6590
f 5047//6591 5048//6591 5084//6591
f 5047//6592 5084//6592 5083//6592
f 5048//6593 5049//6593 5084//6593
f 5049//6594 5085//6594 5084//6594
f 5049//6595 5050//6595 5086//6595
f 5049//6596 5086//6596 5085//6596
f 5050//6597 5051//6597 5086//6597
f 5051//6598 5087//6598 5086//6598
f 5051//6599 5052//6599 5088//6599
f 5051//6600 5088//6600 5087//6600
f 5052//6601 5053//6601 5088//6601
f 5053//6602 5089//6602 5088//6602
f 5053//6603 5054//6603 5090//6603
f 5053//6604 5090//6604 5089//6604
f 5054//6605 5055//6605 5090//6605
f 5055//6606 5091//6606 5090//6606
f 5055//6607 5056//6607 5092//6607
f 5055//6608 5092//6608 5091//6608
f 5056//6609 5057//6609 5092//6609
f 5057//6610 5093//6610 5092//6610
f 5057//6611 5058//6611 5094//6611
f 5057//6612 5094//6612 5093//6612
f 5058//6613 5059//6613 5094//6613
f 5059//6614 5095//6614 5094//6614
f 5059//6615 5060//6615 5096//6615
f 5059//6616 5096//6616 5095//6616
f 5060//6617 5061//6617 5096//6617
f 5061//6618 5097//6618 5096//6618
f 5061//6619 5062//6619 5098//6619
f 5061//6620 5098//6620 5097//6620
f 5062//6621 5063//6621 5098//6621
f 5063//6622 5099//6622 5098//6622
f 5063//6623 5064//6623 5100//6623
f 5063//6624 5100//6624 5099//6624
f 5064//6625 5065//6625 5100//6625
f 5065//6626 5101//6626 5100//6626
f 5065//6627 5066//6627 5102//6627
f 5065//6628 5102//6628 5101//6628
f 5066//6629 5067//6629 5102//6629
f 5067//6630 5103//6630 5102//6630
f 5067//6631 5068//6631 5104//6631
f 5067//6632 5104//6632 5103//6632
f 5068//6633 5069//6633 5104//6633
f 5069//6634 5105//6634 5104//6634
f 5069//6635 5070//6635 5106//6635
f 5069//6636 5106//6636 5105//6636
f 5070//6637 5071//6637 5106//6637
f 5071//6638 5107//6638 5106//6638
f 5071//6639 5072//6639 5108//6639
f 5071//6640 5108//6640 5107//6640
f 5072//6641 5073//6641 5108//6641
f 5073//6642 5109//6642 5108//6642
f 5073//6643 5074//6643 5110//6643
f 5073//6644 5110//6644 5109//6644
f 5074//6645 5075//6645 5110//6645
f 5075//6646 5111//6646 5110//6646
f 5075//6647 5076//6647 5112//6647
f 5075//6648 5112//6648 5111//6648
f 5076//6649 5041//6649 5112//6649
f 5041//6650 5077//6650 5112//6650
f 5077//6651 5078//6651 5113//6651
f 5078//6652 5114//6652 5113//6652
f 5078//6653 5079//6653 5115//6653
f 5078//6654 5115//6654 5114//6654
f 5079//6655 5080//6655 5115//6655
f 5080//6656 5116//6656 5115//6656
f 5080//6657 5081//6657 5117//6657
f 5080//6658 5117//6658 5116//6658
f 5081//6659 5082//6659 5117//6659
f 5082//6660 5118//6660 5117//6660
f 5082//6661 5083//6661 5119//6661
f 5082//6662 5119//6662 5118//6662
f 5083//6663 5084//6663 5119//6663
f 5084//6664 5120//6664 5119//6664
f 5084//6665 5085//6665 5121//6665
f 5084//6666 5121//6666 5120//6666
f 5085//6667 5086//6667 5121//6667
f 5086//6668 5122//6668 5121//6668
f 5086//6669 5087//6669 5123//6669
f 5086//6670 5123//6670 5122//6670
f 5087//6671 5088//6671 5123//6671
f 5088//6672 5124//6672 5123//6672
f 5088//6673 5089//6673 5125//6673
f 5088//6674 5125//6674 5124//6674
f 5089//6675 5090//6675 5125//6675
f 5090//6676 5126//6676 5125//6676
f 5090//6677 5091//6677 5127//6677
f 5090//6678 5127//6678 5126//6678
f 5091//6679 5092//6679 5127//6679
f 5092//6680 5128//6680 5127//6680
f 5092//6681 5093//6681 5129//6681
f 5092//6682 5129//6682 5128//6682
f 5093//6683 5094//6683 5129//6683
f 5094//6684 5130//6684 5129//6684
f 5094//6685 5095//6685 5131//6685
f 5094//6686 5131//6686 5130//6686
f 5095//6687 5096//6687 5131//6687
f 5096//6688 5132//6688 5131//6688
f 5096//6689 5097//6689 5133//6689
f 5096//6690 5133//6690 5132//6690
f 5097//6691 5098//6691 5133//6691
f 5098//6692 5134//6692 5133//6692
f 5098//6693 5099//6693 5135//6693
f 5098//6694 5135//6694 5134//6694
f 5099//6695 5100//6695 5135//6695
f 5100//6696 5136//6696 5135//6696
f 5100//6697 5101//6697 5137//6697
f 5100//6698 5137//6698 5136//6698
f 5101//6699 5102//6699 5137//6699
f 5102//6700 5138//6700 5137//6700
f 5102//6701 5103//6701 5139//6701
f 5102//6702 5139//6702 5138//6702
f 5103//6703 5104//6703 5139//6703
f 5104//6704 5140//6704 5139//6704
f 5104//6705 5105//6705 5141//6705
f 5104//6706 5141//6706 5140//6706
f 5105//6707 5106//6707 5141//6707
f 5106//6708 5142//6708 5141//6708
f 5106//6709 5107//6709 5143//6709
f 5106//6710 5143//6710 5142//6710
f 5107//6711 5108//6711 5143//6711
f 5108//6712 5144//6712 5143//6712
f 5108//6713 5109//6713 5145//6713
f 5108//6714 5145//6714 5144//6714
f 5109//6715 5110//6715 5145//6715
f 5110//6716 5146//6716 5145//6716
f 5110//6717 5111//6717 5147//6717
f 5110//6718 5147//6718 5146//6718
f 5111//6719 5112//6719 5147//6719
f 5112//6720 5148//6720 5147//6720
f 5112//6721 5077//6721 5113//6721
f 5112//6722 5113//6722 5148//6722
f 5113//6723 5114//6723 5150//6723
f 5113//6724 5150//6724 5149//6724
f 5114//6725 5115//6725 5150//6725
f 5115//6726 5151//6726 5150//6726
f 5115//6727 5116//6727 5152//6727
f 5115//6728 5152//6728 5151//6728
f 5116//6729 5117//6729 5152//6729
f 5117//6730 5153//6730 5152//6730
f 5117//6731 5118//6731 5154//6731
f 5117//6732 5154//6732 5153//6732
f 5118//6733 5119//6733 5154//6733
f 5119//6734 5155//6734 5154//6734
f 5119//6735 5120//6735 5156//6735
f 5119//6736 5156//6736 5155//6736
f 5120//6737 5121//6737 5156//6737
f 5121//6738 5157//6738 5156//6738
f 5121//6739 5122//6739 5158//6739
f 5121//6740 5158//6740 5157//6740
f 5122//6741 5123//6741 5158//6741
f 5123//6742 5159//6742 5158//6742
f 5123//6743 5124//6743 5160//6743
f 5123//6744 5160//6744 5159//6744
f 5124//6745 5125//6745 5160//6745
f 5125//6746 5161//6746 5160//6746
f 5125//6747 5126//6747 5162//6747
f 5125//6748 5162//6748 5161//6748
f 5126//6749 5127//6749 5162//6749
f 5127//6750 5163//6750 5162//6750
f 5127//6751 5128//6751 5164//6751
f 5127//6752 5164//6752 5163//6752
f 5128//6753 5129//6753 5164//6753
f 5129//6754 5165//6754 5164//6754
f 5129//6755 5130//6755 5166//6755
f 5129//6756 5166//6756 5165//6756
f 5130//6757 5131//6757 5166//6757
f 5131//6758 5167//6758 5166//6758
f 5131//6759 5132//6759 5168//6759
f 5131//6760 5168//6760 5167//6760
f 5132//6761 5133//6761 5168//6761
f 5133//6762 5169//6762 5168//6762
f 5133//6763 5134//6763 5170//6763
f 5133//6764 5170//6764 5169//6764
f 5134//6765 5135//6765 5170//6765
f 5135//6766 5171//6766 5170//6766
f 5135//6767 5136//6767 5172//6767
f 5135//6768 5172//6768 5171//6768
f 5136//6769 5137//6769 5172//6769
f 5137//6770 5173//6770 5172//6770
f 5137//6771 5138//6771 5174//6771
f 5137//6772 5174//6772 5173//6772
f 5138//6773 5139//6773 5174//6773
f 5139//6774 5175//6774 5174//6774
f 5139//6775 5140//6775 5176//6775
f 5139//6776 5176//6776 5175//6776
f 5140//6777 5141//6777 5176//6777
f 5141//6778 5177//6778 5176//6778
f 5141//6779 5142//6779 5178//6779
f 5141//6780 5178//6780 5177//6780
f 5142//6781 5143//6781 5178//6781
f 5143//6782 5179//6782 5178//6782
f 5143//6783 5144//6783 5180//6783
f 5143//6784 5180//6784 5179//6784
f 5144//6785 5145//6785 5180//6785
f 5145//6786 5181//6786 5180//6786
f 5145//6787 5146//6787 5182//6787
f 5145//6788 5182//6788 5181//6788
f 5146//6789 5147//6789 5182//6789
f 5147//6790 5183//6790 5182//6790
f 5147//6791 5148//6791 5184//6791
f 5147//6792 5184//6792 5183//6792
f 5148//6793 5113//6793 5184//6793
f 5113//6794 5149//6794 5184//6794
f 5149//6795 5150//6795 5185//6795
f 5150//6796 5186//6796 5185//6796
f 5150//6797 5151//6797 5187//6797
f 5150//6798 5187//6798 5186//6798
f 5151//6799 5152//6799 5187//6799
f 5152//6800 5188//6800 5187//6800
f 5152//6801 5153//6801 5189//6801
f 5152//6802 5189//6802 5188//6802
f 5153//6803 5154//6803 5189//6803
f 5154//6804 5190//6804 5189//6804
f 5154//6805 5155//6805 5191//6805
f 5154//6806 5191//6806 5190//6806
f 5155//6807 5156//6807 5191//6807
f 5156//6808 5192//6808 5191//6808
f 5156//6809 5157//6809 5193//6809
f 5156//6810 5193//6810 5192//6810
f 5157//6811 5158//6811 5193//6811
f 5158//6812 5194//6812 5193//6812
f 5158//6813 5159//6813 5195//6813
f 5158//6814 5195//6814 5194//6814
f 5159//6815 5160//6815 5195//6815
f 5160//6816 5196//6816 5195//6816
f 5160//6817 5161//6817 5197//6817
f 5160//6818 5197//6818 5196//6818
f 5161//6819 5162//6819 5197//6819
f 5162//6820 5198//6820 5197//6820
f 5162//6821 5163//6821 5199//6821
f 5162//6822 5199//6822 5198//6822
f 5163//6823 5164//6823 5199//6823
f 5164//6824 5200//6824 5199//6824
f 5164//6825 5165//6825 5201//6825
f 5164//6826 5201//6826 5200//6826
f 5165//6827 5166//6827 5201//6827
f 5166//6828 5202//6828 5201//6828
f 5166//6829 5167//6829 5203//6829
f 5166//6830 5203//6830 5202//6830
f 5167//6831 5168//6831 5203//6831
f 5168//6832 5204//6832 5203//6832
f 5168//6833 5169//6833 5205//6833
f 5168//6834 5205//6834 5204//6834
f 5169//6835 5170//6835 5205//6835
f 5170//6836 5206//6836 5205//6836
f 5170//6837 5171//6837 5207//6837
f 5170//6838 5207//6838 5206//6838
f 5171//6839 5172//6839 5207//6839
f 5172//6840 5208//6840 5207//6840
f 5172//6841 5173//6841 5209//6841
f 5172//6842 5209//6842 5208//6842
f 5173//6843 5174//6843 5209//6843
f 5174//6844 5210//6844 5209//6844
f 5174//6845 5175//6845 5211//6845
f 5174//6846 5211//6846 5210//6846
f 5175//6847 5176//6847 5211//6847
f 5176//6848 5212//6848 5211//6848
f 5176//6849 5177//6849 5213//6849
f 5176//6850 5213//6850 5212//6850
f 5177//6851 5178//6851 5213//6851
f 5178//6852 5214//6852 5213//6852
f 5178//6853 5179//6853 5215//6853
f 5178//6854 5215//6854 5214//6854
f 5179//6855 5180//6855 5215//6855
f 5180//6856 5216//6856 5215//6856
f 5180//6857 5181//6857 5217//6857
f 5180//6858 5217//6858 5216//6858
f 5181//6859 5182//6859 5217//6859
f 5182//6860 5218//6860 5217//6860
f 5182//6861 5183//6861 5219//6861
f 5182//6862 5219//6862 5218//6862
f 5183//6863 5184//6863 5219//6863
f 5184//6864 5220//6864 5219//6864
f 5184//6865 5149//6865 5185//6865
f 5184//6866 5185//6866 5220//6866
f 5185//6867 5186//6867 5222//6867
f 5185//6868 5222//6868 5221//6868
f 5186//6869 5187//6869 5222//6869
f 5187//6870 5223//6870 5222//6870
f 5187//6871 5188//6871 5224//6871
f 5187//6872 5224//6872 5223//6872
f 5188//6873 5189//6873 5224//6873
f 5189//6874 5225//6874 5224//6874
f 5189//6875 5190//6875 5226//6875
f 5189//6876 5226//6876 5225//6876
f 5190//6877 5191//6877 5226//6877
f 5191//6878 5227//6878 5226//6878
f 5191//6879 5192//6879 5228//6879
f 5191//6880 5228//6880 5227//6880
f 5192//6881 5193//6881 5228//6881
f 5193//6882 5229//6882 5228//6882
f 5193//6883 5194//6883 5230//6883
f 5193//6884 5230//6884 5229//6884
f 5194//6885 5195//6885 5230//6885
f 5195//6886 5231//6886 5230//6886
f 5195//6887 5196//6887 5232//6887
f 5195//6888 5232//6888 5231//6888
f 5196//6889 5197//6889 5232//6889
f 5197//6890 5233//6890 5232//6890
f 5197//6891 5198//6891 5234//6891
f 5197//6892 5234//6892 5233//6892
f 5198//6893 5199//6893 5234//6893
f 5199//6894 5235//6894 5234//6894
f 5199//6895 5200//6895 5236//6895
f 5199//6896 5236//6896 5235//6896
f 5200//6897 5201//6897 5236//6897
f 5201//6898 5237//6898 5236//6898
f 5201//6899 5202//6899 5238//6899
f 5201//6900 5238//6900 5237//6900
f 5202//6901 5203//6901 5238//6901
f 5203//6902 5239//6902 5238//6902
f 5203//6903 5204//6903 5240//6903
f 5203//6904 5240//6904 5239//6904
f 5204//6905 5205//6905 5240//6905
f 5205//6906 5241//6906 5240//6906
f 5205//6907 5206//6907 5242//6907
f 5205//6908 5242//6908 5241//6908
f 5206//6909 5207//6909 5242//6909
f 5207//6910 5243//6910 5242//6910
f 5207//6911 5208//6911 5244//6911
f 5207//6912 5244//6912 5243//6912
f 5208//6913 5209//6913 5244//6913
f 5209//6914 5245//6914 5244//6914
f 5209//6915 5210//6915 5246//6915
f 5209//6916 5246//6916 5245//6916
f 5210//6917 5211//6917 5246//6917
f 5211//6918 5247//6918 5246//6918
f 5211//6919 5212//6919 5248//6919
f 5211//6920 5248//6920 5247//6920
f 5212//6921 5213//6921 5248//6921
f 5213//6922 5249//6922 5248//6922
f 5213//6923 5214//6923 5250//6923
f 5213//6924 5250//6924 5249//6924
f 5214//6925 5215//6925 5250//6925
f 5215//6926 5251//6926 5250//6926
f 5215//6927 5216//6927 5252//6927
f 5215//6928 5252//6928 5251//6928
f 5216//6929 5217//6929 5252//6929
f 5217//6930 5253//6930 5252//6930
f 5217//6931 5218//6931 5254//6931
f 5217//6932 5254//6932 5253//6932
f 5218//6933 5219//6933 5254//6933
f 5219//6934 5255//6934 5254//6934
f 5219//6935 5220//6935 5256//6935
f 5219//6936 5256//6936 5255//6936
f 5220//6937 5185//6937 5256//6937
f 5185//6938 5221//6938 5256//6938
f 5221//6939 5222//6939 5257//6939
f 5222//6940 5258//6940 5257//6940
f 5222//6941 5223//6941 5259//6941
f 5222//6942 5259//6942 5258//6942
f 5223//6943 5224//6943 5259//6943
f 5224//6944 5260//6944 5259//6944
f 5224//6945 5225//6945 5261//6945
f 5224//6946 5261//6946 5260//6946
f 5225//6947 5226//6947 5261//6947
f 5226//6948 5262//6948 5261//6948
f 5226//6949 5227//6949 5263//6949
f 5226//6950 5263//6950 5262//6950
f 5227//6951 5228//6951 5263//6951
f 5228//6952 5264//6952 5263//6952
f 5228//6953 5229//6953 5265//6953
f 5228//6954 5265//6954 5264//6954
f 5229//6955 5230//6955 5265//6955
f 5230//6956 5266//6956 5265//6956
f 5230//6957 5231//6957 5267//6957
f 5230//6958 5267//6958 5266//6958
f 5231//6959 5232//6959 5267//6959
f 5232//6960 5268//6960 5267//6960
f 5232//6961 5233//6961 5269//6961
f 5232//6962 5269//6962 5268//6962
f 5233//6963 5234//6963 5269//6963
f 5234//6964 5270//6964 5269//6964
f 5234//6965 5235//6965 5271//6965
f 5234//6966 5271//6966 5270//6966
f 5235//6967 5236//6967 5271//6967
f 5236//6968 5272//6968 5271//6968
f 5236//6969 5237//6969 5273//6969
f 5236//6970 5273//6970 5272//6970
f 5237//6971 5238//6971 5273//6971
f 5238//6972 5274//6972 5273//6972
f 5238//6973 5239//6973 5275//6973
f 5238//6974 5275//6974 5274//6974
f 5239//6975 5240//6975 5275//6975
f 5240//6976 5276//6976 5275//6976
f 5240//6977 5241//6977 5277//6977
f 5240//6978 5277//6978 5276//6978
f 5241//6979 5242//6979 5277//6979
f 5242//6980 5278//6980 5277//6980
f 5242//6981 5243//6981 5279//6981
f 5242//6982 5279//6982 5278//6982
f 5243//6983 5244//6983 5279//6983
f 5244//6984 5280//6984 5279//6984
f 5244//6985 5245//6985 5281//6985
f 5244//6986 5281//6986 5280//6986
f 5245//6987 5246//6987 5281//6987
f 5246//6988 5282//6988 5281//6988
f 5246//6989 5247//6989 5283//6989
f 5246//6990 5283//6990 5282//6990
f 5247//6991 5248//6991 5283//6991
f 5248//6992 5284//6992 5283//6992
f 5248//6993 5249//6993 5285//6993
f 5248//6994 5285//6994 5284//6994
f 5249//6995 5250//6995 5285//6995
f 5250//6996 5286//6996 5285//6996
f 5250//6997 5251//6997 5287//6997
f 5250//6998 5287//6998 5286//6998
f 5251//6999 5252//6999 5287//6999
f 5252//7000 5288//7000 5287//7000
f 5252//7001 5253//7001 5289//7001
f 5252//7002 5289//7002 5288//7002
f 5253//7003 5254//7003 5289//7003
f 5254//7004 5290//7004 5289//7004
f 5254//7005 5255//7005 5291//7005
f 5254//7006 5291//7006 5290//7006
f 5255//7007 5256//7007 5291//7007
f 5256//7008 5292//7008 5291//7008
f 5256//7009 5221//7009 5257//7009
f 5256//7010 5257//7010 5292//7010
f 5257//7011 5258//7011 5294//7011
f 5257//7012 5294//7012 5293//7012
f 5258//7013 5259//7013 5294//7013
f 5259//7014 5295//7014 5294//7014
f 5259//7015 5260//7015 5296//7015
f 5259//7016 5296//7016 5295//7016
f 5260//7017 5261//7017 5296//7017
f 5261//7018 5297//7018 5296//7018
f 5261//7019 5262//7019 5298//7019
f 5261//7020 5298//7020 5297//7020
f 5262//7021 5263//7021 5298//7021
f 5263//7022 5299//7022 5298//7022
f 5263//7023 5264//7023 5300//7023
f 5263//7024 5300//7024 5299//7024
f 5264//7025 5265//7025 5300//7025
f 5265//7026 5301//7026 5300//7026
f 5265//7027 5266//7027 5302//7027
f 5265//7028 5302//7028 5301//7028
f 5266//7029 5267//7029 5302//7029
f 5267//7030 5303//7030 5302//7030
f 5267//7031 5268//7031 5304//7031
f 5267//7032 5304//7032 5303//7032
f 5268//7033 5269//7033 5304//7033
f 5269//7034 5305//7034 5304//7034
f 5269//7035 5270//7035 5306//7035
f 5269//7036 5306//7036 5305//7036
f 5270//7037 5271//7037 5306//7037
f 5271//7038 5307//7038 5306//7038
f 5271//7039 5272//7039 5308//7039
f 5271//7040 5308//7040 5307//7040
f 5272//7041 5273//7041 5308//7041
f 5273//7042 5309//7042 5308//7042
f 5273//7043 5274//7043 5310//7043
f 5273//7044 5310//7044 5309//7044
f 5274//7045 5275//7045 5310//7045
f 5275//7046 5311//7046 5310//7046
f 5275//7047 5276//7047 5312//7047
f 5275//7048 5312//7048 5311//7048
f 5276//7049 5277//7049 5312//7049
f 5277//7050 5313//7050 5312//7050
f 5277//7051 5278//7051 5314//7051
f 5277//7052 5314//7052 5313//7052
f 5278//7053 5279//7053 5314//7053
f 5279//7054 5315//7054 5314//7054
f 5279//7055 5280//7055 5316//7055
f 5279//7056 5316//7056 5315//7056
f 5280//7057 5281//7057 5316//7057
f 5281//7058 5317//7058 5316//7058
f 5281//7059 5282//7059 5318//7059
f 5281//7060 5318//7060 5317//7060
f 5282//7061 5283//7061 5318//7061
f 5283//7062 5319//7062 5318//7062
f 5283//7063 5284//7063 5320//7063
f 5283//7064 5320//7064 5319//7064
f 5284//7065 5285//7065 5320//7065
f 5285//7066 5321//7066 5320//7066
f 5285//7067 5286//7067 5322//7067
f 5285//7068 5322//7068 5321//7068
f 5286//7069 5287//7069 5322//7069
f 5287//7070 5323//7070 5322//7070
f 5287//7071 5288//7071 5324//7071
f 5287//7072 5324//7072 5323//7072
f 5288//7073 5289//7073 5324//7073
f 5289//7074 5325//7074 5324//7074
f 5289//7075 5290//7075 5326//7075
f 5289//7076 5326//7076 5325//7076
f 5290//7077 5291//7077 5326//7077
f 5291//7078 5327//7078 5326//7078
f 5291//7079 5292//7079 5328//7079
f 5291//7080 5328//7080 5327//7080
f 5292//7081 5257//7081 5328//7081
f 5257//7082 5293//7082 5328//7082
f 5293//7083 5294//7083 5329//7083
f 5294//7084 5330//7084 5329//7084
f 5294//7085 5295//7085 5331//7085
f 5294//7086 5331//7086 5330//7086
f 5295//7087 5296//7087 5331//7087
f 5296//7088 5332//7088 5331//7088
f 5296//7089 5297//7089 5333//7089
f 5296//7090 5333//7090 5332//7090
f 5297//7091 5298//7091 5333//7091
f 5298//7092 5334//7092 5333//7092
f 5298//7093 5299//7093 5335//7093
f 5298//7094 5335//7094 5334//7094
f 5299//7095 5300//7095 5335//7095
f 5300//7096 5336//7096 5335//7096
f 5300//7097 5301//7097 5337//7097
f 5300//7098 5337//7098 5336//7098
f 5301//7099 5302//7099 5337//7099
f 5302//7100 5338//7100 5337//7100
f 5302//7101 5303//7101 5339//7101
f 5302//7102 5339//7102 5338//7102
f 5303//7103 5304//7103 5339//7103
f 5304//7104 5340//7104 5339//7104
f 5304//7105 5305//7105 5341//7105
f 5304//7106 5341//7106 5340//7106
f 5305//7107 5306//7107 5341//7107
f 5306//7108 5342//7108 5341//7108
f 5306//7109 5307//7109 5343//7109
f 5306//7110 5343//7110 5342//7110
f 5307//7111 5308//7111 5343//7111
f 5308//7112 5344//7112 5343//7112
f 5308//7113 5309//7113 5345//7113
f 5308//7114 5345//7114 5344//7114
f 5309//7115 5310//7115 5345//7115
f 5310//7116 5346//7116 5345//7116
f 5310//7117 5311//7117 5347//7117
f 5310//7118 5347//7118 5346//7118
f 5311//7119 5312//7119 5347//7119
f 5312//7120 5348//7120 5347//7120
f 5312//7121 5313//7121 5349//7121
f 5312//7122 5349//7122 5348//7122
f 5313//7123 5314//7123 5349//7123
f 5314//7124 5350//7124 5349//7124
f 5314//7125 5315//7125 5351//7125
f 5314//7126 5351//7126 5350//7126
f 5315//7127 5316//7127 5351//7127
f 5316//7128 5352//7128 5351//7128
f 5316//7129 5317//7129 5353//7129
f 5316//7130 5353//7130 5352//7130
f 5317//7131 5318//7131 5353//7131
f 5318//7132 5354//7132 5353//7132
f 5318//7133 5319//7133 5355//7133
f 5318//7134 5355//7134 5354//7134
f 5319//7135 5320//7135 5355//7135
f 5320//7136 5356//7136 5355//7136
f 5320//7137 5321//7137 5357//7137
f 5320//7138 5357//7138 5356//7138
f 5321//7139 5322//7139 5357//7139
f 5322//7140 5358//7140 5357//7140
f 5322//7141 5323//7141 5359//7141
f 5322//7142 5359//7142 5358//7142
f 5323//7143 5324//7143 5359//7143
f 5324//7144 5360//7144 5359//7144
f 5324//7145 5325//7145 5361//7145
f 5324//7146 5361//7146 5360//7146
f 5325//7147 5326//7147 5361//7147
f 5326//7148 5362//7148 5361//7148
f 5326//7149 5327//7149 5363//7149
f 5326//7150 5363//7150 5362//7150
f 5327//7151 5328//7151 5363//7151
f 5328//7152 5364//7152 5363//7152
f 5328//7153 5293//7153 5329//7153
f 5328//7154 5329//7154 5364//7154
f 5329//7155 5330//7155 5366//7155
f 5329//7156 5366//7156 5365//7156
f 5330//7157 5331//7157 5366//7157
f 5331//7158 5367//7158 5366//7158
f 5331//7159 5332//7159 5368//7159
f 5331//7160 5368//7160 5367//7160
f 5332//7161 5333//7161 5368//7161
f 5333//7162 5369//7162 5368//7162
f 5333//7163 5334//7163 5370//7163
f 5333//7164 5370//7164 5369//7164
f 5334//7165 5335//7165 5370//7165
f 5335//7166 5371//7166 5370//7166
f 5335//7167 5336//7167 5372//7167
f 5335//7168 5372//7168 5371//7168
f 5336//7169 5337//7169 5372//7169
f 5337//7170 5373//7170 5372//7170
f 5337//7171 5338//7171 5374//7171
f 5337//7171 5374//7171 5373//7171
f 5338//7172 5339//7172 5374//7172
f 5339//7173 5375//7173 5374//7173
f 5339//7174 5340//7174 5376//7174
f 5339//7175 5376//7175 5375//7175
f 5340//7176 5341//7176 5376//7176
f 5341//7177 5377//7177 5376//7177
f 5341//7178 5342//7178 5378//7178
f 5341//7179 5378//7179 5377//7179
f 5342//7180 5343//7180 5378//7180
f 5343//7181 5379//7181 5378//7181
f 5343//7182 5344//7182 5380//7182
f 5343//7183 5380//7183 5379//7183
f 5344//7184 5345//7184 5380//7184
f 5345//7185 5381//7185 5380//7185
f 5345//7186 5346//7186 5382//7186
f 5345//7187 5382//7187 5381//7187
f 5346//7188 5347//7188 5382//7188
f 5347//7189 5383//7189 5382//7189
f 5347//7190 5348//7190 5384//7190
f 5347//7191 5384//7191 5383//7191
f 5348//7192 5349//7192 5384//7192
f 5349//7193 5385//7193 5384//7193
f 5349//7194 5350//7194 5386//7194
f 5349//7195 5386//7195 5385//7195
f 5350//7196 5351//7196 5386//7196
f 5351//7197 5387//7197 5386//7197
f 5351//7198 5352//7198 5388//7198
f 5351//7199 5388//7199 5387//7199
f 5352//7200 5353//7200 5388//7200
f 5353//7201 5389//7201 5388//7201
f 5353//7202 5354//7202 5390//7202
f 5353//7203 5390//7203 5389//7203
f 5354//7204 5355//7204 5390//7204
f 5355//7205 5391//7205 5390//7205
f 5355//7206 5356//7206 5392//7206
f 5355//7206 5392//7206 5391//7206
f 5356//7207 5357//7207 5392//7207
f 5357//7207 5393//7207 5392//7207
f 5357//7208 5358//7208 5394//7208
f 5357//7209 5394//7209 5393//7209
f 5358//7210 5359//7210 5394//7210
f 5359//7211 5395//7211 5394//7211
f 5359//7212 5360//7212 5396//7212
f 5359//7213 5396//7213 5395//7213
f 5360//7214 5361//7214 5396//7214
f 5361//7215 5397//7215 5396//7215
f 5361//7216 5362//7216 5398//7216
f 5361//7217 5398//7217 5397//7217
f 5362//7218 5363//7218 5398//7218
f 5363//7219 5399//7219 5398//7219
f 5363//7220 5364//7220 5400//7220
f 5363//7221 5400//7221 5399//7221
f 5364//7222 5329//7222 5400//7222
f 5329//7222 5365//7222 5400//7222
f 5365//7223 5366//7223 5401//7223
f 5366//7224 5402//7224 5401//7224
f 5366//7225 5367//7225 5403//7225
f 5366//7226 5403//7226 5402//7226
f 5367//7227 5368//7227 5403//7227
f 5368//7228 5404//7228 5403//7228
f 5368//7229 5369//7229 5405//7229
f 5368//7230 5405//7230 5404//7230
f 5369//7231 5370//7231 5405//7231
f 5370//7232 5406//7232 5405//7232
f 5370//7233 5371//7233 5407//7233
f 5370//7234 5407//7234 5406//7234
f 5371//7235 5372//7235 5407//7235
f 5372//7236 5408//7236 5407//7236
f 5372//7237 5373//7237 5409//7237
f 5372//7238 5409//7238 5408//7238
f 5373//7239 5374//7239 5409//7239
f 5374//7239 5410//7239 5409//7239
f 5374//7240 5375//7240 5411//7240
f 5374//7241 5411//7241 5410//7241
f 5375//7242 5376//7242 5411//7242
f 5376//7242 5412//7242 5411//7242
f 5376//7243 5377//7243 5413//7243
f 5376//7244 5413//7244 5412//7244
f 5377//7245 5378//7245 5413//7245
f 5378//7246 5414//7246 5413//7246
f 5378//7247 5379//7247 5415//7247
f 5378//7248 5415//7248 5414//7248
f 5379//7249 5380//7249 5415//7249
f 5380//7250 5416//7250 5415//7250
f 5380//7251 5381//7251 5417//7251
f 5380//7252 5417//7252 5416//7252
f 5381//7253 5382//7253 5417//7253
f 5382//7254 5418//7254 5417//7254
f 5382//7255 5383//7255 5419//7255
f 5382//7256 5419//7256 5418//7256
f 5383//7257 5384//7257 5419//7257
f 5384//7257 5420//7257 5419//7257
f 5384//7258 5385//7258 5421//7258
f 5384//7259 5421//7259 5420//7259
f 5385//7260 5386//7260 5421//7260
f 5386//7261 5422//7261 5421//7261
f 5386//7262 5387//7262 5423//7262
f 5386//7263 5423//7263 5422//7263
f 5387//7264 5388//7264 5423//7264
f 5388//7265 5424//7265 5423//7265
f 5388//7266 5389//7266 5425//7266
f 5388//7267 5425//7267 5424//7267
f 5389//7268 5390//7268 5425//7268
f 5390//7269 5426//7269 5425//7269
f 5390//7270 5391//7270 5427//7270
f 5390//7271 5427//7271 5426//7271
f 5391//7272 5392//7272 5427//7272
f 5392//7272 5428//7272 5427//7272
f 5392//7273 5393//7273 5429//7273
f 5392//7273 5429//7273 5428//7273
f 5393//7274 5394//7274 5429//7274
f 5394//7275 5430//7275 5429//7275
f 5394//7276 5395//7276 5431//7276
f 5394//7277 5431//7277 5430//7277
f 5395//7278 5396//7278 5431//7278
f 5396//7279 5432//7279 5431//7279
f 5396//7280 5397//7280 5433//7280
f 5396//7281 5433//7281 5432//7281
f 5397//7282 5398//7282 5433//7282
f 5398//7283 5434//7283 5433//7283
f 5398//7284 5399//7284 5435//7284
f 5398//7284 5435//7284 5434//7284
f 5399//7285 5400//7285 5435//7285
f 5400//7286 5436//7286 5435//7286
f 5400//7287 5365//7287 5401//7287
f 5400//7287 5401//7287 5436//7287
f 5401//7288 5402//7288 5438//7288
f 5401//7289 5438//7289 5437//7289
f 5402//7290 5403//7290 5438//7290
f 5403//7291 5439//7291 5438//7291
f 5403//7292 5404//7292 5440//7292
f 5403//7293 5440//7293 5439//7293
f 5404//7294 5405//7294 5440//7294
f 5405//7295 5441//7295 5440//7295
f 5405//7296 5406//7296 5442//7296
f 5405//7297 5442//7297 5441//7297
f 5406//7298 5407//7298 5442//7298
f 5407//7299 5443//7299 5442//7299
f 5407//7300 5408//7300 5444//7300
f 5407//7301 5444//7301 5443//7301
f 5408//7302 5409//7302 5444//7302
f 5409//7303 5445//7303 5444//7303
f 5409//7304 5410//7304 5446//7304
f 5409//7305 5446//7305 5445//7305
f 5410//7306 5411//7306 5446//7306
f 5411//7307 5447//7307 5446//7307
f 5411//7308 5412//7308 5448//7308
f 5411//7309 5448//7309 5447//7309
f 5412//7310 5413//7310 5448//7310
f 5413//7311 5449//7311 5448//7311
f 5413//7312 5414//7312 5450//7312
f 5413//7313 5450//7313 5449//7313
f 5414//7314 5415//7314 5450//7314
f 5415//7315 5451//7315 5450//7315
f 5415//7316 5416//7316 5452//7316
f 5415//7317 5452//7317 5451//7317
f 5416//7318 5417//7318 5452//7318
f 5417//7319 5453//7319 5452//7319
f 5417//7320 5418//7320 5454//7320
f 5417//7321 5454//7321 5453//7321
f 5418//7322 5419//7322 5454//7322
f 5419//7323 5455//7323 5454//7323
f 5419//7324 5420//7324 5456//7324
f 5419//7325 5456//7325 5455//7325
f 5420//7326 5421//7326 5456//7326
f 5421//7327 5457//7327 5456//7327
f 5421//7328 5422//7328 5458//7328
f 5421//7329 5458//7329 5457//7329
f 5422//7330 5423//7330 5458//7330
f 5423//7331 5459//7331 5458//7331
f 5423//7332 5424//7332 5460//7332
f 5423//7333 5460//7333 5459//7333
f 5424//7334 5425//7334 5460//7334
f 5425//7335 5461//7335 5460//7335
f 5425//7336 5426//7336 5462//7336
f 5425//7337 5462//7337 5461//7337
f 5426//7338 5427//7338 5462//7338
f 5427//7339 5463//7339 5462//7339
f 5427//7340 5428//7340 5464//7340
f 5427//7341 5464//7341 5463//7341
f 5428//7342 5429//7342 5464//7342
f 5429//7343 5465//7343 5464//7343
f 5429//7344 5430//7344 5466//7344
f 5429//7345 5466//7345 5465//7345
f 5430//7346 5431//7346 5466//7346
f 5431//7347 5467//7347 5466//7347
f 5431//7348 5432//7348 5468//7348
f 5431//7349 5468//7349 5467//7349
f 5432//7350 5433//7350 5468//7350
f 5433//7351 5469//7351 5468//7351
f 5433//7352 5434//7352 5470//7352
f 5433//7353 5470//7353 5469//7353
f 5434//7354 5435//7354 5470//7354
f 5435//7355 5471//7355 5470//7355
f 5435//7356 5436//7356 5472//7356
f 5435//7357 5472//7357 5471//7357
f 5436//7358 5401//7358 5472//7358
f 5401//7359 5437//7359 5472//7359
f 5437//7360 5438//7360 5473//7360
f 5438//7361 5474//7361 5473//7361
f 5438//7362 5439//7362 5475//7362
f 5438//7363 5475//7363 5474//7363
f 5439//7364 5440//7364 5475//7364
f 5440//7365 5476//7365 5475//7365
f 5440//7366 5441//7366 5477//7366
f 5440//7367 5477//7367 5476//7367
f 5441//7368 5442//7368 5477//7368
f 5442//7369 5478//7369 5477//7369
f 5442//7370 5443//7370 5479//7370
f 5442//7371 5479//7371 5478//7371
f 5443//7372 5444//7372 5479//7372
f 5444//7373 5480//7373 5479//7373
f 5444//7374 5445//7374 5481//7374
f 5444//7375 5481//7375 5480//7375
f 5445//7376 5446//7376 5481//7376
f 5446//7377 5482//7377 5481//7377
f 5446//7378 5447//7378 5483//7378
f 5446//7379 5483//7379 5482//7379
f 5447//7380 5448//7380 5483//7380
f 5448//7381 5484//7381 5483//7381
f 5448//7382 5449//7382 5485//7382
f 5448//7383 5485//7383 5484//7383
f 5449//7384 5450//7384 5485//7384
f 5450//7385 5486//7385 5485//7385
f 5450//7386 5451//7386 5487//7386
f 5450//7387 5487//7387 5486//7387
f 5451//7388 5452//7388 5487//7388
f 5452//7389 5488//7389 5487//7389
f 5452//7390 5453//7390 5489//7390
f 5452//7391 5489//7391 5488//7391
f 5453//7392 5454//7392 5489//7392
f 5454//7393 5490//7393 5489//7393
f 5454//7394 5455//7394 5491//7394
f 5454//7395 5491//7395 5490//7395
f 5455//7396 5456//7396 5491//7396
f 5456//7397 5492//7397 5491//7397
f 5456//7398 5457//7398 5493//7398
f 5456//7399 5493//7399 5492//7399
f 5457//7400 5458//7400 5493//7400
f 5458//7401 5494//7401 5493//7401
f 5458//7402 5459//7402 5495//7402
f 5458//7403 5495//7403 5494//7403
f 5459//7404 5460//7404 5495//7404
f 5460//7405 5496//7405 5495//7405
f 5460//7406 5461//7406 5497//7406
f 5460//7407 5497//7407 5496//7407
f 5461//7408 5462//7408 5497//7408
f 5462//7409 5498//7409 5497//7409
f 5462//7410 5463//7410 5499//7410
f 5462//7411 5499//7411 5498//7411
f 5463//7412 5464//7412 5499//7412
f 5464//7413 5500//7413 5499//7413
f 5464//7414 5465//7414 5501//7414
f 5464//7415 5501//7415 5500//7415
f 5465//7416 5466//7416 5501//7416
f 5466//7417 5502//7417 5501//7417
f 5466//7418 5467//7418 5503//7418
f 5466//7419 5503//7419 5502//7419
f 5467//7420 5468//7420 5503//7420
f 5468//7421 5504//7421 5503//7421
f 5468//7422 5469//7422 5505//7422
f 5468//7423 5505//7423 5504//7423
f 5469//7424 5470//7424 5505//7424
f 5470//7425 5506//7425 5505//7425
f 5470//7426 5471//7426 5507//7426
f 5470//7427 5507//7427 5506//7427
f 5471//7428 5472//7428 5507//7428
f 5472//7429 5508//7429 5507//7429
f 5472//7430 5437//7430 5473//7430
f 5472//7431 5473//7431 5508//7431
f 5473//7432 5474//7432 5510//7432
f 5473//7433 5510//7433 5509//7433
f 5474//7434 5475//7434 5510//7434
f 5475//7435 5511//7435 5510//7435
f 5475//7436 5476//7436 5512//7436
f 5475//7437 5512//7437 5511//7437
f 5476//7438 5477//7438 5512//7438
f 5477//7439 5513//7439 5512//7439
f 5477//7440 5478//7440 5514//7440
f 5477//7441 5514//7441 5513//7441
f 5478//7442 5479//7442 5514//7442
f 5479//7443 5515//7443 5514//7443
f 5479//7444 5480//7444 5516//7444
f 5479//7445 5516//7445 5515//7445
f 5480//7446 5481//7446 5516//7446
f 5481//7447 5517//7447 5516//7447
f 5481//7448 5482//7448 5518//7448
f 5481//7449 5518//7449 5517//7449
f 5482//7450 5483//7450 5518//7450
f 5483//7451 5519//7451 5518//7451
f 5483//7452 5484//7452 5520//7452
f 5483//7453 5520//7453 5519//7453
f 5484//7454 5485//7454 5520//7454
f 5485//7455 5521//7455 5520//7455
f 5485//7456 5486//7456 5522//7456
f 5485//7457 5522//7457 5521//7457
f 5486//7458 5487//7458 5522//7458
f 5487//7459 5523//7459 5522//7459
f 5487//7460 5488//7460 5524//7460
f 5487//7461 5524//7461 5523//7461
f 5488//7462 5489//7462 5524//7462
f 5489//7463 5525//7463 5524//7463
f 5489//7464 5490//7464 5526//7464
f 5489//7465 5526//7465 5525//7465
f 5490//7466 5491//7466 5526//7466
f 5491//7467 5527//7467 5526//7467
f 5491//7468 5492//7468 5528//7468
f 5491//7469 5528//7469 5527//7469
f 5492//7470 5493//7470 5528//7470
f 5493//7471 5529//7471 5528//7471
f 5493//7472 5494//7472 5530//7472
f 5493//7473 5530//7473 5529//7473
f 5494//7474 5495//7474 5530//7474
f 5495//7475 5531//7475 5530//7475
f 5495//7476 5496//7476 5532//7476
f 5495//7477 5532//7477 5531//7477
f 5496//7478 5497//7478 5532//7478
f 5497//7479 5533//7479 5532//7479
f 5497//7480 5498//7480 5534//7480
f 5497//7481 5534//7481 5533//7481
f 5498//7482 5499//7482 5534//7482
f 5499//7483 5535//7483 5534//7483
f 5499//7484 5500//7484 5536//7484
f 5499//7485 5536//7485 5535//7485
f 5500//7486 5501//7486 5536//7486
f 5501//7487 5537//7487 5536//7487
f 5501//7488 5502//7488 5538//7488
f 5501//7489 5538//7489 5537//7489
f 5502//7490 5503//7490 5538//7490
f 5503//7491 5539//7491 5538//7491
f 5503//7492 5504//7492 5540//7492
f 5503//7493 5540//7493 5539//7493
f 5504//7494 5505//7494 5540//7494
f 5505//7495 5541//7495 5540//7495
f 5505//7496 5506//7496 5542//7496
f 5505//7497 5542//7497 5541//7497
f 5506//7498 5507//7498 5542//7498
f 5507//7499 5543//7499 5542//7499
f 5507//7500 5508//7500 5544//7500
f 5507//7501 5544//7501 5543//7501
f 5508//7502 5473//7502 5544//7502
f 5473//7503 5509//7503 5544//7503
f 5509//7504 5510//7504 5545//7504
f 5510//7505 5546//7505 5545//7505
f 5510//7506 5511//7506 5547//7506
f 5510//7507 5547//7507 5546//7507
f 5511//7508 5512//7508 5547//7508
f 5512//7509 5548//7509 5547//7509
f 5512//7510 5513//7510 5549//7510
f 5512//7511 5549//7511 5548//7511
f 5513//7512 5514//7512 5549//7512
f 5514//7513 5550//7513 5549//7513
f 5514//7514 5515//7514 5551//7514
f 5514//7515 5551//7515 5550//7515
f 5515//7516 5516//7516 5551//7516
f 5516//7517 5552//7517 5551//7517
f 5516//7518 5517//7518 5553//7518
f 5516//7519 5553//7519 5552//7519
f 5517//7520 5518//7520 5553//7520
f 5518//7521 5554//7521 5553//7521
f 5518//7522 5519//7522 5555//7522
f 5518//7523 5555//7523 5554//7523
f 5519//7524 5520//7524 5555//7524
f 5520//7525 5556//7525 5555//7525
f 5520//7526 5521//7526 5557//7526
f 5520//7527 5557//7527 5556//7527
f 5521//7528 5522//7528 5557//7528
f 5522//7529 5558//7529 5557//7529
f 5522//7530 5523//7530 5559//7530
f 5522//7531 5559//7531 5558//7531
f 5523//7532 5524//7532 5559//7532
f 5524//7533 5560//7533 5559//7533
f 5524//7534 5525//7534 5561//7534
f 5524//7535 5561//7535 5560//7535
f 5525//7536 5526//7536 5561//7536
f 5526//7537 5562//7537 5561//7537
f 5526//7538 5527//7538 5563//7538
f 5526//7539 5563//7539 5562//7539
f 5527//7540 5528//7540 5563//7540
f 5528//7541 5564//7541 5563//7541
f 5528//7542 5529//7542 5565//7542
f 5528//7543 5565//7543 5564//7543
f 5529//7544 5530//7544 5565//7544
f 5530//7545 5566//7545 5565//7545
f 5530//7546 5531//7546 5567//7546
f 5530//7547 5567//7547 5566//7547
f 5531//7548 5532//7548 5567//7548
f 5532//7549 5568//7549 5567//7549
f 5532//7550 5533//7550 5569//7550
f 5532//7551 5569//7551 5568//7551
f 5533//7552 5534//7552 5569//7552
f 5534//7553 5570//7553 5569//7553
f 5534//7554 5535//7554 5571//7554
f 5534//7555 5571//7555 5570//7555
f 5535//7556 5536//7556 5571//7556
f 5536//7557 5572//7557 5571//7557
f 5536//7558 5537//7558 5573//7558
f 5536//7559 5573//7559 5572//7559
f 5537//7560 5538//7560 5573//7560
f 5538//7561 5574//7561 5573//7561
f 5538//7562 5539//7562 5575//7562
f 5538//7563 5575//7563 5574//7563
f 5539//7564 5540//7564 5575//7564
f 5540//7565 5576//7565 5575//7565
f 5540//7566 5541//7566 5577//7566
f 5540//7567 5577//7567 5576//7567
f 5541//7568 5542//7568 5577//7568
f 5542//7569 5578//7569 5577//7569
f 5542//7570 5543//7570 5579//7570
f 5542//7571 5579//7571 5578//7571
f 5543//7572 5544//7572 5579//7572
f 5544//7573 5580//7573 5579//7573
f 5544//7574 5509//7574 5545//7574
f 5544//7575 5545//7575 5580//7575
f 5545//7576 5546//7576 5582//7576
f 5545//7577 5582//7577 5581//7577
f 5546//7578 5547//7578 5582//7578
f 5547//7579 5583//7579 5582//7579
f 5547//7580 5548//7580 5584//7580
f 5547//7581 5584//7581 5583//7581
f 5548//7582 5549//7582 5584//7582
f 5549//7583 5585//7583 5584//7583
f 5549//7584 5550//7584 5586//7584
f 5549//7585 5586//7585 5585//7585
f 5550//7586 5551//7586 5586//7586
f 5551//7587 5587//7587 5586//7587
f 5551//7588 5552//7588 5588//7588
f 5551//7589 5588//7589 5587//7589
f 5552//7590 5553//7590 5588//7590
f 5553//7591 5589//7591 5588//7591
f 5553//7592 5554//7592 5590//7592
f 5553//7593 5590//7593 5589//7593
f 5554//7594 5555//7594 5590//7594
f 5555//7595 5591//7595 5590//7595
f 5555//7596 5556//7596 5592//7596
f 5555//7597 5592//7597 5591//7597
f 5556//7598 5557//7598 5592//7598
f 5557//7599 5593//7599 5592//7599
f 5557//7600 5558//7600 5594//7600
f 5557//7601 5594//7601 5593//7601
f 5558//7602 5559//7602 5594//7602
f 5559//7603 5595//7603 5594//7603
f 5559//7604 5560//7604 5596//7604
f 5559//7605 5596//7605 5595//7605
f 5560//7606 5561//7606 5596//7606
f 5561//7607 5597//7607 5596//7607
f 5561//7608 5562//7608 5598//7608
f 5561//7609 5598//7609 5597//7609
f 5562//7610 5563//7610 5598//7610
f 5563//7611 5599//7611 5598//7611
f 5563//7612 5564//7612 5600//7612
f 5563//7613 5600//7613 5599//7613
f 5564//7614 5565//7614 5600//7614
f 5565//7615 5601//7615 5600//7615
f 5565//7616 5566//7616 5602//7616
f 5565//7617 5602//7617 5601//7617
f 5566//7618 5567//7618 5602//7618
f 5567//7619 5603//7619 5602//7619
f 5567//7620 5568//7620 5604//7620
f 5567//7621 5604//7621 5603//7621
f 5568//7622 5569//7622 5604//7622
f 5569//7623 5605//7623 5604//7623
f 5569//7624 5570//7624 5606//7624
f 5569//7625 5606//7625 5605//7625
f 5570//7626 5571//7626 5606//7626
f 5571//7627 5607//7627 5606//7627
f 5571//7628 5572//7628 5608//7628
f 5571//7629 5608//7629 5607//7629
f 5572//7630 5573//7630 5608//7630
f 5573//7631 5609//7631 5608//7631
f 5573//7632 5574//7632 5610//7632
f 5573//7633 5610//7633 5609//7633
f 5574//7634 5575//7634 5610//7634
f 5575//7635 5611//7635 5610//7635
f 5575//7636 5576//7636 5612//7636
f 5575//7637 5612//7637 5611//7637
f 5576//7638 5577//7638 5612//7638
f 5577//7639 5613//7639 5612//7639
f 5577//7640 5578//7640 5614//7640
f 5577//7641 5614//7641 5613//7641
f 5578//7642 5579//7642 5614//7642
f 5579//7643 5615//7643 5614//7643
f 5579//7644 5580//7644 5616//7644
f 5579//7645 5616//7645 5615//7645
f 5580//7646 5545//7646 5616//7646
f 5545//7647 5581//7647 5616//7647
f 5581//7648 5582//7648 5617//7648
f 5582//7649 5618//7649 5617//7649
f 5582//7650 5583//7650 5619//7650
f 5582//7651 5619//7651 5618//7651
f 5583//7652 5584//7652 5619//7652
f 5584//7653 5620//7653 5619//7653
f 5584//7654 5585//7654 5621//7654
f 5584//7655 5621//7655 5620//7655
f 5585//7656 5586//7656 5621//7656
f 5586//7657 5622//7657 5621//7657
f 5586//7658 5587//7658 5623//7658
f 5586//7659 5623//7659 5622//7659
f 5587//7660 5588//7660 5623//7660
f 5588//7661 5624//7661 5623//7661
f 5588//7662 5589//7662 5625//7662
f 5588//7663 5625//7663 5624//7663
f 5589//7664 5590//7664 5625//7664
f 5590//7665 5626//7665 5625//7665
f 5590//7666 5591//7666 5627//7666
f 5590//7667 5627//7667 5626//7667
f 5591//7668 5592//7668 5627//7668
f 5592//7669 5628//7669 5627//7669
f 5592//7670 5593//7670 5629//7670
f 5592//7671 5629//7671 5628//7671
f 5593//7672 5594//7672 5629//7672
f 5594//7673 5630//7673 5629//7673
f 5594//7674 5595//7674 5631//7674
f 5594//7675 5631//7675 5630//7675
f 5595//7676 5596//7676 5631//7676
f 5596//7677 5632//7677 5631//7677
f 5596//7678 5597//7678 5633//7678
f 5596//7679 5633//7679 5632//7679
f 5597//7680 5598//7680 5633//7680
f 5598//7681 5634//7681 5633//7681
f 5598//7682 5599//7682 5635//7682
f 5598//7683 5635//7683 5634//7683
f 5599//7684 5600//7684 5635//7684
f 5600//7685 5636//7685 5635//7685
f 5600//7686 5601//7686 5637//7686
f 5600//7687 5637//7687 5636//7687
f 5601//7688 5602//7688 5637//7688
f 5602//7689 5638//7689 5637//7689
f 5602//7690 5603//7690 5639//7690
f 5602//7691 5639//7691 5638//7691
f 5603//7692 5604//7692 5639//7692
f 5604//7693 5640//7693 5639//7693
f 5604//7694 5605//7694 5641//7694
f 5604//7695 5641//7695 5640//7695
f 5605//7696 5606//7696 5641//7696
f 5606//7697 5642//7697 5641//7697
f 5606//7698 5607//7698 5643//7698
f 5606//7699 5643//7699 5642//7699
f 5607//7700 5608//7700 5643//7700
f 5608//7701 5644//7701 5643//7701
f 5608//7702 5609//7702 5645//7702
f 5608//7703 5645//7703 5644//7703
f 5609//7704 5610//7704 5645//7704
f 5610//7705 5646//7705 5645//7705
f 5610//7706 5611//7706 5647//7706
f 5610//7707 5647//7707 5646//7707
f 5611//7708 5612//7708 5647//7708
f 5612//7709 5648//7709 5647//7709
f 5612//7710 5613//7710 5649//7710
f 5612//7711 5649//7711 5648//7711
f 5613//7712 5614//7712 5649//7712
f 5614//7713 5650//7713 5649//7713
f 5614//7714 5615//7714 5651//7714
f 5614//7715 5651//7715 5650//7715
f 5615//7716 5616//7716 5651//7716
f 5616//7717 5652//7717 5651//7717
f 5616//7718 5581//7718 5617//7718
f 5616//7719 5617//7719 5652//7719
f 5617//7720 5618//7720 5654//7720
f 5617//7721 5654//7721 5653//7721
f 5618//7722 5619//7722 5654//7722
f 5619//7723 5655//7723 5654//7723
f 5619//7724 5620//7724 5656//7724
f 5619//7725 5656//7725 5655//7725
f 5620//7726 5621//7726 5656//7726
f 5621//7727 5657//7727 5656//7727
f 5621//7728 5622//7728 5658//7728
f 5621//7729 5658//7729 5657//7729
f 5622//7730 5623//7730 5658//7730
f 5623//7731 5659//7731 5658//7731
f 5623//7732 5624//7732 5660//7732
f 5623//7733 5660//7733 5659//7733
f 5624//7734 5625//7734 5660//7734
f 5625//7735 5661//7735 5660//7735
f 5625//7736 5626//7736 5662//7736
f 5625//7737 5662//7737 5661//7737
f 5626//7738 5627//7738 5662//7738
f 5627//7739 5663//7739 5662//7739
f 5627//7740 5628//7740 5664//7740
f 5627//7741 5664//7741 5663//7741
f 5628//7742 5629//7742 5664//7742
f 5629//7743 5665//7743 5664//7743
f 5629//7744 5630//7744 5666//7744
f 5629//7745 5666//7745 5665//7745
f 5630//7746 5631//7746 5666//7746
f 5631//7747 5667//7747 5666//7747
f 5631//7748 5632//7748 5668//7748
f 5631//7749 5668//7749 5667//7749
f 5632//7750 5633//7750 5668//7750
f 5633//7751 5669//7751 5668//7751
f 5633//7752 5634//7752 5670//7752
f 5633//7753 5670//7753 5669//7753
f 5634//7754 5635//7754 5670//7754
f 5635//7755 5671//7755 5670//7755
f 5635//7756 5636//7756 5672//7756
f 5635//7757 5672//7757 5671//7757
f 5636//7758 5637//7758 5672//7758
f 5637//7759 5673//7759 5672//7759
f 5637//7760 5638//7760 5674//7760
f 5637//7761 5674//7761 5673//7761
f 5638//7762 5639//7762 5674//7762
f 5639//7763 5675//7763 5674//7763
f 5639//7764 5640//7764 5676//7764
f 5639//7765 5676//7765 5675//7765
f 5640//7766 5641//7766 5676//7766
f 5641//7767 5677//7767 5676//7767
f 5641//7768 5642//7768 5678//7768
f 5641//7769 5678//7769 5677//7769
f 5642//7770 5643//7770 5678//7770
f 5643//7771 5679//7771 5678//7771
f 5643//7772 5644//7772 5680//7772
f 5643//7773 5680//7773 5679//7773
f 5644//7774 5645//7774 5680//7774
f 5645//7775 5681//7775 5680//7775
f 5645//7776 5646//7776 5682//7776
f 5645//7777 5682//7777 5681//7777
f 5646//7778 5647//7778 5682//7778
f 5647//7779 5683//7779 5682//7779
f 5647//7780 5648//7780 5684//7780
f 5647//7781 5684//7781 5683//7781
f 5648//7782 5649//7782 5684//7782
f 5649//7783 5685//7783 5684//7783
f 5649//7784 5650//7784 5686//7784
f 5649//7785 5686//7785 5685//7785
f 5650//7786 5651//7786 5686//7786
f 5651//7787 5687//7787 5686//7787
f 5651//7788 5652//7788 5688//7788
f 5651//7789 5688//7789 5687//7789
f 5652//7790 5617//7790 5688//7790
f 5617//7791 5653//7791 5688//7791
f 5653//7792 5654//7792 5689//7792
f 5654//7793 5690//7793 5689//7793
f 5654//7794 5655//7794 5691//7794
f 5654//7795 5691//7795 5690//7795
f 5655//7796 5656//7796 5691//7796
f 5656//7797 5692//7797 5691//7797
f 5656//7798 5657//7798 5693//7798
f 5656//7799 5693//7799 5692//7799
f 5657//7800 5658//7800 5693//7800
f 5658//7801 5694//7801 5693//7801
f 5658//7802 5659//7802 5695//7802
f 5658//7803 5695//7803 5694//7803
f 5659//7804 5660//7804 5695//7804
f 5660//7805 5696//7805 5695//7805
f 5660//7806 5661//7806 5697//7806
f 5660//7807 5697//7807 5696//7807
f 5661//7808 5662//7808 5697//7808
f 5662//7809 5698//7809 5697//7809
f 5662//7810 5663//7810 5699//7810
f 5662//7811 5699//7811 5698//7811
f 5663//7812 5664//7812 5699//7812
f 5664//7813 5700//7813 5699//7813
f 5664//7814 5665//7814 5701//7814
f 5664//7815 5701//7815 5700//7815
f 5665//7816 5666//7816 5701//7816
f 5666//7817 5702//7817 5701//7817
f 5666//7818 5667//7818 5703//7818
f 5666//7819 5703//7819 5702//7819
f 5667//7820 5668//7820 5703//7820
f 5668//7821 5704//7821 5703//7821
f 5668//7822 5669//7822 5705//7822
f 5668//7823 5705//7823 5704//7823
f 5669//7824 5670//7824 5705//7824
f 5670//7825 5706//7825 5705//7825
f 5670//7826 5671//7826 5707//7826
f 5670//7827 5707//7827 5706//7827
f 5671//7828 5672//7828 5707//7828
f 5672//7829 5708//7829 5707//7829
f 5672//7830 5673//7830 5709//7830
f 5672//7831 5709//7831 5708//7831
f 5673//7832 5674//7832 5709//7832
f 5674//7833 5710//7833 5709//7833
f 5674//7834 5675//7834 5711//7834
f 5674//7835 5711//7835 5710//7835
f 5675//7836 5676//7836 5711//7836
f 5676//7837 5712//7837 5711//7837
f 5676//7838 5677//7838 5713//7838
f 5676//7839 5713//7839 5712//7839
f 5677//7840 5678//7840 5713//7840
f 5678//7841 5714//7841 5713//7841
f 5678//7842 5679//7842 5715//7842
f 5678//7843 5715//7843 5714//7843
f 5679//7844 5680//7844 5715//7844
f 5680//7845 5716//7845 5715//7845
f 5680//7846 5681//7846 5717//7846
f 5680//7847 5717//7847 5716//7847
f 5681//7848 5682//7848 5717//7848
f 5682//7849 5718//7849 5717//7849
f 5682//7850 5683//7850 5719//7850
f 5682//7851 5719//7851 5718//7851
f 5683//7852 5684//7852 5719//7852
f 5684//7853 5720//7853 5719//7853
f 5684//7854 5685//7854 5721//7854
f 5684//7855 5721//7855 5720//7855
f 5685//7856 5686//7856 5721//7856
f 5686//7857 5722//7857 5721//7857
f 5686//7858 5687//7858 5723//7858
f 5686//7859 5723//7859 5722//7859
f 5687//7860 5688//7860 5723//7860
f 5688//7861 5724//7861 5723//7861
f 5688//7862 5653//7862 5689//7862
f 5688//7863 5689//7863 5724//7863
f 5725//7864 5726//7864 5762//7864
f 5725//7865 5762//7865 5761//7865
f 5726//7866 5727//7866 5762//7866
f 5727//7867 5763//7867 5762//7867
f 5727//7868 5728//7868 5764//7868
f 5727//7869 5764//7869 5763//7869
f 5728//7870 5729//7870 5764//7870
f 5729//7871 5765//7871 5764//7871
f 5729//7872 5730//7872 5766//7872
f 5729//7873 5766//7873 5765//7873
f 5730//7874 5731//7874 5766//7874
f 5731//7875 5767//7875 5766//7875
f 5731//7876 5732//7876 5768//7876
f 5731//7877 5768//7877 5767//7877
f 5732//7878 5733//7878 5768//7878
f 5733//7879 5769//7879 5768//7879
f 5733//7880 5734//7880 5770//7880
f 5733//7881 5770//7881 5769//7881
f 5734//7882 5735//7882 5770//7882
f 5735//7883 5771//7883 5770//7883
f 5735//7884 5736//7884 5772//7884
f 5735//7885 5772//7885 5771//7885
f 5736//7886 5737//7886 5772//7886
f 5737//7887 5773//7887 5772//7887
f 5737//7888 5738//7888 5774//7888
f 5737//7889 5774//7889 5773//7889
f 5738//7890 5739//7890 5774//7890
f 5739//7891 5775//7891 5774//7891
f 5739//7892 5740//7892 5776//7892
f 5739//7893 5776//7893 5775//7893
f 5740//7894 5741//7894 5776//7894
f 5741//7895 5777//7895 5776//7895
f 5741//7896 5742//7896 5778//7896
f 5741//7897 5778//7897 5777//7897
f 5742//7898 5743//7898 5778//7898
f 5743//7899 5779//7899 5778//7899
f 5743//7900 5744//7900 5780//7900
f 5743//7901 5780//7901 5779//7901
f 5744//7902 5745//7902 5780//7902
f 5745//7903 5781//7903 5780//7903
f 5745//7904 5746//7904 5782//7904
f 5745//7905 5782//7905 5781//7905
f 5746//7906 5747//7906 5782//7906
f 5747//7907 5783//7907 5782//7907
f 5747//7908 5748//7908 5784//7908
f 5747//7909 5784//7909 5783//7909
f 5748//7910 5749//7910 5784//7910
f 5749//7911 5785//7911 5784//7911
f 5749//7912 5750//7912 5786//7912
f 5749//7913 5786//7913 5785//7913
f 5750//7914 5751//7914 5786//7914
f 5751//7915 5787//7915 5786//7915
f 5751//7916 5752//7916 5788//7916
f 5751//7917 5788//7917 5787//7917
f 5752//7918 5753//7918 5788//7918
f 5753//7919 5789//7919 5788//7919
f 5753//7920 5754//7920 5790//7920
f 5753//7921 5790//7921 5789//7921
f 5754//7922 5755//7922 5790//7922
f 5755//7923 5791//7923 5790//7923
f 5755//7924 5756//7924 5792//7924
f 5755//7925 5792//7925 5791//7925
f 5756//7926 5757//7926 5792//7926
f 5757//7927 5793//7927 5792//7927
f 5757//7928 5758//7928 5794//7928
f 5757//7929 5794//7929 5793//7929
f 5758//7930 5759//7930 5794//7930
f 5759//7931 5795//7931 5794//7931
f 5759//7932 5760//7932 5796//7932
f 5759//7933 5796//7933 5795//7933
f 5760//7934 5725//7934 5796//7934
f 5725//7935 5761//7935 5796//7935
f 5761//7936 5762//7936 5797//7936
f 5762//7937 5798//7937 5797//7937
f 5762//7938 5763//7938 5799//7938
f 5762//7939 5799//7939 5798//7939
f 5763//7940 5764//7940 5799//7940
f 5764//7941 5800//7941 5799//7941
f 5764//7942 5765//7942 5801//7942
f 5764//7943 5801//7943 5800//7943
f 5765//7944 5766//7944 5801//7944
f 5766//7945 5802//7945 5801//7945
f 5766//7946 5767//7946 5803//7946
f 5766//7947 5803//7947 5802//7947
f 5767//7948 5768//7948 5803//7948
f 5768//7949 5804//7949 5803//7949
f 5768//7950 5769//7950 5805//7950
f 5768//7951 5805//7951 5804//7951
f 5769//7952 5770//7952 5805//7952
f 5770//7953 5806//7953 5805//7953
f 5770//7954 5771//7954 5807//7954
f 5770//7955 5807//7955 5806//7955
f 5771//7956 5772//7956 5807//7956
f 5772//7957 5808//7957 5807//7957
f 5772//7958 5773//7958 5809//7958
f 5772//7959 5809//7959 5808//7959
f 5773//7960 5774//7960 5809//7960
f 5774//7961 5810//7961 5809//7961
f 5774//7962 5775//7962 5811//7962
f 5774//7963 5811//7963 5810//7963
f 5775//7964 5776//7964 5811//7964
f 5776//7965 5812//7965 5811//7965
f 5776//7966 5777//7966 5813//7966
f 5776//7967 5813//7967 5812//7967
f 5777//7968 5778//7968 5813//7968
f 5778//7969 5814//7969 5813//7969
f 5778//7970 5779//7970 5815//7970
f 5778//7971 5815//7971 5814//7971
f 5779//7972 5780//7972 5815//7972
f 5780//7973 5816//7973 5815//7973
f 5780//7974 5781//7974 5817//7974
f 5780//7975 5817//7975 5816//7975
f 5781//7976 5782//7976 5817//7976
f 5782//7977 5818//7977 5817//7977
f 5782//7978 5783//7978 5819//7978
f 5782//7979 5819//7979 5818//7979
f 5783//7980 5784//7980 5819//7980
f 5784//7981 5820//7981 5819//7981
f 5784//7982 5785//7982 5821//7982
f 5784//7983 5821//7983 5820//7983
f 5785//7984 5786//7984 5821//7984
f 5786//7985 5822//7985 5821//7985
f 5786//7986 5787//7986 5823//7986
f 5786//7987 5823//7987 5822//7987
f 5787//7988 5788//7988 5823//7988
f 5788//7989 5824//7989 5823//7989
f 5788//7990 5789//7990 5825//7990
f 5788//7991 5825//7991 5824//7991
f 5789//7992 5790//7992 5825//7992
f 5790//7993 5826//7993 5825//7993
f 5790//7994 5791//7994 5827//7994
f 5790//7995 5827//7995 5826//7995
f 5791//7996 5792//7996 5827//7996
f 5792//7997 5828//7997 5827//7997
f 5792//7998 5793//7998 5829//7998
f 5792//7999 5829//7999 5828//7999
f 5793//8000 5794//8000 5829//8000
f 5794//8001 5830//8001 5829//8001
f 5794//8002 5795//8002 5831//8002
f 5794//8003 5831//8003 5830//8003
f 5795//8004 5796//8004 5831//8004
f 5796//8005 5832//8005 5831//8005
f 5796//8006 5761//8006 5797//8006
f 5796//8007 5797//8007 5832//8007
f 5797//8008 5798//8008 5834//8008
f 5797//8009 5834//8009 5833//8009
f 5798//8010 5799//8010 5834//8010
f 5799//8011 5835//8011 5834//8011
f 5799//8012 5800//8012 5836//8012
f 5799//8013 5836//8013 5835//8013
f 5800//8014 5801//8014 5836//8014
f 5801//8015 5837//8015 5836//8015
f 5801//8016 5802//8016 5838//8016
f 5801//8017 5838//8017 5837//8017
f 5802//8018 5803//8018 5838//8018
f 5803//8019 5839//8019 5838//8019
f 5803//8020 5804//8020 5840//8020
f 5803//8021 5840//8021 5839//8021
f 5804//8022 5805//8022 5840//8022
f 5805//8023 5841//8023 5840//8023
f 5805//8024 5806//8024 5842//8024
f 5805//8025 5842//8025 5841//8025
f 5806//8026 5807//8026 5842//8026
f 5807//8027 5843//8027 5842//8027
f 5807//8028 5808//8028 5844//8028
f 5807//8029 5844//8029 5843//8029
f 5808//8030 5809//8030 5844//8030
f 5809//8031 5845//8031 5844//8031
f 5809//8032 5810//8032 5846//8032
f 5809//8033 5846//8033 5845//8033
f 5810//8034 5811//8034 5846//8034
f 5811//8035 5847//8035 5846//8035
f 5811//8036 5812//8036 5848//8036
f 5811//8037 5848//8037 5847//8037
f 5812//8038 5813//8038 5848//8038
f 5813//8039 5849//8039 5848//8039
f 5813//8040 5814//8040 5850//8040
f 5813//8041 5850//8041 5849//8041
f 5814//8042 5815//8042 5850//8042
f 5815//8043 5851//8043 5850//8043
f 5815//8044 5816//8044 5852//8044
f 5815//8045 5852//8045 5851//8045
f 5816//8046 5817//8046 5852//8046
f 5817//8047 5853//8047 5852//8047
f 5817//8048 5818//8048 5854//8048
f 5817//8049 5854//8049 5853//8049
f 5818//8050 5819//8050 5854//8050
f 5819//8051 5855//8051 5854//8051
f 5819//8052 5820//8052 5856//8052
f 5819//8053 5856//8053 5855//8053
f 5820//8054 5821//8054 5856//8054
f 5821//8055 5857//8055 5856//8055
f 5821//8056 5822//8056 5858//8056
f 5821//8057 5858//8057 5857//8057
f 5822//8058 5823//8058 5858//8058
f 5823//8059 5859//8059 5858//8059
f 5823//8060 5824//8060 5860//8060
f 5823//8061 5860//8061 5859//8061
f 5824//8062 5825//8062 5860//8062
f 5825//8063 5861//8063 5860//8063
f 5825//8064 5826//8064 5862//8064
f 5825//8065 5862//8065 5861//8065
f 5826//8066 5827//8066 5862//8066
f 5827//8067 5863//8067 5862//8067
f 5827//8068 5828//8068 5864//8068
f 5827//8069 5864//8069 5863//8069
f 5828//8070 5829//8070 5864//8070
f 5829//8071 5865//8071 5864//8071
f 5829//8072 5830//8072 5866//8072
f 5829//8073 5866//8073 5865//8073
f 5830//8074 5831//8074 5866//8074
f 5831//8075 5867//8075 5866//8075
f 5831//8076 5832//8076 5868//8076
f 5831//8077 5868//8077 5867//8077
f 5832//8078 5797//8078 5868//8078
f 5797//8079 5833//8079 5868//8079
f 5833//8080 5834//8080 5869//8080
f 5834//8081 5870//8081 5869//8081
f 5834//8082 5835//8082 5871//8082
f 5834//8083 5871//8083 5870//8083
f 5835//8084 5836//8084 5871//8084
f 5836//8085 5872//8085 5871//8085
f 5836//8086 5837//8086 5873//8086
f 5836//8087 5873//8087 5872//8087
f 5837//8088 5838//8088 5873//8088
f 5838//8089 5874//8089 5873//8089
f 5838//8090 5839//8090 5875//8090
f 5838//8091 5875//8091 5874//8091
f 5839//8092 5840//8092 5875//8092
f 5840//8093 5876//8093 5875//8093
f 5840//8094 5841//8094 5877//8094
f 5840//8095 5877//8095 5876//8095
f 5841//8096 5842//8096 5877//8096
f 5842//8097 5878//8097 5877//8097
f 5842//8098 5843//8098 5879//8098
f 5842//8099 5879//8099 5878//8099
f 5843//8100 5844//8100 5879//8100
f 5844//8101 5880//8101 5879//8101
f 5844//8102 5845//8102 5881//8102
f 5844//8103 5881//8103 5880//8103
f 5845//8104 5846//8104 5881//8104
f 5846//8105 5882//8105 5881//8105
f 5846//8106 5847//8106 5883//8106
f 5846//8107 5883//8107 5882//8107
f 5847//8108 5848//8108 5883//8108
f 5848//8109 5884//8109 5883//8109
f 5848//8110 5849//8110 5885//8110
f 5848//8111 5885//8111 5884//8111
f 5849//8112 5850//8112 5885//8112
f 5850//8113 5886//8113 5885//8113
f 5850//8114 5851//8114 5887//8114
f 5850//8115 5887//8115 5886//8115
f 5851//8116 5852//8116 5887//8116
f 5852//8117 5888//8117 5887//8117
f 5852//8118 5853//8118 5889//8118
f 5852//8119 5889//8119 5888//8119
f 5853//8120 5854//8120 5889//8120
f 5854//8121 5890//8121 5889//8121
f 5854//8122 5855//8122 5891//8122
f 5854//8123 5891//8123 5890//8123
f 5855//8124 5856//8124 5891//8124
f 5856//8125 5892//8125 5891//8125
f 5856//8126 5857//8126 5893//8126
f 5856//8127 5893//8127 5892//8127
f 5857//8128 5858//8128 5893//8128
f 5858//8129 5894//8129 5893//8129
f 5858//8130 5859//8130 5895//8130
f 5858//8131 5895//8131 5894//8131
f 5859//8132 5860//8132 5895//8132
f 5860//8133 5896//8133 5895//8133
f 5860//8134 5861//8134 5897//8134
f 5860//8135 5897//8135 5896//8135
f 5861//8136 5862//8136 5897//8136
f 5862//8137 5898//8137 5897//8137
f 5862//8138 5863//8138 5899//8138
f 5862//8139 5899//8139 5898//8139
f 5863//8140 5864//8140 5899//8140
f 5864//8141 5900//8141 5899//8141
f 5864//8142 5865//8142 5901//8142
f 5864//8143 5901//8143 5900//8143
f 5865//8144 5866//8144 5901//8144
f 5866//8145 5902//8145 5901//8145
f 5866//8146 5867//8146 5903//8146
f 5866//8147 5903//8147 5902//8147
f 5867//8148 5868//8148 5903//8148
f 5868//8149 5904//8149 5903//8149
f 5868//8150 5833//8150 5869//8150
f 5868//8151 5869//8151 5904//8151
f 5869//8152 5870//8152 5906//8152
f 5869//8153 5906//8153 5905//8153
f 5870//8154 5871//8154 5906//8154
f 5871//8155 5907//8155 5906//8155
f 5871//8156 5872//8156 5908//8156
f 5871//8157 5908//8157 5907//8157
f 5872//8158 5873//8158 5908//8158
f 5873//8159 5909//8159 5908//8159
f 5873//8160 5874//8160 5910//8160
f 5873//8161 5910//8161 5909//8161
f 5874//8162 5875//8162 5910//8162
f 5875//8163 5911//8163 5910//8163
f 5875//8164 5876//8164 5912//8164
f 5875//8165 5912//8165 5911//8165
f 5876//8166 5877//8166 5912//8166
f 5877//8167 5913//8167 5912//8167
f 5877//8168 5878//8168 5914//8168
f 5877//8169 5914//8169 5913//8169
f 5878//8170 5879//8170 5914//8170
f 5879//8171 5915//8171 5914//8171
f 5879//8172 5880//8172 5916//8172
f 5879//8173 5916//8173 5915//8173
f 5880//8174 5881//8174 5916//8174
f 5881//8175 5917//8175 5916//8175
f 5881//8176 5882//8176 5918//8176
f 5881//8177 5918//8177 5917//8177
f 5882//8178 5883//8178 5918//8178
f 5883//8179 5919//8179 5918//8179
f 5883//8180 5884//8180 5920//8180
f 5883//8181 5920//8181 5919//8181
f 5884//8182 5885//8182 5920//8182
f 5885//8183 5921//8183 5920//8183
f 5885//8184 5886//8184 5922//8184
f 5885//8185 5922//8185 5921//8185
f 5886//8186 5887//8186 5922//8186
f 5887//8187 5923//8187 5922//8187
f 5887//8188 5888//8188 5924//8188
f 5887//8189 5924//8189 5923//8189
f 5888//8190 5889//8190 5924//8190
f 5889//8191 5925//8191 5924//8191
f 5889//8192 5890//8192 5926//8192
f 5889//8193 5926//8193 5925//8193
f 5890//8194 5891//8194 5926//8194
f 5891//8195 5927//8195 5926//8195
f 5891//8196 5892//8196 5928//8196
f 5891//8197 5928//8197 5927//8197
f 5892//8198 5893//8198 5928//8198
f 5893//8199 5929//8199 5928//8199
f 5893//8200 5894//8200 5930//8200
f 5893//8201 5930//8201 5929//8201
f 5894//8202 5895//8202 5930//8202
f 5895//8203 5931//8203 5930//8203
f 5895//8204 5896//8204 5932//8204
f 5895//8205 5932//8205 5931//8205
f 5896//8206 5897//8206 5932//8206
f 5897//8207 5933//8207 5932//8207
f 5897//8208 5898//8208 5934//8208
f 5897//8209 5934//8209 5933//8209
f 5898//8210 5899//8210 5934//8210
f 5899//8211 5935//8211 5934//8211
f 5899//8212 5900//8212 5936//8212
f 5899//8213 5936//8213 5935//8213
f 5900//8214 5901//8214 5936//8214
f 5901//8215 5937//8215 5936//8215
f 5901//8216 5902//8216 5938//8216
f 5901//8217 5938//8217 5937//8217
f 5902//8218 5903//8218 5938//8218
f 5903//8219 5939//8219 5938//8219
f 5903//8220 5904//8220 5940//8220
f 5903//8221 5940//8221 5939//8221
f 5904//8222 5869//8222 5940//8222
f 5869//8223 5905//8223 5940//8223
f 5905//8224 5906//8224 5941//8224
f 5906//8225 5942//8225 5941//8225
f 5906//8226 5907//8226 5943//8226
f 5906//8227 5943//8227 5942//8227
f 5907//8228 5908//8228 5943//8228
f 5908//8229 5944//8229 5943//8229
f 5908//8230 5909//8230 5945//8230
f 5908//8231 5945//8231 5944//8231
f 5909//8232 5910//8232 5945//8232
f 5910//8233 5946//8233 5945//8233
f 5910//8234 5911//8234 5947//8234
f 5910//8235 5947//8235 5946//8235
f 5911//8236 5912//8236 5947//8236
f 5912//8237 5948//8237 5947//8237
f 5912//8238 5913//8238 5949//8238
f 5912//8239 5949//8239 5948//8239
f 5913//8240 5914//8240 5949//8240
f 5914//8241 5950//8241 5949//8241
f 5914//8242 5915//8242 5951//8242
f 5914//8243 5951//8243 5950//8243
f 5915//8244 5916//8244 5951//8244
f 5916//8245 5952//8245 5951//8245
f 5916//8246 5917//8246 5953//8246
f 5916//8247 5953//8247 5952//8247
f 5917//8248 5918//8248 5953//8248
f 5918//8249 5954//8249 5953//8249
f 5918//8250 5919//8250 5955//8250
f 5918//8251 5955//8251 5954//8251
f 5919//8252 5920//8252 5955//8252
f 5920//8253 5956//8253 5955//8253
f 5920//8254 5921//8254 5957//8254
f 5920//8255 5957//8255 5956//8255
f 5921//8256 5922//8256 5957//8256
f 5922//8257 5958//8257 5957//8257
f 5922//8258 5923//8258 5959//8258
f 5922//8259 5959//8259 5958//8259
f 5923//8260 5924//8260 5959//8260
f 5924//8261 5960//8261 5959//8261
f 5924//8262 5925//8262 5961//8262
f 5924//8263 5961//8263 5960//8263
f 5925//8264 5926//8264 5961//8264
f 5926//8265 5962//8265 5961//8265
f 5926//8266 5927//8266 5963//8266
f 5926//8267 5963//8267 5962//8267
f 5927//8268 5928//8268 5963//8268
f 5928//8269 5964//8269 5963//8269
f 5928//8270 5929//8270 5965//8270
f 5928//8271 5965//8271 5964//8271
f 5929//8272 5930//8272 5965//8272
f 5930//8273 5966//8273 5965//8273
f 5930//8274 5931//8274 5967//8274
f 5930//8275 5967//8275 5966//8275
f 5931//8276 5932//8276 5967//8276
f 5932//8277 5968//8277 5967//8277
f 5932//8278 5933//8278 5969//8278
f 5932//8279 5969//8279 5968//8279
f 5933//8280 5934//8280 5969//8280
f 5934//8281 5970//8281 5969//8281
f 5934//8282 5935//8282 5971//8282
f 5934//8283 5971//8283 5970//8283
f 5935//8284 5936//8284 5971//8284
f 5936//8285 5972//8285 5971//8285
f 5936//8286 5937//8286 5973//8286
f 5936//8287 5973//8287 5972//8287
f 5937//8288 5938//8288 5973//8288
f 5938//8289 5974//8289 5973//8289
f 5938//8290 5939//8290 5975//8290
f 5938//8291 5975//8291 5974//8291
f 5939//8292 5940//8292 5975//8292
f 5940//8293 5976//8293 5975//8293
f 5940//8294 5905//8294 5941//8294
f 5940//8295 5941//8295 5976//8295
f 5941//8296 5942//8296 5978//8296
f 5941//8297 5978//8297 5977//8297
f 5942//8298 5943//8298 5978//8298
f 5943//8299 5979//8299 5978//8299
f 5943//8300 5944//8300 5980//8300
f 5943//8301 5980//8301 5979//8301
f 5944//8302 5945//8302 5980//8302
f 5945//8303 5981//8303 5980//8303
f 5945//8304 5946//8304 5982//8304
f 5945//8305 5982//8305 5981//8305
f 5946//8306 5947//8306 5982//8306
f 5947//8307 5983//8307 5982//8307
f 5947//8308 5948//8308 5984//8308
f 5947//8309 5984//8309 5983//8309
f 5948//8310 5949//8310 5984//8310
f 5949//8311 5985//8311 5984//8311
f 5949//8312 5950//8312 5986//8312
f 5949//8313 5986//8313 5985//8313
f 5950//8314 5951//8314 5986//8314
f 5951//8315 5987//8315 5986//8315
f 5951//8316 5952//8316 5988//8316
f 5951//8317 5988//8317 5987//8317
f 5952//8318 5953//8318 5988//8318
f 5953//8319 5989//8319 5988//8319
f 5953//8320 5954//8320 5990//8320
f 5953//8321 5990//8321 5989//8321
f 5954//8322 5955//8322 5990//8322
f 5955//8323 5991//8323 5990//8323
f 5955//8324 5956//8324 5992//8324
f 5955//8325 5992//8325 5991//8325
f 5956//8326 5957//8326 5992//8326
f 5957//8327 5993//8327 5992//8327
f 5957//8328 5958//8328 5994//8328
f 5957//8329 5994//8329 5993//8329
f 5958//8330 5959//8330 5994//8330
f 5959//8331 5995//8331 5994//8331
f 5959//8332 5960//8332 5996//8332
f 5959//8333 5996//8333 5995//8333
f 5960//8334 5961//8334 5996//8334
f 5961//8335 5997//8335 5996//8335
f 5961//8336 5962//8336 5998//8336
f 5961//8337 5998//8337 5997//8337
f 5962//8338 5963//8338 5998//8338
f 5963//8339 5999//8339 5998//8339
f 5963//8340 5964//8340 6000//8340
f 5963//8341 6000//8341 5999//8341
f 5964//8342 5965//8342 6000//8342
f 5965//8343 6001//8343 6000//8343
f 5965//8344 5966//8344 6002//8344
f 5965//8345 6002//8345 6001//8345
f 5966//8346 5967//8346 6002//8346
f 5967//8347 6003//8347 6002//8347
f 5967//8348 5968//8348 6004//8348
f 5967//8349 6004//8349 6003//8349
f 5968//8350 5969//8350 6004//8350
f 5969//8351 6005//8351 6004//8351
f 5969//8352 5970//8352 6006//8352
f 5969//8353 6006//8353 6005//8353
f 5970//8354 5971//8354 6006//8354
f 5971//8355 6007//8355 6006//8355
f 5971//8356 5972//8356 6008//8356
f 5971//8357 6008//8357 6007//8357
f 5972//8358 5973//8358 6008//8358
f 5973//8359 6009//8359 6008//8359
f 5973//8360 5974//8360 6010//8360
f 5973//8361 6010//8361 6009//8361
f 5974//8362 5975//8362 6010//8362
f 5975//8363 6011//8363 6010//8363
f 5975//8364 5976//8364 6012//8364
f 5975//8365 6012//8365 6011//8365
f 5976//8366 5941//8366 6012//8366
f 5941//8367 5977//8367 6012//8367
f 5977//8368 5978//8368 6013//8368
f 5978//8369 6014//8369 6013//8369
f 5978//8370 5979//8370 6015//8370
f 5978//8371 6015//8371 6014//8371
f 5979//8372 5980//8372 6015//8372
f 5980//8373 6016//8373 6015//8373
f 5980//8374 5981//8374 6017//8374
f 5980//8375 6017//8375 6016//8375
f 5981//8376 5982//8376 6017//8376
f 5982//8377 6018//8377 6017//8377
f 5982//8378 5983//8378 6019//8378
f 5982//8379 6019//8379 6018//8379
f 5983//8380 5984//8380 6019//8380
f 5984//8381 6020//8381 6019//8381
f 5984//8382 5985//8382 6021//8382
f 5984//8383 6021//8383 6020//8383
f 5985//8384 5986//8384 6021//8384
f 5986//8385 6022//8385 6021//8385
f 5986//8386 5987//8386 6023//8386
f 5986//8387 6023//8387 6022//8387
f 5987//8388 5988//8388 6023//8388
f 5988//8389 6024//8389 6023//8389
f 5988//8390 5989//8390 6025//8390
f 5988//8391 6025//8391 6024//8391
f 5989//8392 5990//8392 6025//8392
f 5990//8393 6026//8393 6025//8393
f 5990//8394 5991//8394 6027//8394
f 5990//8395 6027//8395 6026//8395
f 5991//8396 5992//8396 6027//8396
f 5992//8397 6028//8397 6027//8397
f 5992//8398 5993//8398 6029//8398
f 5992//8399 6029//8399 6028//8399
f 5993//8400 5994//8400 6029//8400
f 5994//8401 6030//8401 6029//8401
f 5994//8402 5995//8402 6031//8402
f 5994//8403 6031//8403 6030//8403
f 5995//8404 5996//8404 6031//8404
f 5996//8405 6032//8405 6031//8405
f 5996//8406 5997//8406 6033//8406
f 5996//8407 6033//8407 6032//8407
f 5997//8408 5998//8408 6033//8408
f 5998//8409 6034//8409 6033//8409
f 5998//8410 5999//8410 6035//8410
f 5998//8411 6035//8411 6034//8411
f 5999//8412 6000//8412 6035//8412
f 6000//8413 6036//8413 6035//8413
f 6000//8414 6001//8414 6037//8414
f 6000//8415 6037//8415 6036//8415
f 6001//8416 6002//8416 6037//8416
f 6002//8417 6038//8417 6037//8417
f 6002//8418 6003//8418 6039//8418
f 6002//8419 6039//8419 6038//8419
f 6003//8420 6004//8420 6039//8420
f 6004//8421 6040//8421 6039//8421
f 6004//8422 6005//8422 6041//8422
f 6004//8423 6041//8423 6040//8423
f 6005//8424 6006//8424 6041//8424
f 6006//8425 6042//8425 6041//8425
f 6006//8426 6007//8426 6043//8426
f 6006//8427 6043//8427 6042//8427
f 6007//8428 6008//8428 6043//8428
f 6008//8429 6044//8429 6043//8429
f 6008//8430 6009//8430 6045//8430
f 6008//8431 6045//8431 6044//8431
f 6009//8432 6010//8432 6045//8432
f 6010//8433 6046//8433 6045//8433
f 6010//8434 6011//8434 6047//8434
f 6010//8435 6047//8435 6046//8435
f 6011//8436 6012//8436 6047//8436
f 6012//8437 6048//8437 6047//8437
f 6012//8438 5977//8438 6013//8438
f 6012//8439 6013//8439 6048//8439
f 6013//8440 6014//8440 6050//8440
f 6013//8440 6050//8440 6049//8440
f 6014//8441 6015//8441 6050//8441
f 6015//8442 6051//8442 6050//8442
f 6015//8443 6016//8443 6052//8443
f 6015//8444 6052//8444 6051//8444
f 6016//8445 6017//8445 6052//8445
f 6017//8446 6053//8446 6052//8446
f 6017//8447 6018//8447 6054//8447
f 6017//8448 6054//8448 6053//8448
f 6018//8449 6019//8449 6054//8449
f 6019//8450 6055//8450 6054//8450
f 6019//8451 6020//8451 6056//8451
f 6019//8452 6056//8452 6055//8452
f 6020//8453 6021//8453 6056//8453
f 6021//8454 6057//8454 6056//8454
f 6021//8455 6022//8455 6058//8455
f 6021//8455 6058//8455 6057//8455
f 6022//8456 6023//8456 6058//8456
f 6023//8456 6059//8456 6058//8456
f 6023//8457 6024//8457 6060//8457
f 6023//8458 6060//8458 6059//8458
f 6024//8459 6025//8459 6060//8459
f 6025//8460 6061//8460 6060//8460
f 6025//8461 6026//8461 6062//8461
f 6025//8462 6062//8462 6061//8462
f 6026//8463 6027//8463 6062//8463
f 6027//8464 6063//8464 6062//8464
f 6027//8465 6028//8465 6064//8465
f 6027//8466 6064//8466 6063//8466
f 6028//8467 6029//8467 6064//8467
f 6029//8468 6065//8468 6064//8468
f 6029//8469 6030//8469 6066//8469
f 6029//8470 6066//8470 6065//8470
f 6030//8471 6031//8471 6066//8471
f 6031//8472 6067//8472 6066//8472
f 6031//8473 6032//8473 6068//8473
f 6031//8474 6068//8474 6067//8474
f 6032//8475 6033//8475 6068//8475
f 6033//8476 6069//8476 6068//8476
f 6033//8477 6034//8477 6070//8477
f 6033//8478 6070//8478 6069//8478
f 6034//8479 6035//8479 6070//8479
f 6035//8480 6071//8480 6070//8480
f 6035//8481 6036//8481 6072//8481
f 6035//8482 6072//8482 6071//8482
f 6036//8483 6037//8483 6072//8483
f 6037//8484 6073//8484 6072//8484
f 6037//8485 6038//8485 6074//8485
f 6037//8486 6074//8486 6073//8486
f 6038//8487 6039//8487 6074//8487
f 6039//8488 6075//8488 6074//8488
f 6039//8489 6040//8489 6076//8489
f 6039//8490 6076//8490 6075//8490
f 6040//8491 6041//8491 6076//8491
f 6041//8491 6077//8491 6076//8491
f 6041//8492 6042//8492 6078//8492
f 6041//8493 6078//8493 6077//8493
f 6042//8494 6043//8494 6078//8494
f 6043//8495 6079//8495 6078//8495
f 6043//8496 6044//8496 6080//8496
f 6043//8497 6080//8497 6079//8497
f 6044//8498 6045//8498 6080//8498
f 6045//8499 6081//8499 6080//8499
f 6045//8500 6046//8500 6082//8500
f 6045//8501 6082//8501 6081//8501
f 6046//8502 6047//8502 6082//8502
f 6047//8503 6083//8503 6082//8503
f 6047//8504 6048//8504 6084//8504
f 6047//8505 6084//8505 6083//8505
f 6048//8506 6013//8506 6084//8506
f 6013//8507 6049//8507 6084//8507
f 6049//8508 6050//8508 6085//8508
f 6050//8508 6086//8508 6085//8508
f 6050//8509 6051//8509 6087//8509
f 6050//8509 6087//8509 6086//8509
f 6051//8510 6052//8510 6087//8510
f 6052//8511 6088//8511 6087//8511
f 6052//8512 6053//8512 6089//8512
f 6052//8513 6089//8513 6088//8513
f 6053//8514 6054//8514 6089//8514
f 6054//8515 6090//8515 6089//8515
f 6054//8516 6055//8516 6091//8516
f 6054//8517 6091//8517 6090//8517
f 6055//8518 6056//8518 6091//8518
f 6056//8519 6092//8519 6091//8519
f 6056//8520 6057//8520 6093//8520
f 6056//8521 6093//8521 6092//8521
f 6057//8522 6058//8522 6093//8522
f 6058//8522 6094//8522 6093//8522
f 6058//8523 6059//8523 6095//8523
f 6058//8523 6095//8523 6094//8523
f 6059//8524 6060//8524 6095//8524
f 6060//8524 6096//8524 6095//8524
f 6060//8525 6061//8525 6097//8525
f 6060//8526 6097//8526 6096//8526
f 6061//8527 6062//8527 6097//8527
f 6062//8528 6098//8528 6097//8528
f 6062//8529 6063//8529 6099//8529
f 6062//8530 6099//8530 6098//8530
f 6063//8531 6064//8531 6099//8531
f 6064//8532 6100//8532 6099//8532
f 6064//8533 6065//8533 6101//8533
f 6064//8534 6101//8534 6100//8534
f 6065//8535 6066//8535 6101//8535
f 6066//8536 6102//8536 6101//8536
f 6066//8537 6067//8537 6103//8537
f 6066//8537 6103//8537 6102//8537
f 6067//8538 6068//8538 6103//8538
f 6068//8539 6104//8539 6103//8539
f 6068//8540 6069//8540 6105//8540
f 6068//8541 6105//8541 6104//8541
f 6069//8542 6070//8542 6105//8542
f 6070//8543 6106//8543 6105//8543
f 6070//8544 6071//8544 6107//8544
f 6070//8545 6107//8545 6106//8545
f 6071//8546 6072//8546 6107//8546
f 6072//8547 6108//8547 6107//8547
f 6072//8548 6073//8548 6109//8548
f 6072//8549 6109//8549 6108//8549
f 6073//8550 6074//8550 6109//8550
f 6074//8551 6110//8551 6109//8551
f 6074//8552 6075//8552 6111//8552
f 6074//8552 6111//8552 6110//8552
f 6075//8553 6076//8553 6111//8553
f 6076//8553 6112//8553 6111//8553
f 6076//8554 6077//8554 6113//8554
f 6076//8555 6113//8555 6112//8555
f 6077//8556 6078//8556 6113//8556
f 6078//8557 6114//8557 6113//8557
f 6078//8558 6079//8558 6115//8558
f 6078//8559 6115//8559 6114//8559
f 6079//8560 6080//8560 6115//8560
f 6080//8561 6116//8561 6115//8561
f 6080//8562 6081//8562 6117//8562
f 6080//8563 6117//8563 6116//8563
f 6081//8564 6082//8564 6117//8564
f 6082//8565 6118//8565 6117//8565
f 6082//8566 6083//8566 6119//8566
f 6082//8567 6119//8567 6118//8567
f 6083//8568 6084//8568 6119//8568
f 6084//8569 6120//8569 6119//8569
f 6084//8570 6049//8570 6085//8570
f 6084//8571 6085//8571 6120//8571
f 6085//8572 6086//8572 6122//8572
f 6085//8573 6122//8573 6121//8573
f 6086//8574 6087//8574 6122//8574
f 6087//8575 6123//8575 6122//8575
f 6087//8576 6088//8576 6124//8576
f 6087//8577 6124//8577 6123//8577
f 6088//8578 6089//8578 6124//8578
f 6089//8579 6125//8579 6124//8579
f 6089//8580 6090//8580 6126//8580
f 6089//8581 6126//8581 6125//8581
f 6090//8582 6091//8582 6126//8582
f 6091//8583 6127//8583 6126//8583
f 6091//8584 6092//8584 6128//8584
f 6091//8585 6128//8585 6127//8585
f 6092//8586 6093//8586 6128//8586
f 6093//8587 6129//8587 6128//8587
f 6093//8588 6094//8588 6130//8588
f 6093//8589 6130//8589 6129//8589
f 6094//8590 6095//8590 6130//8590
f 6095//8591 6131//8591 6130//8591
f 6095//8592 6096//8592 6132//8592
f 6095//8593 6132//8593 6131//8593
f 6096//8594 6097//8594 6132//8594
f 6097//8595 6133//8595 6132//8595
f 6097//8596 6098//8596 6134//8596
f 6097//8597 6134//8597 6133//8597
f 6098//8598 6099//8598 6134//8598
f 6099//8599 6135//8599 6134//8599
f 6099//8600 6100//8600 6136//8600
f 6099//8601 6136//8601 6135//8601
f 6100//8602 6101//8602 6136//8602
f 6101//8603 6137//8603 6136//8603
f 6101//8604 6102//8604 6138//8604
f 6101//8605 6138//8605 6137//8605
f 6102//8606 6103//8606 6138//8606
f 6103//8607 6139//8607 6138//8607
f 6103//8608 6104//8608 6140//8608
f 6103//8609 6140//8609 6139//8609
f 6104//8610 6105//8610 6140//8610
f 6105//8611 6141//8611 6140//8611
f 6105//8612 6106//8612 6142//8612
f 6105//8613 6142//8613 6141//8613
f 6106//8614 6107//8614 6142//8614
f 6107//8615 6143//8615 6142//8615
f 6107//8616 6108//8616 6144//8616
f 6107//8617 6144//8617 6143//8617
f 6108//8618 6109//8618 6144//8618
f 6109//8619 6145//8619 6144//8619
f 6109//8620 6110//8620 6146//8620
f 6109//8621 6146//8621 6145//8621
f 6110//8622 6111//8622 6146//8622
f 6111//8623 6147//8623 6146//8623
f 6111//8624 6112//8624 6148//8624
f 6111//8625 6148//8625 6147//8625
f 6112//8626 6113//8626 6148//8626
f 6113//8627 6149//8627 6148//8627
f 6113//8628 6114//8628 6150//8628
f 6113//8629 6150//8629 6149//8629
f 6114//8630 6115//8630 6150//8630
f 6115//8631 6151//8631 6150//8631
f 6115//8632 6116//8632 6152//8632
f 6115//8633 6152//8633 6151//8633
f 6116//8634 6117//8634 6152//8634
f 6117//8635 6153//8635 6152//8635
f 6117//8636 6118//8636 6154//8636
f 6117//8637 6154//8637 6153//8637
f 6118//8638 6119//8638 6154//8638
f 6119//8639 6155//8639 6154//8639
f 6119//8640 6120//8640 6156//8640
f 6119//8641 6156//8641 6155//8641
f 6120//8642 6085//8642 6156//8642
f 6085//8643 6121//8643 6156//8643
f 6121//8644 6122//8644 6157//8644
f 6122//8645 6158//8645 6157//8645
f 6122//8646 6123//8646 6159//8646
f 6122//8647 6159//8647 6158//8647
f 6123//8648 6124//8648 6159//8648
f 6124//8649 6160//8649 6159//8649
f 6124//8650 6125//8650 6161//8650
f 6124//8651 6161//8651 6160//8651
f 6125//8652 6126//8652 6161//8652
f 6126//8653 6162//8653 6161//8653
f 6126//8654 6127//8654 6163//8654
f 6126//8655 6163//8655 6162//8655
f 6127//8656 6128//8656 6163//8656
f 6128//8657 6164//8657 6163//8657
f 6128//8658 6129//8658 6165//8658
f 6128//8659 6165//8659 6164//8659
f 6129//8660 6130//8660 6165//8660
f 6130//8661 6166//8661 6165//8661
f 6130//8662 6131//8662 6167//8662
f 6130//8663 6167//8663 6166//8663
f 6131//8664 6132//8664 6167//8664
f 6132//8665 6168//8665 6167//8665
f 6132//8666 6133//8666 6169//8666
f 6132//8667 6169//8667 6168//8667
f 6133//8668 6134//8668 6169//8668
f 6134//8669 6170//8669 6169//8669
f 6134//8670 6135//8670 6171//8670
f 6134//8671 6171//8671 6170//8671
f 6135//8672 6136//8672 6171//8672
f 6136//8673 6172//8673 6171//8673
f 6136//8674 6137//8674 6173//8674
f 6136//8675 6173//8675 6172//8675
f 6137//8676 6138//8676 6173//8676
f 6138//8677 6174//8677 6173//8677
f 6138//8678 6139//8678 6175//8678
f 6138//8679 6175//8679 6174//8679
f 6139//8680 6140//8680 6175//8680
f 6140//8681 6176//8681 6175//8681
f 6140//8682 6141//8682 6177//8682
f 6140//8683 6177//8683 6176//8683
f 6141//8684 6142//8684 6177//8684
f 6142//8685 6178//8685 6177//8685
f 6142//8686 6143//8686 6179//8686
f 6142//8687 6179//8687 6178//8687
f 6143//8688 6144//8688 6179//8688
f 6144//8689 6180//8689 6179//8689
f 6144//8690 6145//8690 6181//8690
f 6144//8691 6181//8691 6180//8691
f 6145//8692 6146//8692 6181//8692
f 6146//8693 6182//8693 6181//8693
f 6146//8694 6147//8694 6183//8694
f 6146//8695 6183//8695 6182//8695
f 6147//8696 6148//8696 6183//8696
f 6148//8697 6184//8697 6183//8697
f 6148//8698 6149//8698 6185//8698
f 6148//8699 6185//8699 6184//8699
f 6149//8700 6150//8700 6185//8700
f 6150//8701 6186//8701 6185//8701
f 6150//8702 6151//8702 6187//8702
f 6150//8703 6187//8703 6186//8703
f 6151//8704 6152//8704 6187//8704
f 6152//8705 6188//8705 6187//8705
f 6152//8706 6153//8706 6189//8706
f 6152//8707 6189//8707 6188//8707
f 6153//8708 6154//8708 6189//8708
f 6154//8709 6190//8709 6189//8709
f 6154//8710 6155//8710 6191//8710
f 6154//8711 6191//8711 6190//8711
f 6155//8712 6156//8712 6191//8712
f 6156//8713 6192//8713 6191//8713
f 6156//8714 6121//8714 6157//8714
f 6156//8715 6157//8715 6192//8715
f 6157//8716 6158//8716 6194//8716
f 6157//8717 6194//8717 6193//8717
f 6158//8718 6159//8718 6194//8718
f 6159//8719 6195//8719 6194//8719
f 6159//8720 6160//8720 6196//8720
f 6159//8721 6196//8721 6195//8721
f 6160//8722 6161//8722 6196//8722
f 6161//8723 6197//8723 6196//8723
f 6161//8724 6162//8724 6198//8724
f 6161//8725 6198//8725 6197//8725
f 6162//8726 6163//8726 6198//8726
f 6163//8727 6199//8727 6198//8727
f 6163//8728 6164//8728 6200//8728
f 6163//8729 6200//8729 6199//8729
f 6164//8730 6165//8730 6200//8730
f 6165//8731 6201//8731 6200//8731
f 6165//8732 6166//8732 6202//8732
f 6165//8733 6202//8733 6201//8733
f 6166//8734 6167//8734 6202//8734
f 6167//8735 6203//8735 6202//8735
f 6167//8736 6168//8736 6204//8736
f 6167//8737 6204//8737 6203//8737
f 6168//8738 6169//8738 6204//8738
f 6169//8739 6205//8739 6204//8739
f 6169//8740 6170//8740 6206//8740
f 6169//8741 6206//8741 6205//8741
f 6170//8742 6171//8742 6206//8742
f 6171//8743 6207//8743 6206//8743
f 6171//8744 6172//8744 6208//8744
f 6171//8745 6208//8745 6207//8745
f 6172//8746 6173//8746 6208//8746
f 6173//8747 6209//8747 6208//8747
f 6173//8748 6174//8748 6210//8748
f 6173//8749 6210//8749 6209//8749
f 6174//8750 6175//8750 6210//8750
f 6175//8751 6211//8751 6210//8751
f 6175//8752 6176//8752 6212//8752
f 6175//8753 6212//8753 6211//8753
f 6176//8754 6177//8754 6212//8754
f 6177//8755 6213//8755 6212//8755
f 6177//8756 6178//8756 6214//8756
f 6177//8757 6214//8757 6213//8757
f 6178//8758 6179//8758 6214//8758
f 6179//8759 6215//8759 6214//8759
f 6179//8760 6180//8760 6216//8760
f 6179//8761 6216//8761 6215//8761
f 6180//8762 6181//8762 6216//8762
f 6181//8763 6217//8763 6216//8763
f 6181//8764 6182//8764 6218//8764
f 6181//8765 6218//8765 6217//8765
f 6182//8766 6183//8766 6218//8766
f 6183//8767 6219//8767 6218//8767
f 6183//8768 6184//8768 6220//8768
f 6183//8769 6220//8769 6219//8769
f 6184//8770 6185//8770 6220//8770
f 6185//8771 6221//8771 6220//8771
f 6185//8772 6186//8772 6222//8772
f 6185//8773 6222//8773 6221//8773
f 6186//8774 6187//8774 6222//8774
f 6187//8775 6223//8775 6222//8775
f 6187//8776 6188//8776 6224//8776
f 6187//8777 6224//8777 6223//8777
f 6188//8778 6189//8778 6224//8778
f 6189//8779 6225//8779 6224//8779
f 6189//8780 6190//8780 6226//8780
f 6189//8781 6226//8781 6225//8781
f 6190//8782 6191//8782 6226//8782
f 6191//8783 6227//8783 6226//8783
f 6191//8784 6192//8784 6228//8784
f 6191//8785 6228//8785 6227//8785
f 6192//8786 6157//8786 6228//8786
f 6157//8787 6193//8787 6228//8787
f 6193//8788 6194//8788 6229//8788
f 6194//8789 6230//8789 6229//8789
f 6194//8790 6195//8790 6231//8790
f 6194//8791 6231//8791 6230//8791
f 6195//8792 6196//8792 6231//8792
f 6196//8793 6232//8793 6231//8793
f 6196//8794 6197//8794 6233//8794
f 6196//8795 6233//8795 6232//8795
f 6197//8796 6198//8796 6233//8796
f 6198//8797 6234//8797 6233//8797
f 6198//8798 6199//8798 6235//8798
f 6198//8799 6235//8799 6234//8799
f 6199//8800 6200//8800 6235//8800
f 6200//8801 6236//8801 6235//8801
f 6200//8802 6201//8802 6237//8802
f 6200//8803 6237//8803 6236//8803
f 6201//8804 6202//8804 6237//8804
f 6202//8805 6238//8805 6237//8805
f 6202//8806 6203//8806 6239//8806
f 6202//8807 6239//8807 6238//8807
f 6203//8808 6204//8808 6239//8808
f 6204//8809 6240//8809 6239//8809
f 6204//8810 6205//8810 6241//8810
f 6204//8811 6241//8811 6240//8811
f 6205//8812 6206//8812 6241//8812
f 6206//8813 6242//8813 6241//8813
f 6206//8814 6207//8814 6243//8814
f 6206//8815 6243//8815 6242//8815
f 6207//8816 6208//8816 6243//8816
f 6208//8817 6244//8817 6243//8817
f 6208//8818 6209//8818 6245//8818
f 6208//8819 6245//8819 6244//8819
f 6209//8820 6210//8820 6245//8820
f 6210//8821 6246//8821 6245//8821
f 6210//8822 6211//8822 6247//8822
f 6210//8823 6247//8823 6246//8823
f 6211//8824 6212//8824 6247//8824
f 6212//8825 6248//8825 6247//8825
f 6212//8826 6213//8826 6249//8826
f 6212//8827 6249//8827 6248//8827
f 6213//8828 6214//8828 6249//8828
f 6214//8829 6250//8829 6249//8829
f 6214//8830 6215//8830 6251//8830
f 6214//8831 6251//8831 6250//8831
f 6215//8832 6216//8832 6251//8832
f 6216//8833 6252//8833 6251//8833
f 6216//8834 6217//8834 6253//8834
f 6216//8835 6253//8835 6252//8835
f 6217//8836 6218//8836 6253//8836
f 6218//8837 6254//8837 6253//8837
f 6218//8838 6219//8838 6255//8838
f 6218//8839 6255//8839 6254//8839
f 6219//8840 6220//8840 6255//8840
f 6220//8841 6256//8841 6255//8841
f 6220//8842 6221//8842 6257//8842
f 6220//8843 6257//8843 6256//8843
f 6221//8844 6222//8844 6257//8844
f 6222//8845 6258//8845 6257//8845
f 6222//8846 6223//8846 6259//8846
f 6222//8847 6259//8847 6258//8847
f 6223//8848 6224//8848 6259//8848
f 6224//8849 6260//8849 6259//8849
f 6224//8850 6225//8850 6261//8850
f 6224//8851 6261//8851 6260//8851
f 6225//8852 6226//8852 6261//8852
f 6226//8853 6262//8853 6261//8853
f 6226//8854 6227//8854 6263//8854
f 6226//8855 6263//8855 6262//8855
f 6227//8856 6228//8856 6263//8856
f 6228//8857 6264//8857 6263//8857
f 6228//8858 6193//8858 6229//8858
f 6228//8859 6229//8859 6264//8859
f 6229//8860 6230//8860 6266//8860
f 6229//8861 6266//8861 6265//8861
f 6230//8862 6231//8862 6266//8862
f 6231//8863 6267//8863 6266//8863
f 6231//8864 6232//8864 6268//8864
f 6231//8865 6268//8865 6267//8865
f 6232//8866 6233//8866 6268//8866
f 6233//8867 6269//8867 6268//8867
f 6233//8868 6234//8868 6270//8868
f 6233//8869 6270//8869 6269//8869
f 6234//8870 6235//8870 6270//8870
f 6235//8871 6271//8871 6270//8871
f 6235//8872 6236//8872 6272//8872
f 6235//8873 6272//8873 6271//8873
f 6236//8874 6237//8874 6272//8874
f 6237//8875 6273//8875 6272//8875
f 6237//8876 6238//8876 6274//8876
f 6237//8877 6274//8877 6273//8877
f 6238//8878 6239//8878 6274//8878
f 6239//8879 6275//8879 6274//8879
f 6239//8880 6240//8880 6276//8880
f 6239//8881 6276//8881 6275//8881
f 6240//8882 6241//8882 6276//8882
f 6241//8883 6277//8883 6276//8883
f 6241//8884 6242//8884 6278//8884
f 6241//8885 6278//8885 6277//8885
f 6242//8886 6243//8886 6278//8886
f 6243//8887 6279//8887 6278//8887
f 6243//8888 6244//8888 6280//8888
f 6243//8889 6280//8889 6279//8889
f 6244//8890 6245//8890 6280//8890
f 6245//8891 6281//8891 6280//8891
f 6245//8892 6246//8892 6282//8892
f 6245//8893 6282//8893 6281//8893
f 6246//8894 6247//8894 6282//8894
f 6247//8895 6283//8895 6282//8895
f 6247//8896 6248//8896 6284//8896
f 6247//8897 6284//8897 6283//8897
f 6248//8898 6249//8898 6284//8898
f 6249//8899 6285//8899 6284//8899
f 6249//8900 6250//8900 6286//8900
f 6249//8901 6286//8901 6285//8901
f 6250//8902 6251//8902 6286//8902
f 6251//8903 6287//8903 6286//8903
f 6251//8904 6252//8904 6288//8904
f 6251//8905 6288//8905 6287//8905
f 6252//8906 6253//8906 6288//8906
f 6253//8907 6289//8907 6288//8907
f 6253//8908 6254//8908 6290//8908
f 6253//8909 6290//8909 6289//8909
f 6254//8910 6255//8910 6290//8910
f 6255//8911 6291//8911 6290//8911
f 6255//8912 6256//8912 6292//8912
f 6255//8913 6292//8913 6291//8913
f 6256//8914 6257//8914 6292//8914
f 6257//8915 6293//8915 6292//8915
f 6257//8916 6258//8916 6294//8916
f 6257//8917 6294//8917 6293//8917
f 6258//8918 6259//8918 6294//8918
f 6259//8919 6295//8919 6294//8919
f 6259//8920 6260//8920 6296//8920
f 6259//8921 6296//8921 6295//8921
f 6260//8922 6261//8922 6296//8922
f 6261//8923 6297//8923 6296//8923
f 6261//8924 6262//8924 6298//8924
f 6261//8925 6298//8925 6297//8925
f 6262//8926 6263//8926 6298//8926
f 6263//8927 6299//8927 6298//8927
f 6263//8928 6264//8928 6300//8928
f 6263//8929 6300//8929 6299//8929
f 6264//8930 6229//8930 6300//8930
f 6229//8931 6265//8931 6300//8931
f 6265//8932 6266//8932 6301//8932
f 6266//8933 6302//8933 6301//8933
f 6266//8934 6267//8934 6303//8934
f 6266//8935 6303//8935 6302//8935
f 6267//8936 6268//8936 6303//8936
f 6268//8937 6304//8937 6303//8937
f 6268//8938 6269//8938 6305//8938
f 6268//8939 6305//8939 6304//8939
f 6269//8940 6270//8940 6305//8940
f 6270//8941 6306//8941 6305//8941
f 6270//8942 6271//8942 6307//8942
f 6270//8943 6307//8943 6306//8943
f 6271//8944 6272//8944 6307//8944
f 6272//8945 6308//8945 6307//8945
f 6272//8946 6273//8946 6309//8946
f 6272//8947 6309//8947 6308//8947
f 6273//8948 6274//8948 6309//8948
f 6274//8949 6310//8949 6309//8949
f 6274//8950 6275//8950 6311//8950
f 6274//8951 6311//8951 6310//8951
f 6275//8952 6276//8952 6311//8952
f 6276//8953 6312//8953 6311//8953
f 6276//8954 6277//8954 6313//8954
f 6276//8955 6313//8955 6312//8955
f 6277//8956 6278//8956 6313//8956
f 6278//8957 6314//8957 6313//8957
f 6278//8958 6279//8958 6315//8958
f 6278//8959 6315//8959 6314//8959
f 6279//8960 6280//8960 6315//8960
f 6280//8961 6316//8961 6315//8961
f 6280//8962 6281//8962 6317//8962
f 6280//8963 6317//8963 6316//8963
f 6281//8964 6282//8964 6317//8964
f 6282//8965 6318//8965 6317//8965
f 6282//8966 6283//8966 6319//8966
f 6282//8967 6319//8967 6318//8967
f 6283//8968 6284//8968 6319//8968
f 6284//8969 6320//8969 6319//8969
f 6284//8970 6285//8970 6321//8970
f 6284//8971 6321//8971 6320//8971
f 6285//8972 6286//8972 6321//8972
f 6286//8973 6322//8973 6321//8973
f 6286//8974 6287//8974 6323//8974
f 6286//8975 6323//8975 6322//8975
f 6287//8976 6288//8976 6323//8976
f 6288//8977 6324//8977 6323//8977
f 6288//8978 6289//8978 6325//8978
f 6288//8979 6325//8979 6324//8979
f 6289//8980 6290//8980 6325//8980
f 6290//8981 6326//8981 6325//8981
f 6290//8982 6291//8982 6327//8982
f 6290//8983 6327//8983 6326//8983
f 6291//8984 6292//8984 6327//8984
f 6292//8985 6328//8985 6327//8985
f 6292//8986 6293//8986 6329//8986
f 6292//8987 6329//8987 6328//8987
f 6293//8988 6294//8988 6329//8988
f 6294//8989 6330//8989 6329//8989
f 6294//8990 6295//8990 6331//8990
f 6294//8991 6331//8991 6330//8991
f 6295//8992 6296//8992 6331//8992
f 6296//8993 6332//8993 6331//8993
f 6296//8994 6297//8994 6333//8994
f 6296//8995 6333//8995 6332//8995
f 6297//8996 6298//8996 6333//8996
f 6298//8997 6334//8997 6333//8997
f 6298//8998 6299//8998 6335//8998
f 6298//8999 6335//8999 6334//8999
f 6299//9000 6300//9000 6335//9000
f 6300//9001 6336//9001 6335//9001
f 6300//9002 6265//9002 6301//9002
f 6300//9003 6301//9003 6336//9003
f 6301//9004 6302//9004 6338//9004
f 6301//9005 6338//9005 6337//9005
f 6302//9006 6303//9006 6338//9006
f 6303//9007 6339//9007 6338//9007
f 6303//9008 6304//9008 6340//9008
f 6303//9009 6340//9009 6339//9009
f 6304//9010 6305//9010 6340//9010
f 6305//9011 6341//9011 6340//9011
f 6305//9012 6306//9012 6342//9012
f 6305//9013 6342//9013 6341//9013
f 6306//9014 6307//9014 6342//9014
f 6307//9015 6343//9015 6342//9015
f 6307//9016 6308//9016 6344//9016
f 6307//9017 6344//9017 6343//9017
f 6308//9018 6309//9018 6344//9018
f 6309//9019 6345//9019 6344//9019
f 6309//9020 6310//9020 6346//9020
f 6309//9021 6346//9021 6345//9021
f 6310//9022 6311//9022 6346//9022
f 6311//9023 6347//9023 6346//9023
f 6311//9024 6312//9024 6348//9024
f 6311//9025 6348//9025 6347//9025
f 6312//9026 6313//9026 6348//9026
f 6313//9027 6349//9027 6348//9027
f 6313//9028 6314//9028 6350//9028
f 6313//9029 6350//9029 6349//9029
f 6314//9030 6315//9030 6350//9030
f 6315//9031 6351//9031 6350//9031
f 6315//9032 6316//9032 6352//9032
f 6315//9033 6352//9033 6351//9033
f 6316//9034 6317//9034 6352//9034
f 6317//9035 6353//9035 6352//9035
f 6317//9036 6318//9036 6354//9036
f 6317//9037 6354//9037 6353//9037
f 6318//9038 6319//9038 6354//9038
f 6319//9039 6355//9039 6354//9039
f 6319//9040 6320//9040 6356//9040
f 6319//9041 6356//9041 6355//9041
f 6320//9042 6321//9042 6356//9042
f 6321//9043 6357//9043 6356//9043
f 6321//9044 6322//9044 6358//9044
f 6321//9045 6358//9045 6357//9045
f 6322//9046 6323//9046 6358//9046
f 6323//9047 6359//9047 6358//9047
f 6323//9048 6324//9048 6360//9048
f 6323//9049 6360//9049 6359//9049
f 6324//9050 6325//9050 6360//9050
f 6325//9051 6361//9051 6360//9051
f 6325//9052 6326//9052 6362//9052
f 6325//9053 6362//9053 6361//9053
f 6326//9054 6327//9054 6362//9054
f 6327//9055 6363//9055 6362//9055
f 6327//9056 6328//9056 6364//9056
f 6327//9057 6364//9057 6363//9057
f 6328//9058 6329//9058 6364//9058
f 6329//9059 6365//9059 6364//9059
f 6329//9060 6330//9060 6366//9060
f 6329//9061 6366//9061 6365//9061
f 6330//9062 6331//9062 6366//9062
f 6331//9063 6367//9063 6366//9063
f 6331//9064 6332//9064 6368//9064
f 6331//9065 6368//9065 6367//9065
f 6332//9066 6333//9066 6368//9066
f 6333//9067 6369//9067 6368//9067
f 6333//9068 6334//9068 6370//9068
f 6333//9069 6370//9069 6369//9069
f 6334//9070 6335//9070 6370//9070
f 6335//9071 6371//9071 6370//9071
f 6335//9072 6336//9072 6372//9072
f 6335//9073 6372//9073 6371//9073
f 6336//9074 6301//9074 6372//9074
f 6301//9075 6337//9075 6372//9075
f 6337//9076 6338//9076 6373//9076
f 6338//9077 6374//9077 6373//9077
f 6338//9078 6339//9078 6375//9078
f 6338//9079 6375//9079 6374//9079
f 6339//9080 6340//9080 6375//9080
f 6340//9081 6376//9081 6375//9081
f 6340//9082 6341//9082 6377//9082
f 6340//9083 6377//9083 6376//9083
f 6341//9084 6342//9084 6377//9084
f 6342//9085 6378//9085 6377//9085
f 6342//9086 6343//9086 6379//9086
f 6342//9087 6379//9087 6378//9087
f 6343//9088 6344//9088 6379//9088
f 6344//9089 6380//9089 6379//9089
f 6344//9090 6345//9090 6381//9090
f 6344//9091 6381//9091 6380//9091
f 6345//9092 6346//9092 6381//9092
f 6346//9093 6382//9093 6381//9093
f 6346//9094 6347//9094 6383//9094
f 6346//9095 6383//9095 6382//9095
f 6347//9096 6348//9096 6383//9096
f 6348//9097 6384//9097 6383//9097
f 6348//9098 6349//9098 6385//9098
f 6348//9099 6385//9099 6384//9099
f 6349//9100 6350//9100 6385//9100
f 6350//9101 6386//9101 6385//9101
f 6350//9102 6351//9102 6387//9102
f 6350//9103 6387//9103 6386//9103
f 6351//9104 6352//9104 6387//9104
f 6352//9105 6388//9105 6387//9105
f 6352//9106 6353//9106 6389//9106
f 6352//9107 6389//9107 6388//9107
f 6353//9108 6354//9108 6389//9108
f 6354//9109 6390//9109 6389//9109
f 6354//9110 6355//9110 6391//9110
f 6354//9111 6391//9111 6390//9111
f 6355//9112 6356//9112 6391//9112
f 6356//9113 6392//9113 6391//9113
f 6356//9114 6357//9114 6393//9114
f 6356//9115 6393//9115 6392//9115
f 6357//9116 6358//9116 6393//9116
f 6358//9117 6394//9117 6393//9117
f 6358//9118 6359//9118 6395//9118
f 6358//9119 6395//9119 6394//9119
f 6359//9120 6360//9120 6395//9120
f 6360//9121 6396//9121 6395//9121
f 6360//9122 6361//9122 6397//9122
f 6360//9123 6397//9123 6396//9123
f 6361//9124 6362//9124 6397//9124
f 6362//9125 6398//9125 6397//9125
f 6362//9126 6363//9126 6399//9126
f 6362//9127 6399//9127 6398//9127
f 6363//9128 6364//9128 6399//9128
f 6364//9129 6400//9129 6399//9129
f 6364//9130 6365//9130 6401//9130
f 6364//9131 6401//9131 6400//9131
f 6365//9132 6366//9132 6401//9132
f 6366//9133 6402//9133 6401//9133
f 6366//9134 6367//9134 6403//9134
f 6366//9135 6403//9135 6402//9135
f 6367//9136 6368//9136 6403//9136
f 6368//9137 6404//9137 6403//9137
f 6368//9138 6369//9138 6405//9138
f 6368//9139 6405//9139 6404//9139
f 6369//9140 6370//9140 6405//9140
f 6370//9141 6406//9141 6405//9141
f 6370//9142 6371//9142 6407//9142
f 6370//9143 6407//9143 6406//9143
f 6371//9144 6372//9144 6407//9144
f 6372//9145 6408//9145 6407//9145
f 6372//9146 6337//9146 6373//9146
f 6372//9147 6373//9147 6408//9147
f 1//745 96//745 2304//745
f 96//744 95//744 2303//744
f 95//743 94//743 2302//743
f 94//9148 93//9148 2301//9148
f 93//741 92//741 2300//741
f 92//740 91//740 2299//740
f 91//739 90//739 2298//739
f 90//1433 89//1433 2297//1433
f 89//9149 88//9149 2296//9149
f 88//736 87//736 2295//736
f 87//1431 86//1431 2294//1431
f 86//9150 85//9150 2293//9150
f 85//9151 84//9151 2292//9151
f 84//1428 83//1428 2291//1428
f 83//731 82//731 2290//731
f 82//730 81//730 2289//730
f 81//729 80//729 2288//729
f 80//9152 79//9152 2287//9152
f 79//1424 78//1424 2286//1424
f 78//9153 77//9153 2285//9153
f 77//1423 76//1423 2284//1423
f 76//724 75//724 2283//724
f 75//9154 74//9154 2282//9154
f 74//9155 73//9155 2281//9155
f 73//721 72//721 2280//721
f 72//1421 71//1421 2279//1421
f 71//9156 70//9156 2278//9156
f 70//718 69//718 2277//718
f 69//717 68//717 2276//717
f 68//716 67//716 2275//716
f 67//1419 66//1419 2274//1419
f 66//714 65//714 2273//714
f 65//1417 64//1417 2272//1417
f 64//712 63//712 2271//712
f 63//711 62//711 2270//711
f 62//9157 61//9157 2269//9157
f 61//709 60//709 2268//709
f 60//708 59//708 2267//708
f 59//1412 58//1412 2266//1412
f 58//706 57//706 2265//706
f 57//705 56//705 2264//705
f 56//1409 55//1409 2263//1409
f 55//703 54//703 2262//703
f 54//9158 53//9158 2261//9158
f 53//701 52//701 2260//701
f 52//700 51//700 2259//700
f 51//9159 50//9159 2258//9159
f 50//1406 49//1406 2257//1406
f 49//793 48//793 2256//793
f 48//9160 47//9160 2255//9160
f 47//791 46//791 2254//791
f 46//790 45//790 2253//790
f 45//789 44//789 2252//789
f 44//788 43//788 2251//788
f 43//787 42//787 2250//787
f 42//786 41//786 2249//786
f 41//1399 40//1399 2248//1399
f 40//784 39//784 2247//784
f 39//783 38//783 2246//783
f 38//9161 37//9161 2245//9161
f 37//9162 36//9162 2244//9162
f 36//780 35//780 2243//780
f 35//779 34//779 2242//779
f 34//9163 33//9163 2241//9163
f 33//777 32//777 2240//777
f 32//1393 31//1393 2239//1393
f 31//1392 30//1392 2238//1392
f 30//9164 29//9164 2237//9164
f 29//1391 28//1391 2236//1391
f 28//9165 27//9165 2235//9165
f 27//1390 26//1390 2234//1390
f 26//770 25//770 2233//770
f 25//769 24//769 2232//769
f 24//1388 23//1388 2231//1388
f 23//767 22//767 2230//767
f 22//9166 21//9166 2229//9166
f 21//765 20//765 2228//765
f 20//9167 19//9167 2227//9167
f 19//763 18//763 2226//763
f 18//762 17//762 2225//762
f 17//9168 16//9168 2224//9168
f 16//760 15//760 2223//760
f 15//1383 14//1383 2222//1383
f 14//9169 13//9169 2221//9169
f 13//1381 12//1381 2220//1381
f 12//9170 11//9170 2219//9170
f 11//755 10//755 2218//755
f 10//1379 9//1379 2217//1379
f 9//9171 8//9171 2216//9171
f 8//752 7//752 2215//752
f 7//1377 6//1377 2214//1377
f 6//9172 5//9172 2213//9172
f 5//749 4//749 2212//749
f 4//1375 3//1375 2211//1375
f 3//747 2//747 2210//747
f 2//746 1//746 2209//746
f 2209//841 2304//841 2208//841
f 2304//840 2303//840 2207//840
f 2303//839 2302//839 2206//839
f 2302//838 2301//838 2205//838
f 2301//837 2300//837 2204//837
f 2300//836 2299//836 2203//836
f 2299//835 2298//835 2202//835
f 2298//9173 2297//9173 2201//9173
f 2297//833 2296//833 2200//833
f 2296//832 2295//832 2199//832
f 2295//9174 2294//9174 2198//9174
f 2294//830 2293//830 2197//830
f 2293//829 2292//829 2196//829
f 2292//828 2291//828 2195//828
f 2291//827 2290//827 2194//827
f 2290//826 2289//826 2193//826
f 2289//825 2288//825 2192//825
f 2288//824 2287//824 2191//824
f 2287//823 2286//823 2190//823
f 2286//822 2285//822 2189//822
f 2285//821 2284//821 2188//821
f 2284//820 2283//820 2187//820
f 2283//819 2282//819 2186//819
f 2282//818 2281//818 2185//818
f 2281//817 2280//817 2184//817
f 2280//816 2279//816 2183//816
f 2279//815 2278//815 2182//815
f 2278//814 2277//814 2181//814
f 2277//813 2276//813 2180//813
f 2276//812 2275//812 2179//812
f 2275//811 2274//811 2178//811
f 2274//9175 2273//9175 2177//9175
f 2273//809 2272//809 2176//809
f 2272//808 2271//808 2175//808
f 2271//9176 2270//9176 2174//9176
f 2270//806 2269//806 2173//806
f 2269//805 2268//805 2172//805
f 2268//804 2267//804 2171//804
f 2267//803 2266//803 2170//803
f 2266//802 2265//802 2169//802
f 2265//801 2264//801 2168//801
f 2264//800 2263//800 2167//800
f 2263//799 2262//799 2166//799
f 2262//798 2261//798 2165//798
f 2261//797 2260//797 2164//797
f 2260//796 2259//796 2163//796
f 2259//795 2258//795 2162//795
f 2258//794 2257//794 2161//794
f 2257//889 2256//889 2160//889
f 2256//888 2255//888 2159//888
f 2255//887 2254//887 2158//887
f 2254//886 2253//886 2157//886
f 2253//885 2252//885 2156//885
f 2252//884 2251//884 2155//884
f 2251//883 2250//883 2154//883
f 2250//9177 2249//9177 2153//9177
f 2249//881 2248//881 2152//881
f 2248//880 2247//880 2151//880
f 2247//9178 2246//9178 2150//9178
f 2246//878 2245//878 2149//878
f 2245//877 2244//877 2148//877
f 2244//1369 2243//1369 2147//1369
f 2243//875 2242//875 2146//875
f 2242//874 2241//874 2145//874
f 2241//873 2240//873 2144//873
f 2240//872 2239//872 2143//872
f 2239//871 2238//871 2142//871
f 2238//870 2237//870 2141//870
f 2237//869 2236//869 2140//869
f 2236//868 2235//868 2139//868
f 2235//867 2234//867 2138//867
f 2234//9179 2233//9179 2137//9179
f 2233//865 2232//865 2136//865
f 2232//864 2231//864 2135//864
f 2231//863 2230//863 2134//863
f 2230//862 2229//862 2133//862
f 2229//861 2228//861 2132//861
f 2228//860 2227//860 2131//860
f 2227//859 2226//859 2130//859
f 2226//9180 2225//9180 2129//9180
f 2225//857 2224//857 2128//857
f 2224//856 2223//856 2127//856
f 2223//855 2222//855 2126//855
f 2222//854 2221//854 2125//854
f 2221//853 2220//853 2124//853
f 2220//9181 2219//9181 2123//9181
f 2219//851 2218//851 2122//851
f 2218//850 2217//850 2121//850
f 2217//9182 2216//9182 2120//9182
f 2216//848 2215//848 2119//848
f 2215//847 2214//847 2118//847
f 2214//846 2213//846 2117//846
f 2213//845 2212//845 2116//845
f 2212//844 2211//844 2115//844
f 2211//843 2210//843 2114//843
f 2210//842 2209//842 2113//842
f 2113//937 2208//937 2112//937
f 2208//1366 2207//1366 2111//1366
f 2207//935 2206//935 2110//935
f 2206//934 2205//934 2109//934
f 2205//933 2204//933 2108//933
f 2204//1363 2203//1363 2107//1363
f 2203//931 2202//931 2106//931
f 2202//930 2201//930 2105//930
f 2201//9183 2200//9183 2104//9183
f 2200//928 2199//928 2103//928
f 2199//927 2198//927 2102//927
f 2198//9184 2197//9184 2101//9184
f 2197//9185 2196//9185 2100//9185
f 2196//924 2195//924 2099//924
f 2195//923 2194//923 2098//923
f 2194//9186 2193//9186 2097//9186
f 2193//921 2192//921 2096//921
f 2192//920 2191//920 2095//920
f 2191//9187 2190//9187 2094//9187
f 2190//918 2189//918 2093//918
f 2189//917 2188//917 2092//917
f 2188//1355 2187//1355 2091//1355
f 2187//9188 2186//9188 2090//9188
f 2186//9189 2185//9189 2089//9189
f 2185//913 2184//913 2088//913
f 2184//912 2183//912 2087//912
f 2183//9190 2182//9190 2086//9190
f 2182//9191 2181//9191 2085//9191
f 2181//909 2180//909 2084//909
f 2180//9192 2179//9192 2083//9192
f 2179//9193 2178//9193 2082//9193
f 2178//1351 2177//1351 2081//1351
f 2177//9194 2176//9194 2080//9194
f 2176//904 2175//904 2079//904
f 2175//903 2174//903 2078//903
f 2174//902 2173//902 2077//902
f 2173//9195 2172//9195 2076//9195
f 2172//900 2171//900 2075//900
f 2171//9196 2170//9196 2074//9196
f 2170//9197 2169//9197 2073//9197
f 2169//897 2168//897 2072//897
f 2168//1348 2167//1348 2071//1348
f 2167//895 2166//895 2070//895
f 2166//1347 2165//1347 2069//1347
f 2165//1346 2164//1346 2068//1346
f 2164//1345 2163//1345 2067//1345
f 2163//891 2162//891 2066//891
f 2162//1344 2161//1344 2065//1344
f 2161//985 2160//985 2064//985
f 2160//984 2159//984 2063//984
f 2159//1342 2158//1342 2062//1342
f 2158//982 2157//982 2061//982
f 2157//9198 2156//9198 2060//9198
f 2156//1341 2155//1341 2059//1341
f 2155//979 2154//979 2058//979
f 2154//978 2153//978 2057//978
f 2153//9199 2152//9199 2056//9199
f 2152//976 2151//976 2055//976
f 2151//975 2150//975 2054//975
f 2150//974 2149//974 2053//974
f 2149//1338 2148//1338 2052//1338
f 2148//972 2147//972 2051//972
f 2147//9200 2146//9200 2050//9200
f 2146//970 2145//970 2049//970
f 2145//969 2144//969 2048//969
f 2144//968 2143//968 2047//968
f 2143//9201 2142//9201 2046//9201
f 2142//9202 2141//9202 2045//9202
f 2141//9203 2140//9203 2044//9203
f 2140//9204 2139//9204 2043//9204
f 2139//963 2138//963 2042//963
f 2138//962 2137//962 2041//962
f 2137//1332 2136//1332 2040//1332
f 2136//9205 2135//9205 2039//9205
f 2135//959 2134//959 2038//959
f 2134//9206 2133//9206 2037//9206
f 2133//957 2132//957 2036//957
f 2132//9207 2131//9207 2035//9207
f 2131//955 2130//955 2034//955
f 2130//954 2129//954 2033//954
f 2129//9208 2128//9208 2032//9208
f 2128//952 2127//952 2031//952
f 2127//951 2126//951 2030//951
f 2126//9209 2125//9209 2029//9209
f 2125//9210 2124//9210 2028//9210
f 2124//9211 2123//9211 2027//9211
f 2123//947 2122//947 2026//947
f 2122//9212 2121//9212 2025//9212
f 2121//945 2120//945 2024//945
f 2120//944 2119//944 2023//944
f 2119//9213 2118//9213 2022//9213
f 2118//942 2117//942 2021//942
f 2117//941 2116//941 2020//941
f 2116//940 2115//940 2019//940
f 2115//939 2114//939 2018//939
f 2114//938 2113//938 2017//938
f 2017//1033 2112//1033 2016//1033
f 2112//1032 2111//1032 2015//1032
f 2111//1031 2110//1031 2014//1031
f 2110//1030 2109//1030 2013//1030
f 2109//1029 2108//1029 2012//1029
f 2108//1028 2107//1028 2011//1028
f 2107//1027 2106//1027 2010//1027
f 2106//1026 2105//1026 2009//1026
f 2105//1025 2104//1025 2008//1025
f 2104//1024 2103//1024 2007//1024
f 2103//1023 2102//1023 2006//1023
f 2102//1022 2101//1022 2005//1022
f 2101//1021 2100//1021 2004//1021
f 2100//1020 2099//1020 2003//1020
f 2099//1019 2098//1019 2002//1019
f 2098//1018 2097//1018 2001//1018
f 2097//1017 2096//1017 2000//1017
f 2096//1016 2095//1016 1999//1016
f 2095//1015 2094//1015 1998//1015
f 2094//1014 2093//1014 1997//1014
f 2093//9214 2092//9214 1996//9214
f 2092//1012 2091//1012 1995//1012
f 2091//1011 2090//1011 1994//1011
f 2090//1010 2089//1010 1993//1010
f 2089//1009 2088//1009 1992//1009
f 2088//1008 2087//1008 1991//1008
f 2087//1007 2086//1007 1990//1007
f 2086//1321 2085//1321 1989//1321
f 2085//1005 2084//1005 1988//1005
f 2084//1004 2083//1004 1987//1004
f 2083//1003 2082//1003 1986//1003
f 2082//1002 2081//1002 1985//1002
f 2081//1001 2080//1001 1984//1001
f 2080//1000 2079//1000 1983//1000
f 2079//999 2078//999 1982//999
f 2078//998 2077//998 1981//998
f 2077//997 2076//997 1980//997
f 2076//996 2075//996 1979//996
f 2075//995 2074//995 1978//995
f 2074//994 2073//994 1977//994
f 2073//993 2072//993 1976//993
f 2072//992 2071//992 1975//992
f 2071//991 2070//991 1974//991
f 2070//9215 2069//9215 1973//9215
f 2069//989 2068//989 1972//989
f 2068//988 2067//988 1971//988
f 2067//987 2066//987 1970//987
f 2066//986 2065//986 1969//986
f 2065//1081 2064//1081 1968//1081
f 2064//1080 2063//1080 1967//1080
f 2063//1079 2062//1079 1966//1079
f 2062//1320 2061//1320 1965//1320
f 2061//9216 2060//9216 1964//9216
f 2060//1076 2059//1076 1963//1076
f 2059//1075 2058//1075 1962//1075
f 2058//1074 2057//1074 1961//1074
f 2057//1073 2056//1073 1960//1073
f 2056//1072 2055//1072 1959//1072
f 2055//1071 2054//1071 1958//1071
f 2054//1070 2053//1070 1957//1070
f 2053//1069 2052//1069 1956//1069
f 2052//1068 2051//1068 1955//1068
f 2051//1067 2050//1067 1954//1067
f 2050//1066 2049//1066 1953//1066
f 2049//1065 2048//1065 1952//1065
f 2048//1064 2047//1064 1951//1064
f 2047//1063 2046//1063 1950//1063
f 2046//1062 2045//1062 1949//1062
f 2045//1061 2044//1061 1948//1061
f 2044//1060 2043//1060 1947//1060
f 2043//1059 2042//1059 1946//1059
f 2042//1058 2041//1058 1945//1058
f 2041//9217 2040//9217 1944//9217
f 2040//1056 2039//1056 1943//1056
f 2039//1055 2038//1055 1942//1055
f 2038//1319 2037//1319 1941//1319
f 2037//1053 2036//1053 1940//1053
f 2036//1052 2035//1052 1939//1052
f 2035//1051 2034//1051 1938//1051
f 2034//1050 2033//1050 1937//1050
f 2033//1049 2032//1049 1936//1049
f 2032//1048 2031//1048 1935//1048
f 2031//1047 2030//1047 1934//1047
f 2030//1046 2029//1046 1933//1046
f 2029//9218 2028//9218 1932//9218
f 2028//1044 2027//1044 1931//1044
f 2027//1043 2026//1043 1930//1043
f 2026//1042 2025//1042 1929//1042
f 2025//1041 2024//1041 1928//1041
f 2024//1040 2023//1040 1927//1040
f 2023//1039 2022//1039 1926//1039
f 2022//1038 2021//1038 1925//1038
f 2021//1037 2020//1037 1924//1037
f 2020//1036 2019//1036 1923//1036
f 2019//1035 2018//1035 1922//1035
f 2018//1034 2017//1034 1921//1034
f 1921//1129 2016//1129 1920//1129
f 2016//1128 2015//1128 1919//1128
f 2015//1127 2014//1127 1918//1127
f 2014//9219 2013//9219 1917//9219
f 2013//1125 2012//1125 1916//1125
f 2012//1124 2011//1124 1915//1124
f 2011//1123 2010//1123 1914//1123
f 2010//1122 2009//1122 1913//1122
f 2009//1121 2008//1121 1912//1121
f 2008//1120 2007//1120 1911//1120
f 2007//9220 2006//9220 1910//9220
f 2006//1118 2005//1118 1909//1118
f 2005//1117 2004//1117 1908//1117
f 2004//1314 2003//1314 1907//1314
f 2003//1115 2002//1115 1906//1115
f 2002//1114 2001//1114 1905//1114
f 2001//1313 2000//1313 1904//1313
f 2000//1112 1999//1112 1903//1112
f 1999//1111 1998//1111 1902//1111
f 1998//1110 1997//1110 1901//1110
f 1997//1109 1996//1109 1900//1109
f 1996//1108 1995//1108 1899//1108
f 1995//1107 1994//1107 1898//1107
f 1994//1311 1993//1311 1897//1311
f 1993//1310 1992//1310 1896//1310
f 1992//1104 1991//1104 1895//1104
f 1991//1103 1990//1103 1894//1103
f 1990//9221 1989//9221 1893//9221
f 1989//1101 1988//1101 1892//1101
f 1988//1100 1987//1100 1891//1100
f 1987//1099 1986//1099 1890//1099
f 1986//1098 1985//1098 1889//1098
f 1985//1097 1984//1097 1888//1097
f 1984//1096 1983//1096 1887//1096
f 1983//1095 1982//1095 1886//1095
f 1982//1094 1981//1094 1885//1094
f 1981//1093 1980//1093 1884//1093
f 1980//9222 1979//9222 1883//9222
f 1979//1091 1978//1091 1882//1091
f 1978//1090 1977//1090 1881//1090
f 1977//1308 1976//1308 1880//1308
f 1976//1088 1975//1088 1879//1088
f 1975//1087 1974//1087 1878//1087
f 1974//1086 1973//1086 1877//1086
f 1973//1307 1972//1307 1876//1307
f 1972//1306 1971//1306 1875//1306
f 1971//1083 1970//1083 1874//1083
f 1970//9223 1969//9223 1873//9223
f 1969//1305 1968//1305 1872//1305
f 1968//1176 1967//1176 1871//1176
f 1967//9224 1966//9224 1870//9224
f 1966//1304 1965//1304 1869//1304
f 1965//1173 1964//1173 1868//1173
f 1964//1172 1963//1172 1867//1172
f 1963//1171 1962//1171 1866//1171
f 1962//1170 1961//1170 1865//1170
f 1961//1169 1960//1169 1864//1169
f 1960//1168 1959//1168 1863//1168
f 1959//9225 1958//9225 1862//9225
f 1958//1166 1957//1166 1861//1166
f 1957//1165 1956//1165 1860//1165
f 1956//1164 1955//1164 1859//1164
f 1955//1163 1954//1163 1858//1163
f 1954//1162 1953//1162 1857//1162
f 1953//1161 1952//1161 1856//1161
f 1952//1160 1951//1160 1855//1160
f 1951//1159 1950//1159 1854//1159
f 1950//1158 1949//1158 1853//1158
f 1949//1157 1948//1157 1852//1157
f 1948//1301 1947//1301 1851//1301
f 1947//1155 1946//1155 1850//1155
f 1946//9226 1945//9226 1849//9226
f 1945//1153 1944//1153 1848//1153
f 1944//1152 1943//1152 1847//1152
f 1943//1151 1942//1151 1846//1151
f 1942//1299 1941//1299 1845//1299
f 1941//1149 1940//1149 1844//1149
f 1940//1148 1939//1148 1843//1148
f 1939//1147 1938//1147 1842//1147
f 1938//1298 1937//1298 1841//1298
f 1937//1145 1936//1145 1840//1145
f 1936//1144 1935//1144 1839//1144
f 1935//1297 1934//1297 1838//1297
f 1934//1142 1933//1142 1837//1142
f 1933//1296 1932//1296 1836//1296
f 1932//9227 1931//9227 1835//9227
f 1931//1139 1930//1139 1834//1139
f 1930//1138 1929//1138 1833//1138
f 1929//1137 1928//1137 1832//1137
f 1928//1295 1927//1295 1831//1295
f 1927//1135 1926//1135 1830//1135
f 1926//1134 1925//1134 1829//1134
f 1925//9228 1924//9228 1828//9228
f 1924//1294 1923//1294 1827//1294
f 1923//1131 1922//1131 1826//1131
f 1922//1293 1921//1293 1825//1293
f 1825//1225 1920//1225 1824//1225
f 1920//1224 1919//1224 1823//1224
f 1919//1223 1918//1223 1822//1223
f 1918//1222 1917//1222 1821//1222
f 1917//1221 1916//1221 1820//1221
f 1916//1220 1915//1220 1819//1220
f 1915//1291 1914//1291 1818//1291
f 1914//1218 1913//1218 1817//1218
f 1913//1217 1912//1217 1816//1217
f 1912//1216 1911//1216 1815//1216
f 1911//9229 1910//9229 1814//9229
f 1910//1214 1909//1214 1813//1214
f 1909//1213 1908//1213 1812//1213
f 1908//1212 1907//1212 1811//1212
f 1907//1211 1906//1211 1810//1211
f 1906//1210 1905//1210 1809//1210
f 1905//1209 1904//1209 1808//1209
f 1904//1208 1903//1208 1807//1208
f 1903//1207 1902//1207 1806//1207
f 1902//1206 1901//1206 1805//1206
f 1901//9230 1900//9230 1804//9230
f 1900//9231 1899//9231 1803//9231
f 1899//1203 1898//1203 1802//1203
f 1898//1202 1897//1202 1801//1202
f 1897//1201 1896//1201 1800//1201
f 1896//1200 1895//1200 1799//1200
f 1895//1288 1894//1288 1798//1288
f 1894//1198 1893//1198 1797//1198
f 1893//1197 1892//1197 1796//1197
f 1892//1196 1891//1196 1795//1196
f 1891//1195 1890//1195 1794//1195
f 1890//1194 1889//1194 1793//1194
f 1889//9232 1888//9232 1792//9232
f 1888//1192 1887//1192 1791//1192
f 1887//9233 1886//9233 1790//9233
f 1886//1190 1885//1190 1789//1190
f 1885//1189 1884//1189 1788//1189
f 1884//1188 1883//1188 1787//1188
f 1883//9234 1882//9234 1786//9234
f 1882//1186 1881//1186 1785//1186
f 1881//1185 1880//1185 1784//1185
f 1880//9235 1879//9235 1783//9235
f 1879//1183 1878//1183 1782//1183
f 1878//9236 1877//9236 1781//9236
f 1877//1181 1876//1181 1780//1181
f 1876//1180 1875//1180 1779//1180
f 1875//1285 1874//1285 1778//1285
f 1874//1178 1873//1178 1777//1178
f 1873//1273 1872//1273 1776//1273
f 1872//1272 1871//1272 1775//1272
f 1871//1271 1870//1271 1774//1271
f 1870//1270 1869//1270 1773//1270
f 1869//1269 1868//1269 1772//1269
f 1868//1268 1867//1268 1771//1268
f 1867//1283 1866//1283 1770//1283
f 1866//1266 1865//1266 1769//1266
f 1865//1265 1864//1265 1768//1265
f 1864//1264 1863//1264 1767//1264
f 1863//1263 1862//1263 1766//1263
f 1862//1262 1861//1262 1765//1262
f 1861//1261 1860//1261 1764//1261
f 1860//1260 1859//1260 1763//1260
f 1859//1259 1858//1259 1762//1259
f 1858//1258 1857//1258 1761//1258
f 1857//1257 1856//1257 1760//1257
f 1856//1256 1855//1256 1759//1256
f 1855//1255 1854//1255 1758//1255
f 1854//1254 1853//1254 1757//1254
f 1853//1253 1852//1253 1756//1253
f 1852//1279 1851//1279 1755//1279
f 1851//1251 1850//1251 1754//1251
f 1850//1250 1849//1250 1753//1250
f 1849//1249 1848//1249 1752//1249
f 1848//1248 1847//1248 1751//1248
f 1847//9237 1846//9237 1750//9237
f 1846//1246 1845//1246 1749//1246
f 1845//1245 1844//1245 1748//1245
f 1844//1244 1843//1244 1747//1244
f 1843//1243 1842//1243 1746//1243
f 1842//1242 1841//1242 1745//1242
f 1841//1241 1840//1241 1744//1241
f 1840//1240 1839//1240 1743//1240
f 1839//1239 1838//1239 1742//1239
f 1838//1238 1837//1238 1741//1238
f 1837//1237 1836//1237 1740//1237
f 1836//9238 1835//9238 1739//9238
f 1835//9239 1834//9239 1738//9239
f 1834//1234 1833//1234 1737//1234
f 1833//1233 1832//1233 1736//1233
f 1832//1232 1831//1232 1735//1232
f 1831//1231 1830//1231 1734//1231
f 1830//1230 1829//1230 1733//1230
f 1829//1229 1828//1229 1732//1229
f 1828//1228 1827//1228 1731//1228
f 1827//1227 1826//1227 1730//1227
f 1826//1226 1825//1226 1729//1226
f 1729//1273 1824//1273 1728//1273
f 1824//1272 1823//1272 1727//1272
f 1823//1284 1822//1284 1726//1284
f 1822//1270 1821//1270 1725//1270
f 1821//1269 1820//1269 1724//1269
f 1820//1268 1819//1268 1723//1268
f 1819//1283 1818//1283 1722//1283
f 1818//1266 1817//1266 1721//1266
f 1817//1265 1816//1265 1720//1265
f 1816//1282 1815//1282 1719//1282
f 1815//1281 1814//1281 1718//1281
f 1814//1262 1813//1262 1717//1262
f 1813//1261 1812//1261 1716//1261
f 1812//1280 1811//1280 1715//1280
f 1811//1259 1810//1259 1714//1259
f 1810//1258 1809//1258 1713//1258
f 1809//1257 1808//1257 1712//1257
f 1808//1256 1807//1256 1711//1256
f 1807//1255 1806//1255 1710//1255
f 1806//1254 1805//1254 1709//1254
f 1805//1253 1804//1253 1708//1253
f 1804//1252 1803//1252 1707//1252
f 1803//1251 1802//1251 1706//1251
f 1802//1250 1801//1250 1705//1250
f 1801//1249 1800//1249 1704//1249
f 1800//1248 1799//1248 1703//1248
f 1799//9237 1798//9237 1702//9237
f 1798//1246 1797//1246 1701//1246
f 1797//1245 1796//1245 1700//1245
f 1796//1244 1795//1244 1699//1244
f 1795//1243 1794//1243 1698//1243
f 1794//1242 1793//1242 1697//1242
f 1793//1241 1792//1241 1696//1241
f 1792//1240 1791//1240 1695//1240
f 1791//1239 1790//1239 1694//1239
f 1790//1238 1789//1238 1693//1238
f 1789//1237 1788//1237 1692//1237
f 1788//9238 1787//9238 1691//9238
f 1787//9239 1786//9239 1690//9239
f 1786//1234 1785//1234 1689//1234
f 1785//1233 1784//1233 1688//1233
f 1784//1277 1783//1277 1687//1277
f 1783//1231 1782//1231 1686//1231
f 1782//1230 1781//1230 1685//1230
f 1781//1229 1780//1229 1684//1229
f 1780//1275 1779//1275 1683//1275
f 1779//1227 1778//1227 1682//1227
f 1778//1226 1777//1226 1681//1226
f 1777//1225 1776//1225 1680//1225
f 1776//1224 1775//1224 1679//1224
f 1775//1292 1774//1292 1678//1292
f 1774//1222 1773//1222 1677//1222
f 1773//1221 1772//1221 1676//1221
f 1772//1220 1771//1220 1675//1220
f 1771//1291 1770//1291 1674//1291
f 1770//1218 1769//1218 1673//1218
f 1769//1217 1768//1217 1672//1217
f 1768//1290 1767//1290 1671//1290
f 1767//9229 1766//9229 1670//9229
f 1766//1214 1765//1214 1669//1214
f 1765//1213 1764//1213 1668//1213
f 1764//9240 1763//9240 1667//9240
f 1763//1211 1762//1211 1666//1211
f 1762//1210 1761//1210 1665//1210
f 1761//1209 1760//1209 1664//1209
f 1760//1208 1759//1208 1663//1208
f 1759//1207 1758//1207 1662//1207
f 1758//1206 1757//1206 1661//1206
f 1757//1205 1756//1205 1660//1205
f 1756//9231 1755//9231 1659//9231
f 1755//1203 1754//1203 1658//1203
f 1754//1202 1753//1202 1657//1202
f 1753//1201 1752//1201 1656//1201
f 1752//1200 1751//1200 1655//1200
f 1751//1288 1750//1288 1654//1288
f 1750//1198 1749//1198 1653//1198
f 1749//1197 1748//1197 1652//1197
f 1748//1196 1747//1196 1651//1196
f 1747//1195 1746//1195 1650//1195
f 1746//1194 1745//1194 1649//1194
f 1745//1193 1744//1193 1648//1193
f 1744//1192 1743//1192 1647//1192
f 1743//1287 1742//1287 1646//1287
f 1742//1190 1741//1190 1645//1190
f 1741//1189 1740//1189 1644//1189
f 1740//9241 1739//9241 1643//9241
f 1739//9234 1738//9234 1642//9234
f 1738//1186 1737//1186 1641//1186
f 1737//1185 1736//1185 1640//1185
f 1736//1184 1735//1184 1639//1184
f 1735//1183 1734//1183 1638//1183
f 1734//1182 1733//1182 1637//1182
f 1733//1181 1732//1181 1636//1181
f 1732//1286 1731//1286 1635//1286
f 1731//1285 1730//1285 1634//1285
f 1730//1178 1729//1178 1633//1178
f 1633//1305 1728//1305 1632//1305
f 1728//1176 1727//1176 1631//1176
f 1727//9224 1726//9224 1630//9224
f 1726//1304 1725//1304 1629//1304
f 1725//1173 1724//1173 1628//1173
f 1724//1172 1723//1172 1627//1172
f 1723//1171 1722//1171 1626//1171
f 1722//1303 1721//1303 1625//1303
f 1721//1169 1720//1169 1624//1169
f 1720//1168 1719//1168 1623//1168
f 1719//1167 1718//1167 1622//1167
f 1718//1166 1717//1166 1621//1166
f 1717//1165 1716//1165 1620//1165
f 1716//1164 1715//1164 1619//1164
f 1715//1163 1714//1163 1618//1163
f 1714//1162 1713//1162 1617//1162
f 1713//9242 1712//9242 1616//9242
f 1712//1160 1711//1160 1615//1160
f 1711//1159 1710//1159 1614//1159
f 1710//1158 1709//1158 1613//1158
f 1709//1157 1708//1157 1612//1157
f 1708//1301 1707//1301 1611//1301
f 1707//1155 1706//1155 1610//1155
f 1706//1154 1705//1154 1609//1154
f 1705//1300 1704//1300 1608//1300
f 1704//1152 1703//1152 1607//1152
f 1703//1151 1702//1151 1606//1151
f 1702//1150 1701//1150 1605//1150
f 1701//1149 1700//1149 1604//1149
f 1700//1148 1699//1148 1603//1148
f 1699//1147 1698//1147 1602//1147
f 1698//1146 1697//1146 1601//1146
f 1697//1145 1696//1145 1600//1145
f 1696//1144 1695//1144 1599//1144
f 1695//1143 1694//1143 1598//1143
f 1694//1142 1693//1142 1597//1142
f 1693//1296 1692//1296 1596//1296
f 1692//9227 1691//9227 1595//9227
f 1691//1139 1690//1139 1594//1139
f 1690//1138 1689//1138 1593//1138
f 1689//9243 1688//9243 1592//9243
f 1688//1295 1687//1295 1591//1295
f 1687//1135 1686//1135 1590//1135
f 1686//1134 1685//1134 1589//1134
f 1685//9228 1684//9228 1588//9228
f 1684//1294 1683//1294 1587//1294
f 1683//1131 1682//1131 1586//1131
f 1682//1293 1681//1293 1585//1293
f 1681//1316 1680//1316 1584//1316
f 1680//1128 1679//1128 1583//1128
f 1679//1127 1678//1127 1582//1127
f 1678//9219 1677//9219 1581//9219
f 1677//1125 1676//1125 1580//1125
f 1676//1124 1675//1124 1579//1124
f 1675//1123 1674//1123 1578//1123
f 1674//1315 1673//1315 1577//1315
f 1673//1121 1672//1121 1576//1121
f 1672//1120 1671//1120 1575//1120
f 1671//9220 1670//9220 1574//9220
f 1670//1118 1669//1118 1573//1118
f 1669//1117 1668//1117 1572//1117
f 1668//1116 1667//1116 1571//1116
f 1667//1115 1666//1115 1570//1115
f 1666//1114 1665//1114 1569//1114
f 1665//1113 1664//1113 1568//1113
f 1664//1112 1663//1112 1567//1112
f 1663//1111 1662//1111 1566//1111
f 1662//1110 1661//1110 1565//1110
f 1661//1109 1660//1109 1564//1109
f 1660//9244 1659//9244 1563//9244
f 1659//1107 1658//1107 1562//1107
f 1658//1106 1657//1106 1561//1106
f 1657//1105 1656//1105 1560//1105
f 1656//1104 1655//1104 1559//1104
f 1655//9245 1654//9245 1558//9245
f 1654//1102 1653//1102 1557//1102
f 1653//1101 1652//1101 1556//1101
f 1652//1100 1651//1100 1555//1100
f 1651//1099 1650//1099 1554//1099
f 1650//9246 1649//9246 1553//9246
f 1649//1097 1648//1097 1552//1097
f 1648//1096 1647//1096 1551//1096
f 1647//1309 1646//1309 1550//1309
f 1646//1094 1645//1094 1549//1094
f 1645//1093 1644//1093 1548//1093
f 1644//9222 1643//9222 1547//9222
f 1643//1091 1642//1091 1546//1091
f 1642//1090 1641//1090 1545//1090
f 1641//1308 1640//1308 1544//1308
f 1640//1088 1639//1088 1543//1088
f 1639//1087 1638//1087 1542//1087
f 1638//1086 1637//1086 1541//1086
f 1637//1307 1636//1307 1540//1307
f 1636//1084 1635//1084 1539//1084
f 1635//1083 1634//1083 1538//1083
f 1634//1082 1633//1082 1537//1082
f 1537//1081 1632//1081 1536//1081
f 1632//1080 1631//1080 1535//1080
f 1631//1079 1630//1079 1534//1079
f 1630//1320 1629//1320 1533//1320
f 1629//1077 1628//1077 1532//1077
f 1628//1076 1627//1076 1531//1076
f 1627//1075 1626//1075 1530//1075
f 1626//9247 1625//9247 1529//9247
f 1625//1073 1624//1073 1528//1073
f 1624//1072 1623//1072 1527//1072
f 1623//1071 1622//1071 1526//1071
f 1622//1070 1621//1070 1525//1070
f 1621//1069 1620//1069 1524//1069
f 1620//1068 1619//1068 1523//1068
f 1619//1067 1618//1067 1522//1067
f 1618//1066 1617//1066 1521//1066
f 1617//1065 1616//1065 1520//1065
f 1616//1064 1615//1064 1519//1064
f 1615//1063 1614//1063 1518//1063
f 1614//1062 1613//1062 1517//1062
f 1613//9248 1612//9248 1516//9248
f 1612//1060 1611//1060 1515//1060
f 1611//1059 1610//1059 1514//1059
f 1610//1058 1609//1058 1513//1058
f 1609//1057 1608//1057 1512//1057
f 1608//1056 1607//1056 1511//1056
f 1607//1055 1606//1055 1510//1055
f 1606//1319 1605//1319 1509//1319
f 1605//1053 1604//1053 1508//1053
f 1604//1052 1603//1052 1507//1052
f 1603//1051 1602//1051 1506//1051
f 1602//1050 1601//1050 1505//1050
f 1601//1049 1600//1049 1504//1049
f 1600//1048 1599//1048 1503//1048
f 1599//1047 1598//1047 1502//1047
f 1598//1046 1597//1046 1501//1046
f 1597//1045 1596//1045 1500//1045
f 1596//1044 1595//1044 1499//1044
f 1595//1043 1594//1043 1498//1043
f 1594//1042 1593//1042 1497//1042
f 1593//1041 1592//1041 1496//1041
f 1592//1040 1591//1040 1495//1040
f 1591//1039 1590//1039 1494//1039
f 1590//1038 1589//1038 1493//1038
f 1589//1037 1588//1037 1492//1037
f 1588//1036 1587//1036 1491//1036
f 1587//1035 1586//1035 1490//1035
f 1586//1034 1585//1034 1489//1034
f 1585//1033 1584//1033 1488//1033
f 1584//1032 1583//1032 1487//1032
f 1583//1031 1582//1031 1486//1031
f 1582//1325 1581//1325 1485//1325
f 1581//1029 1580//1029 1484//1029
f 1580//1028 1579//1028 1483//1028
f 1579//1027 1578//1027 1482//1027
f 1578//9249 1577//9249 1481//9249
f 1577//1025 1576//1025 1480//1025
f 1576//1024 1575//1024 1479//1024
f 1575//1023 1574//1023 1478//1023
f 1574//1022 1573//1022 1477//1022
f 1573//1021 1572//1021 1476//1021
f 1572//1020 1571//1020 1475//1020
f 1571//1019 1570//1019 1474//1019
f 1570//1018 1569//1018 1473//1018
f 1569//1017 1568//1017 1472//1017
f 1568//1016 1567//1016 1471//1016
f 1567//1015 1566//1015 1470//1015
f 1566//1014 1565//1014 1469//1014
f 1565//9214 1564//9214 1468//9214
f 1564//1012 1563//1012 1467//1012
f 1563//1011 1562//1011 1466//1011
f 1562//1010 1561//1010 1465//1010
f 1561//1009 1560//1009 1464//1009
f 1560//1008 1559//1008 1463//1008
f 1559//1007 1558//1007 1462//1007
f 1558//1321 1557//1321 1461//1321
f 1557//1005 1556//1005 1460//1005
f 1556//1004 1555//1004 1459//1004
f 1555//1003 1554//1003 1458//1003
f 1554//1002 1553//1002 1457//1002
f 1553//1001 1552//1001 1456//1001
f 1552//1000 1551//1000 1455//1000
f 1551//999 1550//999 1454//999
f 1550//998 1549//998 1453//998
f 1549//997 1548//997 1452//997
f 1548//996 1547//996 1451//996
f 1547//995 1546//995 1450//995
f 1546//994 1545//994 1449//994
f 1545//993 1544//993 1448//993
f 1544//992 1543//992 1447//992
f 1543//991 1542//991 1446//991
f 1542//990 1541//990 1445//990
f 1541//989 1540//989 1444//989
f 1540//988 1539//988 1443//988
f 1539//987 1538//987 1442//987
f 1538//986 1537//986 1441//986
f 1441//985 1536//985 1440//985
f 1536//984 1535//984 1439//984
f 1535//983 1534//983 1438//983
f 1534//982 1533//982 1437//982
f 1533//981 1532//981 1436//981
f 1532//980 1531//980 1435//980
f 1531//979 1530//979 1434//979
f 1530//978 1529//978 1433//978
f 1529//9199 1528//9199 1432//9199
f 1528//976 1527//976 1431//976
f 1527//975 1526//975 1430//975
f 1526//9250 1525//9250 1429//9250
f 1525//9251 1524//9251 1428//9251
f 1524//972 1523//972 1427//972
f 1523//971 1522//971 1426//971
f 1522//1336 1521//1336 1425//1336
f 1521//969 1520//969 1424//969
f 1520//9252 1519//9252 1423//9252
f 1519//1335 1518//1335 1422//1335
f 1518//966 1517//966 1421//966
f 1517//965 1516//965 1420//965
f 1516//964 1515//964 1419//964
f 1515//963 1514//963 1418//963
f 1514//962 1513//962 1417//962
f 1513//1332 1512//1332 1416//1332
f 1512//960 1511//960 1415//960
f 1511//959 1510//959 1414//959
f 1510//9206 1509//9206 1413//9206
f 1509//9253 1508//9253 1412//9253
f 1508//956 1507//956 1411//956
f 1507//955 1506//955 1410//955
f 1506//954 1505//954 1409//954
f 1505//1330 1504//1330 1408//1330
f 1504//952 1503//952 1407//952
f 1503//951 1502//951 1406//951
f 1502//950 1501//950 1405//950
f 1501//9254 1500//9254 1404//9254
f 1500//948 1499//948 1403//948
f 1499//947 1498//947 1402//947
f 1498//9212 1497//9212 1401//9212
f 1497//1329 1496//1329 1400//1329
f 1496//944 1495//944 1399//944
f 1495//1327 1494//1327 1398//1327
f 1494//942 1493//942 1397//942
f 1493//941 1492//941 1396//941
f 1492//940 1491//940 1395//940
f 1491//939 1490//939 1394//939
f 1490//938 1489//938 1393//938
f 1489//937 1488//937 1392//937
f 1488//1366 1487//1366 1391//1366
f 1487//935 1486//935 1390//935
f 1486//934 1485//934 1389//934
f 1485//933 1484//933 1388//933
f 1484//932 1483//932 1387//932
f 1483//931 1482//931 1386//931
f 1482//930 1481//930 1385//930
f 1481//9183 1480//9183 1384//9183
f 1480//1361 1479//1361 1383//1361
f 1479//927 1478//927 1382//927
f 1478//926 1477//926 1381//926
f 1477//925 1476//925 1380//925
f 1476//924 1475//924 1379//924
f 1475//923 1474//923 1378//923
f 1474//922 1473//922 1377//922
f 1473//921 1472//921 1376//921
f 1472//1358 1471//1358 1375//1358
f 1471//919 1470//919 1374//919
f 1470//9255 1469//9255 1373//9255
f 1469//917 1468//917 1372//917
f 1468//1355 1467//1355 1371//1355
f 1467//915 1466//915 1370//915
f 1466//914 1465//914 1369//914
f 1465//913 1464//913 1368//913
f 1464//9256 1463//9256 1367//9256
f 1463//911 1462//911 1366//911
f 1462//910 1461//910 1365//910
f 1461//9257 1460//9257 1364//9257
f 1460//1352 1459//1352 1363//1352
f 1459//907 1458//907 1362//907
f 1458//1351 1457//1351 1361//1351
f 1457//9258 1456//9258 1360//9258
f 1456//904 1455//904 1359//904
f 1455//903 1454//903 1358//903
f 1454//9259 1453//9259 1357//9259
f 1453//9260 1452//9260 1356//9260
f 1452//900 1451//900 1355//900
f 1451//899 1450//899 1354//899
f 1450//1349 1449//1349 1353//1349
f 1449//897 1448//897 1352//897
f 1448//1348 1447//1348 1351//1348
f 1447//9261 1446//9261 1350//9261
f 1446//1347 1445//1347 1349//1347
f 1445//1346 1444//1346 1348//1346
f 1444//1345 1443//1345 1347//1345
f 1443//891 1442//891 1346//891
f 1442//1344 1441//1344 1345//1344
f 1345//889 1440//889 1344//889
f 1440//888 1439//888 1343//888
f 1439//887 1438//887 1342//887
f 1438//886 1437//886 1341//886
f 1437//885 1436//885 1340//885
f 1436//884 1435//884 1339//884
f 1435//883 1434//883 1338//883
f 1434//882 1433//882 1337//882
f 1433//881 1432//881 1336//881
f 1432//880 1431//880 1335//880
f 1431//9178 1430//9178 1334//9178
f 1430//878 1429//878 1333//878
f 1429//877 1428//877 1332//877
f 1428//876 1427//876 1331//876
f 1427//875 1426//875 1330//875
f 1426//874 1425//874 1329//874
f 1425//9262 1424//9262 1328//9262
f 1424//872 1423//872 1327//872
f 1423//871 1422//871 1326//871
f 1422//870 1421//870 1325//870
f 1421//869 1420//869 1324//869
f 1420//868 1419//868 1323//868
f 1419//867 1418//867 1322//867
f 1418//866 1417//866 1321//866
f 1417//865 1416//865 1320//865
f 1416//864 1415//864 1319//864
f 1415//863 1414//863 1318//863
f 1414//862 1413//862 1317//862
f 1413//861 1412//861 1316//861
f 1412//860 1411//860 1315//860
f 1411//859 1410//859 1314//859
f 1410//858 1409//858 1313//858
f 1409//857 1408//857 1312//857
f 1408//856 1407//856 1311//856
f 1407//9263 1406//9263 1310//9263
f 1406//854 1405//854 1309//854
f 1405//853 1404//853 1308//853
f 1404//9181 1403//9181 1307//9181
f 1403//851 1402//851 1306//851
f 1402//850 1401//850 1305//850
f 1401//9182 1400//9182 1304//9182
f 1400//848 1399//848 1303//848
f 1399//847 1398//847 1302//847
f 1398//846 1397//846 1301//846
f 1397//845 1396//845 1300//845
f 1396//844 1395//844 1299//844
f 1395//843 1394//843 1298//843
f 1394//842 1393//842 1297//842
f 1393//841 1392//841 1296//841
f 1392//840 1391//840 1295//840
f 1391//839 1390//839 1294//839
f 1390//838 1389//838 1293//838
f 1389//837 1388//837 1292//837
f 1388//836 1387//836 1291//836
f 1387//835 1386//835 1290//835
f 1386//1373 1385//1373 1289//1373
f 1385//833 1384//833 1288//833
f 1384//832 1383//832 1287//832
f 1383//9174 1382//9174 1286//9174
f 1382//830 1381//830 1285//830
f 1381//829 1380//829 1284//829
f 1380//9264 1379//9264 1283//9264
f 1379//827 1378//827 1282//827
f 1378//826 1377//826 1281//826
f 1377//825 1376//825 1280//825
f 1376//824 1375//824 1279//824
f 1375//823 1374//823 1278//823
f 1374//822 1373//822 1277//822
f 1373//821 1372//821 1276//821
f 1372//820 1371//820 1275//820
f 1371//819 1370//819 1274//819
f 1370//818 1369//818 1273//818
f 1369//817 1368//817 1272//817
f 1368//816 1367//816 1271//816
f 1367//815 1366//815 1270//815
f 1366//814 1365//814 1269//814
f 1365//813 1364//813 1268//813
f 1364//812 1363//812 1267//812
f 1363//811 1362//811 1266//811
f 1362//810 1361//810 1265//810
f 1361//809 1360//809 1264//809
f 1360//808 1359//808 1263//808
f 1359//9176 1358//9176 1262//9176
f 1358//806 1357//806 1261//806
f 1357//805 1356//805 1260//805
f 1356//1371 1355//1371 1259//1371
f 1355//803 1354//803 1258//803
f 1354//802 1353//802 1257//802
f 1353//801 1352//801 1256//801
f 1352//800 1351//800 1255//800
f 1351//799 1350//799 1254//799
f 1350//798 1349//798 1253//798
f 1349//797 1348//797 1252//797
f 1348//796 1347//796 1251//796
f 1347//795 1346//795 1250//795
f 1346//794 1345//794 1249//794
f 1249//793 1344//793 1248//793
f 1344//9160 1343//9160 1247//9160
f 1343//791 1342//791 1246//791
f 1342//790 1341//790 1245//790
f 1341//789 1340//789 1244//789
f 1340//1402 1339//1402 1243//1402
f 1339//1401 1338//1401 1242//1401
f 1338//1400 1337//1400 1241//1400
f 1337//1399 1336//1399 1240//1399
f 1336//784 1335//784 1239//784
f 1335//1398 1334//1398 1238//1398
f 1334//9265 1333//9265 1237//9265
f 1333//9162 1332//9162 1236//9162
f 1332//780 1331//780 1235//780
f 1331//779 1330//779 1234//779
f 1330//9163 1329//9163 1233//9163
f 1329//1394 1328//1394 1232//1394
f 1328//1393 1327//1393 1231//1393
f 1327//775 1326//775 1230//775
f 1326//9164 1325//9164 1229//9164
f 1325//773 1324//773 1228//773
f 1324//9165 1323//9165 1227//9165
f 1323//1390 1322//1390 1226//1390
f 1322//9266 1321//9266 1225//9266
f 1321//1389 1320//1389 1224//1389
f 1320//1388 1319//1388 1223//1388
f 1319//9267 1318//9267 1222//9267
f 1318//9166 1317//9166 1221//9166
f 1317//765 1316//765 1220//765
f 1316//764 1315//764 1219//764
f 1315//763 1314//763 1218//763
f 1314//9268 1313//9268 1217//9268
f 1313//9269 1312//9269 1216//9269
f 1312//1384 1311//1384 1215//1384
f 1311//759 1310//759 1214//759
f 1310//9169 1309//9169 1213//9169
f 1309//1381 1308//1381 1212//1381
f 1308//9170 1307//9170 1211//9170
f 1307//755 1306//755 1210//755
f 1306//754 1305//754 1209//754
f 1305//753 1304//753 1208//753
f 1304//752 1303//752 1207//752
f 1303//751 1302//751 1206//751
f 1302//9172 1301//9172 1205//9172
f 1301//749 1300//749 1204//749
f 1300//748 1299//748 1203//748
f 1299//1374 1298//1374 1202//1374
f 1298//9270 1297//9270 1201//9270
f 1297//745 1296//745 1200//745
f 1296//744 1295//744 1199//744
f 1295//9271 1294//9271 1198//9271
f 1294//742 1293//742 1197//742
f 1293//741 1292//741 1196//741
f 1292//740 1291//740 1195//740
f 1291//739 1290//739 1194//739
f 1290//738 1289//738 1193//738
f 1289//737 1288//737 1192//737
f 1288//736 1287//736 1191//736
f 1287//735 1286//735 1190//735
f 1286//734 1285//734 1189//734
f 1285//9272 1284//9272 1188//9272
f 1284//1428 1283//1428 1187//1428
f 1283//1427 1282//1427 1186//1427
f 1282//1426 1281//1426 1185//1426
f 1281//729 1280//729 1184//729
f 1280//9152 1279//9152 1183//9152
f 1279//1424 1278//1424 1182//1424
f 1278//726 1277//726 1181//726
f 1277//725 1276//725 1180//725
f 1276//9273 1275//9273 1179//9273
f 1275//723 1274//723 1178//723
f 1274//9155 1273//9155 1177//9155
f 1273//721 1272//721 1176//721
f 1272//1421 1271//1421 1175//1421
f 1271//719 1270//719 1174//719
f 1270//718 1269//718 1173//718
f 1269//717 1268//717 1172//717
f 1268//716 1267//716 1171//716
f 1267//1419 1266//1419 1170//1419
f 1266//1418 1265//1418 1169//1418
f 1265//1417 1264//1417 1168//1417
f 1264//1416 1263//1416 1167//1416
f 1263//711 1262//711 1166//711
f 1262//710 1261//710 1165//710
f 1261//9274 1260//9274 1164//9274
f 1260//708 1259//708 1163//708
f 1259//707 1258//707 1162//707
f 1258//706 1257//706 1161//706
f 1257//705 1256//705 1160//705
f 1256//1409 1255//1409 1159//1409
f 1255//1408 1254//1408 1158//1408
f 1254//702 1253//702 1157//702
f 1253//701 1252//701 1156//701
f 1252//700 1251//700 1155//700
f 1251//699 1250//699 1154//699
f 1250//698 1249//698 1153//698
f 1153//48 1248//48 1152//48
f 1248//9275 1247//9275 1151//9275
f 1247//46 1246//46 1150//46
f 1246//45 1245//45 1149//45
f 1245//44 1244//44 1148//44
f 1244//43 1243//43 1147//43
f 1243//696 1242//696 1146//696
f 1242//41 1241//41 1145//41
f 1241//40 1240//40 1144//40
f 1240//694 1239//694 1143//694
f 1239//38 1238//38 1142//38
f 1238//692 1237//692 1141//692
f 1237//36 1236//36 1140//36
f 1236//35 1235//35 1139//35
f 1235//9276 1234//9276 1138//9276
f 1234//33 1233//33 1137//33
f 1233//32 1232//32 1136//32
f 1232//9277 1231//9277 1135//9277
f 1231//30 1230//30 1134//30
f 1230//9278 1229//9278 1133//9278
f 1229//28 1228//28 1132//28
f 1228//688 1227//688 1131//688
f 1227//9279 1226//9279 1130//9279
f 1226//687 1225//687 1129//687
f 1225//9280 1224//9280 1128//9280
f 1224//23 1223//23 1127//23
f 1223//9281 1222//9281 1126//9281
f 1222//9282 1221//9282 1125//9282
f 1221//685 1220//685 1124//685
f 1220//19 1219//19 1123//19
f 1219//684 1218//684 1122//684
f 1218//17 1217//17 1121//17
f 1217//16 1216//16 1120//16
f 1216//9283 1215//9283 1119//9283
f 1215//14 1214//14 1118//14
f 1214//13 1213//13 1117//13
f 1213//9284 1212//9284 1116//9284
f 1212//11 1211//11 1115//11
f 1211//10 1210//10 1114//10
f 1210//9 1209//9 1113//9
f 1209//8 1208//8 1112//8
f 1208//7 1207//7 1111//7
f 1207//6 1206//6 1110//6
f 1206//5 1205//5 1109//5
f 1205//4 1204//4 1108//4
f 1204//3 1203//3 1107//3
f 1203//2 1202//2 1106//2
f 1202//1 1201//1 1105//1
f 1201//96 1200//96 1104//96
f 1200//95 1199//95 1103//95
f 1199//94 1198//94 1102//94
f 1198//680 1197//680 1101//680
f 1197//92 1196//92 1100//92
f 1196//91 1195//91 1099//91
f 1195//678 1194//678 1098//678
f 1194//89 1193//89 1097//89
f 1193//88 1192//88 1096//88
f 1192//87 1191//87 1095//87
f 1191//86 1190//86 1094//86
f 1190//677 1189//677 1093//677
f 1189//84 1188//84 1092//84
f 1188//83 1187//83 1091//83
f 1187//82 1186//82 1090//82
f 1186//9285 1185//9285 1089//9285
f 1185//80 1184//80 1088//80
f 1184//676 1183//676 1087//676
f 1183//78 1182//78 1086//78
f 1182//77 1181//77 1085//77
f 1181//76 1180//76 1084//76
f 1180//75 1179//75 1083//75
f 1179//74 1178//74 1082//74
f 1178//9286 1177//9286 1081//9286
f 1177//72 1176//72 1080//72
f 1176//71 1175//71 1079//71
f 1175//9287 1174//9287 1078//9287
f 1174//673 1173//673 1077//673
f 1173//68 1172//68 1076//68
f 1172//9288 1171//9288 1075//9288
f 1171//66 1170//66 1074//66
f 1170//9289 1169//9289 1073//9289
f 1169//9290 1168//9290 1072//9290
f 1168//671 1167//671 1071//671
f 1167//62 1166//62 1070//62
f 1166//9291 1165//9291 1069//9291
f 1165//9292 1164//9292 1068//9292
f 1164//9293 1163//9293 1067//9293
f 1163//58 1162//58 1066//58
f 1162//667 1161//667 1065//667
f 1161//9294 1160//9294 1064//9294
f 1160//55 1159//55 1063//55
f 1159//9295 1158//9295 1062//9295
f 1158//53 1157//53 1061//53
f 1157//52 1156//52 1060//52
f 1156//51 1155//51 1059//51
f 1155//50 1154//50 1058//50
f 1154//49 1153//49 1057//49
f 1057//144 1152//144 1056//144
f 1152//143 1151//143 1055//143
f 1151//142 1150//142 1054//142
f 1150//141 1149//141 1053//141
f 1149//140 1148//140 1052//140
f 1148//139 1147//139 1051//139
f 1147//138 1146//138 1050//138
f 1146//9296 1145//9296 1049//9296
f 1145//136 1144//136 1048//136
f 1144//135 1143//135 1047//135
f 1143//134 1142//134 1046//134
f 1142//133 1141//133 1045//133
f 1141//132 1140//132 1044//132
f 1140//131 1139//131 1043//131
f 1139//130 1138//130 1042//130
f 1138//129 1137//129 1041//129
f 1137//9297 1136//9297 1040//9297
f 1136//127 1135//127 1039//127
f 1135//126 1134//126 1038//126
f 1134//125 1133//125 1037//125
f 1133//124 1132//124 1036//124
f 1132//123 1131//123 1035//123
f 1131//122 1130//122 1034//122
f 1130//121 1129//121 1033//121
f 1129//120 1128//120 1032//120
f 1128//119 1127//119 1031//119
f 1127//118 1126//118 1030//118
f 1126//117 1125//117 1029//117
f 1125//116 1124//116 1028//116
f 1124//115 1123//115 1027//115
f 1123//114 1122//114 1026//114
f 1122//9298 1121//9298 1025//9298
f 1121//112 1120//112 1024//112
f 1120//111 1119//111 1023//111
f 1119//110 1118//110 1022//110
f 1118//109 1117//109 1021//109
f 1117//108 1116//108 1020//108
f 1116//9299 1115//9299 1019//9299
f 1115//106 1114//106 1018//106
f 1114//105 1113//105 1017//105
f 1113//104 1112//104 1016//104
f 1112//103 1111//103 1015//103
f 1111//102 1110//102 1014//102
f 1110//101 1109//101 1013//101
f 1109//100 1108//100 1012//100
f 1108//99 1107//99 1011//99
f 1107//98 1106//98 1010//98
f 1106//97 1105//97 1009//97
f 1105//192 1104//192 1008//192
f 1104//191 1103//191 1007//191
f 1103//190 1102//190 1006//190
f 1102//189 1101//189 1005//189
f 1101//188 1100//188 1004//188
f 1100//187 1099//187 1003//187
f 1099//186 1098//186 1002//186
f 1098//9300 1097//9300 1001//9300
f 1097//184 1096//184 1000//184
f 1096//183 1095//183 999//183
f 1095//9301 1094//9301 998//9301
f 1094//181 1093//181 997//181
f 1093//180 1092//180 996//180
f 1092//9302 1091//9302 995//9302
f 1091//178 1090//178 994//178
f 1090//177 1089//177 993//177
f 1089//9303 1088//9303 992//9303
f 1088//175 1087//175 991//175
f 1087//174 1086//174 990//174
f 1086//173 1085//173 989//173
f 1085//172 1084//172 988//172
f 1084//171 1083//171 987//171
f 1083//170 1082//170 986//170
f 1082//169 1081//169 985//169
f 1081//168 1080//168 984//168
f 1080//167 1079//167 983//167
f 1079//166 1078//166 982//166
f 1078//165 1077//165 981//165
f 1077//164 1076//164 980//164
f 1076//163 1075//163 979//163
f 1075//162 1074//162 978//162
f 1074//161 1073//161 977//161
f 1073//160 1072//160 976//160
f 1072//159 1071//159 975//159
f 1071//158 1070//158 974//158
f 1070//157 1069//157 973//157
f 1069//156 1068//156 972//156
f 1068//9304 1067//9304 971//9304
f 1067//154 1066//154 970//154
f 1066//153 1065//153 969//153
f 1065//9305 1064//9305 968//9305
f 1064//151 1063//151 967//151
f 1063//150 1062//150 966//150
f 1062//149 1061//149 965//149
f 1061//148 1060//148 964//148
f 1060//147 1059//147 963//147
f 1059//146 1058//146 962//146
f 1058//145 1057//145 961//145
f 961//240 1056//240 960//240
f 1056//9306 1055//9306 959//9306
f 1055//659 1054//659 958//659
f 1054//237 1053//237 957//237
f 1053//9307 1052//9307 956//9307
f 1052//235 1051//235 955//235
f 1051//234 1050//234 954//234
f 1050//233 1049//233 953//233
f 1049//657 1048//657 952//657
f 1048//231 1047//231 951//231
f 1047//230 1046//230 950//230
f 1046//229 1045//229 949//229
f 1045//228 1044//228 948//228
f 1044//227 1043//227 947//227
f 1043//226 1042//226 946//226
f 1042//225 1041//225 945//225
f 1041//9308 1040//9308 944//9308
f 1040//9309 1039//9309 943//9309
f 1039//9310 1038//9310 942//9310
f 1038//221 1037//221 941//221
f 1037//220 1036//220 940//220
f 1036//651 1035//651 939//651
f 1035//218 1034//218 938//218
f 1034//217 1033//217 937//217
f 1033//216 1032//216 936//216
f 1032//215 1031//215 935//215
f 1031//214 1030//214 934//214
f 1030//213 1029//213 933//213
f 1029//212 1028//212 932//212
f 1028//9311 1027//9311 931//9311
f 1027//210 1026//210 930//210
f 1026//209 1025//209 929//209
f 1025//208 1024//208 928//208
f 1024//9312 1023//9312 927//9312
f 1023//206 1022//206 926//206
f 1022//205 1021//205 925//205
f 1021//204 1020//204 924//204
f 1020//644 1019//644 923//644
f 1019//643 1018//643 922//643
f 1018//201 1017//201 921//201
f 1017//200 1016//200 920//200
f 1016//199 1015//199 919//199
f 1015//9313 1014//9313 918//9313
f 1014//197 1013//197 917//197
f 1013//196 1012//196 916//196
f 1012//195 1011//195 915//195
f 1011//640 1010//640 914//640
f 1010//193 1009//193 913//193
f 1009//9314 1008//9314 912//9314
f 1008//9315 1007//9315 911//9315
f 1007//286 1006//286 910//286
f 1006//9316 1005//9316 909//9316
f 1005//284 1004//284 908//284
f 1004//9317 1003//9317 907//9317
f 1003//282 1002//282 906//282
f 1002//281 1001//281 905//281
f 1001//638 1000//638 904//638
f 1000//279 999//279 903//279
f 999//278 998//278 902//278
f 998//637 997//637 901//637
f 997//636 996//636 900//636
f 996//275 995//275 899//275
f 995//274 994//274 898//274
f 994//273 993//273 897//273
f 993//272 992//272 896//272
f 992//9318 991//9318 895//9318
f 991//634 990//634 894//634
f 990//9319 989//9319 893//9319
f 989//268 988//268 892//268
f 988//267 987//267 891//267
f 987//266 986//266 890//266
f 986//265 985//265 889//265
f 985//264 984//264 888//264
f 984//263 983//263 887//263
f 983//9320 982//9320 886//9320
f 982//9321 981//9321 885//9321
f 981//9322 980//9322 884//9322
f 980//9323 979//9323 883//9323
f 979//258 978//258 882//258
f 978//257 977//257 881//257
f 977//9324 976//9324 880//9324
f 976//255 975//255 879//255
f 975//254 974//254 878//254
f 974//9325 973//9325 877//9325
f 973//627 972//627 876//627
f 972//251 971//251 875//251
f 971//250 970//250 874//250
f 970//249 969//249 873//249
f 969//248 968//248 872//248
f 968//9326 967//9326 871//9326
f 967//9327 966//9327 870//9327
f 966//245 965//245 869//245
f 965//9328 964//9328 868//9328
f 964//624 963//624 867//624
f 963//242 962//242 866//242
f 962//622 961//622 865//622
f 865//336 960//336 864//336
f 960//335 959//335 863//335
f 959//334 958//334 862//334
f 958//621 957//621 861//621
f 957//332 956//332 860//332
f 956//331 955//331 859//331
f 955//330 954//330 858//330
f 954//620 953//620 857//620
f 953//328 952//328 856//328
f 952//327 951//327 855//327
f 951//326 950//326 854//326
f 950//325 949//325 853//325
f 949//324 948//324 852//324
f 948//323 947//323 851//323
f 947//322 946//322 850//322
f 946//321 945//321 849//321
f 945//320 944//320 848//320
f 944//319 943//319 847//319
f 943//318 942//318 846//318
f 942//619 941//619 845//619
f 941//316 940//316 844//316
f 940//315 939//315 843//315
f 939//314 938//314 842//314
f 938//313 937//313 841//313
f 937//312 936//312 840//312
f 936//311 935//311 839//311
f 935//310 934//310 838//310
f 934//309 933//309 837//309
f 933//308 932//308 836//308
f 932//307 931//307 835//307
f 931//306 930//306 834//306
f 930//305 929//305 833//305
f 929//304 928//304 832//304
f 928//303 927//303 831//303
f 927//302 926//302 830//302
f 926//301 925//301 829//301
f 925//300 924//300 828//300
f 924//299 923//299 827//299
f 923//298 922//298 826//298
f 922//297 921//297 825//297
f 921//296 920//296 824//296
f 920//295 919//295 823//295
f 919//294 918//294 822//294
f 918//293 917//293 821//293
f 917//292 916//292 820//292
f 916//291 915//291 819//291
f 915//290 914//290 818//290
f 914//289 913//289 817//289
f 913//384 912//384 816//384
f 912//383 911//383 815//383
f 911//382 910//382 814//382
f 910//381 909//381 813//381
f 909//380 908//380 812//380
f 908//379 907//379 811//379
f 907//378 906//378 810//378
f 906//377 905//377 809//377
f 905//376 904//376 808//376
f 904//375 903//375 807//375
f 903//374 902//374 806//374
f 902//373 901//373 805//373
f 901//372 900//372 804//372
f 900//371 899//371 803//371
f 899//370 898//370 802//370
f 898//369 897//369 801//369
f 897//368 896//368 800//368
f 896//367 895//367 799//367
f 895//366 894//366 798//366
f 894//365 893//365 797//365
f 893//364 892//364 796//364
f 892//363 891//363 795//363
f 891//362 890//362 794//362
f 890//361 889//361 793//361
f 889//9329 888//9329 792//9329
f 888//359 887//359 791//359
f 887//358 886//358 790//358
f 886//357 885//357 789//357
f 885//356 884//356 788//356
f 884//355 883//355 787//355
f 883//354 882//354 786//354
f 882//353 881//353 785//353
f 881//352 880//352 784//352
f 880//351 879//351 783//351
f 879//350 878//350 782//350
f 878//349 877//349 781//349
f 877//348 876//348 780//348
f 876//347 875//347 779//347
f 875//346 874//346 778//346
f 874//345 873//345 777//345
f 873//344 872//344 776//344
f 872//343 871//343 775//343
f 871//342 870//342 774//342
f 870//341 869//341 773//341
f 869//340 868//340 772//340
f 868//339 867//339 771//339
f 867//338 866//338 770//338
f 866//9330 865//9330 769//9330
f 769//432 864//432 768//432
f 864//431 863//431 767//431
f 863//9331 862//9331 766//9331
f 862//429 861//429 765//429
f 861//428 860//428 764//428
f 860//427 859//427 763//427
f 859//426 858//426 762//426
f 858//9332 857//9332 761//9332
f 857//424 856//424 760//424
f 856//423 855//423 759//423
f 855//422 854//422 758//422
f 854//421 853//421 757//421
f 853//420 852//420 756//420
f 852//608 851//608 755//608
f 851//418 850//418 754//418
f 850//417 849//417 753//417
f 849//416 848//416 752//416
f 848//415 847//415 751//415
f 847//414 846//414 750//414
f 846//413 845//413 749//413
f 845//412 844//412 748//412
f 844//411 843//411 747//411
f 843//410 842//410 746//410
f 842//409 841//409 745//409
f 841//408 840//408 744//408
f 840//407 839//407 743//407
f 839//406 838//406 742//406
f 838//9333 837//9333 741//9333
f 837//404 836//404 740//404
f 836//403 835//403 739//403
f 835//402 834//402 738//402
f 834//401 833//401 737//401
f 833//400 832//400 736//400
f 832//399 831//399 735//399
f 831//398 830//398 734//398
f 830//397 829//397 733//397
f 829//396 828//396 732//396
f 828//9334 827//9334 731//9334
f 827//394 826//394 730//394
f 826//393 825//393 729//393
f 825//392 824//392 728//392
f 824//391 823//391 727//391
f 823//390 822//390 726//390
f 822//389 821//389 725//389
f 821//606 820//606 724//606
f 820//387 819//387 723//387
f 819//386 818//386 722//386
f 818//605 817//605 721//605
f 817//604 816//604 720//604
f 816//479 815//479 719//479
f 815//478 814//478 718//478
f 814//477 813//477 717//477
f 813//476 812//476 716//476
f 812//475 811//475 715//475
f 811//474 810//474 714//474
f 810//9335 809//9335 713//9335
f 809//472 808//472 712//472
f 808//471 807//471 711//471
f 807//470 806//470 710//470
f 806//469 805//469 709//469
f 805//468 804//468 708//468
f 804//467 803//467 707//467
f 803//466 802//466 706//466
f 802//465 801//465 705//465
f 801//9336 800//9336 704//9336
f 800//463 799//463 703//463
f 799//462 798//462 702//462
f 798//461 797//461 701//461
f 797//460 796//460 700//460
f 796//459 795//459 699//459
f 795//458 794//458 698//458
f 794//9337 793//9337 697//9337
f 793//9338 792//9338 696//9338
f 792//455 791//455 695//455
f 791//454 790//454 694//454
f 790//453 789//453 693//453
f 789//452 788//452 692//452
f 788//451 787//451 691//451
f 787//450 786//450 690//450
f 786//449 785//449 689//449
f 785//448 784//448 688//448
f 784//447 783//447 687//447
f 783//446 782//446 686//446
f 782//445 781//445 685//445
f 781//444 780//444 684//444
f 780//443 779//443 683//443
f 779//442 778//442 682//442
f 778//441 777//441 681//441
f 777//9339 776//9339 680//9339
f 776//439 775//439 679//439
f 775//438 774//438 678//438
f 774//437 773//437 677//437
f 773//9340 772//9340 676//9340
f 772//435 771//435 675//435
f 771//434 770//434 674//434
f 770//433 769//433 673//433
f 673//528 768//528 672//528
f 768//527 767//527 671//527
f 767//526 766//526 670//526
f 766//525 765//525 669//525
f 765//597 764//597 668//597
f 764//523 763//523 667//523
f 763//596 762//596 666//596
f 762//521 761//521 665//521
f 761//520 760//520 664//520
f 760//519 759//519 663//519
f 759//518 758//518 662//518
f 758//517 757//517 661//517
f 757//516 756//516 660//516
f 756//9341 755//9341 659//9341
f 755//514 754//514 658//514
f 754//513 753//513 657//513
f 753//512 752//512 656//512
f 752//511 751//511 655//511
f 751//510 750//510 654//510
f 750//509 749//509 653//509
f 749//508 748//508 652//508
f 748//9342 747//9342 651//9342
f 747//506 746//506 650//506
f 746//505 745//505 649//505
f 745//504 744//504 648//504
f 744//503 743//503 647//503
f 743//592 742//592 646//592
f 742//501 741//501 645//501
f 741//500 740//500 644//500
f 740//499 739//499 643//499
f 739//498 738//498 642//498
f 738//497 737//497 641//497
f 737//496 736//496 640//496
f 736//495 735//495 639//495
f 735//494 734//494 638//494
f 734//493 733//493 637//493
f 733//492 732//492 636//492
f 732//491 731//491 635//491
f 731//490 730//490 634//490
f 730//489 729//489 633//489
f 729//488 728//488 632//488
f 728//487 727//487 631//487
f 727//486 726//486 630//486
f 726//485 725//485 629//485
f 725//484 724//484 628//484
f 724//483 723//483 627//483
f 723//482 722//482 626//482
f 722//481 721//481 625//481
f 721//576 720//576 624//576
f 720//575 719//575 623//575
f 719//574 718//574 622//574
f 718//573 717//573 621//573
f 717//572 716//572 620//572
f 716//571 715//571 619//571
f 715//9343 714//9343 618//9343
f 714//569 713//569 617//569
f 713//568 712//568 616//568
f 712//567 711//567 615//567
f 711//586 710//586 614//586
f 710//565 709//565 613//565
f 709//564 708//564 612//564
f 708//9344 707//9344 611//9344
f 707//562 706//562 610//562
f 706//561 705//561 609//561
f 705//560 704//560 608//560
f 704//559 703//559 607//559
f 703//558 702//558 606//558
f 702//557 701//557 605//557
f 701//556 700//556 604//556
f 700//555 699//555 603//555
f 699//554 698//554 602//554
f 698//553 697//553 601//553
f 697//552 696//552 600//552
f 696//551 695//551 599//551
f 695//550 694//550 598//550
f 694//549 693//549 597//549
f 693//548 692//548 596//548
f 692//547 691//547 595//547
f 691//546 690//546 594//546
f 690//545 689//545 593//545
f 689//544 688//544 592//544
f 688//543 687//543 591//543
f 687//542 686//542 590//542
f 686//541 685//541 589//541
f 685//540 684//540 588//540
f 684//539 683//539 587//539
f 683//538 682//538 586//538
f 682//537 681//537 585//537
f 681//579 680//579 584//579
f 680//535 679//535 583//535
f 679//534 678//534 582//534
f 678//9345 677//9345 581//9345
f 677//532 676//532 580//532
f 676//531 675//531 579//531
f 675//530 674//530 578//530
f 674//529 673//529 577//529
f 577//576 672//576 576//576
f 672//575 671//575 575//575
f 671//588 670//588 574//588
f 670//573 669//573 573//573
f 669//572 668//572 572//572
f 668//571 667//571 571//571
f 667//9343 666//9343 570//9343
f 666//569 665//569 569//569
f 665//568 664//568 568//568
f 664//587 663//587 567//587
f 663//586 662//586 566//586
f 662//565 661//565 565//565
f 661//564 660//564 564//564
f 660//585 659//585 563//585
f 659//562 658//562 562//562
f 658//561 657//561 561//561
f 657//560 656//560 560//560
f 656//559 655//559 559//559
f 655//558 654//558 558//558
f 654//557 653//557 557//557
f 653//556 652//556 556//556
f 652//555 651//555 555//555
f 651//554 650//554 554//554
f 650//553 649//553 553//553
f 649//552 648//552 552//552
f 648//551 647//551 551//551
f 647//550 646//550 550//550
f 646//549 645//549 549//549
f 645//548 644//548 548//548
f 644//547 643//547 547//547
f 643//546 642//546 546//546
f 642//545 641//545 545//545
f 641//544 640//544 544//544
f 640//543 639//543 543//543
f 639//582 638//582 542//582
f 638//541 637//541 541//541
f 637//540 636//540 540//540
f 636//581 635//581 539//581
f 635//580 634//580 538//580
f 634//537 633//537 537//537
f 633//579 632//579 536//579
f 632//578 631//578 535//578
f 631//534 630//534 534//534
f 630//533 629//533 533//533
f 629//532 628//532 532//532
f 628//577 627//577 531//577
f 627//530 626//530 530//530
f 626//529 625//529 529//529
f 625//528 624//528 528//528
f 624//527 623//527 527//527
f 623//598 622//598 526//598
f 622//525 621//525 525//525
f 621//597 620//597 524//597
f 620//523 619//523 523//523
f 619//596 618//596 522//596
f 618//521 617//521 521//521
f 617//520 616//520 520//520
f 616//595 615//595 519//595
f 615//594 614//594 518//594
f 614//517 613//517 517//517
f 613//516 612//516 516//516
f 612//9346 611//9346 515//9346
f 611//514 610//514 514//514
f 610//513 609//513 513//513
f 609//512 608//512 512//512
f 608//511 607//511 511//511
f 607//510 606//510 510//510
f 606//509 605//509 509//509
f 605//508 604//508 508//508
f 604//507 603//507 507//507
f 603//506 602//506 506//506
f 602//505 601//505 505//505
f 601//504 600//504 504//504
f 600//503 599//503 503//503
f 599//592 598//592 502//592
f 598//501 597//501 501//501
f 597//500 596//500 500//500
f 596//499 595//499 499//499
f 595//498 594//498 498//498
f 594//497 593//497 497//497
f 593//496 592//496 496//496
f 592//495 591//495 495//495
f 591//591 590//591 494//591
f 590//493 589//493 493//493
f 589//492 588//492 492//492
f 588//590 587//590 491//590
f 587//9347 586//9347 490//9347
f 586//489 585//489 489//489
f 585//488 584//488 488//488
f 584//589 583//589 487//589
f 583//486 582//486 486//486
f 582//485 581//485 485//485
f 581//484 580//484 484//484
f 580//9348 579//9348 483//9348
f 579//482 578//482 482//482
f 578//481 577//481 481//481
f 481//604 576//604 480//604
f 576//479 575//479 479//479
f 575//478 574//478 478//478
f 574//477 573//477 477//477
f 573//476 572//476 476//476
f 572//475 571//475 475//475
f 571//474 570//474 474//474
f 570//9335 569//9335 473//9335
f 569//472 568//472 472//472
f 568//471 567//471 471//471
f 567//9349 566//9349 470//9349
f 566//469 565//469 469//469
f 565//468 564//468 468//468
f 564//9350 563//9350 467//9350
f 563//466 562//466 466//466
f 562//465 561//465 465//465
f 561//464 560//464 464//464
f 560//463 559//463 463//463
f 559//462 558//462 462//462
f 558//461 557//461 461//461
f 557//601 556//601 460//601
f 556//459 555//459 459//459
f 555//458 554//458 458//458
f 554//9337 553//9337 457//9337
f 553//456 552//456 456//456
f 552//455 551//455 455//455
f 551//454 550//454 454//454
f 550//453 549//453 453//453
f 549//452 548//452 452//452
f 548//451 547//451 451//451
f 547//450 546//450 450//450
f 546//449 545//449 449//449
f 545//448 544//448 448//448
f 544//447 543//447 447//447
f 543//599 542//599 446//599
f 542//445 541//445 445//445
f 541//444 540//444 444//444
f 540//443 539//443 443//443
f 539//442 538//442 442//442
f 538//441 537//441 441//441
f 537//9339 536//9339 440//9339
f 536//439 535//439 439//439
f 535//438 534//438 438//438
f 534//437 533//437 437//437
f 533//9340 532//9340 436//9340
f 532//435 531//435 435//435
f 531//434 530//434 434//434
f 530//9351 529//9351 433//9351
f 529//610 528//610 432//610
f 528//431 527//431 431//431
f 527//430 526//430 430//430
f 526//609 525//609 429//609
f 525//428 524//428 428//428
f 524//427 523//427 427//427
f 523//426 522//426 426//426
f 522//9332 521//9332 425//9332
f 521//424 520//424 424//424
f 520//423 519//423 423//423
f 519//422 518//422 422//422
f 518//421 517//421 421//421
f 517//420 516//420 420//420
f 516//608 515//608 419//608
f 515//418 514//418 418//418
f 514//417 513//417 417//417
f 513//416 512//416 416//416
f 512//415 511//415 415//415
f 511//414 510//414 414//414
f 510//413 509//413 413//413
f 509//412 508//412 412//412
f 508//411 507//411 411//411
f 507//410 506//410 410//410
f 506//9352 505//9352 409//9352
f 505//408 504//408 408//408
f 504//407 503//407 407//407
f 503//406 502//406 406//406
f 502//405 501//405 405//405
f 501//404 500//404 404//404
f 500//403 499//403 403//403
f 499//402 498//402 402//402
f 498//401 497//401 401//401
f 497//400 496//400 400//400
f 496//399 495//399 399//399
f 495//398 494//398 398//398
f 494//397 493//397 397//397
f 493//396 492//396 396//396
f 492//9334 491//9334 395//9334
f 491//394 490//394 394//394
f 490//393 489//393 393//393
f 489//9353 488//9353 392//9353
f 488//391 487//391 391//391
f 487//390 486//390 390//390
f 486//389 485//389 389//389
f 485//606 484//606 388//606
f 484//387 483//387 387//387
f 483//386 482//386 386//386
f 482//605 481//605 385//605
f 385//384 480//384 384//384
f 480//383 479//383 383//383
f 479//382 478//382 382//382
f 478//615 477//615 381//615
f 477//9354 476//9354 380//9354
f 476//379 475//379 379//379
f 475//378 474//378 378//378
f 474//377 473//377 377//377
f 473//376 472//376 376//376
f 472//375 471//375 375//375
f 471//374 470//374 374//374
f 470//373 469//373 373//373
f 469//372 468//372 372//372
f 468//371 467//371 371//371
f 467//370 466//370 370//370
f 466//369 465//369 369//369
f 465//368 464//368 368//368
f 464//367 463//367 367//367
f 463//366 462//366 366//366
f 462//614 461//614 365//614
f 461//9355 460//9355 364//9355
f 460//363 459//363 363//363
f 459//362 458//362 362//362
f 458//9356 457//9356 361//9356
f 457//360 456//360 360//360
f 456//359 455//359 359//359
f 455//358 454//358 358//358
f 454//9357 453//9357 357//9357
f 453//356 452//356 356//356
f 452//355 451//355 355//355
f 451//354 450//354 354//354
f 450//353 449//353 353//353
f 449//352 448//352 352//352
f 448//351 447//351 351//351
f 447//350 446//350 350//350
f 446//349 445//349 349//349
f 445//348 444//348 348//348
f 444//613 443//613 347//613
f 443//346 442//346 346//346
f 442//345 441//345 345//345
f 441//344 440//344 344//344
f 440//343 439//343 343//343
f 439//342 438//342 342//342
f 438//611 437//611 341//611
f 437//340 436//340 340//340
f 436//339 435//339 339//339
f 435//338 434//338 338//338
f 434//9330 433//9330 337//9330
f 433//9358 432//9358 336//9358
f 432//9359 431//9359 335//9359
f 431//334 430//334 334//334
f 430//621 429//621 333//621
f 429//9360 428//9360 332//9360
f 428//331 427//331 331//331
f 427//330 426//330 330//330
f 426//620 425//620 329//620
f 425//328 424//328 328//328
f 424//327 423//327 327//327
f 423//9361 422//9361 326//9361
f 422//325 421//325 325//325
f 421//324 420//324 324//324
f 420//323 419//323 323//323
f 419//322 418//322 322//322
f 418//321 417//321 321//321
f 417//320 416//320 320//320
f 416//319 415//319 319//319
f 415//318 414//318 318//318
f 414//317 413//317 317//317
f 413//316 412//316 316//316
f 412//315 411//315 315//315
f 411//314 410//314 314//314
f 410//313 409//313 313//313
f 409//312 408//312 312//312
f 408//311 407//311 311//311
f 407//310 406//310 310//310
f 406//309 405//309 309//309
f 405//308 404//308 308//308
f 404//307 403//307 307//307
f 403//306 402//306 306//306
f 402//305 401//305 305//305
f 401//304 400//304 304//304
f 400//303 399//303 303//303
f 399//302 398//302 302//302
f 398//301 397//301 301//301
f 397//300 396//300 300//300
f 396//299 395//299 299//299
f 395//298 394//298 298//298
f 394//297 393//297 297//297
f 393//296 392//296 296//296
f 392//295 391//295 295//295
f 391//294 390//294 294//294
f 390//617 389//617 293//617
f 389//292 388//292 292//292
f 388//291 387//291 291//291
f 387//290 386//290 290//290
f 386//289 385//289 289//289
f 289//288 384//288 288//288
f 384//287 383//287 287//287
f 383//286 382//286 286//286
f 382//285 381//285 285//285
f 381//284 380//284 284//284
f 380//283 379//283 283//283
f 379//282 378//282 282//282
f 378//281 377//281 281//281
f 377//638 376//638 280//638
f 376//279 375//279 279//279
f 375//9362 374//9362 278//9362
f 374//9363 373//9363 277//9363
f 373//636 372//636 276//636
f 372//275 371//275 275//275
f 371//274 370//274 274//274
f 370//635 369//635 273//635
f 369//272 368//272 272//272
f 368//271 367//271 271//271
f 367//9364 366//9364 270//9364
f 366//269 365//269 269//269
f 365//9365 364//9365 268//9365
f 364//267 363//267 267//267
f 363//266 362//266 266//266
f 362//265 361//265 265//265
f 361//632 360//632 264//632
f 360//263 359//263 263//263
f 359//262 358//262 262//262
f 358//261 357//261 261//261
f 357//9322 356//9322 260//9322
f 356//9366 355//9366 259//9366
f 355//258 354//258 258//258
f 354//9367 353//9367 257//9367
f 353//9324 352//9324 256//9324
f 352//255 351//255 255//255
f 351//254 350//254 254//254
f 350//9368 349//9368 253//9368
f 349//9369 348//9369 252//9369
f 348//251 347//251 251//251
f 347//250 346//250 250//250
f 346//249 345//249 249//249
f 345//248 344//248 248//248
f 344//247 343//247 247//247
f 343//625 342//625 246//625
f 342//245 341//245 245//245
f 341//244 340//244 244//244
f 340//624 339//624 243//624
f 339//623 338//623 242//623
f 338//622 337//622 241//622
f 337//240 336//240 240//240
f 336//239 335//239 239//239
f 335//659 334//659 238//659
f 334//237 333//237 237//237
f 333//236 332//236 236//236
f 332//658 331//658 235//658
f 331//234 330//234 234//234
f 330//233 329//233 233//233
f 329//657 328//657 232//657
f 328//231 327//231 231//231
f 327//230 326//230 230//230
f 326//656 325//656 229//656
f 325//655 324//655 228//655
f 324//227 323//227 227//227
f 323//9370 322//9370 226//9370
f 322//9371 321//9371 225//9371
f 321//653 320//653 224//653
f 320//9309 319//9309 223//9309
f 319//9310 318//9310 222//9310
f 318//9372 317//9372 221//9372
f 317//220 316//220 220//220
f 316//651 315//651 219//651
f 315//218 314//218 218//218
f 314//217 313//217 217//217
f 313//216 312//216 216//216
f 312//215 311//215 215//215
f 311//214 310//214 214//214
f 310//213 309//213 213//213
f 309//212 308//212 212//212
f 308//211 307//211 211//211
f 307//9373 306//9373 210//9373
f 306//209 305//209 209//209
f 305//208 304//208 208//208
f 304//207 303//207 207//207
f 303//206 302//206 206//206
f 302//646 301//646 205//646
f 301//204 300//204 204//204
f 300//644 299//644 203//644
f 299//643 298//643 202//643
f 298//201 297//201 201//201
f 297//200 296//200 200//200
f 296//641 295//641 199//641
f 295//9313 294//9313 198//9313
f 294//197 293//197 197//197
f 293//196 292//196 196//196
f 292//195 291//195 195//195
f 291//640 290//640 194//640
f 290//193 289//193 193//193
f 193//192 288//192 192//192
f 288//191 287//191 191//191
f 287//190 286//190 190//190
f 286//189 285//189 189//189
f 285//188 284//188 188//188
f 284//187 283//187 187//187
f 283//186 282//186 186//186
f 282//9300 281//9300 185//9300
f 281//184 280//184 184//184
f 280//183 279//183 183//183
f 279//9301 278//9301 182//9301
f 278//181 277//181 181//181
f 277//180 276//180 180//180
f 276//179 275//179 179//179
f 275//178 274//178 178//178
f 274//177 273//177 177//177
f 273//661 272//661 176//661
f 272//175 271//175 175//175
f 271//174 270//174 174//174
f 270//173 269//173 173//173
f 269//172 268//172 172//172
f 268//171 267//171 171//171
f 267//170 266//170 170//170
f 266//169 265//169 169//169
f 265//168 264//168 168//168
f 264//167 263//167 167//167
f 263//166 262//166 166//166
f 262//165 261//165 165//165
f 261//164 260//164 164//164
f 260//163 259//163 163//163
f 259//162 258//162 162//162
f 258//9374 257//9374 161//9374
f 257//160 256//160 160//160
f 256//159 255//159 159//159
f 255//158 254//158 158//158
f 254//157 253//157 157//157
f 253//156 252//156 156//156
f 252//9304 251//9304 155//9304
f 251//154 250//154 154//154
f 250//153 249//153 153//153
f 249//9305 248//9305 152//9305
f 248//151 247//151 151//151
f 247//150 246//150 150//150
f 246//149 245//149 149//149
f 245//148 244//148 148//148
f 244//147 243//147 147//147
f 243//146 242//146 146//146
f 242//145 241//145 145//145
f 241//144 240//144 144//144
f 240//143 239//143 143//143
f 239//142 238//142 142//142
f 238//141 237//141 141//141
f 237//140 236//140 140//140
f 236//139 235//139 139//139
f 235//138 234//138 138//138
f 234//9296 233//9296 137//9296
f 233//136 232//136 136//136
f 232//135 231//135 135//135
f 231//134 230//134 134//134
f 230//133 229//133 133//133
f 229//132 228//132 132//132
f 228//663 227//663 131//663
f 227//130 226//130 130//130
f 226//129 225//129 129//129
f 225//128 224//128 128//128
f 224//127 223//127 127//127
f 223//126 222//126 126//126
f 222//125 221//125 125//125
f 221//124 220//124 124//124
f 220//123 219//123 123//123
f 219//122 218//122 122//122
f 218//121 217//121 121//121
f 217//120 216//120 120//120
f 216//119 215//119 119//119
f 215//118 214//118 118//118
f 214//117 213//117 117//117
f 213//116 212//116 116//116
f 212//115 211//115 115//115
f 211//114 210//114 114//114
f 210//113 209//113 113//113
f 209//112 208//112 112//112
f 208//111 207//111 111//111
f 207//9375 206//9375 110//9375
f 206//109 205//109 109//109
f 205//108 204//108 108//108
f 204//9299 203//9299 107//9299
f 203//106 202//106 106//106
f 202//105 201//105 105//105
f 201//104 200//104 104//104
f 200//103 199//103 103//103
f 199//102 198//102 102//102
f 198//101 197//101 101//101
f 197//100 196//100 100//100
f 196//99 195//99 99//99
f 195//98 194//98 98//98
f 194//97 193//97 97//97
f 97//96 192//96 96//96
f 192//95 191//95 95//95
f 191//94 190//94 94//94
f 190//93 189//93 93//93
f 189//92 188//92 92//92
f 188//9376 187//9376 91//9376
f 187//678 186//678 90//678
f 186//89 185//89 89//89
f 185//88 184//88 88//88
f 184//87 183//87 87//87
f 183//86 182//86 86//86
f 182//85 181//85 85//85
f 181//9377 180//9377 84//9377
f 180//83 179//83 83//83
f 179//9378 178//9378 82//9378
f 178//9379 177//9379 81//9379
f 177//9380 176//9380 80//9380
f 176//79 175//79 79//79
f 175//78 174//78 78//78
f 174//77 173//77 77//77
f 173//76 172//76 76//76
f 172//75 171//75 75//75
f 171//9381 170//9381 74//9381
f 170//9286 169//9286 73//9286
f 169//9382 168//9382 72//9382
f 168//674 167//674 71//674
f 167//9287 166//9287 70//9287
f 166//673 165//673 69//673
f 165//68 164//68 68//68
f 164//9288 163//9288 67//9288
f 163//9383 162//9383 66//9383
f 162//65 161//65 65//65
f 161//64 160//64 64//64
f 160//671 159//671 63//671
f 159//62 158//62 62//62
f 158//9291 157//9291 61//9291
f 157//9292 156//9292 60//9292
f 156//59 155//59 59//59
f 155//58 154//58 58//58
f 154//667 153//667 57//667
f 153//56 152//56 56//56
f 152//55 151//55 55//55
f 151//54 150//54 54//54
f 150//665 149//665 53//665
f 149//52 148//52 52//52
f 148//51 147//51 51//51
f 147//50 146//50 50//50
f 146//49 145//49 49//49
f 145//48 144//48 48//48
f 144//47 143//47 47//47
f 143//46 142//46 46//46
f 142//45 141//45 45//45
f 141//44 140//44 44//44
f 140//43 139//43 43//43
f 139//42 138//42 42//42
f 138//41 137//41 41//41
f 137//40 136//40 40//40
f 136//694 135//694 39//694
f 135//693 134//693 38//693
f 134//9384 133//9384 37//9384
f 133//691 132//691 36//691
f 132//35 131//35 35//35
f 131//34 130//34 34//34
f 130//9385 129//9385 33//9385
f 129//690 128//690 32//690
f 128//9277 127//9277 31//9277
f 127//689 126//689 30//689
f 126//29 125//29 29//29
f 125//28 124//28 28//28
f 124//688 123//688 27//688
f 123//9279 122//9279 26//9279
f 122//687 121//687 25//687
f 121//24 120//24 24//24
f 120//686 119//686 23//686
f 119//9281 118//9281 22//9281
f 118//21 117//21 21//21
f 117//685 116//685 20//685
f 116//19 115//19 19//19
f 115//684 114//684 18//684
f 114//9386 113//9386 17//9386
f 113//16 112//16 16//16
f 112//9283 111//9283 15//9283
f 111//14 110//14 14//14
f 110//683 109//683 13//683
f 109//9387 108//9387 12//9387
f 108//9388 107//9388 11//9388
f 107//10 106//10 10//10
f 106//9 105//9 9//9
f 105//9389 104//9389 8//9389
f 104//7 103//7 7//7
f 103//6 102//6 6//6
f 102//5 101//5 5//5
f 101//4 100//4 4//4
f 100//3 99//3 3//3
f 99//682 98//682 2//682
f 98//1 97//1 1//1
