# 3ds Max Wavefront OBJ Exporter v0.97b - (c)2007 guruware
# File Created: 01.01.2007 00:18:00

#
# object Plane001
#

v  -4539.9492 -4444.2964 -987.5436
v  -4293.4697 -4444.0151 -859.7814
v  -4296.1108 -4205.2617 -837.0758
v  -4539.3521 -4203.6865 -921.8484
v  -3557.9912 -4443.9600 -639.3137
v  -3312.7600 -4443.9932 -595.4023
v  -3313.5762 -4204.1768 -577.8855
v  -3557.0527 -4202.8560 -629.2527
v  -2576.7847 -4443.9912 -432.7256
v  -2331.0530 -4443.9521 -362.5794
v  -2332.1248 -4203.4907 -355.5457
v  -2575.6548 -4203.3638 -427.0349
v  -1595.1903 -4444.0767 -190.0749
v  -1349.3296 -4444.1899 -130.1270
v  -1350.0409 -4203.5474 -152.9817
v  -1594.0129 -4204.2241 -194.9707
v  -613.1765 -4444.1548 25.7896
v  -368.2278 -4444.0435 66.0554
v  -368.1270 -4203.5122 75.6244
v  -613.3698 -4203.9541 0.1365
v  367.8242 -4443.9590 160.8981
v  613.7447 -4444.4316 195.8685
v  613.2781 -4202.8047 145.9504
v  368.3596 -4204.5430 163.5787
v  1349.4153 -4443.8057 279.6203
v  1595.3066 -4444.6436 336.4456
v  1594.8971 -4203.4956 256.8459
v  1349.9657 -4204.8022 218.4203
v  2331.2585 -4444.3696 409.7708
v  2576.6064 -4443.9907 410.5238
v  2576.6655 -4204.1128 330.6274
v  2331.2861 -4204.1372 327.2642
v  3312.7590 -4444.0537 473.4091
v  3558.2253 -4444.2417 512.0611
v  3558.3269 -4204.3223 434.9447
v  3312.7432 -4203.7588 394.7948
v  4294.3164 -4443.9912 571.8912
v  4539.7119 -4444.0249 577.3891
v  4539.7339 -4203.5303 488.4305
v  4294.2271 -4203.5552 496.5467
v  -4540.1440 -3483.9070 -715.7814
v  -4292.9341 -3481.8704 -645.7789
v  -4295.0068 -3244.5208 -556.4376
v  -4539.2393 -3242.2681 -606.3365
v  -3559.3101 -3484.3774 -512.5806
v  -3311.8330 -3482.4692 -483.5924
v  -3312.8774 -3243.2261 -430.9417
v  -3557.5122 -3241.5559 -449.3806
v  -2577.8142 -3483.8323 -414.2175
v  -2330.0703 -3483.8540 -369.2958
v  -2331.4797 -3242.5930 -411.8559
v  -2576.6138 -3242.9368 -390.6760
v  -1595.8192 -3482.9116 -276.9269
v  -1349.4731 -3483.4341 -248.4159
v  -1349.7357 -3243.0093 -289.9449
v  -1594.9640 -3243.1714 -338.1700
v  -614.2000 -3482.5476 -121.9650
v  -367.5701 -3484.2437 -56.0047
v  -368.3385 -3242.0908 -156.2062
v  -613.1658 -3243.4072 -170.8929
v  367.9125 -3483.0293 -3.6459
v  613.6243 -3483.6113 -32.6775
v  613.4607 -3242.9280 -105.2393
v  368.1353 -3243.1406 -114.6255
v  1349.4113 -3482.3928 2.8491
v  1595.0981 -3483.4131 33.2436
v  1594.8827 -3242.3430 -45.8472
v  1349.6840 -3243.3140 -76.1628
v  2331.1821 -3483.1182 91.1995
v  2576.5657 -3483.0408 94.7097
v  2576.7004 -3243.2981 20.3831
v  2331.3083 -3243.4529 7.1080
v  3312.9167 -3483.3870 165.5842
v  3558.1597 -3482.9382 209.0407
v  3558.9751 -3243.9578 127.3982
v  3312.8313 -3242.9172 93.6965
v  4294.4365 -3483.9058 291.7876
v  4539.5874 -3482.6299 288.8554
v  4539.8164 -3243.1750 258.2720
v  4293.3379 -3241.6968 223.7411
v  -4539.7573 -2523.0349 -415.7594
v  -4293.5889 -2520.8201 -388.1310
v  -4293.8545 -2282.6062 -392.1926
v  -4540.0532 -2281.1628 -345.0070
v  -3558.6785 -2523.4067 -377.0736
v  -3312.8108 -2522.4688 -383.9655
v  -3312.5818 -2282.4487 -396.4093
v  -3558.3223 -2281.9597 -405.4398
v  -2576.6106 -2522.3271 -415.9574
v  -2331.1218 -2522.4912 -457.2584
v  -2331.2114 -2281.9924 -467.6842
v  -2576.9331 -2281.9329 -444.3687
v  -1595.2352 -2522.1284 -417.0322
v  -1349.7736 -2522.2742 -372.1177
v  -1349.9570 -2281.8025 -365.2049
v  -1595.1125 -2282.1250 -438.2976
v  -613.4349 -2522.3979 -261.0235
v  -367.9717 -2522.6995 -254.3972
v  -368.0044 -2282.1401 -228.5331
v  -613.1840 -2282.4412 -257.8972
v  368.0150 -2521.9722 -245.1923
v  613.4900 -2522.8540 -244.4112
v  613.5432 -2282.1038 -262.4196
v  367.9926 -2282.3081 -226.7018
v  1349.5948 -2521.8984 -240.6409
v  1595.2051 -2522.9653 -219.1732
v  1595.0719 -2282.1506 -262.7568
v  1349.6770 -2282.1233 -264.8142
v  2331.0874 -2521.5259 -194.2019
v  2576.5867 -2522.2595 -184.4575
v  2576.6609 -2281.9299 -258.5770
v  2331.1707 -2281.9956 -242.7542
v  3313.0710 -2522.6924 -100.8991
v  3557.2261 -2521.0908 -55.4681
v  3559.4636 -2282.3474 -99.2282
v  3312.4536 -2281.6523 -171.2478
v  4295.2271 -2523.4065 105.8545
v  4539.3921 -2522.3308 154.4164
v  4539.8823 -2282.2668 146.6988
v  4293.1484 -2282.0129 81.2245
v  -4540.0703 -1561.0635 -211.9750
v  -4294.2783 -1561.4265 -267.1433
v  -4294.2876 -1321.1465 -178.6816
v  -4539.5903 -1321.7009 -179.0319
v  -3558.0259 -1562.0905 -319.7537
v  -3313.1111 -1561.0334 -323.8075
v  -3312.3157 -1321.8181 -258.1117
v  -3558.4045 -1320.6466 -238.1373
v  -2575.9241 -1561.9042 -416.3031
v  -2331.3416 -1561.4546 -456.6460
v  -2329.9456 -1321.6566 -437.5533
v  -2577.2266 -1320.6476 -366.0766
v  -1595.4120 -1561.0780 -484.9043
v  -1349.0944 -1561.9949 -428.4119
v  -1349.9650 -1320.1700 -485.8655
v  -1595.8647 -1321.0087 -493.5497
v  -613.9141 -1560.9133 -360.7676
v  -368.1012 -1561.8936 -338.7498
v  -368.1387 -1321.0950 -440.9323
v  -613.4250 -1322.2100 -440.3678
v  368.0255 -1561.6716 -345.8051
v  613.5547 -1560.9937 -381.5113
v  613.5228 -1321.6996 -445.1577
v  368.1150 -1320.7399 -447.5865
v  1349.7130 -1561.7849 -373.3902
v  1594.9470 -1561.1423 -366.8321
v  1595.3159 -1321.5504 -387.4513
v  1349.4985 -1320.8047 -427.8754
v  2331.2705 -1561.6307 -333.4058
v  2576.4641 -1561.3041 -345.1154
v  2576.9832 -1321.3250 -331.8078
v  2331.0681 -1320.9778 -344.1208
v  3312.5093 -1561.4657 -242.7435
v  3557.1343 -1561.2634 -161.0447
v  3557.3672 -1321.0974 -165.0903
v  3312.3428 -1321.0815 -223.3037
v  4295.9595 -1561.6116 71.9566
v  4539.2407 -1561.6724 149.2846
v  4541.0205 -1321.1443 187.4478
v  4294.4893 -1321.3059 73.5847
v  -4539.2515 -601.8565 -9.0289
v  -4294.8647 -599.6141 -15.6103
v  -4293.3149 -360.7699 -6.7464
v  -4541.2705 -359.0877 91.1013
v  -3558.2139 -600.7386 -102.4968
v  -3313.1423 -600.3151 -130.2132
v  -3313.1660 -360.1355 -98.8793
v  -3558.4414 -360.2194 -104.9419
v  -2576.0532 -600.9976 -273.7377
v  -2332.2151 -600.2943 -365.3900
v  -2330.7864 -360.5137 -338.8163
v  -2576.4946 -360.4299 -243.7874
v  -1594.1196 -600.9431 -508.0656
v  -1349.5189 -601.1817 -527.9841
v  -1349.4426 -360.5364 -514.8702
v  -1595.2335 -360.3691 -497.2340
v  -613.5111 -599.8899 -556.0532
v  -368.1060 -600.3842 -568.5759
v  -368.0158 -360.1948 -570.4756
v  -613.5757 -360.1480 -556.4548
v  368.0629 -600.6335 -569.8057
v  613.3878 -600.3318 -560.4957
v  613.4186 -360.2435 -552.4721
v  368.0006 -360.3001 -575.3229
v  1349.5483 -600.5464 -525.3688
v  1595.1409 -600.7048 -480.9153
v  1595.0852 -360.1659 -541.0800
v  1349.7159 -360.5307 -521.2679
v  2331.3625 -600.9209 -412.8262
v  2576.0955 -600.3057 -389.5450
v  2576.5698 -360.3814 -418.5321
v  2330.8481 -360.1083 -469.5867
v  3313.0557 -600.6344 -256.4584
v  3558.5469 -600.6042 -198.5838
v  3557.3000 -359.9200 -221.9951
v  3312.9414 -360.3546 -281.6770
v  4293.4844 -600.3357 21.8190
v  4540.9810 -601.1791 132.6915
v  4539.0688 -359.7683 53.2951
v  4295.7456 -361.0413 -14.1059
v  -4540.4404 360.3109 171.9867
v  -4294.3096 360.3573 65.7333
v  -4294.0244 600.2467 82.7157
v  -4538.9653 600.3937 157.0524
v  -3557.8748 360.1917 -56.5267
v  -3312.5420 360.2575 -49.8258
v  -3312.2629 600.3414 -34.0242
v  -3558.5396 600.9154 -45.8918
v  -2577.0735 360.5039 -181.7752
v  -2331.6636 360.4919 -277.6856
v  -2331.8132 600.7544 -257.2575
v  -2577.2957 600.8273 -168.4793
v  -1594.5984 360.1786 -453.9274
v  -1349.6373 360.3537 -477.4060
v  -1349.4341 600.4355 -468.0866
v  -1594.7109 600.4474 -433.6573
v  -613.4205 360.2973 -533.2803
v  -368.1148 360.3167 -553.5731
v  -367.8804 600.4545 -528.1296
v  -613.4774 600.5629 -527.0046
v  368.2159 360.3796 -592.2004
v  613.5488 360.0487 -580.9518
v  613.7015 600.8018 -633.7849
v  367.5828 600.7205 -580.2304
v  1349.5757 360.1028 -567.8940
v  1594.6785 360.3416 -586.4005
v  1595.3257 600.6938 -549.7114
v  1349.0647 600.5752 -617.0443
v  2331.1794 360.2538 -499.6216
v  2576.9341 360.3241 -447.9717
v  2575.9585 600.5394 -432.2031
v  2331.4512 600.7538 -458.9168
v  3312.7869 360.2919 -325.5206
v  3559.4067 359.8535 -275.8426
v  3558.7236 600.3934 -286.3683
v  3313.6860 600.3697 -324.5902
v  4293.1953 360.8324 -119.3270
v  4539.5605 360.3861 -63.5083
v  4539.3403 600.7076 -90.0575
v  4293.8071 600.7202 -135.1856
v  -4539.6064 1321.0378 293.0651
v  -4294.8853 1321.6455 216.5930
v  -4294.2788 1561.3354 316.4317
v  -4539.8809 1561.5693 383.4061
v  -3557.2585 1320.1345 49.0872
v  -3313.7800 1321.7192 44.7746
v  -3312.0393 1560.9801 43.6835
v  -3559.1577 1562.4280 136.9924
v  -2576.2593 1321.0623 -124.3459
v  -2330.4990 1321.0403 -212.6808
v  -2331.5532 1561.8914 -190.8263
v  -2576.2039 1561.2688 -134.1062
v  -1595.3866 1321.2451 -369.5125
v  -1349.6810 1321.1379 -402.8243
v  -1349.4940 1560.9764 -365.9144
v  -1594.8047 1560.9993 -340.1598
v  -613.4310 1321.1654 -471.8286
v  -368.4213 1321.4670 -479.8139
v  -368.0546 1561.3848 -467.3235
v  -613.8021 1562.0753 -440.5221
v  368.1662 1320.9658 -563.8820
v  613.4686 1320.8302 -620.1087
v  613.3857 1560.6373 -583.4287
v  368.1640 1561.1527 -556.1671
v  1349.9694 1321.5582 -569.5410
v  1595.1063 1321.3640 -492.2006
v  1594.8578 1561.2405 -432.9095
v  1349.8219 1562.2581 -533.4044
v  2331.0996 1320.8870 -418.1057
v  2577.1733 1320.9580 -412.3934
v  2577.1089 1561.7314 -456.9707
v  2330.9761 1562.0266 -377.3779
v  3312.2546 1321.2596 -371.1356
v  3557.3499 1321.4587 -337.7126
v  3558.2178 1561.3949 -356.9254
v  3312.4531 1561.5734 -431.1151
v  4295.1475 1321.0641 -162.3320
v  4539.3511 1321.1218 -111.4762
v  4540.4917 1561.4801 -87.6124
v  4294.1885 1561.4387 -173.7455
v  -4540.3613 2282.6030 581.9106
v  -4294.3604 2282.1477 516.5914
v  -4295.1118 2523.1606 571.3522
v  -4539.5547 2522.1499 606.4839
v  -3558.3391 2282.2800 326.2119
v  -3312.3713 2281.7197 228.3000
v  -3313.5754 2523.5864 325.6432
v  -3557.3784 2521.5237 388.0758
v  -2576.7092 2282.2847 53.0566
v  -2330.7595 2281.3145 2.4579
v  -2331.2935 2522.6790 132.6131
v  -2575.8677 2520.9883 159.8346
v  -1595.0706 2281.9902 -129.7643
v  -1350.0500 2283.0300 -158.4771
v  -1349.3259 2521.6189 -65.8999
v  -1595.2423 2522.7175 2.5556
v  -613.3260 2281.7698 -257.2614
v  -367.9993 2281.8635 -287.8231
v  -367.9978 2522.1697 -180.7383
v  -613.5050 2522.3491 -170.7620
v  368.2332 2281.9053 -380.0619
v  613.5062 2283.1887 -415.3779
v  613.9207 2521.1660 -321.4265
v  367.9309 2522.8525 -274.8860
v  1348.9811 2280.5647 -427.5941
v  1595.7235 2282.4326 -353.2476
v  1595.3387 2521.7231 -388.4686
v  1349.1649 2524.1670 -358.2640
v  2330.7808 2281.7441 -372.0201
v  2576.9187 2281.9744 -464.5462
v  2576.4421 2522.5007 -425.2142
v  2331.2366 2522.5107 -424.1115
v  3312.4465 2282.0056 -451.3123
v  3558.4856 2282.0728 -379.4123
v  3557.1091 2521.8711 -371.6676
v  3312.8130 2522.6497 -412.3042
v  4293.9067 2282.2686 -202.5272
v  4540.6104 2281.8804 -118.0043
v  4539.2803 2522.6702 -165.8546
v  4295.4946 2522.6763 -208.9547
v  -4539.5625 3242.7188 765.2670
v  -4293.9917 3242.6592 735.3478
v  -4294.5342 3483.6272 789.4371
v  -4539.8418 3483.4441 840.0184
v  -3558.5430 3243.3408 584.2293
v  -3312.2598 3242.1421 532.9332
v  -3312.8757 3483.4443 580.0976
v  -3557.8452 3482.6147 644.3414
v  -2577.1829 3243.9443 410.6279
v  -2331.1907 3242.8672 391.4537
v  -2331.3772 3483.5317 447.7892
v  -2576.5054 3482.8601 465.2629
v  -1595.2902 3243.4648 269.3411
v  -1349.7206 3243.2471 198.8714
v  -1350.0287 3484.1421 274.6922
v  -1594.9131 3483.0166 328.9508
v  -613.2370 3242.3523 80.5217
v  -368.1747 3243.2229 67.3321
v  -367.7624 3482.3718 130.4839
v  -613.2620 3482.6006 157.7859
v  368.1681 3242.9148 -41.7595
v  613.0538 3244.1875 -98.2987
v  613.3737 3483.5747 -39.3370
v  367.7932 3483.9570 16.0972
v  1349.8196 3242.3311 -188.4248
v  1595.1644 3242.5288 -233.6657
v  1595.2302 3483.0322 -110.8260
v  1349.8691 3482.1296 -131.9096
v  2331.5601 3241.7673 -298.6814
v  2576.5808 3243.4976 -304.2165
v  2577.4136 3480.9702 -246.0009
v  2330.7222 3484.5271 -183.4379
v  3312.7463 3242.9866 -308.8304
v  3558.8499 3243.5847 -280.8003
v  3557.8291 3482.8086 -230.6424
v  3312.4875 3484.8167 -267.5163
v  4293.5903 3242.6802 -173.8265
v  4539.5610 3242.9446 -142.2072
v  4539.7017 3483.3059 -100.0422
v  4294.5815 3483.8044 -138.1143
v  -4539.6919 4203.7905 1049.7394
v  -4293.9639 4203.1948 1001.5721
v  -4294.2671 4443.9575 1073.6968
v  -4539.6748 4443.9868 1121.0590
v  -3558.8530 4205.2104 886.0879
v  -3312.3611 4202.6484 831.1635
v  -3312.9607 4445.5737 974.4697
v  -3558.0000 4442.9321 966.8494
v  -2576.6328 4203.7935 735.5364
v  -2331.3101 4204.2290 719.2863
v  -2330.9443 4443.3828 826.2014
v  -2576.8909 4445.0249 882.8988
v  -1595.2267 4204.3350 609.0850
v  -1349.3007 4202.8276 561.3349
v  -1349.7354 4444.5352 694.1060
v  -1594.8785 4443.4966 716.1667
v  -613.7783 4204.8125 469.2623
v  -368.3116 4204.4399 442.0712
v  -368.2460 4444.7109 588.7076
v  -613.5091 4444.0259 607.3548
v  368.4629 4202.9634 308.1216
v  613.4627 4203.8721 249.7513
v  613.8680 4443.2144 373.0649
v  367.8355 4444.6548 451.6758
v  1349.5715 4203.9155 162.7643
v  1594.7932 4204.9800 183.5770
v  1594.9948 4444.2241 282.8222
v  1349.5934 4444.3276 283.9927
v  2331.5522 4203.1475 80.0760
v  2575.9370 4205.6431 -1.0563
v  2577.0154 4443.7231 83.6571
v  2330.7788 4444.8413 173.1176
v  3313.2983 4201.9702 -101.2996
v  3558.6824 4204.5161 -83.8424
v  3558.3022 4443.5771 -40.8147
v  3312.8643 4444.1255 -30.6293
v  4293.8945 4203.0845 -41.6686
v  4539.9038 4203.8975 -13.2719
v  4539.6787 4443.9883 -16.3209
v  4294.3306 4444.1777 -11.3137
v  -4539.7373 -4624.2666 -1018.9734
v  -4907.8242 -4804.4326 -1245.1387
v  -3926.2593 -4804.4326 -723.4126
v  -4295.4341 -4624.5479 -885.8725
v  -4723.7813 -4444.1001 -1066.3724
v  -4724.3784 -4204.2666 -997.6021
v  -4907.8242 -3843.5461 -976.2074
v  -3558.3037 -4624.2910 -648.1985
v  -2944.6943 -4804.4326 -550.6954
v  -3312.7522 -4624.2578 -605.7513
v  -4050.0427 -4444.3813 -766.8920
v  -3803.6948 -4444.1245 -695.9439
v  -3802.9395 -4203.2148 -685.0015
v  -4049.0957 -4204.2617 -754.0067
v  -3803.4326 -4604.2236 -701.3978
v  -4047.8669 -4603.9668 -776.5209
v  -2576.4258 -4624.2354 -439.0878
v  -1963.1294 -4804.4326 -264.8568
v  -2331.3752 -4624.2744 -366.3147
v  -3067.3611 -4444.0913 -547.7167
v  -2821.8174 -4444.0688 -494.1129
v  -2821.6550 -4203.6089 -484.2725
v  -3067.8376 -4204.1084 -532.1506
v  -2822.1804 -4604.2793 -502.7969
v  -3067.4192 -4604.2568 -557.5151
v  -1594.8016 -4624.2988 -182.2345
v  -981.5645 -4804.4326 -16.7848
v  -1349.8798 -4624.1855 -118.1465
v  -2085.9841 -4444.1079 -299.5767
v  -1840.1930 -4444.1323 -244.1472
v  -1840.1158 -4204.0181 -243.5720
v  -2086.1675 -4203.6494 -296.2314
v  -1840.6752 -4604.2158 -241.5489
v  -2085.6663 -4604.2402 -300.2891
v  -613.7606 -4624.1675 34.9762
v  0.0000 -4804.4326 134.4898
v  -367.9271 -4624.2788 70.3476
v  -1104.4888 -4444.0190 -77.5477
v  -859.1519 -4444.0010 -25.2419
v  -858.4547 -4204.1650 -55.1937
v  -1104.2828 -4203.8110 -104.9373
v  -858.5866 -4604.3472 -11.1377
v  -1104.0320 -4604.3291 -62.5892
v  368.3572 -4624.3735 173.9556
v  981.5654 -4804.4326 293.2578
v  613.2194 -4623.9009 218.3691
v  -122.5361 -4444.1123 107.3996
v  122.9657 -4444.2070 137.2715
v  122.7812 -4203.9424 149.6291
v  -122.9888 -4203.4375 120.2156
v  122.4250 -4604.1411 139.7883
v  -122.8556 -4604.2358 107.2479
v  1349.9103 -4624.6450 329.1656
v  1963.1284 -4804.4326 532.1055
v  1594.8003 -4623.8071 391.7643
v  858.6102 -4443.7344 217.3438
v  1104.5190 -4444.4785 240.2164
v  1104.2539 -4204.0747 184.3117
v  858.7895 -4203.8818 157.7304
v  1104.0013 -4603.8696 277.6092
v  859.1281 -4604.6138 246.9974
v  2331.1924 -4624.0693 471.6155
v  2944.6948 -4804.4326 530.6224
v  2576.6277 -4624.4487 470.1208
v  1840.1912 -4443.6406 375.0489
v  2085.8010 -4443.9033 398.3311
v  2085.8735 -4204.0566 314.7262
v  1840.4995 -4203.9810 290.8269
v  2085.8469 -4604.4453 455.9768
v  1840.6746 -4604.7075 431.0067
v  3312.8198 -4624.3608 531.0776
v  3926.2588 -4804.4326 687.5516
v  3558.1355 -4624.1729 570.8903
v  2822.0188 -4444.2822 420.8673
v  3067.4282 -4444.1943 442.1628
v  3067.3811 -4203.8281 363.7806
v  2822.0208 -4203.9351 342.4143
v  3067.3511 -4604.1538 492.0525
v  2821.9778 -4604.0659 471.2877
v  4294.3496 -4624.3003 633.6450
v  4907.8232 -4804.4326 709.9368
v  4539.7363 -4624.2666 639.3397
v  3803.5266 -4444.0063 542.9366
v  4048.9580 -4444.1338 562.2316
v  4048.8489 -4203.5249 487.4224
v  3803.6226 -4204.0835 465.8643
v  4048.9504 -4604.2144 616.6407
v  3803.5994 -4604.3418 596.5830
v  4723.7803 -4444.1001 576.1956
v  4907.8232 -3843.5461 350.7833
v  4723.7583 -4204.1514 485.5773
v  -4539.2217 -3722.7654 -801.0204
v  -4540.3345 -3964.0449 -865.4603
v  -4294.4873 -3964.0400 -788.2447
v  -4293.9551 -3723.2317 -723.6221
v  -4723.2656 -3482.5437 -763.9036
v  -4724.1704 -3243.7393 -646.8026
v  -4907.8242 -2882.6594 -523.1157
v  -4702.7349 -3963.2688 -924.6118
v  -4703.8477 -3724.1057 -853.5348
v  -3558.6846 -3723.7512 -563.1002
v  -3557.5483 -3962.9934 -602.9881
v  -3313.2290 -3963.8872 -555.9172
v  -3312.3931 -3723.4451 -525.7892
v  -4048.5637 -3483.0100 -592.4117
v  -3804.0757 -3483.5298 -548.1411
v  -3803.3569 -3242.5837 -476.2488
v  -4049.0081 -3243.2405 -511.3271
v  -4047.6521 -3722.0691 -660.2898
v  -4050.5078 -3964.8438 -716.5966
v  -3802.4941 -3962.7502 -654.1181
v  -3804.7456 -3724.6897 -608.1019
v  -2576.7256 -3723.5505 -417.9574
v  -2576.2639 -3963.3867 -420.9025
v  -2331.5588 -3963.4277 -354.6245
v  -2331.1399 -3723.3613 -357.3634
v  -3067.0020 -3483.2234 -458.3381
v  -2822.1167 -3483.3291 -437.6430
v  -2821.9592 -3243.0354 -398.1057
v  -3067.3152 -3242.7695 -414.2592
v  -3066.4863 -3722.7815 -491.3696
v  -3068.2354 -3964.0706 -515.0068
v  -2821.0510 -3963.2827 -472.1146
v  -2823.1741 -3723.9636 -458.2983
v  -1595.5958 -3723.2769 -238.2634
v  -1594.7247 -3963.7966 -212.6394
v  -1349.6742 -3963.5896 -176.5160
v  -1349.4004 -3723.6379 -208.7223
v  -2085.7485 -3483.1396 -341.3986
v  -1840.9869 -3483.0552 -311.6244
v  -1840.3060 -3243.1257 -371.6608
v  -2085.8752 -3243.1838 -398.3618
v  -1841.1366 -3723.1167 -275.2065
v  -2084.6475 -3723.9854 -313.5414
v  -2086.7383 -3963.4092 -300.7902
v  -1839.4979 -3963.9934 -253.9796
v  -613.2815 -3723.6797 -67.6581
v  -613.0637 -3963.9431 -26.7289
v  -368.3801 -3963.2161 51.4104
v  -368.2729 -3723.1531 7.3014
v  -1104.0093 -3483.4163 -208.3006
v  -858.6727 -3483.4580 -167.2799
v  -859.0809 -3242.6536 -207.6986
v  -1104.3717 -3242.8994 -249.2366
v  -859.5719 -3722.7837 -123.2035
v  -1104.0083 -3723.6389 -168.6046
v  -1104.7438 -3963.3171 -133.8997
v  -858.7803 -3963.7771 -85.2466
v  367.9086 -3722.8921 72.0455
v  368.1722 -3963.7207 127.9566
v  613.3982 -3963.6599 100.3992
v  613.6168 -3724.1091 40.9715
v  -122.8816 -3482.9314 -23.2862
v  122.5175 -3482.6704 -5.6749
v  122.7691 -3243.4397 -118.8008
v  -122.5866 -3243.3169 -132.7161
v  122.9601 -3964.3555 124.3703
v  122.5207 -3723.2153 72.4600
v  -122.1596 -3724.4795 51.2338
v  -122.7551 -3963.3347 98.7182
v  1349.5673 -3723.1082 77.3597
v  1349.6447 -3963.8533 149.3212
v  1595.1083 -3963.7593 183.6023
v  1595.0496 -3723.4888 109.8094
v  859.0079 -3483.8875 -33.0942
v  1104.1764 -3482.8865 -19.0467
v  1104.2427 -3243.1104 -95.6383
v  858.8331 -3242.5391 -103.3241
v  1104.0559 -3722.7256 52.3965
v  859.0148 -3723.7976 38.1227
v  858.6608 -3962.6169 101.4361
v  1104.5513 -3964.4968 120.7661
v  2331.1599 -3723.2244 169.8591
v  2331.2646 -3963.8350 247.6700
v  2576.6294 -3963.7136 251.3274
v  2576.5981 -3723.4478 172.4325
v  1840.4410 -3483.2671 58.2673
v  2085.7693 -3483.0027 78.1487
v  2085.8982 -3243.3567 -5.9930
v  1840.4041 -3242.7617 -22.6763
v  1840.2648 -3963.1899 213.1517
v  2085.8745 -3963.8428 235.2151
v  2085.7781 -3723.2815 157.2536
v  1840.5249 -3723.7456 136.7511
v  3312.8223 -3723.5708 241.2586
v  3312.7722 -3963.6060 317.8588
v  3558.2312 -3963.8621 358.9815
v  3558.1016 -3723.2002 284.4627
v  2821.9897 -3483.2263 110.2066
v  3067.4314 -3483.3494 133.8675
v  3067.3469 -3242.8762 61.9738
v  2822.0269 -3243.0259 37.3636
v  3067.4089 -3723.5176 209.1685
v  2821.9441 -3723.2041 186.1009
v  2822.0364 -3963.8181 263.9153
v  3067.3347 -3963.4893 285.9622
v  4294.3306 -3723.2451 354.0214
v  4294.2402 -3963.3035 421.5866
v  4539.7144 -3963.9297 411.4724
v  4539.7646 -3723.9194 342.7581
v  3803.4932 -3482.9785 243.5036
v  4048.9397 -3483.0234 272.0153
v  4048.6680 -3242.7939 195.9420
v  3804.0510 -3243.5105 163.5779
v  3803.7009 -3964.0530 391.4176
v  4048.8608 -3963.4084 413.2471
v  4049.1665 -3724.2266 342.4656
v  3803.4343 -3723.0688 317.9304
v  4723.8081 -3483.6978 296.1986
v  4907.8242 -2882.6594 245.4743
v  4723.5791 -3242.7092 274.1275
v  4703.3032 -3722.9507 339.4999
v  4703.3530 -3963.3838 405.0974
v  -4539.5923 -2761.6980 -467.5676
v  -4540.1265 -3003.5176 -524.1711
v  -4294.3994 -3003.0188 -482.7892
v  -4294.1553 -2762.1589 -424.6614
v  -4723.6362 -2521.4763 -415.8310
v  -4723.3403 -2282.9050 -330.9289
v  -4907.8242 -1921.7727 -211.8067
v  -4702.9429 -3002.0234 -549.7781
v  -4703.4771 -2763.3997 -482.2102
v  -3558.5471 -2763.3958 -379.7640
v  -3557.9658 -3002.3621 -405.6400
v  -3312.7065 -3002.5481 -396.1424
v  -3312.7439 -2762.4775 -381.7813
v  -4048.7639 -2521.9373 -383.9624
v  -3803.9382 -2523.1741 -381.1359
v  -3803.6501 -2281.8157 -405.5750
v  -4049.1436 -2282.0698 -403.6443
v  -3804.0120 -2763.4558 -389.1985
v  -4048.3230 -2761.1848 -403.1097
v  -4049.7244 -3004.2761 -448.4068
v  -3802.9478 -3001.4250 -422.3604
v  -2576.7014 -2762.6379 -402.4850
v  -2576.5679 -3002.8137 -392.7721
v  -2331.2664 -3002.9622 -428.6786
v  -2331.0610 -2762.6685 -441.4261
v  -3067.3528 -2522.2559 -387.1851
v  -2822.0925 -2522.4163 -395.1056
v  -2822.1782 -2281.9250 -420.8263
v  -3067.1726 -2282.2729 -403.0558
v  -3067.3621 -2762.5176 -380.5985
v  -3067.5305 -3003.0950 -388.4295
v  -2821.9734 -3002.6250 -384.4675
v  -2821.9709 -2762.5613 -384.7757
v  -1595.2151 -2762.3833 -400.1415
v  -1594.9147 -3002.9041 -376.4457
v  -1349.7626 -3002.6777 -327.8041
v  -1349.4926 -2762.6262 -356.7667
v  -2085.6697 -2522.4468 -467.1114
v  -1840.6062 -2522.1616 -451.3587
v  -1840.4595 -2282.1777 -472.8026
v  -2085.8496 -2282.0471 -479.4986
v  -2085.6997 -2762.7251 -449.6299
v  -2086.0569 -3002.2810 -429.2006
v  -1840.2813 -3002.9329 -409.5487
v  -1840.5431 -2762.4165 -433.5218
v  -613.5792 -2762.4854 -251.5289
v  -613.6895 -3002.4319 -220.0947
v  -367.9776 -3003.0952 -214.1462
v  -368.0168 -2762.8367 -246.1684
v  -1104.1013 -2522.4045 -326.0777
v  -858.9703 -2522.2637 -287.0114
v  -858.6049 -2282.3542 -284.9742
v  -1104.5338 -2281.8557 -317.8192
v  -1104.2706 -3002.7705 -285.7833
v  -858.5375 -3003.2000 -247.7810
v  -858.8889 -2762.5195 -275.8764
v  -1104.2990 -2762.5623 -313.0669
v  368.0279 -2762.3823 -226.8882
v  368.1604 -3003.2180 -183.9643
v  613.4423 -3002.3174 -172.1422
v  613.5096 -2762.6138 -218.8275
v  -122.6254 -2522.6150 -244.6921
v  122.6370 -2522.1606 -241.6786
v  122.7785 -2282.0989 -216.3083
v  -122.7114 -2282.0137 -217.6075
v  -122.6433 -2762.8215 -237.4036
v  -122.9277 -3001.8833 -201.2478
v  122.7438 -3002.8835 -190.7996
v  122.6318 -2762.1528 -231.0496
v  1349.6742 -2762.4546 -197.7252
v  1349.6343 -3002.8887 -142.5899
v  1595.0132 -3002.5400 -114.4921
v  1595.0527 -2762.7073 -171.9275
v  858.9010 -2522.3921 -248.8194
v  1104.2831 -2522.2329 -249.5837
v  1104.2458 -2281.9360 -270.4303
v  858.8044 -2282.3276 -272.8800
v  858.8890 -2763.0347 -216.0894
v  858.8514 -3002.6709 -167.2342
v  1104.3289 -3003.2031 -159.4105
v  1104.1844 -2762.0903 -211.2324
v  2331.1765 -2762.4451 -132.5682
v  2331.2898 -3003.1353 -65.5732
v  2576.6360 -3002.8042 -51.7011
v  2576.5037 -2762.1980 -119.0393
v  1840.4442 -2522.4856 -206.5445
v  2085.7854 -2522.2234 -199.4208
v  2085.7961 -2281.8740 -244.2223
v  1840.4818 -2282.2932 -253.4270
v  2085.7126 -2761.8840 -142.9489
v  1840.5775 -2763.1570 -154.5331
v  1840.3103 -3002.2324 -93.8633
v  2085.9050 -3003.1726 -78.3614
v  3312.6340 -2762.3384 -39.3256
v  3312.7385 -3002.6545 24.6165
v  3558.6602 -3003.2888 59.7885
v  3557.9800 -2762.2642 -0.4343
v  2821.8950 -2521.9766 -169.9865
v  3067.2429 -2522.1169 -141.9803
v  3067.5615 -2282.2698 -217.5821
v  2822.1196 -2282.3064 -246.8116
v  3067.6467 -2763.0408 -74.2117
v  2821.9941 -2762.6177 -101.1101
v  2822.0793 -3003.0181 -32.9919
v  3067.3242 -3002.6045 -7.4854
v  4294.5972 -2763.0037 136.9255
v  4294.0596 -3002.5723 175.2407
v  4539.5361 -3002.4875 217.9796
v  4540.0405 -2762.6858 179.0470
v  3803.3711 -2522.0425 -1.7108
v  4049.2063 -2522.7820 52.5609
v  4048.5894 -2282.0781 21.5360
v  3803.8269 -2281.9978 -37.8283
v  4049.8787 -2763.4866 91.1284
v  3802.5840 -2761.4390 44.1181
v  3804.2507 -3003.6448 99.1151
v  4048.0688 -3001.5742 137.2464
v  4724.0845 -2522.4644 193.6393
v  4907.8262 -1921.7727 223.8465
v  4723.5952 -2282.0850 190.5430
v  4703.0293 -2762.4114 207.5046
v  4703.5327 -3003.0527 239.5917
v  -4539.3916 -1802.0356 -258.2803
v  -4539.2964 -2042.6833 -300.4526
v  -4294.5347 -2041.8480 -362.1304
v  -4294.5801 -1801.0646 -320.2908
v  -4723.4355 -1561.8141 -187.3451
v  -4723.9155 -1320.7338 -163.7124
v  -4907.8242 -960.8867 -98.6550
v  -4703.7729 -2041.0842 -272.4429
v  -4703.6777 -1801.2886 -227.3149
v  -3558.1353 -1801.6515 -372.3810
v  -3558.2588 -2041.5938 -401.1882
v  -3312.5637 -2042.0514 -394.6372
v  -3312.9199 -1801.7599 -370.7793
v  -4049.1887 -1560.8431 -292.4206
v  -3803.5264 -1561.4303 -307.3837
v  -3803.6072 -1321.2441 -220.6849
v  -4048.7209 -1321.8673 -198.7073
v  -3803.6560 -2041.5654 -398.8234
v  -3803.4229 -1802.2809 -366.0495
v  -4048.9001 -1801.6517 -351.2846
v  -4048.5889 -2042.5277 -388.4299
v  -2576.6790 -1801.5760 -440.6874
v  -2576.7871 -2041.7032 -449.7736
v  -2331.2407 -2041.8253 -475.3813
v  -2330.9656 -1801.8456 -471.8257
v  -3067.5286 -1561.5383 -343.4004
v  -2822.0701 -1561.3546 -375.9425
v  -2821.8643 -1321.2703 -317.3855
v  -3067.2283 -1321.2101 -283.2502
v  -2822.2935 -2041.7233 -423.8900
v  -2821.4524 -1802.0859 -409.4250
v  -3067.7253 -1801.2235 -384.0558
v  -3067.1328 -2042.0538 -403.7453
v  -1594.7694 -1801.7465 -465.9280
v  -1595.0682 -2041.9561 -450.3047
v  -1349.9252 -2041.6342 -377.2276
v  -1349.8208 -1801.4736 -397.5775
v  -2085.5745 -1561.6240 -487.0641
v  -1840.1605 -1561.5248 -499.5470
v  -1840.9746 -1320.9320 -494.7756
v  -2085.7039 -1321.1971 -478.2787
v  -1840.6960 -1801.4191 -493.3340
v  -2086.0876 -1801.6368 -492.0701
v  -2085.7893 -2041.7833 -489.5075
v  -1840.4204 -2041.9698 -484.2390
v  -613.5867 -1801.7926 -301.6463
v  -613.2137 -2042.1327 -268.2144
v  -368.1027 -2041.7921 -237.8066
v  -368.1252 -1801.4537 -274.3392
v  -1104.4297 -1561.2520 -398.0304
v  -858.9782 -1561.5709 -378.2672
v  -858.8630 -1321.2219 -450.7938
v  -1104.1644 -1321.2433 -467.7325
v  -858.6378 -2042.1198 -295.8848
v  -859.2559 -1801.0458 -326.3789
v  -1103.5958 -1802.3358 -354.9839
v  -1104.4823 -2041.6471 -329.2888
v  368.1602 -1801.2515 -282.5630
v  368.1697 -2041.8772 -242.9915
v  613.4135 -2042.1058 -284.3617
v  613.4016 -1801.9048 -323.6172
v  -122.7341 -1561.2323 -332.4008
v  122.7687 -1561.0302 -334.1405
v  122.6790 -1321.5381 -441.1243
v  -122.6979 -1321.5699 -438.6161
v  -122.6757 -2041.8187 -225.3644
v  122.6097 -2042.0457 -226.3840
v  122.6264 -1801.9164 -265.3049
v  -122.6605 -1802.0260 -263.2048
v  1349.6080 -1801.4940 -334.0603
v  1349.6371 -2041.7144 -298.2526
v  1595.0905 -2042.0715 -298.4907
v  1595.0891 -1801.7522 -333.4897
v  858.7928 -1561.6831 -390.4256
v  1104.2170 -1561.2723 -384.5281
v  1104.3594 -1321.3402 -445.0540
v  858.8967 -1321.0027 -447.9492
v  1104.3125 -1802.0096 -338.9837
v  858.9381 -1801.2383 -339.0323
v  858.9427 -2041.8413 -300.1229
v  1104.2671 -2041.8718 -301.4308
v  2331.2358 -1801.6670 -316.9115
v  2331.1873 -2041.6523 -286.5191
v  2576.7283 -2042.0844 -305.0138
v  2576.5771 -1801.6274 -333.5393
v  1840.4797 -1561.5305 -351.5448
v  2085.8442 -1561.4453 -337.7336
v  2085.7976 -1321.1624 -353.6423
v  1840.3589 -1321.1718 -365.7904
v  2085.8630 -1801.8607 -316.2726
v  1840.3286 -1801.3669 -324.5625
v  1840.4441 -2041.8992 -291.5103
v  2085.7954 -2041.9103 -284.8948
v  3312.9446 -1801.7502 -236.5414
v  3312.9526 -2042.0481 -212.7833
v  3558.4355 -2041.7762 -134.4077
v  3557.3911 -1801.5297 -154.0771
v  2821.9680 -1561.4059 -329.7538
v  3067.5530 -1561.5286 -295.7569
v  3067.0732 -1321.1284 -274.8367
v  2822.0933 -1321.2834 -311.2092
v  2821.8391 -1801.5342 -323.1493
v  2822.0681 -2041.8448 -295.8847
v  3067.0291 -2041.5573 -265.2155
v  3067.4165 -1801.7360 -290.9927
v  4294.5186 -1801.7990 66.6171
v  4293.9805 -2041.8564 68.5463
v  4539.5513 -2041.8635 138.5964
v  4540.5005 -1801.4769 135.6224
v  3802.7822 -1561.3081 -87.5872
v  4049.1270 -1561.5774 -10.4827
v  4049.6782 -1321.2915 -14.8327
v  3803.4688 -1321.1790 -93.2161
v  3804.8213 -2042.2526 -64.2809
v  4047.8000 -2041.6503 1.8595
v  4050.3030 -1801.7866 -6.8375
v  3802.8242 -1801.5339 -80.3788
v  4724.5439 -1561.2552 215.6256
v  4907.8242 -960.8865 394.8660
v  4722.7637 -1321.3402 262.9724
v  4702.5708 -1801.8473 183.9285
v  4703.5200 -2041.9037 180.7717
v  -4540.2095 -839.4294 -72.7377
v  -4539.8716 -1080.5122 -126.8701
v  -4294.1118 -1081.6456 -118.8000
v  -4294.0947 -841.0932 -63.2804
v  -4724.2534 -599.2075 21.4888
v  -4722.2344 -361.5323 139.6402
v  -4907.8242 0.0010 337.9083
v  -4703.1978 -1081.4829 -123.4398
v  -4702.8599 -842.1223 -65.5839
v  -3557.9783 -841.1298 -130.5997
v  -3558.2158 -1081.0225 -177.0719
v  -3312.6194 -1080.9888 -202.0187
v  -3313.1694 -840.4152 -160.6934
v  -4048.7034 -600.8715 -49.7624
v  -3803.3696 -600.9081 -80.7875
v  -3803.8140 -360.1782 -85.9189
v  -4049.5808 -360.0771 -55.3476
v  -3803.4771 -841.0010 -106.4760
v  -4049.4875 -839.8800 -81.6298
v  -4048.9089 -1080.9286 -132.5541
v  -3803.8015 -1080.3940 -154.1643
v  -2576.5269 -840.9461 -302.2890
v  -2576.4731 -1081.0486 -331.9141
v  -2331.0950 -1080.9755 -412.8240
v  -2331.4595 -840.7125 -389.2800
v  -3067.7783 -600.1934 -159.9999
v  -2821.9180 -600.7246 -205.8356
v  -2821.8059 -360.4081 -173.8466
v  -3067.4253 -360.3703 -125.1664
v  -3066.9299 -1081.5654 -233.0239
v  -2822.7549 -1080.3867 -273.8624
v  -2821.4580 -841.1643 -238.4277
v  -3067.6230 -840.5773 -193.0775
v  -1594.5850 -840.9128 -512.6849
v  -1595.5836 -1080.7103 -507.3026
v  -1349.5557 -1081.0215 -513.4255
v  -1349.5493 -841.2023 -526.6014
v  -2086.0681 -600.4905 -432.7791
v  -1839.9758 -600.6908 -478.2023
v  -1840.5636 -360.3016 -462.9583
v  -2085.7937 -360.3458 -410.4460
v  -1841.1487 -1080.9064 -494.1529
v  -1839.6372 -841.0146 -489.2444
v  -2086.8372 -840.4607 -449.8917
v  -2084.6917 -1081.3955 -465.1508
v  -613.5662 -840.3971 -538.8016
v  -613.4720 -1081.0005 -500.8642
v  -368.0893 -1081.3484 -507.2459
v  -368.0757 -840.6711 -548.1164
v  -1104.1581 -600.9807 -539.0467
v  -858.9573 -600.1751 -546.8694
v  -858.8757 -360.3178 -543.5079
v  -1104.2504 -360.3381 -529.9122
v  -1104.2542 -841.2535 -531.8885
v  -1104.4668 -1080.0677 -509.1941
v  -858.7671 -1081.8992 -502.7356
v  -858.8916 -840.2494 -534.4439
v  368.0746 -840.8009 -549.9067
v  368.0702 -1081.3164 -511.2200
v  613.5053 -1080.7815 -502.8141
v  613.4733 -840.6757 -542.9182
v  -122.6844 -600.4494 -575.2817
v  122.6832 -600.5793 -575.6061
v  122.6372 -360.3320 -582.0049
v  -122.6658 -360.3313 -579.2683
v  122.7027 -840.8886 -553.6718
v  -122.7041 -840.7440 -553.1649
v  -122.6984 -1080.7847 -509.4985
v  122.7155 -1080.5417 -511.1976
v  1349.8362 -841.0969 -499.7070
v  1349.7502 -1081.1185 -465.4942
v  1594.9680 -1080.9501 -418.6433
v  1594.7710 -840.3618 -447.7950
v  858.8645 -600.4537 -549.0737
v  1104.4451 -600.8754 -540.2872
v  1104.2821 -360.2731 -527.3935
v  858.8280 -360.2740 -539.4892
v  858.8104 -840.5862 -534.1693
v  858.9061 -1081.5007 -498.5762
v  1104.0981 -1080.5861 -489.3665
v  1104.1395 -840.7415 -522.7487
v  2331.1692 -840.6892 -377.8140
v  2331.1887 -1080.9409 -356.7870
v  2576.7017 -1081.0618 -338.9614
v  2576.5730 -840.8372 -360.1879
v  1840.1619 -600.1401 -460.0201
v  2085.7781 -600.4674 -439.7474
v  2085.9014 -360.4492 -501.9061
v  1840.6090 -360.6229 -527.6639
v  2085.6604 -1080.7644 -371.8629
v  2086.0598 -841.1498 -398.5351
v  1840.5139 -840.8999 -419.4099
v  1840.6971 -1081.3318 -390.0570
v  3312.9536 -840.8436 -237.4186
v  3312.4644 -1080.9069 -224.6866
v  3558.0774 -1080.9574 -168.7714
v  3558.3914 -840.8071 -179.4723
v  2821.9646 -600.6156 -351.9062
v  3067.5625 -600.6218 -307.0392
v  3067.4641 -360.3478 -332.3364
v  2821.7051 -360.2064 -376.2349
v  2822.3577 -1081.1119 -312.7133
v  3067.2495 -1080.9088 -274.4246
v  3067.6709 -840.8871 -286.8344
v  2821.5754 -840.5348 -328.4173
v  4294.7012 -840.9434 55.9518
v  4295.0693 -1081.0698 72.9981
v  4538.7197 -1081.1187 193.7003
v  4538.5884 -840.2128 175.7879
v  3803.7830 -600.5855 -133.5983
v  4049.3098 -600.7218 -61.5604
v  4049.0022 -360.2956 -89.4167
v  3803.0769 -360.1040 -159.1335
v  4047.9988 -840.4952 -36.7953
v  3803.9448 -840.8570 -113.0918
v  3803.0566 -1080.9246 -100.3432
v  4048.8325 -1081.0376 -21.1281
v  4722.6318 -599.9912 204.5234
v  4907.8242 0.0000 56.4108
v  4724.5439 -360.9587 114.6923
v  4704.4814 -841.3385 254.3758
v  4704.3496 -1080.8760 273.0337
v  -4538.9824 120.0844 163.5495
v  -4538.1904 -121.3106 140.4232
v  -4294.9722 -119.8552 26.1440
v  -4294.7227 120.2643 52.3653
v  -4723.0264 360.3062 243.3037
v  -4724.5015 600.6664 220.1111
v  -4907.8242 960.8872 261.6545
v  -4704.8789 -118.9098 207.3851
v  -4704.0869 120.1386 236.1758
v  -3557.9954 120.0177 -72.4237
v  -3558.4229 -119.9565 -90.5863
v  -3312.8164 -120.1486 -80.7151
v  -3312.6445 120.0596 -65.3852
v  -4049.3315 360.4858 -1.7542
v  -3803.3865 360.2393 -40.3842
v  -3803.9216 600.8047 -27.9723
v  -4048.4172 600.1931 17.5402
v  -3803.7051 -120.0383 -74.6730
v  -3803.3499 119.9779 -57.4668
v  -4048.9707 120.1847 -18.1329
v  -4047.9380 -120.5922 -38.5178
v  -2576.6877 120.1542 -199.7004
v  -2576.4143 -120.1860 -219.7267
v  -2331.1848 -120.1242 -316.3734
v  -2331.4695 120.1907 -296.2686
v  -3067.2532 360.2813 -68.3836
v  -2822.0791 360.3755 -112.3675
v  -2822.3606 600.7139 -99.2788
v  -3067.0291 600.4223 -53.2377
v  -3067.2346 120.0437 -84.4444
v  -3067.6470 -119.9544 -102.2889
v  -2821.8992 -120.1533 -149.0227
v  -2822.2104 120.1870 -129.1315
v  -1594.9211 120.0840 -469.2203
v  -1595.1722 -120.0799 -483.1487
v  -1349.6412 -120.1161 -503.1748
v  -1349.6403 120.1104 -490.1270
v  -2086.0784 360.4124 -353.1142
v  -1840.3123 360.3056 -411.8029
v  -1840.1475 600.4581 -389.8972
v  -2085.9817 600.6133 -331.8701
v  -1840.1075 119.9990 -429.7396
v  -2086.0176 120.1756 -372.0849
v  -2085.4084 -120.2363 -391.0946
v  -1840.7506 -119.9969 -446.1895
v  -613.4133 120.0692 -543.6673
v  -613.4846 -120.0962 -552.2537
v  -368.0569 -120.1094 -568.9167
v  -368.1423 120.1098 -564.4850
v  -1104.2494 360.3317 -499.8511
v  -858.8044 360.2909 -517.9081
v  -858.9333 600.6188 -512.8354
v  -1104.2678 600.5425 -492.8828
v  -858.8415 120.0926 -527.1391
v  -1104.3645 120.1735 -509.8506
v  -1104.1777 -120.1648 -520.4580
v  -858.9560 -120.0640 -536.5291
v  368.0720 120.0954 -584.8698
v  368.0285 -120.1101 -577.9336
v  613.4366 -120.0525 -554.9617
v  613.4778 120.3120 -562.4026
v  -122.7513 360.3315 -566.3130
v  122.6807 360.3171 -580.4175
v  122.8486 600.5827 -556.8549
v  -122.5212 600.4739 -540.9540
v  122.8219 120.1279 -585.1589
v  -122.7536 120.1120 -577.1311
v  -122.6139 -120.1109 -580.2491
v  122.6405 -120.1114 -584.3733
v  1349.5747 120.4437 -551.4941
v  1349.6730 -120.0514 -537.5960
v  1595.2180 -120.4013 -566.2216
v  1595.1216 120.1903 -582.2399
v  858.8690 360.5337 -583.0133
v  1104.1836 360.6653 -577.3749
v  1104.5703 600.3337 -639.2559
v  858.8400 600.5266 -645.0402
v  1104.3069 -120.2826 -533.9947
v  1104.2672 119.8928 -548.9565
v  858.9373 119.7970 -553.8803
v  858.8409 -120.0547 -541.4926
v  2331.4360 120.1006 -509.6292
v  2331.2927 -120.2275 -499.0240
v  2576.3140 -119.9845 -443.5679
v  2576.5049 120.0600 -453.8477
v  1840.5127 360.4120 -566.0632
v  2086.0447 360.3223 -534.8921
v  2085.7703 600.4816 -489.9352
v  1839.8688 600.2869 -517.1516
v  1840.1523 120.1318 -574.6620
v  1840.4583 -119.9176 -561.0058
v  2085.5457 -119.8938 -536.7267
v  2085.8052 120.0235 -548.2377
v  3312.8521 120.1176 -316.9420
v  3312.8555 -120.1263 -302.1364
v  3557.6855 -119.8823 -244.4280
v  3558.6089 119.8768 -262.9569
v  2821.8965 360.2814 -407.5921
v  3067.4607 360.3392 -368.2194
v  3067.5830 600.5137 -362.4289
v  2821.8506 600.6996 -398.3567
v  2822.0500 -120.1671 -397.1533
v  3067.5571 -120.1639 -351.8019
v  3067.0774 120.1735 -364.0573
v  2822.3428 120.0935 -408.0689
v  4293.8936 120.3167 -92.8415
v  4294.3936 -120.0740 -56.6776
v  4540.5000 -120.7372 1.1838
v  4539.6631 120.1533 -34.3761
v  3804.0002 360.0984 -225.1439
v  4048.5027 360.5383 -173.0622
v  4048.5879 600.6461 -186.5821
v  3803.9866 600.4494 -238.8840
v  3802.6985 -119.7296 -185.0479
v  4050.2605 -120.7575 -121.2650
v  4048.0552 120.5144 -151.0535
v  3804.4800 119.7350 -207.3073
v  4723.7070 360.3748 -24.3012
v  4907.8242 960.8857 -54.2060
v  4723.9272 600.4962 -53.0604
v  4703.4063 120.0681 1.8736
v  4702.5693 -119.4845 43.2444
v  -4539.9365 1081.2212 221.8467
v  -4540.4575 840.8878 174.2383
v  -4293.8081 840.4147 105.5411
v  -4294.6836 1081.2327 147.3653
v  -4723.9805 1321.4430 344.9363
v  -4723.7061 1561.3545 437.2513
v  -4907.8242 1921.7734 626.9665
v  -4702.6118 840.6647 219.8220
v  -4703.1328 1080.7744 264.2870
v  -3558.3174 1081.4698 5.5427
v  -3558.5303 841.0262 -23.3400
v  -3312.4207 840.6438 -13.5675
v  -3312.6172 1080.8418 15.8969
v  -4049.2922 1321.4542 152.8992
v  -3803.7087 1321.6915 94.4452
v  -3802.8801 1560.7448 195.6259
v  -4048.8284 1561.3048 252.1808
v  -3804.0146 841.1447 -2.9573
v  -3802.6113 1079.9049 34.3800
v  -4049.4265 1081.3817 85.0541
v  -4048.6853 840.5172 42.7243
v  -2576.0322 1080.8063 -134.3242
v  -2576.9695 840.9357 -151.6985
v  -2331.3733 840.8346 -240.1114
v  -2331.3062 1081.0026 -226.4369
v  -3067.2258 1321.0635 -0.3315
v  -2821.4236 1321.0276 -58.4627
v  -2822.2175 1561.5378 -71.5287
v  -3068.2285 1561.9714 -14.8711
v  -3066.9556 840.5709 -34.6321
v  -2822.4326 840.9536 -81.8248
v  -2821.7788 1080.8521 -65.4912
v  -3068.3503 1081.4899 -13.4750
v  -1595.1953 1081.0226 -395.0788
v  -1594.7566 840.6795 -415.5849
v  -1349.6589 840.7642 -451.4290
v  -1349.7117 1081.0564 -429.7532
v  -2085.9148 1321.2244 -276.8395
v  -1840.5865 1321.2443 -328.0350
v  -1840.3444 1561.2997 -300.7304
v  -2085.6846 1561.4509 -249.8443
v  -1840.7815 1081.1364 -351.1883
v  -2085.2361 1080.8303 -296.3880
v  -2086.1680 840.8809 -313.1648
v  -1840.2205 840.7106 -370.9776
v  -613.5023 1081.0546 -493.1735
v  -613.5423 840.8404 -511.5422
v  -367.9124 840.6954 -512.0735
v  -368.1742 1081.0068 -496.6270
v  -1104.3204 1321.2781 -429.9660
v  -858.8932 1321.2762 -453.2258
v  -858.9108 1561.5840 -417.7469
v  -1104.1171 1561.1090 -392.9095
v  -858.8986 840.8015 -498.6542
v  -858.7538 1080.8512 -478.8354
v  -1104.2937 1081.0291 -457.4151
v  -1104.1615 840.6985 -478.3220
v  368.3573 1080.8854 -577.0677
v  368.2398 840.8044 -581.3008
v  613.4487 840.7482 -644.4232
v  613.2924 1080.9958 -636.8522
v  -122.7829 1321.2283 -500.2037
v  122.9663 1321.1069 -527.3181
v  122.6087 1561.5428 -522.0739
v  -122.7889 1561.5735 -491.9581
v  -122.5193 840.6931 -524.9754
v  122.1888 840.9122 -546.4766
v  122.7757 1080.9464 -537.9147
v  -122.9617 1081.1528 -512.0168
v  1349.5665 1080.9833 -599.4365
v  1349.9614 840.5553 -618.9050
v  1594.4777 840.5085 -538.8582
v  1595.2175 1081.1057 -524.6931
v  858.6835 1321.2173 -636.4035
v  1104.1753 1321.2047 -618.7217
v  1104.2869 1562.0387 -583.9648
v  858.8024 1560.7616 -596.9335
v  859.0899 840.9933 -663.8115
v  1103.7562 840.8085 -655.2049
v  1104.5370 1081.2013 -644.4470
v  858.8605 1080.8108 -657.9218
v  2331.2300 1081.2483 -429.4131
v  2331.1616 840.7030 -437.9432
v  2576.4595 840.9213 -417.8831
v  2576.9170 1081.1724 -407.4947
v  1840.6088 1321.3273 -438.9890
v  2085.8389 1321.4700 -417.4077
v  2086.3796 1561.3936 -360.4228
v  1840.4410 1561.2734 -380.0938
v  2086.0771 840.9666 -463.3900
v  2085.6123 1080.6299 -444.4419
v  1840.4563 1081.0071 -473.0646
v  1840.7996 840.9270 -493.8301
v  3312.3318 1081.1135 -343.6703
v  3312.9741 840.7352 -331.0711
v  3558.5955 840.6710 -296.6165
v  3558.1428 1080.9552 -314.0856
v  2822.3081 1321.3938 -416.2537
v  3066.9402 1321.3352 -403.3136
v  3067.5503 1561.3214 -466.1624
v  2821.5623 1561.2073 -476.7779
v  3067.0598 1081.0023 -373.8829
v  2822.4683 1080.7007 -394.3343
v  2821.3672 840.7519 -392.2811
v  3067.9763 840.6944 -363.1077
v  4294.3042 1080.9664 -158.3056
v  4293.9790 840.8676 -149.6770
v  4539.8833 840.7178 -106.4510
v  4540.2271 1081.0704 -114.9416
v  3803.5342 1321.1769 -284.0138
v  4048.9131 1321.1882 -222.8715
v  4049.3838 1561.3947 -239.9260
v  3803.1543 1561.5460 -297.7537
v  3803.7969 840.7181 -251.2255
v  4048.6667 840.8455 -200.3045
v  4049.6533 1080.8657 -211.7434
v  3802.9382 1081.2013 -266.7996
v  4724.2710 1321.2921 -64.8294
v  4907.8242 1921.7734 57.8612
v  4723.1304 1561.3777 -32.6598
v  4702.8423 1080.9233 -82.4479
v  4703.1860 840.8326 -76.7367
v  -4539.2363 2041.5197 533.3229
v  -4539.6621 1801.5760 464.7718
v  -4294.2192 1801.5265 397.2570
v  -4294.7178 2042.2587 462.0382
v  -4723.2803 2281.7410 623.1871
v  -4724.0869 2522.6370 639.9115
v  -4907.8242 2882.6597 709.5621
v  -4703.4072 1801.7490 514.0123
v  -4703.8330 2042.2485 579.0688
v  -3557.7173 2041.4508 257.1368
v  -3557.4890 1800.9662 196.0222
v  -3313.6199 1802.1930 90.6561
v  -3313.1074 2042.2311 154.7425
v  -4049.3267 2282.4800 458.9882
v  -3803.1086 2281.6726 398.7668
v  -3803.6143 2522.3752 455.3435
v  -4049.0298 2522.4060 518.5352
v  -3803.7576 2042.0337 335.3569
v  -4048.8467 2041.7930 399.6562
v  -4048.8196 1801.5150 332.9443
v  -3804.5105 1802.6418 270.3370
v  -2576.4426 2041.5817 -36.1688
v  -2576.8262 1801.7598 -100.9533
v  -2331.0759 1801.6724 -153.0048
v  -2331.2280 2042.0187 -90.4732
v  -3067.7163 2282.4526 158.1692
v  -2821.8337 2281.8030 102.2097
v  -2821.7976 2522.1558 204.6667
v  -3067.3894 2522.4180 261.2519
v  -3066.6096 1801.1937 17.6376
v  -2821.7239 1801.5017 -43.0479
v  -2822.2219 2042.2491 17.8780
v  -3067.0073 2041.4730 78.0545
v  -1595.3784 2042.5291 -222.1129
v  -1594.9530 1801.5214 -290.4921
v  -1349.5082 1801.3308 -315.4146
v  -1349.5891 2041.7020 -245.7378
v  -2085.8364 2282.2405 -40.6510
v  -1840.7698 2282.7505 -85.6895
v  -1840.1602 2521.7510 50.7704
v  -2085.7405 2522.0332 93.2521
v  -2086.2905 1802.1248 -205.8790
v  -1840.1996 1801.3339 -253.1812
v  -1840.4226 2041.7117 -183.6648
v  -2085.4900 2041.2794 -138.8317
v  -613.2975 2041.4524 -335.6223
v  -613.5195 1801.8054 -397.0426
v  -368.1798 1801.7950 -427.7291
v  -368.1472 2042.0586 -367.7244
v  -1104.1979 2281.9231 -196.5916
v  -858.6886 2281.6738 -229.6858
v  -859.0004 2522.6772 -144.4056
v  -1104.4318 2522.6365 -109.7997
v  -1104.1063 1801.3109 -342.6443
v  -859.1245 1802.2043 -369.6679
v  -858.7523 2041.6316 -306.7096
v  -1104.6195 2042.7515 -276.0862
v  368.0018 2042.0952 -458.8377
v  367.9999 1801.7642 -518.2510
v  613.4113 1800.9830 -543.8096
v  613.6596 2042.1080 -490.0414
v  -122.7562 2282.2800 -314.5817
v  122.6107 2282.3169 -345.2890
v  122.7182 2522.2808 -237.3539
v  -122.5640 2521.9475 -205.7119
v  -122.5948 1801.5134 -456.1894
v  122.7737 1801.5763 -486.8628
v  122.7879 2041.6559 -427.3727
v  -122.6434 2041.7250 -396.9912
v  1350.1404 2042.1603 -461.1986
v  1349.6782 1802.2603 -494.0435
v  1595.0498 1801.4949 -395.1615
v  1594.5564 2042.0764 -366.6025
v  859.0507 2282.3293 -436.9099
v  1104.7490 2282.3818 -444.8647
v  1104.2665 2521.9978 -356.2975
v  858.9350 2522.0210 -348.3753
v  858.7776 1801.0609 -556.3567
v  1104.3894 1802.3440 -543.4252
v  1103.6135 2040.3264 -500.1662
v  858.8431 2042.9392 -504.9209
v  2331.3833 2041.7151 -365.7581
v  2331.7708 1801.6150 -369.2673
v  2576.1709 1801.4290 -464.8580
v  2576.2751 2041.9662 -467.4730
v  1839.9476 2282.2979 -335.5976
v  2085.9922 2281.9365 -340.9765
v  2085.5503 2522.6995 -401.8206
v  1840.3170 2522.3640 -390.4904
v  1841.1387 2042.1943 -327.7215
v  1840.2080 1801.3264 -344.8322
v  2085.4888 1802.2124 -334.7727
v  2085.4395 2041.5491 -326.6277
v  3312.9612 2041.9719 -462.1985
v  3312.9414 1801.5431 -455.9128
v  3557.7627 1801.7677 -377.2191
v  3557.9036 2041.8584 -384.7886
v  2821.6663 2282.1877 -491.0103
v  3067.5701 2282.1934 -484.0655
v  3067.2417 2522.2390 -439.2052
v  2822.1062 2521.8572 -440.8174
v  2822.3594 2041.7792 -504.9625
v  2822.4038 1801.9172 -500.1742
v  3067.2581 1801.7592 -495.1249
v  3067.1780 2041.8174 -500.6377
v  4294.7378 2041.8143 -187.2940
v  4294.7749 1801.6163 -177.5417
v  4539.0864 1801.5995 -84.9534
v  4538.9834 2042.1782 -94.4765
v  3803.2949 2282.0796 -320.9565
v  4049.3457 2282.0356 -265.3116
v  4049.0493 2522.5791 -263.6319
v  3803.3779 2522.2158 -319.9224
v  3803.8054 1801.5808 -312.2363
v  4048.6938 1801.6836 -249.3808
v  4048.3962 2041.9774 -258.0951
v  3803.9998 2041.8844 -320.0388
v  4723.0264 2282.3997 -66.1554
v  4907.8232 2882.6582 -155.5959
v  4724.3564 2522.0522 -125.0335
v  4704.0850 2041.5895 -37.2277
v  4703.9824 1801.7252 -26.9033
v  -4539.8853 3003.0583 703.2570
v  -4540.0430 2762.8586 649.3803
v  -4294.4209 2762.6277 620.9181
v  -4293.9570 3002.3374 675.8299
v  -4723.9292 3243.2800 793.2009
v  -4723.6499 3482.9978 871.5511
v  -4907.8242 3843.5459 1015.7653
v  -4703.0264 2762.2388 671.1174
v  -4703.1841 3002.4819 723.2926
v  -3558.4749 3003.0977 524.1738
v  -3558.2227 2762.5969 458.4991
v  -3312.7805 2762.6396 402.6108
v  -3312.4385 3002.1919 471.7224
v  -4048.5657 3242.5586 690.8917
v  -3803.8662 3243.3188 638.4627
v  -3803.3472 3482.8027 697.7660
v  -4049.2407 3483.7178 744.2552
v  -3803.9788 3003.2227 579.6038
v  -4048.6277 3002.4224 632.1915
v  -4049.5981 2763.2493 574.8037
v  -3802.7966 2761.7200 517.6076
v  -2576.9246 3003.2380 342.3439
v  -2576.4063 2762.3774 258.6208
v  -2331.1318 2762.2549 235.7626
v  -2331.2009 3002.7468 321.1004
v  -3067.0471 3242.4141 483.2813
v  -2822.3159 3243.4597 441.3075
v  -2821.9285 3483.0415 493.5957
v  -3067.4963 3483.5015 531.2629
v  -3068.2112 2763.7834 347.3152
v  -2821.3806 2761.3960 296.5736
v  -2822.5020 3003.6292 376.4123
v  -3066.9133 3002.0244 420.4481
v  -1594.9740 3002.7129 192.6034
v  -1594.7689 2761.9724 104.6893
v  -1349.8230 2762.8579 31.3965
v  -1349.8411 3003.1428 120.1171
v  -2085.8098 3242.9685 361.5070
v  -1840.3654 3242.9351 321.6015
v  -1840.5117 3483.2974 378.6745
v  -2085.8542 3483.2786 419.0212
v  -1840.6165 3003.0715 247.8917
v  -2085.7273 3002.5518 289.6011
v  -2086.0237 2763.0869 201.7151
v  -1840.5942 2762.8821 159.0466
v  -613.4446 3002.7336 2.8223
v  -613.6094 2762.8984 -81.3880
v  -367.9552 2762.1689 -89.9005
v  -368.1046 3002.7717 -7.7344
v  -1104.4500 3243.3645 147.7128
v  -858.8357 3242.9558 108.5967
v  -858.6758 3482.6460 187.5042
v  -1104.2769 3483.4194 225.9633
v  -1103.8954 2761.7830 -20.0861
v  -858.9314 2762.6536 -56.7873
v  -858.7095 3002.3494 27.9230
v  -1104.2645 3002.8533 66.7447
v  368.1063 3002.6572 -109.2121
v  368.1092 2762.5024 -186.5005
v  613.5438 2762.2427 -237.1045
v  613.3613 3003.3320 -163.5504
v  -122.7134 3242.9937 40.2788
v  122.7153 3242.8789 3.7591
v  122.5885 3483.5193 62.9450
v  -122.6231 3483.0498 100.6407
v  122.8608 3002.4290 -65.5704
v  -122.8651 3003.2200 -31.3188
v  -122.6421 2762.4741 -112.8159
v  122.4854 2763.0461 -145.1062
v  1350.0221 3001.6523 -257.7740
v  1349.6576 2762.2195 -313.2085
v  1594.9257 2762.5857 -362.0725
v  1594.8005 3003.5317 -308.5776
v  858.7526 3243.5537 -139.2631
v  1104.6310 3241.8738 -165.3048
v  1104.2128 3483.7295 -115.1934
v  858.8018 3483.3977 -81.9708
v  859.2575 2761.3599 -270.6352
v  1103.7975 2764.3718 -290.5018
v  1104.3441 3002.3936 -228.4269
v  858.5289 3003.7021 -201.0980
v  2331.1426 3003.2175 -367.3476
v  2330.9414 2762.9209 -411.2026
v  2576.7153 2762.0786 -401.8804
v  2576.7078 3002.3391 -363.0139
v  1840.1919 3243.7532 -253.8814
v  2085.7515 3243.4392 -274.8516
v  2086.0508 3482.7825 -150.0087
v  1840.6653 3482.0325 -125.1013
v  2085.8953 2762.7588 -398.8000
v  2086.1018 3001.7388 -355.0603
v  1840.4713 3002.5913 -335.9850
v  1840.7537 2761.9280 -383.0235
v  3312.8069 3002.7158 -348.3931
v  3312.6328 2762.4604 -381.7959
v  3557.9868 2762.4375 -348.2122
v  3558.6172 3002.9189 -317.8126
v  2822.0989 3242.5605 -319.1239
v  3067.4158 3242.9373 -322.9752
v  3067.0222 3484.1235 -278.5472
v  2821.9182 3482.9578 -272.0290
v  3067.5444 2762.9043 -402.0459
v  3067.3567 3002.5547 -364.5370
v  2821.9050 3003.4688 -366.7394
v  2821.8835 2762.7485 -406.0467
v  4293.8936 3002.5913 -201.1068
v  4294.4399 2762.8005 -212.5481
v  4540.3130 2762.2737 -180.2884
v  4539.8296 3002.8591 -169.5119
v  3804.0085 3243.1404 -246.5623
v  4048.5027 3242.8130 -209.2302
v  4049.1062 3483.5491 -170.7375
v  3803.4355 3482.9419 -199.8195
v  3804.2419 3003.1528 -280.0795
v  3802.6228 2762.1260 -304.9820
v  4049.9832 2762.8281 -257.2106
v  4048.2808 3002.4146 -239.6806
v  4723.8735 3243.0808 -117.6501
v  4907.8232 3843.5449 17.3308
v  4723.7329 3483.1628 -73.3515
v  4703.2378 3002.6790 -150.6848
v  4702.7549 2762.8218 -156.7340
v  -4539.7202 3963.6306 978.4933
v  -4539.6060 3723.2190 909.5471
v  -4294.6318 3723.9395 857.1334
v  -4294.1670 3963.3210 929.3805
v  -4723.7642 4203.8530 1086.1282
v  -4723.7813 4444.1001 1157.2749
v  -4907.8242 4804.4336 1300.6978
v  -4703.4634 3723.6506 940.9822
v  -4703.3491 3963.6824 1011.2077
v  -3558.0244 3963.2639 793.9970
v  -3557.9558 3723.0249 711.8291
v  -3312.8879 3723.7227 648.0561
v  -3312.9888 3964.3015 730.0704
v  -4048.7756 4203.5425 957.8302
v  -3803.4153 4203.4849 921.2618
v  -3803.7683 4445.3027 991.0424
v  -4048.9724 4444.1279 1030.5327
v  -4049.1699 3723.8330 811.0183
v  -3803.2813 3722.9392 764.4534
v  -3804.2124 3964.9524 841.5917
v  -4048.6348 3963.0854 883.6577
v  -2576.8435 3964.4087 625.1588
v  -2576.5371 3723.2634 536.9027
v  -2331.2454 3723.5005 520.8852
v  -2331.0217 3963.0647 612.8658
v  -3067.5974 4204.5239 799.4973
v  -2822.2349 4204.6299 768.0718
v  -2821.7319 4443.2202 920.3657
v  -3067.2429 4442.6626 952.3961
v  -3067.5291 3723.7703 599.5948
v  -2821.8245 3722.9885 563.0298
v  -2822.0083 3963.5293 652.2166
v  -3066.9380 3962.3923 686.0526
v  -1594.9497 3963.4070 503.5995
v  -1595.1205 3723.5190 408.7747
v  -1349.6680 3723.6416 357.4658
v  -1349.6477 3963.6646 451.9236
v  -2085.6304 4203.2866 684.3553
v  -1840.3409 4203.6294 646.8530
v  -1840.5718 4444.6245 749.8640
v  -2086.1133 4444.8643 786.0361
v  -2085.9138 3723.6602 493.4181
v  -1840.2395 3723.0669 454.9829
v  -1840.6444 3964.1975 546.5712
v  -2085.9031 3963.9651 583.8286
v  -613.5869 3963.9033 347.6164
v  -613.2845 3722.8677 244.6853
v  -368.0142 3723.2715 215.5831
v  -368.2585 3964.1001 319.2901
v  -1104.2565 4203.8862 526.6672
v  -858.9780 4204.1255 496.6815
v  -858.9187 4444.3936 632.8187
v  -1104.1501 4443.5840 663.4815
v  -1104.5728 3724.1924 312.9298
v  -858.7346 3723.0420 275.5515
v  -859.0890 3964.3728 378.0217
v  -1103.9359 3962.6897 411.0266
v  368.0766 3963.6506 191.2362
v  367.9798 3723.7407 94.4209
v  613.4108 3723.6191 38.1889
v  613.6298 3963.2451 135.5749
v  -122.8673 4204.3213 408.1376
v  122.6855 4203.8721 363.5500
v  122.9971 4443.4087 510.9932
v  -122.6170 4443.7065 556.2559
v  -122.4526 3722.8125 182.2836
v  122.4862 3723.9148 142.7370
v  123.0214 3962.8757 241.6391
v  -122.8399 3963.9995 284.8647
v  1349.5916 3964.0706 57.7305
v  1349.6041 3723.9509 -42.0834
v  1595.2742 3722.2542 -14.2182
v  1594.9043 3963.8000 81.6821
v  859.0210 4203.4668 201.7098
v  1104.2004 4204.2925 170.9151
v  1104.2654 4444.0405 293.6273
v  858.5289 4444.8501 320.9447
v  858.8490 3723.5322 -5.0294
v  1104.3938 3722.6350 -34.8048
v  1104.2330 3963.5242 62.5228
v  858.8035 3963.7839 90.9364
v  2331.1755 3963.4622 -7.8602
v  2331.4421 3723.0039 -93.6060
v  2576.5271 3723.1792 -167.0204
v  2576.5781 3964.3486 -84.3860
v  1840.2955 4204.0220 173.4393
v  2085.7844 4203.6841 138.3774
v  2086.2222 4443.5107 236.1447
v  1840.4287 4444.1440 270.5794
v  2086.2014 3962.7722 45.4228
v  1840.2373 3964.5886 76.7429
v  1840.5376 3723.5376 -20.3138
v  2085.2644 3724.9414 -46.9854
v  3313.0645 3963.0811 -160.1936
v  3312.4138 3724.3450 -216.2206
v  3558.0444 3723.1636 -183.3253
v  3558.2742 3963.7246 -134.5363
v  2821.9692 4204.5708 -57.9226
v  3067.6731 4203.3032 -91.0482
v  3067.4485 4443.8960 -14.4378
v  2821.5505 4444.6294 20.7492
v  3067.0979 3724.8279 -222.4453
v  3067.7656 3961.9258 -159.9167
v  2821.3687 3965.2676 -133.9074
v  2822.7380 3721.3843 -207.7464
v  4294.2695 3963.4529 -68.6016
v  4294.4976 3723.7708 -100.7216
v  4539.6890 3723.3845 -63.3208
v  4539.5117 3963.5249 -32.0760
v  3803.6653 4203.9463 -70.9995
v  4048.8787 4203.6748 -58.5866
v  4048.9119 4443.9097 -20.8247
v  3803.5757 4444.4438 -35.3602
v  4049.2729 3723.9822 -130.5103
v  4048.5618 3962.9739 -93.3522
v  3803.9324 3964.4717 -113.3516
v  3803.2217 3722.8198 -156.4636
v  4723.5552 4203.7466 1.0627
v  4907.8242 4804.4316 -3.6633
v  4723.7808 4444.0991 -6.3854
v  4703.5562 3963.7866 -10.8026
v  4703.3784 3723.4836 -38.2854
v  -4539.7373 4624.2661 1175.1050
v  -4294.3638 4624.2944 1127.5481
v  -3926.2595 4804.4316 1110.8593
v  -3558.3772 4625.4692 1044.2875
v  -3312.6343 4622.8286 1063.4794
v  -2944.6948 4804.4336 1164.4838
v  -4048.9377 4604.2183 1077.9050
v  -3803.3594 4603.0439 1044.4760
v  -2576.3408 4623.3872 981.1995
v  -2331.5044 4625.0308 918.2935
v  -1963.1294 4804.4365 925.2771
v  -3067.5376 4605.6870 1047.5162
v  -2822.2661 4605.1304 1017.7363
v  -1595.1805 4624.7910 803.9794
v  -1349.5414 4623.7510 786.1067
v  -981.5647 4804.4336 845.4098
v  -2085.5371 4603.4893 858.7912
v  -1840.2963 4603.7290 821.7003
v  -613.5275 4624.5596 712.7600
v  -368.0082 4623.8730 696.4147
v  0.0000 4804.4307 775.4246
v  -1104.3705 4604.7666 751.0823
v  -858.8196 4603.9561 723.3990
v  368.3882 4623.5747 554.2068
v  613.1378 4625.0161 470.3375
v  981.5645 4804.4316 450.4639
v  -122.7742 4604.6392 656.4373
v  122.3940 4604.9360 610.1294
v  1349.6564 4624.2070 366.5894
v  1595.0372 4624.3105 364.9687
v  1963.1289 4804.4316 444.8817
v  859.2089 4603.4961 398.3004
v  1104.2548 4604.3057 367.8016
v  2331.6133 4623.6772 242.0920
v  2576.1592 4624.7954 146.4709
v  2944.6948 4804.4326 74.7184
v  1840.4386 4604.2021 343.1414
v  2085.4277 4604.8354 305.6176
v  3312.8401 4624.0620 13.5062
v  3558.1846 4624.6104 -1.8076
v  3926.2598 4804.4316 23.7198
v  2822.4473 4603.7178 68.2364
v  3067.3320 4604.4512 28.1841
v  4294.3037 4624.0762 3.4969
v  4539.7373 4624.2656 -5.1874
v  3803.5522 4603.9023 -7.8971
v  4048.9985 4604.4365 -0.5704
# 1636 vertices

vn -0.4084 -0.1802 0.8949
vn -0.4081 -0.0972 0.9078
vn -0.3338 -0.1618 0.9287
vn -0.3423 -0.2373 0.9091
vn -0.2018 -0.0474 0.9783
vn -0.1818 -0.0636 0.9813
vn -0.1882 -0.0790 0.9789
vn -0.2116 -0.0761 0.9744
vn -0.2628 -0.0291 0.9644
vn -0.2613 -0.0212 0.9650
vn -0.2520 -0.0154 0.9676
vn -0.2535 -0.0285 0.9669
vn -0.2225 0.0400 0.9741
vn -0.2227 0.0831 0.9713
vn -0.1833 0.0852 0.9794
vn -0.1843 0.0434 0.9819
vn -0.1933 0.0601 0.9793
vn -0.1633 -0.0118 0.9865
vn -0.2220 0.0462 0.9740
vn -0.2538 0.1075 0.9613
vn -0.1028 0.0569 0.9931
vn -0.1133 0.1726 0.9785
vn -0.0091 0.1638 0.9865
vn 0.0075 0.0573 0.9983
vn -0.1839 0.2598 0.9480
vn -0.1826 0.3046 0.9348
vn -0.1446 0.2913 0.9456
vn -0.1445 0.2564 0.9557
vn -0.0217 0.3239 0.9458
vn -0.0209 0.3128 0.9496
vn -0.0287 0.3155 0.9485
vn -0.0300 0.3201 0.9469
vn -0.1363 0.3042 0.9428
vn -0.1342 0.3062 0.9424
vn -0.1369 0.3012 0.9437
vn -0.1364 0.3050 0.9425
vn -0.0233 0.3176 0.9479
vn -0.0065 0.3369 0.9415
vn 0.0201 0.3212 0.9468
vn -0.0023 0.2982 0.9545
vn -0.2471 -0.3567 0.9009
vn -0.2302 -0.3136 0.9212
vn -0.1832 -0.3289 0.9264
vn -0.1916 -0.3714 0.9085
vn -0.1266 -0.2186 0.9676
vn -0.1072 -0.1842 0.9770
vn -0.0663 -0.1837 0.9807
vn -0.0942 -0.2189 0.9712
vn -0.1120 -0.0154 0.9936
vn -0.1375 0.1181 0.9834
vn -0.0101 0.0808 0.9967
vn 0.0280 -0.0605 0.9978
vn -0.1365 0.1913 0.9720
vn -0.1364 0.1647 0.9769
vn -0.1668 0.1700 0.9712
vn -0.1614 0.1995 0.9665
vn -0.1989 0.2296 0.9527
vn -0.1805 0.3185 0.9306
vn -0.0883 0.2857 0.9542
vn -0.1068 0.1948 0.9750
vn 0.0362 0.3430 0.9387
vn 0.0563 0.2891 0.9556
vn -0.0067 0.2960 0.9552
vn -0.0251 0.3505 0.9362
vn -0.1033 0.3026 0.9475
vn -0.1052 0.3070 0.9459
vn -0.1014 0.2923 0.9509
vn -0.0984 0.2875 0.9527
vn -0.0359 0.3163 0.9480
vn -0.0376 0.3009 0.9529
vn -0.0554 0.2953 0.9538
vn -0.0510 0.3100 0.9494
vn -0.1399 0.2951 0.9452
vn -0.1504 0.3072 0.9397
vn -0.1416 0.2887 0.9469
vn -0.1261 0.2791 0.9520
vn -0.0429 0.2426 0.9692
vn -0.0135 0.1614 0.9868
vn -0.1002 0.1631 0.9815
vn -0.1178 0.2371 0.9643
vn -0.0350 -0.2116 0.9767
vn -0.0557 -0.0578 0.9968
vn 0.0856 -0.0979 0.9915
vn 0.1293 -0.2475 0.9602
vn -0.0049 0.0472 0.9989
vn 0.0200 0.0345 0.9992
vn 0.0046 0.0291 0.9996
vn -0.0205 0.0476 0.9987
vn 0.1132 0.0769 0.9906
vn 0.1040 0.0553 0.9930
vn 0.0827 0.0466 0.9955
vn 0.0946 0.0672 0.9932
vn -0.1718 0.0637 0.9831
vn -0.1827 0.0164 0.9830
vn -0.2244 0.0236 0.9742
vn -0.2124 0.0676 0.9748
vn -0.0764 0.0018 0.9971
vn -0.0334 -0.0374 0.9987
vn -0.0706 -0.0222 0.9973
vn -0.1140 0.0157 0.9934
vn 0.0208 0.0219 0.9995
vn 0.0069 0.0971 0.9953
vn 0.0777 0.0613 0.9951
vn 0.0895 -0.0082 0.9960
vn -0.0554 0.1474 0.9875
vn -0.0661 0.1870 0.9801
vn -0.0302 0.1530 0.9878
vn -0.0172 0.1173 0.9929
vn -0.0213 0.2351 0.9717
vn -0.0456 0.2800 0.9589
vn -0.0012 0.2303 0.9731
vn 0.0282 0.1855 0.9822
vn -0.1752 0.2479 0.9528
vn -0.1987 0.1940 0.9607
vn -0.2529 0.1693 0.9526
vn -0.2242 0.2225 0.9488
vn -0.2036 0.1042 0.9735
vn -0.2004 0.0591 0.9779
vn -0.2403 0.0404 0.9699
vn -0.2427 0.0776 0.9670
vn 0.1540 -0.1856 0.9705
vn 0.1518 -0.2805 0.9478
vn 0.0578 -0.2669 0.9620
vn 0.0400 -0.1620 0.9860
vn 0.0367 -0.2574 0.9656
vn 0.0500 -0.2255 0.9730
vn 0.0862 -0.2521 0.9639
vn 0.0698 -0.2855 0.9558
vn 0.1668 -0.1349 0.9767
vn 0.1429 -0.0604 0.9879
vn 0.2096 -0.1082 0.9718
vn 0.2285 -0.1720 0.9582
vn -0.1227 0.0868 0.9886
vn -0.1641 0.1832 0.9693
vn -0.0688 0.1413 0.9876
vn -0.0177 0.0323 0.9993
vn -0.0724 0.2864 0.9554
vn -0.0521 0.3269 0.9436
vn -0.0107 0.3167 0.9485
vn -0.0192 0.2729 0.9619
vn 0.0776 0.3027 0.9499
vn 0.0875 0.2385 0.9672
vn 0.0125 0.2624 0.9649
vn 0.0104 0.3259 0.9454
vn -0.0462 0.1744 0.9836
vn -0.0476 0.1081 0.9930
vn -0.1137 0.1231 0.9859
vn -0.1108 0.1896 0.9756
vn 0.0052 0.0417 0.9991
vn -0.0075 -0.0088 0.9999
vn -0.0574 0.0023 0.9983
vn -0.0416 0.0512 0.9978
vn -0.2542 -0.0161 0.9670
vn -0.3008 0.0227 0.9534
vn -0.2644 0.0049 0.9644
vn -0.2191 -0.0373 0.9750
vn -0.3177 -0.0309 0.9477
vn -0.3176 -0.1120 0.9416
vn -0.3946 -0.0727 0.9160
vn -0.3768 0.0004 0.9263
vn 0.1135 -0.2788 0.9536
vn 0.0893 -0.1074 0.9902
vn 0.2442 -0.1339 0.9604
vn 0.2999 -0.3030 0.9046
vn 0.0852 -0.0700 0.9939
vn 0.1138 -0.1286 0.9851
vn 0.0559 -0.0831 0.9950
vn 0.0261 -0.0217 0.9994
vn 0.3047 -0.1134 0.9457
vn 0.3091 -0.0976 0.9460
vn 0.3204 -0.0975 0.9423
vn 0.3148 -0.1068 0.9431
vn 0.0964 -0.0300 0.9949
vn 0.0621 -0.0193 0.9979
vn 0.0699 -0.0502 0.9963
vn 0.1026 -0.0535 0.9933
vn 0.0433 0.0390 0.9983
vn 0.0402 0.0474 0.9981
vn 0.0470 -0.0014 0.9989
vn 0.0529 -0.0098 0.9986
vn -0.0355 0.0457 0.9983
vn -0.0416 0.0176 0.9990
vn -0.0661 -0.0048 0.9978
vn -0.0594 0.0172 0.9981
vn -0.0900 0.0804 0.9927
vn -0.1254 0.1921 0.9733
vn -0.0144 0.1373 0.9904
vn 0.0232 0.0208 0.9995
vn -0.1081 0.1724 0.9791
vn -0.1247 0.1172 0.9852
vn -0.1759 0.1241 0.9766
vn -0.1617 0.1761 0.9710
vn -0.2154 0.0891 0.9725
vn -0.2409 0.0861 0.9667
vn -0.2379 0.0934 0.9668
vn -0.2188 0.0923 0.9714
vn -0.3515 0.1554 0.9232
vn -0.3768 0.2414 0.8943
vn -0.2907 0.2335 0.9279
vn -0.2806 0.1510 0.9479
vn 0.3730 0.0011 0.9278
vn 0.3299 -0.0613 0.9420
vn 0.2837 -0.0630 0.9568
vn 0.3056 0.0060 0.9522
vn 0.0163 -0.0576 0.9982
vn 0.0246 -0.0651 0.9976
vn 0.0196 -0.0728 0.9972
vn 0.0126 -0.0709 0.9974
vn 0.3155 -0.0642 0.9468
vn 0.3276 -0.0766 0.9417
vn 0.3170 -0.0713 0.9457
vn 0.3057 -0.0595 0.9503
vn 0.1349 -0.0676 0.9886
vn 0.0944 -0.0445 0.9945
vn 0.1158 -0.0588 0.9915
vn 0.1560 -0.0794 0.9846
vn 0.0634 -0.0441 0.9970
vn 0.0670 -0.0752 0.9949
vn 0.0379 -0.0759 0.9964
vn 0.0317 -0.0445 0.9985
vn 0.0225 0.0233 0.9995
vn -0.0139 0.1504 0.9885
vn 0.1065 0.0970 0.9896
vn 0.1479 -0.0284 0.9886
vn -0.0189 0.0848 0.9962
vn -0.0030 -0.0794 0.9968
vn -0.1627 -0.0489 0.9855
vn -0.1764 0.1163 0.9774
vn -0.1635 -0.0891 0.9825
vn -0.1834 -0.0385 0.9823
vn -0.1311 -0.0779 0.9883
vn -0.1152 -0.1310 0.9847
vn -0.1832 0.0215 0.9828
vn -0.1983 0.0494 0.9789
vn -0.1747 0.0357 0.9840
vn -0.1555 0.0090 0.9878
vn -0.2150 0.0900 0.9724
vn -0.2126 0.1145 0.9704
vn -0.1905 0.0831 0.9782
vn -0.1938 0.0610 0.9791
vn 0.2633 -0.3126 0.9127
vn 0.2607 -0.3195 0.9110
vn 0.2477 -0.3371 0.9083
vn 0.2566 -0.3269 0.9095
vn 0.1315 -0.2078 0.9693
vn 0.1055 -0.0500 0.9932
vn 0.2608 -0.1304 0.9565
vn 0.2748 -0.2862 0.9179
vn 0.2877 -0.0154 0.9576
vn 0.2927 -0.0731 0.9534
vn 0.2384 -0.1048 0.9655
vn 0.2375 -0.0448 0.9703
vn 0.1477 -0.1158 0.9822
vn 0.1210 -0.1309 0.9840
vn 0.1088 -0.1737 0.9788
vn 0.1307 -0.1596 0.9785
vn 0.0588 -0.0988 0.9934
vn 0.0598 -0.0586 0.9965
vn 0.0976 -0.1164 0.9884
vn 0.0970 -0.1552 0.9831
vn 0.1738 -0.0577 0.9831
vn 0.1451 -0.1130 0.9829
vn 0.0953 -0.1413 0.9854
vn 0.1245 -0.0920 0.9879
vn -0.2551 -0.1428 0.9563
vn -0.2519 -0.1822 0.9505
vn -0.2796 -0.1796 0.9432
vn -0.2876 -0.1486 0.9462
vn 0.0250 -0.0555 0.9981
vn -0.0046 0.1181 0.9930
vn 0.1697 0.0660 0.9833
vn 0.1884 -0.1157 0.9752
vn -0.1483 0.1554 0.9767
vn -0.1764 0.0846 0.9807
vn -0.2461 0.0990 0.9642
vn -0.2126 0.1722 0.9618
vn -0.2311 0.0134 0.9728
vn -0.2235 -0.0652 0.9725
vn -0.3008 -0.0386 0.9529
vn -0.2925 0.0330 0.9557
vn 0.2285 -0.1578 0.9607
vn 0.2344 -0.2178 0.9474
vn 0.1809 -0.1937 0.9642
vn 0.1594 -0.1277 0.9789
vn 0.3045 -0.2658 0.9147
vn 0.3029 -0.3207 0.8975
vn 0.2468 -0.3146 0.9166
vn 0.2509 -0.2541 0.9341
vn 0.1778 -0.3816 0.9071
vn 0.1685 -0.4148 0.8942
vn 0.1277 -0.4225 0.8973
vn 0.1365 -0.3879 0.9115
vn 0.1461 -0.4005 0.9046
vn 0.1297 -0.3451 0.9296
vn 0.1937 -0.3771 0.9057
vn 0.2061 -0.4300 0.8790
vn 0.1029 -0.3320 0.9377
vn 0.1076 -0.3607 0.9264
vn 0.0733 -0.3707 0.9259
vn 0.0696 -0.3418 0.9372
vn 0.1341 -0.3482 0.9278
vn 0.1117 -0.3269 0.9384
vn 0.1380 -0.3493 0.9268
vn 0.1544 -0.3699 0.9161
vn -0.1411 -0.1470 0.9790
vn -0.1701 0.0550 0.9839
vn 0.0197 -0.0439 0.9988
vn 0.0535 -0.2388 0.9696
vn 0.2055 0.0745 0.9758
vn 0.2292 -0.0957 0.9687
vn 0.0692 -0.0831 0.9941
vn 0.0463 0.0884 0.9950
vn -0.1972 -0.0865 0.9766
vn -0.2558 -0.0204 0.9665
vn -0.1958 -0.0827 0.9771
vn -0.1349 -0.1480 0.9798
vn -0.2745 0.0635 0.9595
vn -0.2943 0.1531 0.9434
vn -0.2010 0.1064 0.9738
vn -0.1948 0.0118 0.9808
vn 0.1365 -0.2626 0.9552
vn 0.1461 -0.2267 0.9630
vn 0.1768 -0.2515 0.9516
vn 0.1777 -0.2868 0.9414
vn 0.2114 -0.2314 0.9496
vn 0.1956 -0.2157 0.9567
vn 0.2116 -0.2330 0.9492
vn 0.2266 -0.2502 0.9413
vn 0.0996 -0.2470 0.9639
vn 0.0950 -0.2540 0.9625
vn 0.0901 -0.2581 0.9619
vn 0.0914 -0.2521 0.9634
vn 0.2279 -0.2724 0.9348
vn 0.2279 -0.2992 0.9266
vn 0.2004 -0.3002 0.9326
vn 0.2015 -0.2715 0.9411
vn 0.0839 -0.2998 0.9503
vn 0.0804 -0.2743 0.9583
vn 0.1063 -0.2988 0.9484
vn 0.1082 -0.3221 0.9405
vn 0.1952 -0.2475 0.9490
vn 0.1901 -0.2449 0.9507
vn 0.1897 -0.2678 0.9446
vn 0.1959 -0.2677 0.9434
vn 0.1060 -0.2828 0.9533
vn 0.1201 -0.3777 0.9181
vn 0.0085 -0.3870 0.9220
vn -0.0054 -0.2850 0.9585
vn 0.0705 -0.3282 0.9420
vn 0.0417 -0.2265 0.9731
vn 0.1515 -0.2952 0.9434
vn 0.1696 -0.3894 0.9053
vn -0.0899 -0.1680 0.9817
vn -0.1237 -0.1741 0.9769
vn -0.1280 -0.1953 0.9724
vn -0.0949 -0.1919 0.9768
vn -0.1373 -0.1315 0.9818
vn -0.1278 -0.1449 0.9812
vn -0.1439 -0.1582 0.9769
vn -0.1411 -0.1512 0.9784
vn 0.1854 -0.2801 0.9419
vn 0.1760 -0.2834 0.9427
vn 0.1748 -0.2816 0.9435
vn 0.1836 -0.2809 0.9420
vn 0.1486 -0.3610 0.9206
vn 0.1490 -0.4491 0.8809
vn 0.0351 -0.4547 0.8900
vn 0.0305 -0.3435 0.9387
vn 0.0996 -0.4529 0.8860
vn 0.0974 -0.4013 0.9108
vn 0.1637 -0.4400 0.8829
vn 0.1643 -0.5008 0.8498
vn 0.1488 -0.4106 0.8996
vn 0.1455 -0.4460 0.8831
vn 0.1000 -0.4571 0.8838
vn 0.1021 -0.4157 0.9038
vn 0.0959 -0.4760 0.8742
vn 0.1066 -0.4864 0.8672
vn 0.0883 -0.5134 0.8536
vn 0.0777 -0.4986 0.8633
vn 0.2055 -0.4581 0.8648
vn 0.1937 -0.4329 0.8804
vn 0.2269 -0.4591 0.8589
vn 0.2329 -0.4921 0.8388
vn -0.0170 -0.4166 0.9089
vn -0.0188 -0.3850 0.9227
vn 0.0159 -0.4082 0.9128
vn 0.0195 -0.4348 0.9003
vn 0.2573 -0.3369 0.9057
vn 0.2607 -0.3164 0.9121
vn 0.2845 -0.3201 0.9037
vn 0.2781 -0.3511 0.8941
vn -0.0054 -0.2428 0.9701
vn -0.0600 -0.1834 0.9812
vn 0.0033 -0.2062 0.9785
vn 0.0504 -0.2636 0.9633
vn -0.0789 -0.0972 0.9921
vn -0.0985 -0.0243 0.9948
vn -0.0317 -0.0436 0.9985
vn -0.0083 -0.1112 0.9938
vn -0.4508 -0.1644 0.8774
vn -0.4249 -0.2077 0.8811
vn -0.3071 0.0002 0.9517
vn -0.4461 -0.1447 0.8832
vn -0.3857 -0.2339 0.8925
vn -0.3733 -0.2485 0.8938
vn -0.3451 -0.2942 0.8913
vn -0.1856 -0.0456 0.9816
vn -0.2206 -0.0744 0.9725
vn -0.1766 -0.0535 0.9828
vn -0.3185 -0.0520 0.9465
vn -0.2502 -0.0378 0.9675
vn -0.2420 -0.0878 0.9663
vn -0.2927 -0.1099 0.9499
vn -0.2450 -0.0019 0.9695
vn -0.3510 -0.0273 0.9360
vn -0.2729 -0.0337 0.9615
vn -0.2463 0.0215 0.9689
vn -0.2747 -0.0281 0.9611
vn -0.1996 -0.0583 0.9782
vn -0.2259 -0.0438 0.9732
vn -0.2087 -0.0499 0.9767
vn -0.1851 -0.0705 0.9802
vn -0.2370 -0.0658 0.9693
vn -0.1998 -0.0727 0.9771
vn -0.2429 0.0455 0.9690
vn -0.2021 0.0749 0.9765
vn -0.2417 0.0480 0.9692
vn -0.2353 -0.0059 0.9719
vn -0.2150 0.0099 0.9766
vn -0.1964 0.0195 0.9803
vn -0.2237 0.0002 0.9747
vn -0.2277 0.0233 0.9735
vn -0.2472 0.0045 0.9690
vn -0.1583 0.0448 0.9864
vn -0.1418 0.0580 0.9882
vn -0.1480 0.0439 0.9880
vn -0.2063 0.1015 0.9732
vn -0.2070 0.1012 0.9731
vn -0.2101 0.1180 0.9705
vn -0.1961 0.1117 0.9742
vn -0.1936 0.0830 0.9776
vn -0.2143 0.0869 0.9729
vn -0.1560 0.0831 0.9843
vn -0.1574 0.1682 0.9731
vn -0.1554 0.0865 0.9841
vn -0.1449 -0.0250 0.9891
vn -0.1035 -0.0127 0.9946
vn -0.0859 0.0246 0.9960
vn -0.1471 0.0195 0.9889
vn -0.1247 0.0392 0.9914
vn -0.1457 0.0243 0.9890
vn -0.2163 0.2590 0.9413
vn -0.1013 0.3569 0.9286
vn -0.2150 0.2710 0.9383
vn -0.0948 0.2128 0.9725
vn -0.1196 0.2287 0.9661
vn -0.1104 0.2408 0.9643
vn -0.0752 0.2237 0.9717
vn -0.1493 0.2018 0.9680
vn -0.1184 0.1597 0.9800
vn -0.0083 0.3261 0.9453
vn -0.0788 0.2707 0.9594
vn -0.0068 0.3179 0.9481
vn -0.1201 0.3280 0.9370
vn -0.0666 0.3323 0.9408
vn -0.0687 0.3204 0.9448
vn -0.1132 0.3149 0.9423
vn -0.0583 0.3575 0.9321
vn -0.1372 0.3457 0.9283
vn -0.1436 0.2993 0.9433
vn -0.0800 0.3476 0.9342
vn -0.1428 0.3061 0.9412
vn -0.0608 0.3047 0.9505
vn -0.1015 0.3025 0.9477
vn -0.1018 0.3074 0.9461
vn -0.0635 0.3106 0.9484
vn -0.1083 0.2771 0.9547
vn -0.0518 0.2814 0.9582
vn -0.0271 0.3277 0.9444
vn -0.0104 0.3397 0.9405
vn -0.0165 0.3287 0.9443
vn -0.0984 0.3094 0.9458
vn -0.0557 0.3092 0.9494
vn -0.0585 0.2972 0.9530
vn -0.1019 0.2995 0.9486
vn -0.0530 0.3403 0.9388
vn -0.1039 0.3345 0.9366
vn 0.0014 0.3464 0.9381
vn 0.0433 0.2474 0.9679
vn 0.0090 0.3414 0.9399
vn -0.2922 -0.2887 0.9118
vn -0.3172 -0.2269 0.9208
vn -0.2856 -0.2092 0.9352
vn -0.2601 -0.2767 0.9251
vn -0.2107 -0.4034 0.8904
vn -0.1954 -0.4026 0.8943
vn -0.0613 -0.3176 0.9462
vn -0.3519 -0.2442 0.9036
vn -0.3095 -0.3145 0.8974
vn -0.1654 -0.1860 0.9685
vn -0.1976 -0.1325 0.9713
vn -0.1702 -0.1053 0.9798
vn -0.1379 -0.1510 0.9789
vn -0.1886 -0.2837 0.9402
vn -0.1565 -0.2517 0.9551
vn -0.1149 -0.2546 0.9602
vn -0.1520 -0.2931 0.9439
vn -0.2269 -0.2468 0.9421
vn -0.2620 -0.1795 0.9482
vn -0.2162 -0.1546 0.9640
vn -0.1870 -0.2166 0.9582
vn -0.2008 -0.0254 0.9793
vn -0.2359 -0.0162 0.9717
vn -0.2302 0.0064 0.9731
vn -0.1917 0.0306 0.9810
vn -0.0968 -0.1493 0.9840
vn -0.0899 -0.1069 0.9902
vn -0.0436 -0.1179 0.9921
vn -0.0703 -0.1478 0.9865
vn -0.1392 -0.1188 0.9831
vn -0.1698 -0.0801 0.9822
vn -0.1805 -0.0498 0.9823
vn -0.1413 -0.0776 0.9869
vn -0.1383 0.1319 0.9816
vn -0.1622 0.0874 0.9829
vn -0.1531 0.1122 0.9818
vn -0.1382 0.1462 0.9796
vn -0.1264 0.1698 0.9773
vn -0.1274 0.1959 0.9723
vn -0.1172 0.1933 0.9741
vn -0.0805 0.1642 0.9831
vn -0.1499 0.1100 0.9826
vn -0.1699 0.0781 0.9824
vn -0.2020 0.0402 0.9786
vn -0.1735 0.0665 0.9826
vn -0.2550 0.1869 0.9487
vn -0.2633 0.1350 0.9552
vn -0.2414 0.1366 0.9608
vn -0.2194 0.2141 0.9519
vn -0.1634 0.1650 0.9727
vn -0.1667 0.1755 0.9703
vn -0.1487 0.1663 0.9748
vn -0.1631 0.1572 0.9740
vn -0.1930 0.1663 0.9670
vn -0.1716 0.1499 0.9737
vn -0.1829 0.1287 0.9747
vn -0.2092 0.1379 0.9681
vn 0.0569 0.2639 0.9629
vn 0.0422 0.1910 0.9807
vn 0.0509 0.2191 0.9744
vn 0.0645 0.2665 0.9617
vn -0.1018 0.3524 0.9303
vn -0.0371 0.3663 0.9298
vn -0.0358 0.3538 0.9346
vn -0.0753 0.3401 0.9374
vn -0.0597 0.1625 0.9849
vn -0.0399 0.2577 0.9654
vn -0.1309 0.2427 0.9612
vn -0.1452 0.1441 0.9789
vn -0.1136 0.2882 0.9508
vn -0.1270 0.2783 0.9521
vn -0.1215 0.2912 0.9489
vn -0.1124 0.2966 0.9484
vn -0.0227 0.2863 0.9579
vn -0.0694 0.2955 0.9528
vn -0.0547 0.2782 0.9590
vn -0.0175 0.2695 0.9628
vn -0.0775 0.2772 0.9577
vn -0.0252 0.2685 0.9629
vn -0.0412 0.2473 0.9681
vn -0.0911 0.2650 0.9599
vn -0.0298 0.3100 0.9503
vn -0.0311 0.3107 0.9500
vn -0.0314 0.3114 0.9498
vn -0.0328 0.3093 0.9504
vn -0.0863 0.3145 0.9453
vn -0.0635 0.3213 0.9448
vn -0.0581 0.3074 0.9498
vn -0.0776 0.2996 0.9509
vn -0.1019 0.3035 0.9474
vn -0.0663 0.3105 0.9483
vn -0.0648 0.3088 0.9489
vn -0.0932 0.3045 0.9480
vn -0.1438 0.2983 0.9436
vn -0.1391 0.3015 0.9433
vn -0.1428 0.2959 0.9445
vn -0.1484 0.2940 0.9442
vn -0.0752 0.2950 0.9525
vn -0.1071 0.2911 0.9507
vn -0.1096 0.2811 0.9534
vn -0.0804 0.2856 0.9550
vn -0.1060 0.3011 0.9477
vn -0.0705 0.3044 0.9499
vn -0.0668 0.3081 0.9490
vn -0.1043 0.3046 0.9467
vn 0.0004 0.2636 0.9646
vn 0.0023 0.2852 0.9585
vn 0.0371 0.2880 0.9569
vn 0.0271 0.2509 0.9676
vn -0.1208 0.3008 0.9460
vn -0.0974 0.2856 0.9534
vn -0.1242 0.2674 0.9556
vn -0.1326 0.2868 0.9488
vn -0.1056 0.2918 0.9506
vn -0.0609 0.2874 0.9559
vn -0.0748 0.2806 0.9569
vn -0.1110 0.2926 0.9498
vn -0.0465 0.1266 0.9909
vn -0.1250 0.0997 0.9871
vn -0.0562 0.1105 0.9923
vn 0.0373 0.2206 0.9746
vn 0.0534 0.2945 0.9542
vn -0.1319 -0.2258 0.9652
vn -0.1604 -0.2692 0.9496
vn -0.1473 -0.2483 0.9574
vn -0.1107 -0.1902 0.9755
vn 0.0498 -0.3044 0.9512
vn 0.0583 -0.2946 0.9538
vn 0.1339 -0.1947 0.9717
vn -0.1120 -0.3118 0.9435
vn -0.0518 -0.2606 0.9641
vn -0.0220 -0.0601 0.9979
vn -0.0626 -0.1438 0.9876
vn -0.0257 -0.1040 0.9942
vn 0.0043 -0.0278 0.9996
vn -0.0265 0.0003 0.9996
vn -0.0147 0.0383 0.9992
vn 0.0070 0.0309 0.9995
vn 0.0268 -0.0062 0.9996
vn -0.0478 -0.0973 0.9941
vn -0.0782 -0.1372 0.9875
vn -0.1182 -0.2075 0.9711
vn -0.0807 -0.1737 0.9815
vn 0.1079 0.0446 0.9932
vn 0.0819 0.0320 0.9961
vn 0.0718 0.0708 0.9949
vn 0.0971 0.0587 0.9935
vn 0.0258 0.0536 0.9982
vn 0.0597 0.0759 0.9953
vn 0.0801 0.0533 0.9954
vn 0.0492 0.0314 0.9983
vn 0.0008 -0.0040 1.0000
vn -0.0346 -0.0681 0.9971
vn 0.0098 -0.0190 0.9998
vn 0.0480 0.0218 0.9986
vn -0.1562 0.0857 0.9840
vn -0.1629 0.1255 0.9786
vn -0.1784 0.1321 0.9750
vn -0.1758 0.0900 0.9803
vn -0.0084 0.0660 0.9978
vn -0.1012 0.0810 0.9916
vn -0.0868 0.0629 0.9942
vn 0.0094 0.0455 0.9989
vn -0.0218 0.0765 0.9968
vn -0.0421 0.1094 0.9931
vn -0.1041 0.1249 0.9867
vn -0.1002 0.0854 0.9913
vn -0.0622 0.0832 0.9946
vn -0.0765 0.1648 0.9834
vn -0.0354 0.1859 0.9819
vn -0.0292 0.0839 0.9960
vn -0.1656 0.0130 0.9861
vn -0.1320 0.0183 0.9911
vn -0.1245 0.0155 0.9921
vn -0.1602 0.0072 0.9871
vn -0.1600 0.1328 0.9781
vn -0.1297 0.1413 0.9814
vn -0.1262 0.0802 0.9888
vn -0.1613 0.0834 0.9834
vn -0.0240 0.1225 0.9922
vn -0.0348 0.2267 0.9734
vn -0.0304 0.2288 0.9730
vn -0.0178 0.1451 0.9893
vn -0.0267 -0.0383 0.9989
vn 0.0006 -0.0231 0.9997
vn 0.0220 -0.0305 0.9993
vn -0.0250 -0.0384 0.9989
vn -0.0354 0.0903 0.9953
vn -0.0532 0.2083 0.9766
vn -0.0304 0.2257 0.9737
vn -0.0197 0.1030 0.9945
vn -0.0808 0.1984 0.9768
vn -0.0910 0.2438 0.9655
vn -0.0931 0.2536 0.9628
vn -0.0809 0.2126 0.9738
vn 0.0057 0.1185 0.9929
vn -0.0149 0.1239 0.9922
vn -0.0116 0.1082 0.9941
vn 0.0158 0.1004 0.9948
vn -0.0143 0.1641 0.9863
vn -0.0234 0.2299 0.9729
vn -0.0456 0.2337 0.9712
vn -0.0318 0.1832 0.9826
vn -0.0483 0.2566 0.9653
vn -0.0521 0.2780 0.9592
vn -0.0631 0.2780 0.9585
vn -0.0580 0.2655 0.9624
vn -0.0454 0.2002 0.9787
vn -0.0230 0.2082 0.9778
vn -0.0191 0.1749 0.9844
vn -0.0390 0.1722 0.9843
vn -0.0406 0.2423 0.9694
vn -0.0595 0.2267 0.9722
vn -0.0705 0.2654 0.9616
vn -0.0536 0.2744 0.9601
vn -0.1411 0.2502 0.9579
vn -0.1295 0.2639 0.9558
vn -0.1491 0.2524 0.9561
vn -0.1714 0.2277 0.9585
vn -0.0843 0.2866 0.9543
vn -0.1360 0.2804 0.9502
vn -0.1508 0.2432 0.9582
vn -0.0816 0.2505 0.9647
vn -0.1234 0.2658 0.9561
vn -0.0874 0.2724 0.9582
vn -0.0857 0.2757 0.9574
vn -0.1139 0.2699 0.9561
vn -0.1711 0.1460 0.9744
vn -0.1503 0.1774 0.9726
vn -0.1528 0.1561 0.9758
vn -0.1725 0.1324 0.9761
vn -0.2059 0.1633 0.9648
vn -0.2146 0.1358 0.9672
vn -0.2391 0.1040 0.9654
vn -0.2337 0.1304 0.9635
vn -0.1854 0.1754 0.9669
vn -0.1759 0.2040 0.9630
vn -0.1521 0.2323 0.9607
vn -0.1549 0.2071 0.9660
vn -0.2104 0.0358 0.9770
vn -0.2416 -0.0432 0.9694
vn -0.2151 0.0177 0.9764
vn -0.1511 0.1048 0.9830
vn -0.1132 0.1373 0.9840
vn 0.2102 -0.1781 0.9613
vn 0.1958 -0.1679 0.9662
vn 0.1693 -0.1356 0.9762
vn 0.1764 -0.1902 0.9658
vn 0.0983 -0.1206 0.9878
vn 0.0902 -0.1286 0.9876
vn 0.0535 -0.2521 0.9662
vn 0.1523 -0.2065 0.9665
vn 0.1698 -0.1689 0.9709
vn 0.0079 -0.1694 0.9855
vn -0.0111 -0.0685 0.9976
vn 0.0086 -0.0523 0.9986
vn 0.0297 -0.1452 0.9890
vn 0.0841 -0.2947 0.9519
vn 0.0524 -0.2828 0.9577
vn 0.0759 -0.3031 0.9499
vn 0.0837 -0.3117 0.9465
vn 0.0302 -0.0820 0.9962
vn 0.0422 -0.1862 0.9816
vn 0.0859 -0.1944 0.9771
vn 0.0695 -0.1032 0.9922
vn 0.1204 -0.0693 0.9903
vn 0.1031 -0.0065 0.9946
vn 0.0866 0.0089 0.9962
vn 0.1086 -0.0433 0.9931
vn 0.0973 -0.2031 0.9743
vn 0.1485 -0.1812 0.9722
vn 0.1703 -0.2040 0.9640
vn 0.1142 -0.2255 0.9675
vn 0.0976 -0.0224 0.9950
vn 0.1221 -0.0975 0.9877
vn 0.0730 -0.1239 0.9896
vn 0.0584 -0.0380 0.9976
vn -0.1894 0.0629 0.9799
vn -0.2120 0.0560 0.9757
vn -0.2335 0.0660 0.9701
vn -0.2069 0.1042 0.9728
vn 0.0831 -0.0208 0.9963
vn -0.0041 0.0164 0.9999
vn 0.0356 -0.0197 0.9992
vn 0.1161 -0.0564 0.9916
vn -0.0503 0.0227 0.9985
vn 0.0458 -0.0134 0.9989
vn 0.0194 0.0291 0.9994
vn -0.0759 0.0459 0.9961
vn -0.1065 0.1871 0.9766
vn -0.1167 0.0892 0.9892
vn -0.0835 0.0925 0.9922
vn -0.0713 0.2041 0.9763
vn -0.1085 0.2261 0.9680
vn -0.0698 0.2535 0.9648
vn -0.0495 0.2439 0.9685
vn -0.0687 0.2113 0.9750
vn -0.1188 0.0838 0.9894
vn -0.0989 0.1669 0.9810
vn -0.1471 0.1391 0.9793
vn -0.1621 0.0765 0.9838
vn 0.1123 0.2096 0.9713
vn 0.1101 0.1139 0.9874
vn 0.1115 0.1282 0.9855
vn 0.1090 0.1994 0.9738
vn -0.0110 0.3394 0.9406
vn 0.0260 0.3370 0.9412
vn 0.0129 0.3418 0.9397
vn 0.0007 0.3408 0.9401
vn -0.0237 0.0959 0.9951
vn 0.0359 0.1012 0.9942
vn 0.0373 0.2170 0.9755
vn -0.0184 0.2154 0.9763
vn -0.0098 0.1552 0.9878
vn -0.0083 0.1426 0.9898
vn -0.0150 0.1451 0.9893
vn -0.0255 0.1406 0.9897
vn 0.0107 0.2197 0.9755
vn -0.0370 0.2122 0.9765
vn -0.0482 0.2111 0.9763
vn 0.0028 0.2227 0.9749
vn -0.0153 0.1709 0.9852
vn 0.0278 0.1881 0.9818
vn 0.0318 0.1374 0.9900
vn -0.0047 0.1405 0.9901
vn 0.0339 0.0992 0.9945
vn 0.0391 0.1538 0.9873
vn 0.0172 0.1542 0.9879
vn 0.0100 0.0854 0.9963
vn -0.0520 0.0866 0.9949
vn -0.0370 0.0723 0.9967
vn -0.0508 0.0701 0.9962
vn -0.0653 0.0831 0.9944
vn -0.0174 0.1129 0.9934
vn -0.0338 0.1249 0.9916
vn -0.0308 0.1456 0.9889
vn -0.0122 0.1494 0.9887
vn -0.2647 0.0587 0.9625
vn -0.2483 0.1303 0.9599
vn -0.2912 0.1073 0.9506
vn -0.3029 0.0517 0.9516
vn -0.1000 -0.0267 0.9946
vn -0.1734 -0.0323 0.9843
vn -0.1751 -0.0406 0.9837
vn -0.1156 -0.0296 0.9929
vn -0.0870 0.0723 0.9936
vn -0.0804 0.1538 0.9848
vn -0.1662 0.1479 0.9749
vn -0.1730 0.0642 0.9828
vn -0.2762 -0.0016 0.9611
vn -0.2623 0.0310 0.9645
vn -0.2648 0.0179 0.9641
vn -0.2821 -0.0171 0.9592
vn -0.2915 0.0233 0.9563
vn -0.3107 0.0123 0.9504
vn -0.3237 0.0194 0.9459
vn -0.2926 0.0247 0.9559
vn -0.2630 0.0821 0.9613
vn -0.2652 0.0543 0.9627
vn -0.2891 0.0262 0.9569
vn -0.2841 0.0471 0.9577
vn -0.3350 -0.1487 0.9304
vn -0.4554 0.0660 0.8878
vn -0.3535 -0.1414 0.9247
vn -0.2620 -0.0538 0.9636
vn -0.2290 0.0083 0.9734
vn 0.0024 -0.2423 0.9702
vn -0.0016 -0.2192 0.9757
vn 0.0127 -0.2307 0.9730
vn 0.0338 -0.2098 0.9772
vn 0.2071 -0.3906 0.8970
vn 0.2307 -0.3727 0.8988
vn 0.4017 -0.1279 0.9068
vn 0.0230 -0.2005 0.9794
vn 0.0452 -0.2805 0.9588
vn 0.1055 -0.1505 0.9830
vn 0.0893 -0.2179 0.9719
vn 0.1140 -0.1985 0.9735
vn 0.1227 -0.1464 0.9816
vn 0.1199 -0.0592 0.9910
vn 0.1055 -0.0437 0.9935
vn 0.1035 -0.0153 0.9945
vn 0.1595 -0.0383 0.9865
vn 0.0981 -0.1562 0.9828
vn 0.0840 -0.1712 0.9817
vn 0.0750 -0.2310 0.9701
vn 0.0886 -0.2294 0.9693
vn 0.2861 -0.1158 0.9512
vn 0.2604 -0.1273 0.9571
vn 0.2616 -0.0887 0.9611
vn 0.2920 -0.0925 0.9519
vn 0.1529 -0.1355 0.9789
vn 0.2239 -0.1285 0.9661
vn 0.2308 -0.1143 0.9663
vn 0.1489 -0.1138 0.9823
vn 0.1387 -0.1799 0.9739
vn 0.1980 -0.1560 0.9677
vn 0.2149 -0.1379 0.9668
vn 0.1533 -0.1486 0.9769
vn 0.0699 -0.0031 0.9976
vn 0.0320 0.0468 0.9984
vn 0.0057 0.0925 0.9957
vn 0.0422 0.0272 0.9987
vn 0.2196 -0.0767 0.9726
vn 0.1500 -0.0482 0.9875
vn 0.1726 -0.0688 0.9826
vn 0.2421 -0.0865 0.9664
vn 0.0889 -0.0041 0.9960
vn 0.1292 -0.0363 0.9910
vn 0.1896 -0.0649 0.9797
vn 0.1563 -0.0513 0.9864
vn 0.0255 0.1096 0.9937
vn 0.0057 0.2027 0.9792
vn 0.0179 0.2193 0.9755
vn 0.0316 0.1254 0.9916
vn 0.0387 0.0016 0.9993
vn 0.0341 0.0232 0.9992
vn 0.0537 -0.0243 0.9983
vn 0.0562 -0.0406 0.9976
vn 0.0094 0.0589 0.9982
vn -0.0267 0.1372 0.9902
vn -0.0128 0.1743 0.9846
vn 0.0166 0.0882 0.9960
vn -0.0205 0.1234 0.9921
vn -0.0106 0.2079 0.9781
vn -0.0268 0.1957 0.9803
vn -0.0331 0.1201 0.9922
vn 0.0148 0.0544 0.9984
vn -0.0116 0.0583 0.9982
vn -0.0086 0.0163 0.9998
vn 0.0237 0.0080 0.9997
vn -0.0071 0.1324 0.9912
vn 0.0098 0.1340 0.9909
vn 0.0073 0.2300 0.9732
vn 0.0017 0.2252 0.9743
vn -0.1435 0.1153 0.9829
vn -0.1342 0.1469 0.9800
vn -0.1529 0.1254 0.9803
vn -0.1526 0.1271 0.9801
vn -0.0442 0.0107 0.9990
vn -0.0478 0.0183 0.9987
vn -0.0280 -0.0087 0.9996
vn -0.0502 -0.0150 0.9986
vn -0.0388 0.1067 0.9935
vn -0.0204 0.1766 0.9841
vn -0.0670 0.1604 0.9848
vn -0.0681 0.1038 0.9923
vn -0.0746 0.1186 0.9901
vn -0.0610 0.0698 0.9957
vn -0.0892 0.0528 0.9946
vn -0.1055 0.1039 0.9890
vn -0.0885 0.2126 0.9731
vn -0.0961 0.2062 0.9738
vn -0.1147 0.1953 0.9740
vn -0.0775 0.1965 0.9774
vn -0.0717 0.0913 0.9932
vn -0.0865 0.1359 0.9869
vn -0.0973 0.1416 0.9851
vn -0.0877 0.1108 0.9900
vn -0.2124 0.0636 0.9751
vn -0.2124 0.0293 0.9767
vn -0.2455 0.0316 0.9689
vn -0.2443 0.0609 0.9678
vn -0.1596 0.0995 0.9821
vn -0.1900 0.0924 0.9774
vn -0.1889 0.0918 0.9777
vn -0.1697 0.0948 0.9809
vn -0.1310 0.0327 0.9908
vn -0.1765 0.0250 0.9840
vn -0.1823 0.0694 0.9808
vn -0.1443 0.0832 0.9860
vn -0.3966 0.0955 0.9130
vn -0.3955 0.0326 0.9179
vn -0.4370 0.0196 0.8992
vn -0.4274 0.1116 0.8971
vn -0.2693 0.0941 0.9584
vn -0.2965 0.1090 0.9488
vn -0.2737 0.1198 0.9543
vn -0.2600 0.1010 0.9603
vn -0.3194 0.0804 0.9442
vn -0.2803 0.0656 0.9577
vn -0.2877 0.0390 0.9569
vn -0.3311 0.0426 0.9426
vn -0.3484 0.2865 0.8925
vn -0.2096 0.1940 0.9584
vn -0.3290 0.3000 0.8954
vn -0.4542 0.1447 0.8791
vn -0.4629 -0.0058 0.8864
vn 0.4059 -0.0631 0.9117
vn 0.3874 -0.1321 0.9124
vn 0.3341 -0.1023 0.9370
vn 0.3417 -0.0765 0.9367
vn 0.3419 0.0582 0.9379
vn 0.3222 0.0475 0.9455
vn 0.1931 -0.1610 0.9679
vn 0.3938 -0.1899 0.8994
vn 0.4276 -0.0478 0.9027
vn 0.0157 -0.0694 0.9975
vn 0.0143 -0.0695 0.9975
vn 0.0262 -0.0747 0.9969
vn 0.0245 -0.0643 0.9976
vn 0.2155 -0.0680 0.9741
vn 0.1106 -0.0592 0.9921
vn 0.1242 -0.0804 0.9890
vn 0.2202 -0.0890 0.9714
vn 0.1081 -0.0624 0.9922
vn 0.1089 -0.0705 0.9915
vn 0.2123 -0.0755 0.9743
vn 0.1964 -0.0730 0.9778
vn 0.3209 -0.0741 0.9442
vn 0.3197 -0.0860 0.9436
vn 0.3285 -0.0822 0.9409
vn 0.3296 -0.0753 0.9411
vn 0.1274 -0.0636 0.9898
vn 0.2243 -0.0604 0.9726
vn 0.2280 -0.0630 0.9716
vn 0.1311 -0.0699 0.9889
vn 0.1303 -0.0693 0.9891
vn 0.1378 -0.0846 0.9868
vn 0.2300 -0.0891 0.9691
vn 0.2266 -0.0741 0.9712
vn 0.1200 -0.0613 0.9909
vn 0.1124 -0.0580 0.9920
vn 0.0774 -0.0504 0.9957
vn 0.0851 -0.0533 0.9949
vn 0.2615 -0.0801 0.9619
vn 0.2009 -0.0801 0.9763
vn 0.2026 -0.0821 0.9758
vn 0.2598 -0.0795 0.9624
vn 0.1939 -0.0706 0.9785
vn 0.2605 -0.0763 0.9625
vn 0.2531 -0.0758 0.9645
vn 0.1853 -0.0667 0.9804
vn 0.0733 -0.0377 0.9966
vn 0.0630 -0.0266 0.9977
vn 0.0584 -0.0126 0.9982
vn 0.0678 -0.0315 0.9972
vn 0.0814 -0.0352 0.9961
vn 0.0673 -0.0303 0.9973
vn 0.0679 -0.0417 0.9968
vn 0.0895 -0.0458 0.9949
vn 0.0678 -0.0403 0.9969
vn 0.0739 -0.0440 0.9963
vn 0.0660 -0.0409 0.9970
vn 0.0650 -0.0336 0.9973
vn -0.0496 0.0268 0.9984
vn -0.0597 0.0198 0.9980
vn -0.0712 0.0229 0.9972
vn -0.0517 0.0537 0.9972
vn 0.0522 -0.0710 0.9961
vn 0.0586 -0.0527 0.9969
vn 0.0875 -0.0681 0.9938
vn 0.0582 -0.0856 0.9946
vn 0.0231 -0.0071 0.9997
vn 0.0414 -0.0296 0.9987
vn 0.0328 -0.0017 0.9995
vn -0.0017 0.0098 1.0000
vn 0.0605 0.0706 0.9957
vn 0.0557 0.0622 0.9965
vn 0.0429 0.0871 0.9953
vn 0.0404 0.0481 0.9980
vn -0.0124 0.1801 0.9836
vn -0.0306 0.1718 0.9847
vn -0.0577 0.1597 0.9855
vn 0.0066 0.1598 0.9871
vn -0.0072 0.0430 0.9991
vn -0.0053 0.0901 0.9959
vn -0.0311 0.0846 0.9959
vn -0.0447 0.0326 0.9985
vn -0.1863 -0.0002 0.9825
vn -0.1807 0.0822 0.9801
vn -0.2026 0.0722 0.9766
vn -0.2005 0.0071 0.9797
vn -0.0990 -0.1180 0.9881
vn -0.1328 -0.1152 0.9844
vn -0.1199 -0.1462 0.9820
vn -0.1200 -0.1351 0.9835
vn -0.0732 0.0172 0.9972
vn -0.0605 0.0975 0.9934
vn -0.1259 0.0954 0.9874
vn -0.1335 -0.0011 0.9911
vn -0.2044 0.0481 0.9777
vn -0.2149 0.0720 0.9740
vn -0.2279 0.0834 0.9701
vn -0.2127 0.0647 0.9750
vn -0.1611 -0.0160 0.9868
vn -0.1624 -0.0007 0.9867
vn -0.1438 -0.0127 0.9895
vn -0.1397 -0.0391 0.9894
vn -0.1799 0.0671 0.9814
vn -0.1883 0.0658 0.9799
vn -0.1786 0.0327 0.9834
vn -0.1777 0.0184 0.9839
vn -0.2321 0.1213 0.9651
vn -0.2489 0.1555 0.9560
vn -0.2334 0.1793 0.9557
vn -0.2206 0.1282 0.9669
vn -0.2098 0.0636 0.9757
vn -0.2097 0.0736 0.9750
vn -0.2056 0.0553 0.9771
vn -0.2010 0.0513 0.9782
vn -0.2426 0.1021 0.9648
vn -0.2472 0.1262 0.9607
vn -0.2256 0.1001 0.9691
vn -0.2242 0.0798 0.9713
vn -0.2060 0.1169 0.9716
vn -0.1752 0.0126 0.9844
vn -0.2044 0.1034 0.9734
vn -0.1998 0.1365 0.9703
vn -0.2287 0.2117 0.9502
vn 0.2636 -0.2271 0.9375
vn 0.2699 -0.1306 0.9540
vn 0.2584 -0.1311 0.9571
vn 0.2636 -0.2160 0.9401
vn 0.2559 -0.3281 0.9093
vn 0.2672 -0.3342 0.9038
vn 0.3002 -0.2263 0.9267
vn 0.2205 -0.0953 0.9707
vn 0.1967 -0.2458 0.9491
vn 0.0409 -0.1616 0.9860
vn 0.0203 -0.1053 0.9942
vn 0.0268 -0.0987 0.9948
vn 0.0541 -0.1199 0.9913
vn 0.2234 -0.3176 0.9215
vn 0.1959 -0.2962 0.9348
vn 0.2275 -0.3293 0.9164
vn 0.2236 -0.3425 0.9125
vn 0.1376 -0.1245 0.9826
vn 0.1597 -0.1989 0.9669
vn 0.2161 -0.2150 0.9524
vn 0.2151 -0.1338 0.9674
vn 0.3096 -0.0521 0.9495
vn 0.3056 -0.0688 0.9497
vn 0.3118 -0.0646 0.9479
vn 0.3083 -0.0555 0.9497
vn 0.1936 -0.0028 0.9811
vn 0.2431 0.0107 0.9699
vn 0.2361 -0.0344 0.9711
vn 0.2220 -0.0436 0.9741
vn 0.1381 -0.0794 0.9872
vn 0.2308 -0.0691 0.9706
vn 0.2373 -0.0543 0.9699
vn 0.1581 -0.0745 0.9846
vn 0.1582 -0.0942 0.9829
vn 0.1601 -0.0785 0.9840
vn 0.1262 -0.0778 0.9889
vn 0.1244 -0.0994 0.9872
vn 0.2324 -0.0929 0.9682
vn 0.1835 -0.1040 0.9775
vn 0.1760 -0.1505 0.9728
vn 0.2186 -0.1394 0.9658
vn 0.1950 -0.0852 0.9771
vn 0.2471 -0.0716 0.9663
vn 0.2561 -0.0724 0.9639
vn 0.2028 -0.0787 0.9760
vn 0.0339 -0.0816 0.9961
vn 0.0282 -0.0699 0.9972
vn 0.0301 -0.0656 0.9974
vn 0.0432 -0.0666 0.9968
vn 0.1015 -0.1305 0.9862
vn 0.0865 -0.1233 0.9886
vn 0.0980 -0.1699 0.9806
vn 0.1037 -0.1778 0.9786
vn 0.0687 -0.0702 0.9952
vn 0.0754 -0.0926 0.9928
vn 0.0980 -0.0994 0.9902
vn 0.0942 -0.0741 0.9928
vn 0.1968 -0.0393 0.9797
vn 0.1847 -0.0076 0.9828
vn 0.1635 0.0089 0.9865
vn 0.1597 -0.0481 0.9860
vn 0.0945 -0.0419 0.9946
vn 0.1272 -0.0339 0.9913
vn 0.1266 -0.0861 0.9882
vn 0.1083 -0.0927 0.9898
vn 0.0692 -0.0549 0.9961
vn 0.1160 -0.0369 0.9926
vn 0.1282 -0.0438 0.9908
vn 0.0823 -0.0525 0.9952
vn -0.2354 -0.0900 0.9677
vn -0.2225 -0.0416 0.9741
vn -0.2404 -0.0627 0.9686
vn -0.2493 -0.0918 0.9641
vn 0.0020 -0.1255 0.9921
vn -0.1317 -0.1263 0.9832
vn -0.1279 -0.1557 0.9795
vn 0.0030 -0.1631 0.9866
vn 0.0166 0.0186 0.9997
vn -0.0879 -0.0006 0.9961
vn -0.1173 -0.0704 0.9906
vn 0.0121 -0.0552 0.9984
vn -0.0712 -0.0555 0.9959
vn -0.0957 -0.0576 0.9937
vn -0.0914 -0.0395 0.9950
vn -0.0628 -0.0195 0.9978
vn -0.1503 -0.1834 0.9715
vn -0.0418 -0.1558 0.9869
vn -0.0008 -0.1741 0.9847
vn -0.1425 -0.1901 0.9714
vn -0.1093 -0.0865 0.9902
vn -0.0845 -0.0985 0.9915
vn -0.1588 -0.1070 0.9815
vn -0.1491 -0.0918 0.9846
vn -0.1238 0.0837 0.9888
vn -0.1390 0.0380 0.9896
vn -0.1589 0.0532 0.9859
vn -0.1592 0.0826 0.9838
vn -0.0211 0.1734 0.9846
vn -0.0915 0.1860 0.9783
vn -0.0893 0.1819 0.9793
vn 0.0109 0.1629 0.9866
vn -0.1042 0.0735 0.9918
vn -0.0662 0.0348 0.9972
vn -0.1099 -0.0004 0.9939
vn -0.1226 0.0245 0.9922
vn -0.1920 0.0277 0.9810
vn -0.1888 0.0480 0.9808
vn -0.1776 0.0495 0.9829
vn -0.1886 0.0139 0.9819
vn -0.2192 0.0645 0.9735
vn -0.2428 0.0537 0.9686
vn -0.2513 0.0515 0.9665
vn -0.2285 0.0601 0.9717
vn -0.1962 0.0542 0.9791
vn -0.2041 0.0502 0.9777
vn -0.2199 0.0475 0.9744
vn -0.2023 0.0676 0.9770
vn -0.2471 -0.0977 0.9640
vn -0.3376 0.0424 0.9403
vn -0.2607 -0.0978 0.9604
vn -0.1793 -0.0145 0.9837
vn -0.1647 0.0555 0.9848
vn 0.2670 -0.2233 0.9375
vn 0.2646 -0.2875 0.9205
vn 0.2495 -0.2830 0.9261
vn 0.2510 -0.2322 0.9397
vn 0.1951 -0.1015 0.9755
vn 0.1802 -0.0979 0.9787
vn 0.1105 -0.2044 0.9726
vn 0.2980 -0.2878 0.9101
vn 0.2880 -0.1982 0.9369
vn 0.3336 -0.2490 0.9092
vn 0.3218 -0.2320 0.9179
vn 0.3336 -0.2077 0.9195
vn 0.3256 -0.2620 0.9085
vn 0.2324 -0.2318 0.9446
vn 0.2505 -0.2375 0.9385
vn 0.2409 -0.2355 0.9416
vn 0.2259 -0.2255 0.9477
vn 0.2645 -0.2513 0.9311
vn 0.2432 -0.2446 0.9386
vn 0.2389 -0.2813 0.9294
vn 0.2603 -0.2665 0.9280
vn 0.2067 -0.2949 0.9329
vn 0.2190 -0.1944 0.9562
vn 0.2037 -0.2035 0.9577
vn 0.1910 -0.3021 0.9340
vn 0.2387 -0.3440 0.9081
vn 0.1930 -0.3578 0.9136
vn 0.1808 -0.3697 0.9114
vn 0.2256 -0.3529 0.9080
vn 0.2483 -0.1884 0.9502
vn 0.2296 -0.1792 0.9566
vn 0.2136 -0.2821 0.9353
vn 0.2561 -0.2716 0.9277
vn 0.1190 -0.3156 0.9414
vn 0.1236 -0.2351 0.9641
vn 0.1035 -0.2385 0.9656
vn 0.1101 -0.3068 0.9454
vn 0.1620 -0.4269 0.8897
vn 0.1633 -0.4293 0.8882
vn 0.1672 -0.4436 0.8805
vn 0.1486 -0.4424 0.8844
vn 0.1985 -0.2206 0.9549
vn 0.1653 -0.2322 0.9585
vn 0.1627 -0.3200 0.9333
vn 0.1791 -0.3167 0.9315
vn 0.1173 -0.2774 0.9536
vn 0.1104 -0.2125 0.9709
vn 0.1182 -0.2015 0.9723
vn 0.1175 -0.2778 0.9534
vn 0.1309 -0.3257 0.9364
vn 0.1155 -0.3180 0.9410
vn 0.1153 -0.3384 0.9339
vn 0.1460 -0.3446 0.9273
vn 0.1076 -0.2315 0.9669
vn 0.1084 -0.2232 0.9687
vn 0.1139 -0.2815 0.9528
vn 0.1162 -0.2904 0.9498
vn 0.1193 -0.2717 0.9550
vn 0.1149 -0.1962 0.9738
vn 0.0796 -0.1911 0.9783
vn 0.0956 -0.2547 0.9623
vn 0.1100 -0.3655 0.9243
vn 0.1244 -0.3628 0.9235
vn 0.1313 -0.3800 0.9156
vn 0.1068 -0.3839 0.9172
vn 0.1149 -0.1941 0.9742
vn 0.1233 -0.1916 0.9737
vn 0.1221 -0.2784 0.9527
vn 0.1152 -0.2804 0.9529
vn -0.2540 -0.1473 0.9559
vn -0.2851 -0.1417 0.9480
vn -0.2787 -0.1273 0.9519
vn -0.2384 -0.0832 0.9676
vn 0.0469 -0.3062 0.9508
vn -0.0204 -0.2655 0.9639
vn 0.0363 -0.3013 0.9528
vn 0.0646 -0.3300 0.9418
vn 0.0038 -0.1831 0.9831
vn -0.1185 -0.1658 0.9790
vn -0.0836 -0.2100 0.9741
vn 0.0178 -0.2419 0.9701
vn 0.2669 0.0063 0.9637
vn 0.2456 -0.0160 0.9692
vn 0.2585 0.0200 0.9658
vn 0.2646 0.0034 0.9644
vn -0.0363 0.1234 0.9917
vn 0.0689 0.1479 0.9866
vn 0.0674 0.1120 0.9914
vn 0.0270 0.0774 0.9966
vn -0.0903 -0.0201 0.9957
vn -0.1265 -0.1032 0.9866
vn 0.0473 -0.0633 0.9969
vn 0.0757 0.0053 0.9971
vn -0.2292 -0.0093 0.9733
vn -0.2295 0.0607 0.9714
vn -0.2798 0.0548 0.9585
vn -0.2754 0.0020 0.9613
vn 0.0434 -0.1299 0.9906
vn -0.0769 -0.1229 0.9894
vn -0.0606 -0.1694 0.9837
vn 0.0336 -0.1686 0.9851
vn 0.0596 -0.0142 0.9981
vn 0.0501 0.0534 0.9973
vn -0.0861 0.0689 0.9939
vn -0.0846 -0.0187 0.9962
vn -0.3162 0.0480 0.9475
vn -0.3119 0.0263 0.9498
vn -0.3428 0.0130 0.9393
vn -0.3367 0.0616 0.9396
vn -0.2300 0.0024 0.9732
vn -0.2305 0.0157 0.9730
vn -0.2152 -0.0202 0.9764
vn -0.2137 -0.0403 0.9761
vn -0.2461 0.0458 0.9681
vn -0.2637 0.0364 0.9639
vn -0.2544 0.0323 0.9666
vn -0.2473 0.0143 0.9688
vn -0.2618 0.1924 0.9458
vn -0.0819 -0.0025 0.9966
vn -0.2427 0.1869 0.9519
vn -0.3425 0.0901 0.9352
vn -0.3482 -0.0062 0.9374
vn 0.1147 -0.2328 0.9657
vn 0.1249 -0.1990 0.9720
vn 0.1451 -0.2119 0.9665
vn 0.1406 -0.2306 0.9628
vn 0.1542 -0.2916 0.9440
vn 0.1593 -0.2975 0.9413
vn 0.1781 -0.2823 0.9427
vn 0.1143 -0.1754 0.9778
vn 0.1038 -0.2420 0.9647
vn 0.2109 -0.2469 0.9458
vn 0.2275 -0.2642 0.9373
vn 0.2088 -0.2864 0.9351
vn 0.1977 -0.2574 0.9459
vn 0.1857 -0.2262 0.9562
vn 0.2067 -0.2348 0.9498
vn 0.1955 -0.2466 0.9492
vn 0.1774 -0.2384 0.9548
vn 0.2105 -0.2362 0.9486
vn 0.1892 -0.2302 0.9546
vn 0.2039 -0.2274 0.9522
vn 0.2210 -0.2458 0.9438
vn 0.1092 -0.2977 0.9484
vn 0.1209 -0.3506 0.9287
vn 0.1056 -0.3635 0.9256
vn 0.0994 -0.3059 0.9469
vn 0.1792 -0.2230 0.9582
vn 0.1420 -0.2363 0.9612
vn 0.1297 -0.2418 0.9616
vn 0.1690 -0.2305 0.9583
vn 0.2041 -0.3097 0.9287
vn 0.1642 -0.3334 0.9284
vn 0.1516 -0.2818 0.9474
vn 0.1870 -0.2668 0.9455
vn 0.2388 -0.3147 0.9187
vn 0.2301 -0.3581 0.9049
vn 0.2311 -0.3490 0.9082
vn 0.2334 -0.3201 0.9182
vn 0.1379 -0.2571 0.9565
vn 0.1770 -0.2597 0.9493
vn 0.1712 -0.2643 0.9491
vn 0.1351 -0.2614 0.9557
vn 0.1820 -0.3151 0.9315
vn 0.1418 -0.3111 0.9397
vn 0.1455 -0.3717 0.9169
vn 0.1795 -0.3715 0.9109
vn 0.0676 -0.3185 0.9455
vn 0.0644 -0.3392 0.9385
vn 0.0612 -0.3386 0.9389
vn 0.0692 -0.3096 0.9483
vn 0.1722 -0.3091 0.9353
vn 0.1290 -0.3118 0.9413
vn 0.1299 -0.3242 0.9371
vn 0.1659 -0.3190 0.9331
vn 0.1624 -0.3418 0.9256
vn 0.1178 -0.3356 0.9346
vn 0.1227 -0.3228 0.9385
vn 0.1728 -0.3249 0.9298
vn 0.1853 -0.2828 0.9411
vn 0.1702 -0.3211 0.9316
vn 0.1638 -0.3064 0.9377
vn 0.1802 -0.2717 0.9454
vn 0.1216 -0.2628 0.9571
vn 0.1600 -0.2538 0.9539
vn 0.1647 -0.2744 0.9474
vn 0.1301 -0.2826 0.9504
vn 0.1507 -0.2938 0.9439
vn 0.1109 -0.3018 0.9469
vn 0.1071 -0.3367 0.9355
vn 0.1412 -0.3320 0.9326
vn 0.1521 -0.2508 0.9560
vn 0.1212 -0.2052 0.9712
vn 0.1332 -0.1497 0.9797
vn 0.1465 -0.2556 0.9556
vn 0.1330 -0.2373 0.9623
vn 0.0929 -0.2314 0.9684
vn 0.0871 -0.2661 0.9600
vn 0.1463 -0.2668 0.9526
vn 0.0987 -0.2850 0.9534
vn 0.0876 -0.2528 0.9635
vn 0.1031 -0.2576 0.9607
vn 0.1238 -0.2627 0.9569
vn 0.0135 -0.2259 0.9741
vn 0.0115 -0.1220 0.9925
vn -0.0081 -0.1310 0.9913
vn 0.0041 -0.2035 0.9791
vn 0.0817 -0.3936 0.9156
vn 0.0873 -0.3839 0.9192
vn 0.1135 -0.4222 0.8994
vn 0.0745 -0.4330 0.8983
vn 0.0639 -0.1030 0.9926
vn 0.0681 -0.2432 0.9676
vn 0.0853 -0.2581 0.9623
vn 0.0718 -0.1091 0.9914
vn -0.0961 -0.1509 0.9839
vn -0.1119 -0.1275 0.9855
vn -0.1538 -0.1041 0.9826
vn -0.1349 -0.1385 0.9811
vn 0.0355 -0.1892 0.9813
vn -0.0199 -0.1732 0.9847
vn -0.0053 -0.2097 0.9778
vn 0.0600 -0.2317 0.9709
vn -0.0493 -0.1489 0.9876
vn -0.0339 -0.1655 0.9856
vn 0.0079 -0.1826 0.9832
vn 0.0076 -0.1476 0.9890
vn -0.1427 -0.0841 0.9862
vn -0.1606 -0.0111 0.9870
vn -0.1337 0.0106 0.9910
vn -0.1206 -0.0786 0.9896
vn -0.1405 -0.1578 0.9774
vn -0.1458 -0.1371 0.9798
vn -0.1252 -0.1657 0.9782
vn -0.1185 -0.1871 0.9752
vn -0.1610 -0.1197 0.9797
vn -0.1856 -0.0763 0.9797
vn -0.1828 -0.0447 0.9821
vn -0.1570 -0.1002 0.9825
vn -0.1281 -0.1609 0.9786
vn -0.1548 -0.0954 0.9833
vn -0.1374 -0.1706 0.9757
vn -0.0791 -0.0868 0.9931
vn -0.1056 0.0505 0.9931
vn 0.1891 -0.2774 0.9420
vn 0.1905 -0.2712 0.9435
vn 0.1879 -0.2738 0.9433
vn 0.1802 -0.2844 0.9416
vn 0.1858 -0.2788 0.9422
vn 0.1857 -0.2799 0.9419
vn 0.1843 -0.2815 0.9417
vn 0.1786 -0.2794 0.9434
vn 0.1860 -0.2775 0.9425
vn 0.2112 -0.3290 0.9204
vn 0.2220 -0.2896 0.9310
vn 0.2111 -0.2932 0.9324
vn 0.1911 -0.3507 0.9168
vn 0.1601 -0.2885 0.9440
vn 0.1333 -0.3004 0.9445
vn 0.1166 -0.2952 0.9483
vn 0.1605 -0.2825 0.9458
vn 0.1755 -0.2770 0.9447
vn 0.1867 -0.2831 0.9408
vn 0.1647 -0.3067 0.9374
vn 0.1700 -0.2883 0.9423
vn 0.0748 -0.3826 0.9209
vn 0.0833 -0.3133 0.9460
vn 0.0827 -0.3215 0.9433
vn 0.0817 -0.3798 0.9214
vn 0.1204 -0.4765 0.8709
vn 0.1153 -0.4809 0.8692
vn 0.1204 -0.5220 0.8444
vn 0.0964 -0.5152 0.8516
vn 0.1618 -0.3046 0.9387
vn 0.1205 -0.3100 0.9431
vn 0.1171 -0.3840 0.9159
vn 0.1469 -0.3761 0.9149
vn 0.1765 -0.3765 0.9094
vn 0.1870 -0.3355 0.9233
vn 0.1787 -0.3431 0.9221
vn 0.1660 -0.3862 0.9073
vn 0.1310 -0.3870 0.9127
vn 0.1384 -0.3881 0.9112
vn 0.1294 -0.3988 0.9079
vn 0.1390 -0.4014 0.9053
vn 0.1268 -0.3223 0.9381
vn 0.1588 -0.3269 0.9316
vn 0.1479 -0.3684 0.9178
vn 0.1245 -0.3679 0.9215
vn 0.1083 -0.4194 0.9013
vn 0.1117 -0.3638 0.9248
vn 0.1178 -0.3610 0.9251
vn 0.1142 -0.4224 0.8992
vn 0.1215 -0.4597 0.8797
vn 0.1026 -0.4670 0.8783
vn 0.0971 -0.4898 0.8664
vn 0.1107 -0.4816 0.8694
vn 0.1542 -0.3562 0.9216
vn 0.1268 -0.3646 0.9225
vn 0.1166 -0.4128 0.9033
vn 0.1390 -0.4006 0.9056
vn 0.1930 -0.4008 0.8956
vn 0.1950 -0.3364 0.9213
vn 0.1873 -0.3350 0.9234
vn 0.1865 -0.3956 0.8993
vn 0.1373 -0.4862 0.8630
vn 0.1761 -0.4788 0.8601
vn 0.1838 -0.5126 0.8387
vn 0.1327 -0.5219 0.8426
vn 0.1368 -0.3531 0.9256
vn 0.1674 -0.3432 0.9242
vn 0.1718 -0.4112 0.8952
vn 0.1400 -0.4206 0.8964
vn -0.0364 -0.3890 0.9205
vn -0.0313 -0.3654 0.9303
vn -0.0397 -0.3740 0.9266
vn -0.0316 -0.3788 0.9250
vn 0.1390 -0.4287 0.8927
vn 0.0724 -0.4311 0.8994
vn 0.0710 -0.4370 0.8966
vn 0.1420 -0.4384 0.8875
vn 0.1386 -0.3373 0.9311
vn 0.0694 -0.3470 0.9353
vn 0.0652 -0.3910 0.9181
vn 0.1347 -0.3924 0.9099
vn 0.2370 -0.3328 0.9127
vn 0.2117 -0.3367 0.9175
vn 0.2197 -0.3057 0.9264
vn 0.2419 -0.3146 0.9179
vn 0.0796 -0.3741 0.9240
vn 0.1759 -0.3606 0.9160
vn 0.1829 -0.3812 0.9062
vn 0.0851 -0.3939 0.9152
vn 0.1601 -0.3579 0.9199
vn 0.0679 -0.3725 0.9255
vn 0.0676 -0.3794 0.9227
vn 0.1402 -0.3695 0.9186
vn -0.0520 -0.2376 0.9700
vn -0.0801 -0.2161 0.9731
vn -0.1144 -0.1936 0.9744
vn -0.0881 -0.2057 0.9746
vn 0.1642 -0.3013 0.9393
vn 0.0813 -0.2805 0.9564
vn 0.1014 -0.2825 0.9539
vn 0.1838 -0.2973 0.9369
vn 0.0239 -0.2399 0.9705
vn 0.0535 -0.2677 0.9620
vn 0.1348 -0.2938 0.9463
vn 0.0972 -0.2756 0.9564
vn -0.1219 -0.1275 0.9843
vn -0.1349 -0.1418 0.9807
vn -0.1470 -0.1368 0.9796
vn -0.1329 -0.1067 0.9854
vn -0.0561 -0.1573 0.9859
vn -0.0595 -0.1412 0.9882
vn -0.0427 -0.1432 0.9888
vn -0.0439 -0.1618 0.9858
vn -0.1071 -0.1573 0.9817
vn -0.0862 -0.1517 0.9847
vn -0.0841 -0.1784 0.9804
vn -0.1066 -0.1740 0.9790
vn -0.0727 0.0041 0.9973
vn -0.0092 -0.0143 0.9999
vn -0.0548 0.0091 0.9985
vn -0.1461 -0.0771 0.9863
vn -0.1646 -0.1367 0.9768
vn 0.1830 -0.2824 0.9417
vn 0.1780 -0.2811 0.9430
vn 0.0984 -0.2917 0.9514
vn -0.0315 -0.4259 0.9042
vn -0.0323 -0.4413 0.8968
vn 0.0896 -0.5016 0.8605
vn 0.1564 -0.2708 0.9498
vn 0.0800 -0.3078 0.9481
vn 0.2017 -0.4542 0.8678
vn 0.2044 -0.4462 0.8713
vn 0.1413 -0.4168 0.8979
vn 0.0643 -0.5106 0.8574
vn 0.1329 -0.5166 0.8459
vn 0.0782 -0.4483 0.8905
vn 0.0755 -0.4524 0.8886
vn 0.0824 -0.4749 0.8762
vn 0.1565 -0.4098 0.8987
vn 0.1194 -0.4071 0.9055
vn 0.0650 -0.5081 0.8589
vn 0.0712 -0.5137 0.8550
vn 0.1568 -0.5357 0.8297
vn 0.0973 -0.4723 0.8761
vn 0.0877 -0.4871 0.8689
vn 0.2638 -0.4698 0.8424
vn 0.2636 -0.4547 0.8508
vn 0.1345 -0.3781 0.9159
vn 0.1221 -0.5396 0.8330
vn 0.1969 -0.5306 0.8245
vn 0.0161 -0.4098 0.9120
vn 0.0185 -0.4201 0.9073
vn 0.1447 -0.4519 0.8802
vn 0.1727 -0.3980 0.9010
vn 0.0690 -0.3848 0.9204
vn 0.3152 -0.3258 0.8913
vn 0.3182 -0.3079 0.8966
vn 0.1795 -0.1979 0.9636
vn 0.0802 -0.4477 0.8906
vn 0.2032 -0.4240 0.8826
vn 0.0630 -0.2168 0.9742
vn 0.0399 -0.2176 0.9752
vn 0.0026 -0.1436 0.9896
vn 0.2197 -0.2330 0.9473
vn 0.1078 -0.2099 0.9718
vn 0.0188 -0.0656 0.9977
vn 0.0141 -0.0514 0.9986
vn -0.0159 -0.1625 0.9866
vn -0.0213 -0.1225 0.9922
# 1636 vertex normals

vt 0.0389 0.0381 0.0000
vt 0.0639 0.0381 0.0000
vt 0.0639 0.0631 0.0000
vt 0.0389 0.0631 0.0000
vt 0.1375 0.0375 0.0000
vt 0.1625 0.0375 0.0000
vt 0.1625 0.0625 0.0000
vt 0.1375 0.0625 0.0000
vt 0.2377 0.0375 0.0000
vt 0.2627 0.0375 0.0000
vt 0.2627 0.0625 0.0000
vt 0.2377 0.0625 0.0000
vt 0.3379 0.0374 0.0000
vt 0.3629 0.0374 0.0000
vt 0.3629 0.0624 0.0000
vt 0.3379 0.0624 0.0000
vt 0.4369 0.0376 0.0000
vt 0.4619 0.0376 0.0000
vt 0.4619 0.0626 0.0000
vt 0.4369 0.0626 0.0000
vt 0.5376 0.0370 0.0000
vt 0.5626 0.0369 0.0000
vt 0.5626 0.0619 0.0000
vt 0.5376 0.0620 0.0000
vt 0.6378 0.0370 0.0000
vt 0.6628 0.0370 0.0000
vt 0.6628 0.0620 0.0000
vt 0.6378 0.0620 0.0000
vt 0.7375 0.0376 0.0000
vt 0.7625 0.0376 0.0000
vt 0.7625 0.0626 0.0000
vt 0.7375 0.0626 0.0000
vt 0.8375 0.0376 0.0000
vt 0.8625 0.0376 0.0000
vt 0.8625 0.0626 0.0000
vt 0.8375 0.0626 0.0000
vt 0.9375 0.0372 0.0000
vt 0.9625 0.0372 0.0000
vt 0.9625 0.0622 0.0000
vt 0.9375 0.0622 0.0000
vt 0.0380 0.1384 0.0000
vt 0.0630 0.1384 0.0000
vt 0.0630 0.1634 0.0000
vt 0.0380 0.1634 0.0000
vt 0.1378 0.1381 0.0000
vt 0.1628 0.1381 0.0000
vt 0.1628 0.1631 0.0000
vt 0.1378 0.1631 0.0000
vt 0.2379 0.1372 0.0000
vt 0.2628 0.1372 0.0000
vt 0.2628 0.1622 0.0000
vt 0.2377 0.1623 0.0000
vt 0.3374 0.1377 0.0000
vt 0.3624 0.1377 0.0000
vt 0.3624 0.1627 0.0000
vt 0.3374 0.1627 0.0000
vt 0.4382 0.1362 0.0000
vt 0.4631 0.1361 0.0000
vt 0.4631 0.1611 0.0000
vt 0.4381 0.1611 0.0000
vt 0.5376 0.1384 0.0000
vt 0.5626 0.1384 0.0000
vt 0.5626 0.1634 0.0000
vt 0.5376 0.1634 0.0000
vt 0.6376 0.1373 0.0000
vt 0.6625 0.1373 0.0000
vt 0.6625 0.1623 0.0000
vt 0.6375 0.1623 0.0000
vt 0.7375 0.1377 0.0000
vt 0.7625 0.1377 0.0000
vt 0.7625 0.1627 0.0000
vt 0.7375 0.1627 0.0000
vt 0.8375 0.1374 0.0000
vt 0.8625 0.1374 0.0000
vt 0.8625 0.1624 0.0000
vt 0.8375 0.1624 0.0000
vt 0.9372 0.1383 0.0000
vt 0.9622 0.1383 0.0000
vt 0.9622 0.1632 0.0000
vt 0.9372 0.1633 0.0000
vt 0.0372 0.2384 0.0000
vt 0.0621 0.2383 0.0000
vt 0.0621 0.2633 0.0000
vt 0.0370 0.2634 0.0000
vt 0.1375 0.2376 0.0000
vt 0.1625 0.2376 0.0000
vt 0.1625 0.2626 0.0000
vt 0.1375 0.2626 0.0000
vt 0.2376 0.2376 0.0000
vt 0.2626 0.2376 0.0000
vt 0.2626 0.2626 0.0000
vt 0.2376 0.2626 0.0000
vt 0.3371 0.2375 0.0000
vt 0.3621 0.2375 0.0000
vt 0.3621 0.2625 0.0000
vt 0.3371 0.2625 0.0000
vt 0.4374 0.2374 0.0000
vt 0.4624 0.2374 0.0000
vt 0.4624 0.2624 0.0000
vt 0.4374 0.2624 0.0000
vt 0.5373 0.2375 0.0000
vt 0.5623 0.2374 0.0000
vt 0.5623 0.2625 0.0000
vt 0.5372 0.2625 0.0000
vt 0.6376 0.2372 0.0000
vt 0.6626 0.2372 0.0000
vt 0.6626 0.2622 0.0000
vt 0.6376 0.2622 0.0000
vt 0.7375 0.2370 0.0000
vt 0.7625 0.2370 0.0000
vt 0.7625 0.2620 0.0000
vt 0.7375 0.2620 0.0000
vt 0.8369 0.2381 0.0000
vt 0.8618 0.2381 0.0000
vt 0.8618 0.2631 0.0000
vt 0.8368 0.2631 0.0000
vt 0.9370 0.2377 0.0000
vt 0.9620 0.2377 0.0000
vt 0.9620 0.2627 0.0000
vt 0.9370 0.2627 0.0000
vt 0.0379 0.3365 0.0000
vt 0.0629 0.3364 0.0000
vt 0.0629 0.3614 0.0000
vt 0.0379 0.3614 0.0000
vt 0.1374 0.3381 0.0000
vt 0.1624 0.3381 0.0000
vt 0.1624 0.3631 0.0000
vt 0.1374 0.3631 0.0000
vt 0.2367 0.3380 0.0000
vt 0.2617 0.3380 0.0000
vt 0.2617 0.3629 0.0000
vt 0.2367 0.3630 0.0000
vt 0.3381 0.3368 0.0000
vt 0.3630 0.3367 0.0000
vt 0.3630 0.3617 0.0000
vt 0.3380 0.3618 0.0000
vt 0.4376 0.3367 0.0000
vt 0.4626 0.3367 0.0000
vt 0.4626 0.3617 0.0000
vt 0.4376 0.3617 0.0000
vt 0.5377 0.3385 0.0000
vt 0.5627 0.3385 0.0000
vt 0.5627 0.3635 0.0000
vt 0.5376 0.3635 0.0000
vt 0.6372 0.3380 0.0000
vt 0.6622 0.3380 0.0000
vt 0.6622 0.3630 0.0000
vt 0.6372 0.3630 0.0000
vt 0.7375 0.3375 0.0000
vt 0.7625 0.3375 0.0000
vt 0.7625 0.3625 0.0000
vt 0.7375 0.3625 0.0000
vt 0.8379 0.3376 0.0000
vt 0.8629 0.3376 0.0000
vt 0.8629 0.3626 0.0000
vt 0.8379 0.3626 0.0000
vt 0.9364 0.3373 0.0000
vt 0.9613 0.3372 0.0000
vt 0.9614 0.3623 0.0000
vt 0.9363 0.3623 0.0000
vt 0.0360 0.4391 0.0000
vt 0.0607 0.4391 0.0000
vt 0.0609 0.4640 0.0000
vt 0.0358 0.4641 0.0000
vt 0.1376 0.4373 0.0000
vt 0.1626 0.4373 0.0000
vt 0.1626 0.4623 0.0000
vt 0.1376 0.4624 0.0000
vt 0.2372 0.4376 0.0000
vt 0.2622 0.4376 0.0000
vt 0.2622 0.4626 0.0000
vt 0.2372 0.4626 0.0000
vt 0.3374 0.4375 0.0000
vt 0.3624 0.4375 0.0000
vt 0.3624 0.4625 0.0000
vt 0.3374 0.4625 0.0000
vt 0.4375 0.4375 0.0000
vt 0.4625 0.4375 0.0000
vt 0.4625 0.4625 0.0000
vt 0.4375 0.4625 0.0000
vt 0.5374 0.4375 0.0000
vt 0.5624 0.4375 0.0000
vt 0.5624 0.4625 0.0000
vt 0.5374 0.4625 0.0000
vt 0.6377 0.4369 0.0000
vt 0.6627 0.4368 0.0000
vt 0.6627 0.4618 0.0000
vt 0.6376 0.4619 0.0000
vt 0.7371 0.4380 0.0000
vt 0.7621 0.4379 0.0000
vt 0.7621 0.4629 0.0000
vt 0.7371 0.4630 0.0000
vt 0.8375 0.4375 0.0000
vt 0.8625 0.4375 0.0000
vt 0.8625 0.4625 0.0000
vt 0.8375 0.4625 0.0000
vt 0.9387 0.4367 0.0000
vt 0.9637 0.4367 0.0000
vt 0.9637 0.4616 0.0000
vt 0.9387 0.4616 0.0000
vt 0.0383 0.5375 0.0000
vt 0.0633 0.5375 0.0000
vt 0.0633 0.5625 0.0000
vt 0.0383 0.5625 0.0000
vt 0.1375 0.5375 0.0000
vt 0.1625 0.5375 0.0000
vt 0.1625 0.5625 0.0000
vt 0.1375 0.5625 0.0000
vt 0.2377 0.5375 0.0000
vt 0.2627 0.5375 0.0000
vt 0.2627 0.5625 0.0000
vt 0.2377 0.5625 0.0000
vt 0.3374 0.5376 0.0000
vt 0.3624 0.5376 0.0000
vt 0.3624 0.5626 0.0000
vt 0.3374 0.5626 0.0000
vt 0.4375 0.5374 0.0000
vt 0.4625 0.5374 0.0000
vt 0.4625 0.5624 0.0000
vt 0.4375 0.5624 0.0000
vt 0.5370 0.5370 0.0000
vt 0.5620 0.5370 0.0000
vt 0.5620 0.5620 0.0000
vt 0.5369 0.5620 0.0000
vt 0.6367 0.5377 0.0000
vt 0.6616 0.5376 0.0000
vt 0.6616 0.5626 0.0000
vt 0.6365 0.5627 0.0000
vt 0.7379 0.5378 0.0000
vt 0.7629 0.5378 0.0000
vt 0.7629 0.5628 0.0000
vt 0.7379 0.5628 0.0000
vt 0.8378 0.5375 0.0000
vt 0.8628 0.5375 0.0000
vt 0.8628 0.5625 0.0000
vt 0.8378 0.5625 0.0000
vt 0.9377 0.5374 0.0000
vt 0.9627 0.5374 0.0000
vt 0.9627 0.5624 0.0000
vt 0.9377 0.5624 0.0000
vt 0.0376 0.6373 0.0000
vt 0.0626 0.6373 0.0000
vt 0.0626 0.6623 0.0000
vt 0.0376 0.6623 0.0000
vt 0.1361 0.6388 0.0000
vt 0.1609 0.6387 0.0000
vt 0.1610 0.6637 0.0000
vt 0.1359 0.6638 0.0000
vt 0.2382 0.6374 0.0000
vt 0.2632 0.6374 0.0000
vt 0.2632 0.6624 0.0000
vt 0.2382 0.6624 0.0000
vt 0.3376 0.6374 0.0000
vt 0.3626 0.6374 0.0000
vt 0.3626 0.6624 0.0000
vt 0.3376 0.6624 0.0000
vt 0.4374 0.6377 0.0000
vt 0.4623 0.6377 0.0000
vt 0.4623 0.6627 0.0000
vt 0.4373 0.6627 0.0000
vt 0.5379 0.6373 0.0000
vt 0.5629 0.6373 0.0000
vt 0.5629 0.6623 0.0000
vt 0.5379 0.6623 0.0000
vt 0.6371 0.6373 0.0000
vt 0.6621 0.6373 0.0000
vt 0.6621 0.6623 0.0000
vt 0.6371 0.6623 0.0000
vt 0.7363 0.6374 0.0000
vt 0.7612 0.6373 0.0000
vt 0.7612 0.6623 0.0000
vt 0.7361 0.6624 0.0000
vt 0.8368 0.6380 0.0000
vt 0.8618 0.6380 0.0000
vt 0.8618 0.6630 0.0000
vt 0.8368 0.6630 0.0000
vt 0.9367 0.6374 0.0000
vt 0.9616 0.6374 0.0000
vt 0.9617 0.6624 0.0000
vt 0.9366 0.6624 0.0000
vt 0.0380 0.7371 0.0000
vt 0.0630 0.7370 0.0000
vt 0.0630 0.7620 0.0000
vt 0.0380 0.7620 0.0000
vt 0.1383 0.7366 0.0000
vt 0.1633 0.7366 0.0000
vt 0.1633 0.7616 0.0000
vt 0.1383 0.7616 0.0000
vt 0.2378 0.7366 0.0000
vt 0.2628 0.7366 0.0000
vt 0.2628 0.7616 0.0000
vt 0.2378 0.7616 0.0000
vt 0.3370 0.7387 0.0000
vt 0.3619 0.7388 0.0000
vt 0.3620 0.7637 0.0000
vt 0.3369 0.7637 0.0000
vt 0.4376 0.7370 0.0000
vt 0.4626 0.7370 0.0000
vt 0.4626 0.7620 0.0000
vt 0.4376 0.7620 0.0000
vt 0.5373 0.7381 0.0000
vt 0.5623 0.7381 0.0000
vt 0.5623 0.7630 0.0000
vt 0.5373 0.7630 0.0000
vt 0.6384 0.7382 0.0000
vt 0.6632 0.7380 0.0000
vt 0.6632 0.7631 0.0000
vt 0.6380 0.7633 0.0000
vt 0.7388 0.7376 0.0000
vt 0.7637 0.7375 0.0000
vt 0.7637 0.7625 0.0000
vt 0.7386 0.7627 0.0000
vt 0.8382 0.7378 0.0000
vt 0.8631 0.7378 0.0000
vt 0.8631 0.7628 0.0000
vt 0.8381 0.7628 0.0000
vt 0.9384 0.7371 0.0000
vt 0.9634 0.7371 0.0000
vt 0.9634 0.7621 0.0000
vt 0.9384 0.7621 0.0000
vt 0.0373 0.8379 0.0000
vt 0.0623 0.8379 0.0000
vt 0.0623 0.8629 0.0000
vt 0.0373 0.8629 0.0000
vt 0.1374 0.8376 0.0000
vt 0.1624 0.8376 0.0000
vt 0.1624 0.8626 0.0000
vt 0.1374 0.8626 0.0000
vt 0.2376 0.8374 0.0000
vt 0.2626 0.8374 0.0000
vt 0.2626 0.8624 0.0000
vt 0.2376 0.8624 0.0000
vt 0.3378 0.8371 0.0000
vt 0.3628 0.8371 0.0000
vt 0.3628 0.8621 0.0000
vt 0.3378 0.8621 0.0000
vt 0.4374 0.8379 0.0000
vt 0.4624 0.8379 0.0000
vt 0.4624 0.8629 0.0000
vt 0.4374 0.8629 0.0000
vt 0.5374 0.8376 0.0000
vt 0.5624 0.8376 0.0000
vt 0.5624 0.8626 0.0000
vt 0.5374 0.8626 0.0000
vt 0.6377 0.8358 0.0000
vt 0.6626 0.8358 0.0000
vt 0.6626 0.8608 0.0000
vt 0.6376 0.8608 0.0000
vt 0.7368 0.8392 0.0000
vt 0.7617 0.8392 0.0000
vt 0.7618 0.8641 0.0000
vt 0.7367 0.8642 0.0000
vt 0.8375 0.8376 0.0000
vt 0.8625 0.8376 0.0000
vt 0.8625 0.8626 0.0000
vt 0.8375 0.8626 0.0000
vt 0.9375 0.8375 0.0000
vt 0.9625 0.8375 0.0000
vt 0.9625 0.8625 0.0000
vt 0.9375 0.8625 0.0000
vt 0.0375 0.9374 0.0000
vt 0.0625 0.9374 0.0000
vt 0.0625 0.9624 0.0000
vt 0.0375 0.9624 0.0000
vt 0.1379 0.9354 0.0000
vt 0.1629 0.9354 0.0000
vt 0.1629 0.9604 0.0000
vt 0.1378 0.9603 0.0000
vt 0.2371 0.9388 0.0000
vt 0.2621 0.9389 0.0000
vt 0.2621 0.9638 0.0000
vt 0.2371 0.9638 0.0000
vt 0.3378 0.9366 0.0000
vt 0.3628 0.9366 0.0000
vt 0.3628 0.9616 0.0000
vt 0.3377 0.9615 0.0000
vt 0.4376 0.9372 0.0000
vt 0.4626 0.9372 0.0000
vt 0.4626 0.9622 0.0000
vt 0.4376 0.9622 0.0000
vt 0.5371 0.9382 0.0000
vt 0.5621 0.9383 0.0000
vt 0.5621 0.9632 0.0000
vt 0.5371 0.9632 0.0000
vt 0.6376 0.9382 0.0000
vt 0.6626 0.9382 0.0000
vt 0.6626 0.9632 0.0000
vt 0.6376 0.9632 0.0000
vt 0.7371 0.9379 0.0000
vt 0.7621 0.9379 0.0000
vt 0.7622 0.9629 0.0000
vt 0.7371 0.9629 0.0000
vt 0.8376 0.9382 0.0000
vt 0.8625 0.9382 0.0000
vt 0.8625 0.9632 0.0000
vt 0.8375 0.9632 0.0000
vt 0.9377 0.9377 0.0000
vt 0.9627 0.9377 0.0000
vt 0.9627 0.9627 0.0000
vt 0.9376 0.9627 0.0000
vt 0.0382 0.0190 0.0000
vt 0.0000 0.0000 0.0000
vt 0.1000 0.0000 0.0000
vt 0.0632 0.0190 0.0000
vt 0.0194 0.0378 0.0000
vt 0.0194 0.0628 0.0000
vt 0.0000 0.1000 0.0000
vt 0.1375 0.0188 0.0000
vt 0.2000 0.0000 0.0000
vt 0.1625 0.0188 0.0000
vt 0.0882 0.0377 0.0000
vt 0.1127 0.0376 0.0000
vt 0.1128 0.0626 0.0000
vt 0.0882 0.0627 0.0000
vt 0.1127 0.0209 0.0000
vt 0.0881 0.0211 0.0000
vt 0.2376 0.0188 0.0000
vt 0.3000 0.0000 0.0000
vt 0.2626 0.0188 0.0000
vt 0.1876 0.0375 0.0000
vt 0.2126 0.0375 0.0000
vt 0.2126 0.0625 0.0000
vt 0.1876 0.0625 0.0000
vt 0.2126 0.0208 0.0000
vt 0.1875 0.0208 0.0000
vt 0.3377 0.0187 0.0000
vt 0.4000 0.0000 0.0000
vt 0.3627 0.0187 0.0000
vt 0.2877 0.0375 0.0000
vt 0.3127 0.0375 0.0000
vt 0.3127 0.0625 0.0000
vt 0.2877 0.0625 0.0000
vt 0.3127 0.0208 0.0000
vt 0.2876 0.0208 0.0000
vt 0.4372 0.0188 0.0000
vt 0.5000 0.0000 0.0000
vt 0.4622 0.0188 0.0000
vt 0.3876 0.0375 0.0000
vt 0.4123 0.0375 0.0000
vt 0.4123 0.0625 0.0000
vt 0.3876 0.0625 0.0000
vt 0.4123 0.0209 0.0000
vt 0.3876 0.0208 0.0000
vt 0.5376 0.0185 0.0000
vt 0.6000 0.0000 0.0000
vt 0.5626 0.0185 0.0000
vt 0.4872 0.0375 0.0000
vt 0.5124 0.0373 0.0000
vt 0.5124 0.0623 0.0000
vt 0.4872 0.0625 0.0000
vt 0.5125 0.0206 0.0000
vt 0.4872 0.0208 0.0000
vt 0.6377 0.0185 0.0000
vt 0.7000 0.0000 0.0000
vt 0.6627 0.0185 0.0000
vt 0.5876 0.0371 0.0000
vt 0.6127 0.0372 0.0000
vt 0.6127 0.0622 0.0000
vt 0.5876 0.0621 0.0000
vt 0.6127 0.0205 0.0000
vt 0.5876 0.0205 0.0000
vt 0.7375 0.0188 0.0000
vt 0.8000 0.0000 0.0000
vt 0.7625 0.0188 0.0000
vt 0.6877 0.0373 0.0000
vt 0.7126 0.0375 0.0000
vt 0.7126 0.0625 0.0000
vt 0.6877 0.0623 0.0000
vt 0.7125 0.0208 0.0000
vt 0.6876 0.0206 0.0000
vt 0.8375 0.0188 0.0000
vt 0.9000 0.0000 0.0000
vt 0.8625 0.0188 0.0000
vt 0.7875 0.0376 0.0000
vt 0.8125 0.0375 0.0000
vt 0.8125 0.0625 0.0000
vt 0.7875 0.0626 0.0000
vt 0.8125 0.0209 0.0000
vt 0.7875 0.0209 0.0000
vt 0.9375 0.0186 0.0000
vt 1.0000 0.0000 0.0000
vt 0.9625 0.0186 0.0000
vt 0.8875 0.0375 0.0000
vt 0.9125 0.0373 0.0000
vt 0.9125 0.0623 0.0000
vt 0.8875 0.0625 0.0000
vt 0.9125 0.0207 0.0000
vt 0.8875 0.0208 0.0000
vt 0.9812 0.0373 0.0000
vt 1.0000 0.1000 0.0000
vt 0.9812 0.0623 0.0000
vt 0.0380 0.1130 0.0000
vt 0.0383 0.0879 0.0000
vt 0.0633 0.0879 0.0000
vt 0.0630 0.1130 0.0000
vt 0.0190 0.1380 0.0000
vt 0.0190 0.1630 0.0000
vt 0.0000 0.2000 0.0000
vt 0.0215 0.0879 0.0000
vt 0.0212 0.1130 0.0000
vt 0.1376 0.1128 0.0000
vt 0.1376 0.0876 0.0000
vt 0.1626 0.0876 0.0000
vt 0.1626 0.1128 0.0000
vt 0.0878 0.1381 0.0000
vt 0.1127 0.1380 0.0000
vt 0.1127 0.1630 0.0000
vt 0.0878 0.1631 0.0000
vt 0.0876 0.1128 0.0000
vt 0.0879 0.0877 0.0000
vt 0.1124 0.0875 0.0000
vt 0.1125 0.1127 0.0000
vt 0.2377 0.1124 0.0000
vt 0.2376 0.0875 0.0000
vt 0.2626 0.0875 0.0000
vt 0.2627 0.1123 0.0000
vt 0.1876 0.1378 0.0000
vt 0.2127 0.1375 0.0000
vt 0.2126 0.1626 0.0000
vt 0.1876 0.1628 0.0000
vt 0.1875 0.1127 0.0000
vt 0.1875 0.0875 0.0000
vt 0.2125 0.0875 0.0000
vt 0.2126 0.1125 0.0000
vt 0.3375 0.1126 0.0000
vt 0.3377 0.0875 0.0000
vt 0.3627 0.0875 0.0000
vt 0.3625 0.1126 0.0000
vt 0.2876 0.1373 0.0000
vt 0.3125 0.1375 0.0000
vt 0.3125 0.1625 0.0000
vt 0.2876 0.1623 0.0000
vt 0.3126 0.1125 0.0000
vt 0.2877 0.1124 0.0000
vt 0.2877 0.0875 0.0000
vt 0.3128 0.0874 0.0000
vt 0.4377 0.1118 0.0000
vt 0.4373 0.0873 0.0000
vt 0.4623 0.0873 0.0000
vt 0.4627 0.1118 0.0000
vt 0.3875 0.1374 0.0000
vt 0.4128 0.1368 0.0000
vt 0.4128 0.1618 0.0000
vt 0.3875 0.1624 0.0000
vt 0.4130 0.1118 0.0000
vt 0.3877 0.1123 0.0000
vt 0.3879 0.0872 0.0000
vt 0.4125 0.0872 0.0000
vt 0.5376 0.1128 0.0000
vt 0.5376 0.0874 0.0000
vt 0.5626 0.0874 0.0000
vt 0.5626 0.1128 0.0000
vt 0.4878 0.1369 0.0000
vt 0.5126 0.1377 0.0000
vt 0.5127 0.1627 0.0000
vt 0.4878 0.1619 0.0000
vt 0.5126 0.0871 0.0000
vt 0.5126 0.1125 0.0000
vt 0.4878 0.1118 0.0000
vt 0.4874 0.0873 0.0000
vt 0.6376 0.1123 0.0000
vt 0.6377 0.0872 0.0000
vt 0.6627 0.0872 0.0000
vt 0.6626 0.1123 0.0000
vt 0.5876 0.1379 0.0000
vt 0.6125 0.1376 0.0000
vt 0.6125 0.1626 0.0000
vt 0.5876 0.1629 0.0000
vt 0.6126 0.1122 0.0000
vt 0.5876 0.1126 0.0000
vt 0.5876 0.0871 0.0000
vt 0.6127 0.0871 0.0000
vt 0.7375 0.1126 0.0000
vt 0.7375 0.0876 0.0000
vt 0.7625 0.0876 0.0000
vt 0.7625 0.1126 0.0000
vt 0.6875 0.1374 0.0000
vt 0.7125 0.1376 0.0000
vt 0.7125 0.1626 0.0000
vt 0.6875 0.1624 0.0000
vt 0.6877 0.0872 0.0000
vt 0.7126 0.0874 0.0000
vt 0.7126 0.1125 0.0000
vt 0.6876 0.1124 0.0000
vt 0.8375 0.1125 0.0000
vt 0.8375 0.0875 0.0000
vt 0.8625 0.0875 0.0000
vt 0.8625 0.1125 0.0000
vt 0.7875 0.1376 0.0000
vt 0.8125 0.1375 0.0000
vt 0.8125 0.1625 0.0000
vt 0.7875 0.1626 0.0000
vt 0.8125 0.1125 0.0000
vt 0.7875 0.1126 0.0000
vt 0.7875 0.0876 0.0000
vt 0.8125 0.0875 0.0000
vt 0.9374 0.1128 0.0000
vt 0.9374 0.0875 0.0000
vt 0.9625 0.0875 0.0000
vt 0.9624 0.1128 0.0000
vt 0.8875 0.1376 0.0000
vt 0.9124 0.1379 0.0000
vt 0.9123 0.1629 0.0000
vt 0.8875 0.1626 0.0000
vt 0.8874 0.0877 0.0000
vt 0.9124 0.0876 0.0000
vt 0.9124 0.1130 0.0000
vt 0.8875 0.1127 0.0000
vt 0.9811 0.1379 0.0000
vt 1.0000 0.2000 0.0000
vt 0.9811 0.1629 0.0000
vt 0.9790 0.1128 0.0000
vt 0.9791 0.0874 0.0000
vt 0.0375 0.2131 0.0000
vt 0.0377 0.1881 0.0000
vt 0.0627 0.1881 0.0000
vt 0.0624 0.2130 0.0000
vt 0.0185 0.2379 0.0000
vt 0.0185 0.2630 0.0000
vt 0.0000 0.3000 0.0000
vt 0.0210 0.1880 0.0000
vt 0.0208 0.2130 0.0000
vt 0.1376 0.2126 0.0000
vt 0.1376 0.1878 0.0000
vt 0.1626 0.1878 0.0000
vt 0.1626 0.2127 0.0000
vt 0.0873 0.2378 0.0000
vt 0.1124 0.2376 0.0000
vt 0.1124 0.2626 0.0000
vt 0.0873 0.2628 0.0000
vt 0.1127 0.2128 0.0000
vt 0.0875 0.2131 0.0000
vt 0.0878 0.1881 0.0000
vt 0.1128 0.1880 0.0000
vt 0.2376 0.2125 0.0000
vt 0.2376 0.1874 0.0000
vt 0.2627 0.1873 0.0000
vt 0.2626 0.2125 0.0000
vt 0.1875 0.2375 0.0000
vt 0.2125 0.2375 0.0000
vt 0.2125 0.2625 0.0000
vt 0.1875 0.2625 0.0000
vt 0.1875 0.2125 0.0000
vt 0.1876 0.1877 0.0000
vt 0.2125 0.1874 0.0000
vt 0.2125 0.2125 0.0000
vt 0.3373 0.2126 0.0000
vt 0.3374 0.1876 0.0000
vt 0.3624 0.1876 0.0000
vt 0.3623 0.2126 0.0000
vt 0.2875 0.2375 0.0000
vt 0.3123 0.2375 0.0000
vt 0.3123 0.2625 0.0000
vt 0.2875 0.2625 0.0000
vt 0.2875 0.2126 0.0000
vt 0.2876 0.1875 0.0000
vt 0.3124 0.1877 0.0000
vt 0.3123 0.2126 0.0000
vt 0.4376 0.2122 0.0000
vt 0.4378 0.1868 0.0000
vt 0.4628 0.1868 0.0000
vt 0.4626 0.2122 0.0000
vt 0.3873 0.2375 0.0000
vt 0.4124 0.2375 0.0000
vt 0.4124 0.2625 0.0000
vt 0.3873 0.2625 0.0000
vt 0.3874 0.1876 0.0000
vt 0.4127 0.1870 0.0000
vt 0.4124 0.2125 0.0000
vt 0.3873 0.2125 0.0000
vt 0.5374 0.2127 0.0000
vt 0.5375 0.1879 0.0000
vt 0.5625 0.1879 0.0000
vt 0.5624 0.2126 0.0000
vt 0.4874 0.2375 0.0000
vt 0.5124 0.2375 0.0000
vt 0.5123 0.2625 0.0000
vt 0.4874 0.2625 0.0000
vt 0.4874 0.2127 0.0000
vt 0.4877 0.1872 0.0000
vt 0.5125 0.1880 0.0000
vt 0.5124 0.2127 0.0000
vt 0.6376 0.2123 0.0000
vt 0.6375 0.1874 0.0000
vt 0.6625 0.1874 0.0000
vt 0.6625 0.2123 0.0000
vt 0.5874 0.2374 0.0000
vt 0.6125 0.2374 0.0000
vt 0.6125 0.2624 0.0000
vt 0.5874 0.2624 0.0000
vt 0.5874 0.2125 0.0000
vt 0.5875 0.1878 0.0000
vt 0.6125 0.1875 0.0000
vt 0.6125 0.2124 0.0000
vt 0.7375 0.2123 0.0000
vt 0.7375 0.1875 0.0000
vt 0.7625 0.1875 0.0000
vt 0.7625 0.2123 0.0000
vt 0.6875 0.2373 0.0000
vt 0.7125 0.2372 0.0000
vt 0.7125 0.2622 0.0000
vt 0.6875 0.2623 0.0000
vt 0.7125 0.2121 0.0000
vt 0.6876 0.2122 0.0000
vt 0.6875 0.1873 0.0000
vt 0.7125 0.1874 0.0000
vt 0.8372 0.2128 0.0000
vt 0.8374 0.1876 0.0000
vt 0.8624 0.1876 0.0000
vt 0.8622 0.2128 0.0000
vt 0.7874 0.2373 0.0000
vt 0.8122 0.2377 0.0000
vt 0.8122 0.2627 0.0000
vt 0.7874 0.2623 0.0000
vt 0.8122 0.2129 0.0000
vt 0.7874 0.2125 0.0000
vt 0.7874 0.1877 0.0000
vt 0.8124 0.1876 0.0000
vt 0.9372 0.2127 0.0000
vt 0.9373 0.1879 0.0000
vt 0.9623 0.1879 0.0000
vt 0.9622 0.2127 0.0000
vt 0.8871 0.2378 0.0000
vt 0.9122 0.2377 0.0000
vt 0.9121 0.2627 0.0000
vt 0.8871 0.2628 0.0000
vt 0.9122 0.2127 0.0000
vt 0.8871 0.2129 0.0000
vt 0.8873 0.1876 0.0000
vt 0.9122 0.1879 0.0000
vt 0.9810 0.2376 0.0000
vt 1.0000 0.3000 0.0000
vt 0.9810 0.2626 0.0000
vt 0.9789 0.2127 0.0000
vt 0.9790 0.1878 0.0000
vt 0.0377 0.3121 0.0000
vt 0.0373 0.2878 0.0000
vt 0.0624 0.2877 0.0000
vt 0.0627 0.3121 0.0000
vt 0.0190 0.3370 0.0000
vt 0.0189 0.3620 0.0000
vt 0.0000 0.4000 0.0000
vt 0.0206 0.2878 0.0000
vt 0.0210 0.3122 0.0000
vt 0.1374 0.3128 0.0000
vt 0.1375 0.2877 0.0000
vt 0.1625 0.2877 0.0000
vt 0.1624 0.3128 0.0000
vt 0.0877 0.3371 0.0000
vt 0.1125 0.3377 0.0000
vt 0.1125 0.3627 0.0000
vt 0.0877 0.3621 0.0000
vt 0.1126 0.2873 0.0000
vt 0.1126 0.3125 0.0000
vt 0.0877 0.3119 0.0000
vt 0.0874 0.2875 0.0000
vt 0.2371 0.3128 0.0000
vt 0.2374 0.2876 0.0000
vt 0.2624 0.2876 0.0000
vt 0.2621 0.3127 0.0000
vt 0.1873 0.3379 0.0000
vt 0.2121 0.3379 0.0000
vt 0.2120 0.3629 0.0000
vt 0.1873 0.3629 0.0000
vt 0.2126 0.2876 0.0000
vt 0.2123 0.3127 0.0000
vt 0.1875 0.3128 0.0000
vt 0.1876 0.2876 0.0000
vt 0.3377 0.3121 0.0000
vt 0.3374 0.2874 0.0000
vt 0.3624 0.2874 0.0000
vt 0.3627 0.3121 0.0000
vt 0.2871 0.3376 0.0000
vt 0.3127 0.3372 0.0000
vt 0.3126 0.3622 0.0000
vt 0.2871 0.3626 0.0000
vt 0.3128 0.3121 0.0000
vt 0.2873 0.3125 0.0000
vt 0.2877 0.2874 0.0000
vt 0.3125 0.2874 0.0000
vt 0.4375 0.3121 0.0000
vt 0.4375 0.2873 0.0000
vt 0.4625 0.2873 0.0000
vt 0.4625 0.3121 0.0000
vt 0.3878 0.3369 0.0000
vt 0.4126 0.3369 0.0000
vt 0.4126 0.3619 0.0000
vt 0.3878 0.3619 0.0000
vt 0.4125 0.2874 0.0000
vt 0.4125 0.3121 0.0000
vt 0.3877 0.3121 0.0000
vt 0.3874 0.2874 0.0000
vt 0.5376 0.3130 0.0000
vt 0.5374 0.2877 0.0000
vt 0.5624 0.2876 0.0000
vt 0.5626 0.3130 0.0000
vt 0.4876 0.3373 0.0000
vt 0.5126 0.3379 0.0000
vt 0.5126 0.3629 0.0000
vt 0.4876 0.3623 0.0000
vt 0.4875 0.2876 0.0000
vt 0.5124 0.2876 0.0000
vt 0.5126 0.3130 0.0000
vt 0.4875 0.3124 0.0000
vt 0.6374 0.3127 0.0000
vt 0.6375 0.2874 0.0000
vt 0.6625 0.2874 0.0000
vt 0.6623 0.3127 0.0000
vt 0.5875 0.3381 0.0000
vt 0.6124 0.3379 0.0000
vt 0.6123 0.3629 0.0000
vt 0.5875 0.3631 0.0000
vt 0.6123 0.3128 0.0000
vt 0.5875 0.3129 0.0000
vt 0.5873 0.2876 0.0000
vt 0.6124 0.2875 0.0000
vt 0.7375 0.3124 0.0000
vt 0.7375 0.2872 0.0000
vt 0.7625 0.2872 0.0000
vt 0.7625 0.3124 0.0000
vt 0.6873 0.3377 0.0000
vt 0.7124 0.3376 0.0000
vt 0.7124 0.3626 0.0000
vt 0.6873 0.3627 0.0000
vt 0.7125 0.3125 0.0000
vt 0.6874 0.3126 0.0000
vt 0.6875 0.2874 0.0000
vt 0.7125 0.2873 0.0000
vt 0.8376 0.3126 0.0000
vt 0.8372 0.2878 0.0000
vt 0.8622 0.2878 0.0000
vt 0.8626 0.3126 0.0000
vt 0.7876 0.3375 0.0000
vt 0.8127 0.3375 0.0000
vt 0.8127 0.3625 0.0000
vt 0.7876 0.3625 0.0000
vt 0.7874 0.3126 0.0000
vt 0.7874 0.2874 0.0000
vt 0.8122 0.2878 0.0000
vt 0.8125 0.3126 0.0000
vt 0.9369 0.3124 0.0000
vt 0.9371 0.2876 0.0000
vt 0.9621 0.2876 0.0000
vt 0.9618 0.3124 0.0000
vt 0.8875 0.3375 0.0000
vt 0.9120 0.3374 0.0000
vt 0.9120 0.3624 0.0000
vt 0.8875 0.3625 0.0000
vt 0.8868 0.2878 0.0000
vt 0.9119 0.2877 0.0000
vt 0.9117 0.3125 0.0000
vt 0.8872 0.3126 0.0000
vt 0.9807 0.3374 0.0000
vt 1.0000 0.4000 0.0000
vt 0.9807 0.3624 0.0000
vt 0.9786 0.3124 0.0000
vt 0.9788 0.2876 0.0000
vt 0.0368 0.4131 0.0000
vt 0.0374 0.3872 0.0000
vt 0.0625 0.3872 0.0000
vt 0.0617 0.4131 0.0000
vt 0.0179 0.4383 0.0000
vt 0.0178 0.4633 0.0000
vt 0.0000 0.5000 0.0000
vt 0.0208 0.3872 0.0000
vt 0.0202 0.4131 0.0000
vt 0.1375 0.4125 0.0000
vt 0.1375 0.3878 0.0000
vt 0.1625 0.3878 0.0000
vt 0.1625 0.4125 0.0000
vt 0.0866 0.4383 0.0000
vt 0.1122 0.4377 0.0000
vt 0.1122 0.4627 0.0000
vt 0.0866 0.4632 0.0000
vt 0.1126 0.4123 0.0000
vt 0.0869 0.4129 0.0000
vt 0.0877 0.3870 0.0000
vt 0.1125 0.3875 0.0000
vt 0.2373 0.4126 0.0000
vt 0.2371 0.3877 0.0000
vt 0.2621 0.3877 0.0000
vt 0.2623 0.4126 0.0000
vt 0.1875 0.4374 0.0000
vt 0.2124 0.4375 0.0000
vt 0.2124 0.4625 0.0000
vt 0.1875 0.4624 0.0000
vt 0.1873 0.3879 0.0000
vt 0.2121 0.3878 0.0000
vt 0.2123 0.4127 0.0000
vt 0.1874 0.4126 0.0000
vt 0.3376 0.4124 0.0000
vt 0.3377 0.3871 0.0000
vt 0.3627 0.3871 0.0000
vt 0.3625 0.4124 0.0000
vt 0.2873 0.4376 0.0000
vt 0.3124 0.4376 0.0000
vt 0.3124 0.4625 0.0000
vt 0.2873 0.4626 0.0000
vt 0.3128 0.3871 0.0000
vt 0.3126 0.4124 0.0000
vt 0.2875 0.4124 0.0000
vt 0.2874 0.3875 0.0000
vt 0.4375 0.4124 0.0000
vt 0.4375 0.3871 0.0000
vt 0.4626 0.3871 0.0000
vt 0.4625 0.4124 0.0000
vt 0.3874 0.4375 0.0000
vt 0.4125 0.4375 0.0000
vt 0.4125 0.4625 0.0000
vt 0.3874 0.4625 0.0000
vt 0.3875 0.4125 0.0000
vt 0.3877 0.3872 0.0000
vt 0.4125 0.3872 0.0000
vt 0.4125 0.4125 0.0000
vt 0.5375 0.4127 0.0000
vt 0.5376 0.3880 0.0000
vt 0.5626 0.3880 0.0000
vt 0.5625 0.4127 0.0000
vt 0.4875 0.4375 0.0000
vt 0.5125 0.4375 0.0000
vt 0.5125 0.4625 0.0000
vt 0.4875 0.4625 0.0000
vt 0.5125 0.4124 0.0000
vt 0.4875 0.4124 0.0000
vt 0.4875 0.3871 0.0000
vt 0.5126 0.3877 0.0000
vt 0.6376 0.4123 0.0000
vt 0.6374 0.3876 0.0000
vt 0.6624 0.3876 0.0000
vt 0.6626 0.4123 0.0000
vt 0.5875 0.4374 0.0000
vt 0.6126 0.4372 0.0000
vt 0.6125 0.4622 0.0000
vt 0.5875 0.4624 0.0000
vt 0.5874 0.4126 0.0000
vt 0.5875 0.3879 0.0000
vt 0.6123 0.3877 0.0000
vt 0.6125 0.4124 0.0000
vt 0.7373 0.4127 0.0000
vt 0.7374 0.3876 0.0000
vt 0.7624 0.3876 0.0000
vt 0.7623 0.4127 0.0000
vt 0.6875 0.4373 0.0000
vt 0.7123 0.4376 0.0000
vt 0.7123 0.4626 0.0000
vt 0.6875 0.4623 0.0000
vt 0.7125 0.3874 0.0000
vt 0.7124 0.4125 0.0000
vt 0.6876 0.4121 0.0000
vt 0.6874 0.3875 0.0000
vt 0.8376 0.4125 0.0000
vt 0.8377 0.3875 0.0000
vt 0.8627 0.3875 0.0000
vt 0.8626 0.4125 0.0000
vt 0.7873 0.4377 0.0000
vt 0.8125 0.4376 0.0000
vt 0.8125 0.4626 0.0000
vt 0.7873 0.4627 0.0000
vt 0.7874 0.3875 0.0000
vt 0.8126 0.3875 0.0000
vt 0.8125 0.4125 0.0000
vt 0.7873 0.4127 0.0000
vt 0.9379 0.4120 0.0000
vt 0.9371 0.3872 0.0000
vt 0.9621 0.3872 0.0000
vt 0.9629 0.4120 0.0000
vt 0.8877 0.4373 0.0000
vt 0.9131 0.4371 0.0000
vt 0.9131 0.4621 0.0000
vt 0.8877 0.4623 0.0000
vt 0.9132 0.4121 0.0000
vt 0.8879 0.4123 0.0000
vt 0.8880 0.3874 0.0000
vt 0.9124 0.3873 0.0000
vt 0.9818 0.4371 0.0000
vt 1.0000 0.5000 0.0000
vt 0.9819 0.4621 0.0000
vt 0.9796 0.4121 0.0000
vt 0.9788 0.3873 0.0000
vt 0.0376 0.5128 0.0000
vt 0.0368 0.4883 0.0000
vt 0.0618 0.4882 0.0000
vt 0.0626 0.5127 0.0000
vt 0.0192 0.5375 0.0000
vt 0.0192 0.5625 0.0000
vt 0.0000 0.6000 0.0000
vt 0.0201 0.4882 0.0000
vt 0.0210 0.5127 0.0000
vt 0.1375 0.5125 0.0000
vt 0.1375 0.4874 0.0000
vt 0.1625 0.4874 0.0000
vt 0.1625 0.5125 0.0000
vt 0.0879 0.5375 0.0000
vt 0.1126 0.5375 0.0000
vt 0.1126 0.5625 0.0000
vt 0.0879 0.5625 0.0000
vt 0.1127 0.4874 0.0000
vt 0.1127 0.5125 0.0000
vt 0.0880 0.5125 0.0000
vt 0.0871 0.4879 0.0000
vt 0.2375 0.5125 0.0000
vt 0.2374 0.4875 0.0000
vt 0.2624 0.4875 0.0000
vt 0.2625 0.5125 0.0000
vt 0.1875 0.5375 0.0000
vt 0.2126 0.5375 0.0000
vt 0.2126 0.5625 0.0000
vt 0.1875 0.5625 0.0000
vt 0.1874 0.5125 0.0000
vt 0.1874 0.4875 0.0000
vt 0.2123 0.4876 0.0000
vt 0.2125 0.5125 0.0000
vt 0.3374 0.5125 0.0000
vt 0.3374 0.4875 0.0000
vt 0.3624 0.4875 0.0000
vt 0.3624 0.5125 0.0000
vt 0.2876 0.5375 0.0000
vt 0.3125 0.5375 0.0000
vt 0.3125 0.5625 0.0000
vt 0.2876 0.5625 0.0000
vt 0.3123 0.5126 0.0000
vt 0.2874 0.5125 0.0000
vt 0.2873 0.4876 0.0000
vt 0.3124 0.4876 0.0000
vt 0.4375 0.5125 0.0000
vt 0.4375 0.4875 0.0000
vt 0.4625 0.4875 0.0000
vt 0.4625 0.5125 0.0000
vt 0.3874 0.5375 0.0000
vt 0.4125 0.5375 0.0000
vt 0.4125 0.5625 0.0000
vt 0.3874 0.5625 0.0000
vt 0.4125 0.5125 0.0000
vt 0.3874 0.5125 0.0000
vt 0.3875 0.4875 0.0000
vt 0.4125 0.4875 0.0000
vt 0.5372 0.5123 0.0000
vt 0.5374 0.4874 0.0000
vt 0.5624 0.4874 0.0000
vt 0.5622 0.5122 0.0000
vt 0.4874 0.5374 0.0000
vt 0.5122 0.5373 0.0000
vt 0.5122 0.5623 0.0000
vt 0.4874 0.5624 0.0000
vt 0.5123 0.5123 0.0000
vt 0.4874 0.5124 0.0000
vt 0.4874 0.4874 0.0000
vt 0.5124 0.4874 0.0000
vt 0.6371 0.5125 0.0000
vt 0.6374 0.4872 0.0000
vt 0.6625 0.4872 0.0000
vt 0.6621 0.5124 0.0000
vt 0.5870 0.5373 0.0000
vt 0.6120 0.5375 0.0000
vt 0.6119 0.5626 0.0000
vt 0.5870 0.5623 0.0000
vt 0.6124 0.4871 0.0000
vt 0.6122 0.5124 0.0000
vt 0.5872 0.5121 0.0000
vt 0.5874 0.4873 0.0000
vt 0.7376 0.5127 0.0000
vt 0.7374 0.4878 0.0000
vt 0.7624 0.4878 0.0000
vt 0.7626 0.5127 0.0000
vt 0.6871 0.5376 0.0000
vt 0.7125 0.5376 0.0000
vt 0.7125 0.5627 0.0000
vt 0.6871 0.5626 0.0000
vt 0.6870 0.5126 0.0000
vt 0.6873 0.4873 0.0000
vt 0.7122 0.4877 0.0000
vt 0.7124 0.5127 0.0000
vt 0.8377 0.5125 0.0000
vt 0.8376 0.4875 0.0000
vt 0.8626 0.4875 0.0000
vt 0.8626 0.5125 0.0000
vt 0.7877 0.5376 0.0000
vt 0.8127 0.5375 0.0000
vt 0.8127 0.5625 0.0000
vt 0.7877 0.5626 0.0000
vt 0.7874 0.4877 0.0000
vt 0.8125 0.4876 0.0000
vt 0.8126 0.5126 0.0000
vt 0.7876 0.5127 0.0000
vt 0.9378 0.5123 0.0000
vt 0.9382 0.4871 0.0000
vt 0.9631 0.4871 0.0000
vt 0.9628 0.5123 0.0000
vt 0.8877 0.5375 0.0000
vt 0.9127 0.5375 0.0000
vt 0.9127 0.5625 0.0000
vt 0.8877 0.5625 0.0000
vt 0.8877 0.4874 0.0000
vt 0.9131 0.4871 0.0000
vt 0.9128 0.5124 0.0000
vt 0.8878 0.5124 0.0000
vt 0.9814 0.5374 0.0000
vt 1.0000 0.6000 0.0000
vt 0.9814 0.5625 0.0000
vt 0.9794 0.5124 0.0000
vt 0.9797 0.4871 0.0000
vt 0.0377 0.6124 0.0000
vt 0.0379 0.5875 0.0000
vt 0.0629 0.5875 0.0000
vt 0.0627 0.6124 0.0000
vt 0.0188 0.6374 0.0000
vt 0.0188 0.6624 0.0000
vt 0.0000 0.7000 0.0000
vt 0.0212 0.5875 0.0000
vt 0.0210 0.6124 0.0000
vt 0.1368 0.6132 0.0000
vt 0.1372 0.5877 0.0000
vt 0.1622 0.5877 0.0000
vt 0.1617 0.6131 0.0000
vt 0.0873 0.6377 0.0000
vt 0.1118 0.6382 0.0000
vt 0.1117 0.6631 0.0000
vt 0.0873 0.6627 0.0000
vt 0.1126 0.5874 0.0000
vt 0.1121 0.6129 0.0000
vt 0.0876 0.6124 0.0000
vt 0.0879 0.5874 0.0000
vt 0.2379 0.6125 0.0000
vt 0.2377 0.5875 0.0000
vt 0.2627 0.5875 0.0000
vt 0.2629 0.6124 0.0000
vt 0.1868 0.6381 0.0000
vt 0.2126 0.6377 0.0000
vt 0.2126 0.6627 0.0000
vt 0.1868 0.6631 0.0000
vt 0.1875 0.5875 0.0000
vt 0.2126 0.5875 0.0000
vt 0.2128 0.6125 0.0000
vt 0.1870 0.6129 0.0000
vt 0.3375 0.6125 0.0000
vt 0.3375 0.5875 0.0000
vt 0.3625 0.5875 0.0000
vt 0.3625 0.6125 0.0000
vt 0.2879 0.6374 0.0000
vt 0.3127 0.6374 0.0000
vt 0.3127 0.6625 0.0000
vt 0.2879 0.6624 0.0000
vt 0.3126 0.6124 0.0000
vt 0.2878 0.6124 0.0000
vt 0.2876 0.5875 0.0000
vt 0.3125 0.5875 0.0000
vt 0.4374 0.6126 0.0000
vt 0.4375 0.5875 0.0000
vt 0.4625 0.5875 0.0000
vt 0.4624 0.6126 0.0000
vt 0.3875 0.6375 0.0000
vt 0.4124 0.6376 0.0000
vt 0.4124 0.6626 0.0000
vt 0.3875 0.6625 0.0000
vt 0.4125 0.5874 0.0000
vt 0.4125 0.6125 0.0000
vt 0.3876 0.6124 0.0000
vt 0.3875 0.5875 0.0000
vt 0.5376 0.6123 0.0000
vt 0.5372 0.5872 0.0000
vt 0.5623 0.5872 0.0000
vt 0.5626 0.6123 0.0000
vt 0.4875 0.6376 0.0000
vt 0.5127 0.6374 0.0000
vt 0.5127 0.6624 0.0000
vt 0.4875 0.6626 0.0000
vt 0.4875 0.5874 0.0000
vt 0.5123 0.5873 0.0000
vt 0.5127 0.6124 0.0000
vt 0.4875 0.6125 0.0000
vt 0.6372 0.6124 0.0000
vt 0.6369 0.5875 0.0000
vt 0.6620 0.5875 0.0000
vt 0.6622 0.6124 0.0000
vt 0.5876 0.6373 0.0000
vt 0.6124 0.6373 0.0000
vt 0.6124 0.6624 0.0000
vt 0.5876 0.6623 0.0000
vt 0.5871 0.5872 0.0000
vt 0.6120 0.5874 0.0000
vt 0.6122 0.6123 0.0000
vt 0.5874 0.6123 0.0000
vt 0.7370 0.6125 0.0000
vt 0.7375 0.5876 0.0000
vt 0.7625 0.5876 0.0000
vt 0.7619 0.6124 0.0000
vt 0.6871 0.6374 0.0000
vt 0.7118 0.6375 0.0000
vt 0.7117 0.6625 0.0000
vt 0.6871 0.6624 0.0000
vt 0.7126 0.5876 0.0000
vt 0.7121 0.6125 0.0000
vt 0.6874 0.6124 0.0000
vt 0.6872 0.5875 0.0000
vt 0.8372 0.6127 0.0000
vt 0.8375 0.5876 0.0000
vt 0.8625 0.5876 0.0000
vt 0.8622 0.6127 0.0000
vt 0.7866 0.6374 0.0000
vt 0.8119 0.6376 0.0000
vt 0.8119 0.6627 0.0000
vt 0.7867 0.6624 0.0000
vt 0.8123 0.6128 0.0000
vt 0.7871 0.6125 0.0000
vt 0.7877 0.5877 0.0000
vt 0.8126 0.5876 0.0000
vt 0.9371 0.6124 0.0000
vt 0.9375 0.5874 0.0000
vt 0.9625 0.5874 0.0000
vt 0.9621 0.6124 0.0000
vt 0.8870 0.6377 0.0000
vt 0.9120 0.6375 0.0000
vt 0.9119 0.6625 0.0000
vt 0.8870 0.6627 0.0000
vt 0.8874 0.5875 0.0000
vt 0.9124 0.5875 0.0000
vt 0.9121 0.6125 0.0000
vt 0.8871 0.6127 0.0000
vt 0.9808 0.6374 0.0000
vt 1.0000 0.7000 0.0000
vt 0.9808 0.6625 0.0000
vt 0.9788 0.6124 0.0000
vt 0.9792 0.5874 0.0000
vt 0.0378 0.7123 0.0000
vt 0.0376 0.6874 0.0000
vt 0.0626 0.6873 0.0000
vt 0.0628 0.7122 0.0000
vt 0.0190 0.7373 0.0000
vt 0.0190 0.7623 0.0000
vt 0.0000 0.8000 0.0000
vt 0.0209 0.6874 0.0000
vt 0.0211 0.7123 0.0000
vt 0.1377 0.7122 0.0000
vt 0.1368 0.6880 0.0000
vt 0.1619 0.6879 0.0000
vt 0.1627 0.7122 0.0000
vt 0.0879 0.7371 0.0000
vt 0.1130 0.7370 0.0000
vt 0.1130 0.7619 0.0000
vt 0.0879 0.7621 0.0000
vt 0.1129 0.7121 0.0000
vt 0.0878 0.7122 0.0000
vt 0.0877 0.6873 0.0000
vt 0.1121 0.6878 0.0000
vt 0.2378 0.7120 0.0000
vt 0.2379 0.6873 0.0000
vt 0.2629 0.6873 0.0000
vt 0.2628 0.7120 0.0000
vt 0.1880 0.7369 0.0000
vt 0.2128 0.7369 0.0000
vt 0.2128 0.7619 0.0000
vt 0.1880 0.7619 0.0000
vt 0.1868 0.6879 0.0000
vt 0.2125 0.6875 0.0000
vt 0.2124 0.7122 0.0000
vt 0.1876 0.7122 0.0000
vt 0.3373 0.7131 0.0000
vt 0.3375 0.6877 0.0000
vt 0.3625 0.6877 0.0000
vt 0.3622 0.7131 0.0000
vt 0.2875 0.7372 0.0000
vt 0.3123 0.7380 0.0000
vt 0.3123 0.7630 0.0000
vt 0.2875 0.7622 0.0000
vt 0.2878 0.6876 0.0000
vt 0.3126 0.6876 0.0000
vt 0.3124 0.7131 0.0000
vt 0.2877 0.7123 0.0000
vt 0.4375 0.7123 0.0000
vt 0.4374 0.6875 0.0000
vt 0.4624 0.6875 0.0000
vt 0.4625 0.7123 0.0000
vt 0.3872 0.7381 0.0000
vt 0.4125 0.7375 0.0000
vt 0.4124 0.7625 0.0000
vt 0.3872 0.7630 0.0000
vt 0.3875 0.6874 0.0000
vt 0.4124 0.6875 0.0000
vt 0.4125 0.7123 0.0000
vt 0.3873 0.7129 0.0000
vt 0.5375 0.7127 0.0000
vt 0.5377 0.6875 0.0000
vt 0.5627 0.6875 0.0000
vt 0.5625 0.7127 0.0000
vt 0.4875 0.7373 0.0000
vt 0.5124 0.7377 0.0000
vt 0.5124 0.7627 0.0000
vt 0.4875 0.7623 0.0000
vt 0.4874 0.6877 0.0000
vt 0.5126 0.6876 0.0000
vt 0.5124 0.7128 0.0000
vt 0.4875 0.7124 0.0000
vt 0.6378 0.7128 0.0000
vt 0.6374 0.6875 0.0000
vt 0.6624 0.6875 0.0000
vt 0.6627 0.7127 0.0000
vt 0.5874 0.7380 0.0000
vt 0.6128 0.7380 0.0000
vt 0.6126 0.7630 0.0000
vt 0.5874 0.7629 0.0000
vt 0.5879 0.6877 0.0000
vt 0.6126 0.6877 0.0000
vt 0.6131 0.7130 0.0000
vt 0.5877 0.7129 0.0000
vt 0.7380 0.7125 0.0000
vt 0.7370 0.6875 0.0000
vt 0.7621 0.6874 0.0000
vt 0.7630 0.7125 0.0000
vt 0.6880 0.7377 0.0000
vt 0.7132 0.7376 0.0000
vt 0.7132 0.7626 0.0000
vt 0.6880 0.7627 0.0000
vt 0.6876 0.7127 0.0000
vt 0.6872 0.6875 0.0000
vt 0.7118 0.6875 0.0000
vt 0.7128 0.7125 0.0000
vt 0.8377 0.7127 0.0000
vt 0.8372 0.6878 0.0000
vt 0.8623 0.6878 0.0000
vt 0.8627 0.7127 0.0000
vt 0.7882 0.7376 0.0000
vt 0.8130 0.7376 0.0000
vt 0.8130 0.7627 0.0000
vt 0.7882 0.7626 0.0000
vt 0.7880 0.7126 0.0000
vt 0.7871 0.6875 0.0000
vt 0.8123 0.6878 0.0000
vt 0.8128 0.7127 0.0000
vt 0.9378 0.7123 0.0000
vt 0.9372 0.6874 0.0000
vt 0.9622 0.6874 0.0000
vt 0.9628 0.7123 0.0000
vt 0.8880 0.7375 0.0000
vt 0.9131 0.7373 0.0000
vt 0.9131 0.7623 0.0000
vt 0.8880 0.7625 0.0000
vt 0.8873 0.6877 0.0000
vt 0.9123 0.6875 0.0000
vt 0.9129 0.7124 0.0000
vt 0.8878 0.7126 0.0000
vt 0.9817 0.7373 0.0000
vt 1.0000 0.8000 0.0000
vt 0.9817 0.7623 0.0000
vt 0.9795 0.7123 0.0000
vt 0.9789 0.6874 0.0000
vt 0.0375 0.8126 0.0000
vt 0.0377 0.7873 0.0000
vt 0.0627 0.7873 0.0000
vt 0.0625 0.8126 0.0000
vt 0.0186 0.8377 0.0000
vt 0.0186 0.8627 0.0000
vt 0.0000 0.9000 0.0000
vt 0.0210 0.7873 0.0000
vt 0.0208 0.8126 0.0000
vt 0.1376 0.8124 0.0000
vt 0.1379 0.7870 0.0000
vt 0.1629 0.7870 0.0000
vt 0.1626 0.8124 0.0000
vt 0.0874 0.8377 0.0000
vt 0.1124 0.8376 0.0000
vt 0.1124 0.8626 0.0000
vt 0.0874 0.8627 0.0000
vt 0.1126 0.8124 0.0000
vt 0.0876 0.8125 0.0000
vt 0.0878 0.7872 0.0000
vt 0.1129 0.7870 0.0000
vt 0.2376 0.8123 0.0000
vt 0.2377 0.7870 0.0000
vt 0.2627 0.7870 0.0000
vt 0.2626 0.8123 0.0000
vt 0.1875 0.8375 0.0000
vt 0.2125 0.8375 0.0000
vt 0.2125 0.8625 0.0000
vt 0.1875 0.8625 0.0000
vt 0.1880 0.7869 0.0000
vt 0.2128 0.7869 0.0000
vt 0.2127 0.8121 0.0000
vt 0.1877 0.8122 0.0000
vt 0.3376 0.8125 0.0000
vt 0.3373 0.7881 0.0000
vt 0.3623 0.7881 0.0000
vt 0.3626 0.8125 0.0000
vt 0.2876 0.8374 0.0000
vt 0.3127 0.8373 0.0000
vt 0.3127 0.8623 0.0000
vt 0.2876 0.8624 0.0000
vt 0.3127 0.8121 0.0000
vt 0.2876 0.8122 0.0000
vt 0.2877 0.7870 0.0000
vt 0.3124 0.7877 0.0000
vt 0.4375 0.8126 0.0000
vt 0.4375 0.7873 0.0000
vt 0.4625 0.7873 0.0000
vt 0.4625 0.8126 0.0000
vt 0.3876 0.8374 0.0000
vt 0.4125 0.8376 0.0000
vt 0.4125 0.8626 0.0000
vt 0.3876 0.8624 0.0000
vt 0.3872 0.7882 0.0000
vt 0.4124 0.7876 0.0000
vt 0.4123 0.8129 0.0000
vt 0.3875 0.8127 0.0000
vt 0.5374 0.8126 0.0000
vt 0.5374 0.7878 0.0000
vt 0.5624 0.7878 0.0000
vt 0.5624 0.8126 0.0000
vt 0.4874 0.8377 0.0000
vt 0.5124 0.8376 0.0000
vt 0.5125 0.8626 0.0000
vt 0.4874 0.8627 0.0000
vt 0.5125 0.8125 0.0000
vt 0.4874 0.8126 0.0000
vt 0.4875 0.7873 0.0000
vt 0.5124 0.7877 0.0000
vt 0.6377 0.8118 0.0000
vt 0.6378 0.7876 0.0000
vt 0.6629 0.7875 0.0000
vt 0.6627 0.8117 0.0000
vt 0.5875 0.8372 0.0000
vt 0.6126 0.8367 0.0000
vt 0.6125 0.8616 0.0000
vt 0.5875 0.8622 0.0000
vt 0.5874 0.7877 0.0000
vt 0.6125 0.7877 0.0000
vt 0.6125 0.8119 0.0000
vt 0.5874 0.8125 0.0000
vt 0.7374 0.8134 0.0000
vt 0.7379 0.7878 0.0000
vt 0.7630 0.7878 0.0000
vt 0.7623 0.8134 0.0000
vt 0.6874 0.8370 0.0000
vt 0.7122 0.8381 0.0000
vt 0.7121 0.8631 0.0000
vt 0.6874 0.8619 0.0000
vt 0.7131 0.7872 0.0000
vt 0.7125 0.8127 0.0000
vt 0.6878 0.8116 0.0000
vt 0.6879 0.7873 0.0000
vt 0.8376 0.8126 0.0000
vt 0.8378 0.7876 0.0000
vt 0.8628 0.7876 0.0000
vt 0.8626 0.8126 0.0000
vt 0.7871 0.8384 0.0000
vt 0.8124 0.8378 0.0000
vt 0.8124 0.8628 0.0000
vt 0.7871 0.8633 0.0000
vt 0.8127 0.7879 0.0000
vt 0.8125 0.8128 0.0000
vt 0.7872 0.8134 0.0000
vt 0.7879 0.7878 0.0000
vt 0.9377 0.8124 0.0000
vt 0.9380 0.7873 0.0000
vt 0.9630 0.7873 0.0000
vt 0.9627 0.8124 0.0000
vt 0.8875 0.8375 0.0000
vt 0.9125 0.8375 0.0000
vt 0.9125 0.8625 0.0000
vt 0.8875 0.8625 0.0000
vt 0.8876 0.8124 0.0000
vt 0.8878 0.7875 0.0000
vt 0.9128 0.7872 0.0000
vt 0.9125 0.8124 0.0000
vt 0.9813 0.8375 0.0000
vt 1.0000 0.9000 0.0000
vt 0.9813 0.8625 0.0000
vt 0.9793 0.8124 0.0000
vt 0.9796 0.7873 0.0000
vt 0.0375 0.9125 0.0000
vt 0.0374 0.8877 0.0000
vt 0.0624 0.8877 0.0000
vt 0.0625 0.9125 0.0000
vt 0.0188 0.9375 0.0000
vt 0.0188 0.9625 0.0000
vt 0.0000 1.0000 0.0000
vt 0.0207 0.8877 0.0000
vt 0.0208 0.9125 0.0000
vt 0.1377 0.9115 0.0000
vt 0.1375 0.8872 0.0000
vt 0.1625 0.8872 0.0000
vt 0.1627 0.9115 0.0000
vt 0.0876 0.9371 0.0000
vt 0.1127 0.9364 0.0000
vt 0.1127 0.9614 0.0000
vt 0.0876 0.9621 0.0000
vt 0.0875 0.8872 0.0000
vt 0.1125 0.8872 0.0000
vt 0.1127 0.9114 0.0000
vt 0.0876 0.9121 0.0000
vt 0.2373 0.9131 0.0000
vt 0.2375 0.8877 0.0000
vt 0.2625 0.8877 0.0000
vt 0.2623 0.9132 0.0000
vt 0.1876 0.9367 0.0000
vt 0.2124 0.9378 0.0000
vt 0.2123 0.9628 0.0000
vt 0.1876 0.9617 0.0000
vt 0.1874 0.8877 0.0000
vt 0.2125 0.8876 0.0000
vt 0.2123 0.9131 0.0000
vt 0.1876 0.9120 0.0000
vt 0.3377 0.9120 0.0000
vt 0.3377 0.8871 0.0000
vt 0.3627 0.8872 0.0000
vt 0.3627 0.9120 0.0000
vt 0.2873 0.9380 0.0000
vt 0.3126 0.9373 0.0000
vt 0.3126 0.9623 0.0000
vt 0.2873 0.9630 0.0000
vt 0.2876 0.8872 0.0000
vt 0.3127 0.8872 0.0000
vt 0.3127 0.9120 0.0000
vt 0.2874 0.9128 0.0000
vt 0.4375 0.9124 0.0000
vt 0.4375 0.8876 0.0000
vt 0.4625 0.8876 0.0000
vt 0.4625 0.9124 0.0000
vt 0.3876 0.9370 0.0000
vt 0.4126 0.9372 0.0000
vt 0.4126 0.9622 0.0000
vt 0.3876 0.9620 0.0000
vt 0.3877 0.8871 0.0000
vt 0.4126 0.8874 0.0000
vt 0.4126 0.9122 0.0000
vt 0.3877 0.9120 0.0000
vt 0.5373 0.9129 0.0000
vt 0.5374 0.8877 0.0000
vt 0.5624 0.8877 0.0000
vt 0.5623 0.9129 0.0000
vt 0.4875 0.9375 0.0000
vt 0.5123 0.9378 0.0000
vt 0.5123 0.9628 0.0000
vt 0.4875 0.9625 0.0000
vt 0.4874 0.8879 0.0000
vt 0.5124 0.8878 0.0000
vt 0.5123 0.9130 0.0000
vt 0.4874 0.9127 0.0000
vt 0.6375 0.9126 0.0000
vt 0.6375 0.8867 0.0000
vt 0.6626 0.8868 0.0000
vt 0.6625 0.9126 0.0000
vt 0.5873 0.9380 0.0000
vt 0.6125 0.9380 0.0000
vt 0.6125 0.9630 0.0000
vt 0.5873 0.9630 0.0000
vt 0.5875 0.8876 0.0000
vt 0.6125 0.8870 0.0000
vt 0.6125 0.9128 0.0000
vt 0.5874 0.9129 0.0000
vt 0.7372 0.9130 0.0000
vt 0.7371 0.8884 0.0000
vt 0.7621 0.8884 0.0000
vt 0.7622 0.9130 0.0000
vt 0.6875 0.9379 0.0000
vt 0.7123 0.9378 0.0000
vt 0.7123 0.9628 0.0000
vt 0.6875 0.9629 0.0000
vt 0.7123 0.9125 0.0000
vt 0.6874 0.9126 0.0000
vt 0.6875 0.8868 0.0000
vt 0.7121 0.8879 0.0000
vt 0.8375 0.9129 0.0000
vt 0.8375 0.8877 0.0000
vt 0.8625 0.8877 0.0000
vt 0.8625 0.9129 0.0000
vt 0.7873 0.9378 0.0000
vt 0.8125 0.9379 0.0000
vt 0.8124 0.9629 0.0000
vt 0.7873 0.9628 0.0000
vt 0.8125 0.8874 0.0000
vt 0.8125 0.9126 0.0000
vt 0.7874 0.9125 0.0000
vt 0.7873 0.8879 0.0000
vt 0.9376 0.9126 0.0000
vt 0.9375 0.8875 0.0000
vt 0.9625 0.8875 0.0000
vt 0.9626 0.9126 0.0000
vt 0.8875 0.9379 0.0000
vt 0.9126 0.9377 0.0000
vt 0.9126 0.9627 0.0000
vt 0.8875 0.9629 0.0000
vt 0.9125 0.8875 0.0000
vt 0.9125 0.9126 0.0000
vt 0.8875 0.9128 0.0000
vt 0.8875 0.8875 0.0000
vt 0.9813 0.9376 0.0000
vt 1.0000 1.0000 0.0000
vt 0.9813 0.9626 0.0000
vt 0.9792 0.9126 0.0000
vt 0.9792 0.8875 0.0000
vt 0.0375 0.9812 0.0000
vt 0.0625 0.9812 0.0000
vt 0.1000 1.0000 0.0000
vt 0.1377 0.9802 0.0000
vt 0.1627 0.9802 0.0000
vt 0.2000 1.0000 0.0000
vt 0.0876 0.9789 0.0000
vt 0.1126 0.9782 0.0000
vt 0.2373 0.9819 0.0000
vt 0.2623 0.9819 0.0000
vt 0.3000 1.0000 0.0000
vt 0.1876 0.9784 0.0000
vt 0.2123 0.9795 0.0000
vt 0.3376 0.9808 0.0000
vt 0.3626 0.9808 0.0000
vt 0.4000 1.0000 0.0000
vt 0.2873 0.9796 0.0000
vt 0.3126 0.9789 0.0000
vt 0.4375 0.9811 0.0000
vt 0.4625 0.9811 0.0000
vt 0.5000 1.0000 0.0000
vt 0.3876 0.9787 0.0000
vt 0.4126 0.9789 0.0000
vt 0.5373 0.9816 0.0000
vt 0.5623 0.9816 0.0000
vt 0.6000 1.0000 0.0000
vt 0.4875 0.9791 0.0000
vt 0.5123 0.9795 0.0000
vt 0.6375 0.9816 0.0000
vt 0.6625 0.9816 0.0000
vt 0.7000 1.0000 0.0000
vt 0.5873 0.9796 0.0000
vt 0.6125 0.9796 0.0000
vt 0.7373 0.9815 0.0000
vt 0.7623 0.9815 0.0000
vt 0.8000 1.0000 0.0000
vt 0.6875 0.9795 0.0000
vt 0.7123 0.9794 0.0000
vt 0.8375 0.9816 0.0000
vt 0.8625 0.9816 0.0000
vt 0.9000 1.0000 0.0000
vt 0.7873 0.9794 0.0000
vt 0.8124 0.9795 0.0000
vt 0.9376 0.9814 0.0000
vt 0.9626 0.9814 0.0000
vt 0.8875 0.9795 0.0000
vt 0.9126 0.9794 0.0000
# 1636 texture coords

g Plane001
f 1/1/1 2/2/2 3/3/3 
f 3/3/3 4/4/4 1/1/1 
f 5/5/5 6/6/6 7/7/7 
f 7/7/7 8/8/8 5/5/5 
f 9/9/9 10/10/10 11/11/11 
f 11/11/11 12/12/12 9/9/9 
f 13/13/13 14/14/14 15/15/15 
f 15/15/15 16/16/16 13/13/13 
f 17/17/17 18/18/18 19/19/19 
f 19/19/19 20/20/20 17/17/17 
f 21/21/21 22/22/22 23/23/23 
f 23/23/23 24/24/24 21/21/21 
f 25/25/25 26/26/26 27/27/27 
f 27/27/27 28/28/28 25/25/25 
f 29/29/29 30/30/30 31/31/31 
f 31/31/31 32/32/32 29/29/29 
f 33/33/33 34/34/34 35/35/35 
f 35/35/35 36/36/36 33/33/33 
f 37/37/37 38/38/38 39/39/39 
f 39/39/39 40/40/40 37/37/37 
f 41/41/41 42/42/42 43/43/43 
f 43/43/43 44/44/44 41/41/41 
f 45/45/45 46/46/46 47/47/47 
f 47/47/47 48/48/48 45/45/45 
f 49/49/49 50/50/50 51/51/51 
f 51/51/51 52/52/52 49/49/49 
f 53/53/53 54/54/54 55/55/55 
f 55/55/55 56/56/56 53/53/53 
f 57/57/57 58/58/58 59/59/59 
f 59/59/59 60/60/60 57/57/57 
f 61/61/61 62/62/62 63/63/63 
f 63/63/63 64/64/64 61/61/61 
f 65/65/65 66/66/66 67/67/67 
f 67/67/67 68/68/68 65/65/65 
f 69/69/69 70/70/70 71/71/71 
f 71/71/71 72/72/72 69/69/69 
f 73/73/73 74/74/74 75/75/75 
f 75/75/75 76/76/76 73/73/73 
f 77/77/77 78/78/78 79/79/79 
f 79/79/79 80/80/80 77/77/77 
f 81/81/81 82/82/82 83/83/83 
f 83/83/83 84/84/84 81/81/81 
f 85/85/85 86/86/86 87/87/87 
f 87/87/87 88/88/88 85/85/85 
f 89/89/89 90/90/90 91/91/91 
f 91/91/91 92/92/92 89/89/89 
f 93/93/93 94/94/94 95/95/95 
f 95/95/95 96/96/96 93/93/93 
f 97/97/97 98/98/98 99/99/99 
f 99/99/99 100/100/100 97/97/97 
f 101/101/101 102/102/102 103/103/103 
f 103/103/103 104/104/104 101/101/101 
f 105/105/105 106/106/106 107/107/107 
f 107/107/107 108/108/108 105/105/105 
f 109/109/109 110/110/110 111/111/111 
f 111/111/111 112/112/112 109/109/109 
f 113/113/113 114/114/114 115/115/115 
f 115/115/115 116/116/116 113/113/113 
f 117/117/117 118/118/118 119/119/119 
f 119/119/119 120/120/120 117/117/117 
f 121/121/121 122/122/122 123/123/123 
f 123/123/123 124/124/124 121/121/121 
f 125/125/125 126/126/126 127/127/127 
f 127/127/127 128/128/128 125/125/125 
f 129/129/129 130/130/130 131/131/131 
f 131/131/131 132/132/132 129/129/129 
f 133/133/133 134/134/134 135/135/135 
f 135/135/135 136/136/136 133/133/133 
f 137/137/137 138/138/138 139/139/139 
f 139/139/139 140/140/140 137/137/137 
f 141/141/141 142/142/142 143/143/143 
f 143/143/143 144/144/144 141/141/141 
f 145/145/145 146/146/146 147/147/147 
f 147/147/147 148/148/148 145/145/145 
f 149/149/149 150/150/150 151/151/151 
f 151/151/151 152/152/152 149/149/149 
f 153/153/153 154/154/154 155/155/155 
f 155/155/155 156/156/156 153/153/153 
f 157/157/157 158/158/158 159/159/159 
f 159/159/159 160/160/160 157/157/157 
f 161/161/161 162/162/162 163/163/163 
f 163/163/163 164/164/164 161/161/161 
f 165/165/165 166/166/166 167/167/167 
f 167/167/167 168/168/168 165/165/165 
f 169/169/169 170/170/170 171/171/171 
f 171/171/171 172/172/172 169/169/169 
f 173/173/173 174/174/174 175/175/175 
f 175/175/175 176/176/176 173/173/173 
f 177/177/177 178/178/178 179/179/179 
f 179/179/179 180/180/180 177/177/177 
f 181/181/181 182/182/182 183/183/183 
f 183/183/183 184/184/184 181/181/181 
f 185/185/185 186/186/186 187/187/187 
f 187/187/187 188/188/188 185/185/185 
f 189/189/189 190/190/190 191/191/191 
f 191/191/191 192/192/192 189/189/189 
f 193/193/193 194/194/194 195/195/195 
f 195/195/195 196/196/196 193/193/193 
f 197/197/197 198/198/198 199/199/199 
f 199/199/199 200/200/200 197/197/197 
f 201/201/201 202/202/202 203/203/203 
f 203/203/203 204/204/204 201/201/201 
f 205/205/205 206/206/206 207/207/207 
f 207/207/207 208/208/208 205/205/205 
f 209/209/209 210/210/210 211/211/211 
f 211/211/211 212/212/212 209/209/209 
f 213/213/213 214/214/214 215/215/215 
f 215/215/215 216/216/216 213/213/213 
f 217/217/217 218/218/218 219/219/219 
f 219/219/219 220/220/220 217/217/217 
f 221/221/221 222/222/222 223/223/223 
f 223/223/223 224/224/224 221/221/221 
f 225/225/225 226/226/226 227/227/227 
f 227/227/227 228/228/228 225/225/225 
f 229/229/229 230/230/230 231/231/231 
f 231/231/231 232/232/232 229/229/229 
f 233/233/233 234/234/234 235/235/235 
f 235/235/235 236/236/236 233/233/233 
f 237/237/237 238/238/238 239/239/239 
f 239/239/239 240/240/240 237/237/237 
f 241/241/241 242/242/242 243/243/243 
f 243/243/243 244/244/244 241/241/241 
f 245/245/245 246/246/246 247/247/247 
f 247/247/247 248/248/248 245/245/245 
f 249/249/249 250/250/250 251/251/251 
f 251/251/251 252/252/252 249/249/249 
f 253/253/253 254/254/254 255/255/255 
f 255/255/255 256/256/256 253/253/253 
f 257/257/257 258/258/258 259/259/259 
f 259/259/259 260/260/260 257/257/257 
f 261/261/261 262/262/262 263/263/263 
f 263/263/263 264/264/264 261/261/261 
f 265/265/265 266/266/266 267/267/267 
f 267/267/267 268/268/268 265/265/265 
f 269/269/269 270/270/270 271/271/271 
f 271/271/271 272/272/272 269/269/269 
f 273/273/273 274/274/274 275/275/275 
f 275/275/275 276/276/276 273/273/273 
f 277/277/277 278/278/278 279/279/279 
f 279/279/279 280/280/280 277/277/277 
f 281/281/281 282/282/282 283/283/283 
f 283/283/283 284/284/284 281/281/281 
f 285/285/285 286/286/286 287/287/287 
f 287/287/287 288/288/288 285/285/285 
f 289/289/289 290/290/290 291/291/291 
f 291/291/291 292/292/292 289/289/289 
f 293/293/293 294/294/294 295/295/295 
f 295/295/295 296/296/296 293/293/293 
f 297/297/297 298/298/298 299/299/299 
f 299/299/299 300/300/300 297/297/297 
f 301/301/301 302/302/302 303/303/303 
f 303/303/303 304/304/304 301/301/301 
f 305/305/305 306/306/306 307/307/307 
f 307/307/307 308/308/308 305/305/305 
f 309/309/309 310/310/310 311/311/311 
f 311/311/311 312/312/312 309/309/309 
f 313/313/313 314/314/314 315/315/315 
f 315/315/315 316/316/316 313/313/313 
f 317/317/317 318/318/318 319/319/319 
f 319/319/319 320/320/320 317/317/317 
f 321/321/321 322/322/322 323/323/323 
f 323/323/323 324/324/324 321/321/321 
f 325/325/325 326/326/326 327/327/327 
f 327/327/327 328/328/328 325/325/325 
f 329/329/329 330/330/330 331/331/331 
f 331/331/331 332/332/332 329/329/329 
f 333/333/333 334/334/334 335/335/335 
f 335/335/335 336/336/336 333/333/333 
f 337/337/337 338/338/338 339/339/339 
f 339/339/339 340/340/340 337/337/337 
f 341/341/341 342/342/342 343/343/343 
f 343/343/343 344/344/344 341/341/341 
f 345/345/345 346/346/346 347/347/347 
f 347/347/347 348/348/348 345/345/345 
f 349/349/349 350/350/350 351/351/351 
f 351/351/351 352/352/352 349/349/349 
f 353/353/353 354/354/354 355/355/355 
f 355/355/355 356/356/356 353/353/353 
f 357/357/357 358/358/358 359/359/359 
f 359/359/359 360/360/360 357/357/357 
f 361/361/361 362/362/362 363/363/363 
f 363/363/363 364/364/364 361/361/361 
f 365/365/365 366/366/366 367/367/367 
f 367/367/367 368/368/368 365/365/365 
f 369/369/369 370/370/370 371/371/371 
f 371/371/371 372/372/372 369/369/369 
f 373/373/373 374/374/374 375/375/375 
f 375/375/375 376/376/376 373/373/373 
f 377/377/377 378/378/378 379/379/379 
f 379/379/379 380/380/380 377/377/377 
f 381/381/381 382/382/382 383/383/383 
f 383/383/383 384/384/384 381/381/381 
f 385/385/385 386/386/386 387/387/387 
f 387/387/387 388/388/388 385/385/385 
f 389/389/389 390/390/390 391/391/391 
f 391/391/391 392/392/392 389/389/389 
f 393/393/393 394/394/394 395/395/395 
f 395/395/395 396/396/396 393/393/393 
f 397/397/397 398/398/398 399/399/399 
f 399/399/399 400/400/400 397/397/397 
f 401/401/401 402/402/402 403/403/403 
f 403/403/403 404/404/404 401/401/401 
f 402/402/402 405/405/405 406/406/406 
f 406/406/406 407/407/407 402/402/402 
f 408/408/408 403/403/403 409/409/409 
f 409/409/409 410/410/410 408/408/408 
f 411/411/411 412/412/412 413/413/413 
f 413/413/413 414/414/414 411/411/411 
f 403/403/403 415/415/415 416/416/416 
f 417/417/417 409/409/409 418/418/418 
f 418/418/418 419/419/419 417/417/417 
f 420/420/420 421/421/421 422/422/422 
f 422/422/422 423/423/423 420/420/420 
f 409/409/409 424/424/424 425/425/425 
f 426/426/426 418/418/418 427/427/427 
f 427/427/427 428/428/428 426/426/426 
f 429/429/429 430/430/430 431/431/431 
f 431/431/431 432/432/432 429/429/429 
f 418/418/418 433/433/433 434/434/434 
f 435/435/435 427/427/427 436/436/436 
f 436/436/436 437/437/437 435/435/435 
f 438/438/438 439/439/439 440/440/440 
f 440/440/440 441/441/441 438/438/438 
f 427/427/427 442/442/442 443/443/443 
f 444/444/444 436/436/436 445/445/445 
f 445/445/445 446/446/446 444/444/444 
f 447/447/447 448/448/448 449/449/449 
f 449/449/449 450/450/450 447/447/447 
f 436/436/436 451/451/451 452/452/452 
f 453/453/453 445/445/445 454/454/454 
f 454/454/454 455/455/455 453/453/453 
f 456/456/456 457/457/457 458/458/458 
f 458/458/458 459/459/459 456/456/456 
f 445/445/445 460/460/460 461/461/461 
f 462/462/462 454/454/454 463/463/463 
f 463/463/463 464/464/464 462/462/462 
f 465/465/465 466/466/466 467/467/467 
f 467/467/467 468/468/468 465/465/465 
f 454/454/454 469/469/469 470/470/470 
f 471/471/471 463/463/463 472/472/472 
f 472/472/472 473/473/473 471/471/471 
f 474/474/474 475/475/475 476/476/476 
f 476/476/476 477/477/477 474/474/474 
f 463/463/463 478/478/478 479/479/479 
f 480/480/480 472/472/472 481/481/481 
f 481/481/481 482/482/482 480/480/480 
f 483/483/483 484/484/484 485/485/485 
f 485/485/485 486/486/486 483/483/483 
f 472/472/472 487/487/487 488/488/488 
f 489/489/489 481/481/481 490/490/490 
f 490/490/490 491/491/491 489/489/489 
f 492/492/492 493/493/493 494/494/494 
f 494/494/494 495/495/495 492/492/492 
f 407/407/407 496/496/496 497/497/497 
f 497/497/497 498/498/498 407/407/407 
f 407/407/407 499/499/499 500/500/500 
f 501/501/501 502/502/502 503/503/503 
f 503/503/503 504/504/504 501/501/501 
f 505/505/505 506/506/506 507/507/507 
f 507/507/507 508/508/508 505/505/505 
f 509/509/509 510/510/510 511/511/511 
f 511/511/511 512/512/512 509/509/509 
f 513/513/513 514/514/514 515/515/515 
f 515/515/515 516/516/516 513/513/513 
f 517/517/517 518/518/518 519/519/519 
f 519/519/519 520/520/520 517/517/517 
f 521/521/521 522/522/522 523/523/523 
f 523/523/523 524/524/524 521/521/521 
f 525/525/525 526/526/526 527/527/527 
f 527/527/527 528/528/528 525/525/525 
f 529/529/529 530/530/530 531/531/531 
f 531/531/531 532/532/532 529/529/529 
f 533/533/533 534/534/534 535/535/535 
f 535/535/535 536/536/536 533/533/533 
f 537/537/537 538/538/538 539/539/539 
f 539/539/539 540/540/540 537/537/537 
f 541/541/541 542/542/542 543/543/543 
f 543/543/543 544/544/544 541/541/541 
f 545/545/545 546/546/546 547/547/547 
f 547/547/547 548/548/548 545/545/545 
f 549/549/549 550/550/550 551/551/551 
f 551/551/551 552/552/552 549/549/549 
f 553/553/553 554/554/554 555/555/555 
f 555/555/555 556/556/556 553/553/553 
f 557/557/557 558/558/558 559/559/559 
f 559/559/559 560/560/560 557/557/557 
f 561/561/561 562/562/562 563/563/563 
f 563/563/563 564/564/564 561/561/561 
f 565/565/565 566/566/566 567/567/567 
f 567/567/567 568/568/568 565/565/565 
f 569/569/569 570/570/570 571/571/571 
f 571/571/571 572/572/572 569/569/569 
f 573/573/573 574/574/574 575/575/575 
f 575/575/575 576/576/576 573/573/573 
f 577/577/577 578/578/578 579/579/579 
f 579/579/579 580/580/580 577/577/577 
f 581/581/581 582/582/582 583/583/583 
f 583/583/583 584/584/584 581/581/581 
f 585/585/585 586/586/586 587/587/587 
f 587/587/587 588/588/588 585/585/585 
f 589/589/589 590/590/590 591/591/591 
f 591/591/591 592/592/592 589/589/589 
f 593/593/593 594/594/594 595/595/595 
f 595/595/595 596/596/596 593/593/593 
f 597/597/597 598/598/598 599/599/599 
f 599/599/599 600/600/600 597/597/597 
f 601/601/601 602/602/602 603/603/603 
f 603/603/603 604/604/604 601/601/601 
f 605/605/605 606/606/606 607/607/607 
f 607/607/607 608/608/608 605/605/605 
f 609/609/609 490/490/490 610/610/610 
f 610/610/610 611/611/611 609/609/609 
f 490/490/490 612/612/612 613/613/613 
f 614/614/614 615/615/615 616/616/616 
f 616/616/616 617/617/617 614/614/614 
f 498/498/498 618/618/618 619/619/619 
f 619/619/619 620/620/620 498/498/498 
f 498/498/498 621/621/621 622/622/622 
f 623/623/623 624/624/624 625/625/625 
f 625/625/625 626/626/626 623/623/623 
f 627/627/627 628/628/628 629/629/629 
f 629/629/629 630/630/630 627/627/627 
f 631/631/631 632/632/632 633/633/633 
f 633/633/633 634/634/634 631/631/631 
f 635/635/635 636/636/636 637/637/637 
f 637/637/637 638/638/638 635/635/635 
f 639/639/639 640/640/640 641/641/641 
f 641/641/641 642/642/642 639/639/639 
f 643/643/643 644/644/644 645/645/645 
f 645/645/645 646/646/646 643/643/643 
f 647/647/647 648/648/648 649/649/649 
f 649/649/649 650/650/650 647/647/647 
f 651/651/651 652/652/652 653/653/653 
f 653/653/653 654/654/654 651/651/651 
f 655/655/655 656/656/656 657/657/657 
f 657/657/657 658/658/658 655/655/655 
f 659/659/659 660/660/660 661/661/661 
f 661/661/661 662/662/662 659/659/659 
f 663/663/663 664/664/664 665/665/665 
f 665/665/665 666/666/666 663/663/663 
f 667/667/667 668/668/668 669/669/669 
f 669/669/669 670/670/670 667/667/667 
f 671/671/671 672/672/672 673/673/673 
f 673/673/673 674/674/674 671/671/671 
f 675/675/675 676/676/676 677/677/677 
f 677/677/677 678/678/678 675/675/675 
f 679/679/679 680/680/680 681/681/681 
f 681/681/681 682/682/682 679/679/679 
f 683/683/683 684/684/684 685/685/685 
f 685/685/685 686/686/686 683/683/683 
f 687/687/687 688/688/688 689/689/689 
f 689/689/689 690/690/690 687/687/687 
f 691/691/691 692/692/692 693/693/693 
f 693/693/693 694/694/694 691/691/691 
f 695/695/695 696/696/696 697/697/697 
f 697/697/697 698/698/698 695/695/695 
f 699/699/699 700/700/700 701/701/701 
f 701/701/701 702/702/702 699/699/699 
f 703/703/703 704/704/704 705/705/705 
f 705/705/705 706/706/706 703/703/703 
f 707/707/707 708/708/708 709/709/709 
f 709/709/709 710/710/710 707/707/707 
f 711/711/711 712/712/712 713/713/713 
f 713/713/713 714/714/714 711/711/711 
f 715/715/715 716/716/716 717/717/717 
f 717/717/717 718/718/718 715/715/715 
f 719/719/719 720/720/720 721/721/721 
f 721/721/721 722/722/722 719/719/719 
f 723/723/723 724/724/724 725/725/725 
f 725/725/725 726/726/726 723/723/723 
f 727/727/727 728/728/728 729/729/729 
f 729/729/729 730/730/730 727/727/727 
f 731/731/731 610/610/610 732/732/732 
f 732/732/732 733/733/733 731/731/731 
f 610/610/610 734/734/734 735/735/735 
f 736/736/736 737/737/737 738/738/738 
f 738/738/738 739/739/739 736/736/736 
f 620/620/620 740/740/740 741/741/741 
f 741/741/741 742/742/742 620/620/620 
f 620/620/620 743/743/743 744/744/744 
f 745/745/745 746/746/746 747/747/747 
f 747/747/747 748/748/748 745/745/745 
f 749/749/749 750/750/750 751/751/751 
f 751/751/751 752/752/752 749/749/749 
f 753/753/753 754/754/754 755/755/755 
f 755/755/755 756/756/756 753/753/753 
f 757/757/757 758/758/758 759/759/759 
f 759/759/759 760/760/760 757/757/757 
f 761/761/761 762/762/762 763/763/763 
f 763/763/763 764/764/764 761/761/761 
f 765/765/765 766/766/766 767/767/767 
f 767/767/767 768/768/768 765/765/765 
f 769/769/769 770/770/770 771/771/771 
f 771/771/771 772/772/772 769/769/769 
f 773/773/773 774/774/774 775/775/775 
f 775/775/775 776/776/776 773/773/773 
f 777/777/777 778/778/778 779/779/779 
f 779/779/779 780/780/780 777/777/777 
f 781/781/781 782/782/782 783/783/783 
f 783/783/783 784/784/784 781/781/781 
f 785/785/785 786/786/786 787/787/787 
f 787/787/787 788/788/788 785/785/785 
f 789/789/789 790/790/790 791/791/791 
f 791/791/791 792/792/792 789/789/789 
f 793/793/793 794/794/794 795/795/795 
f 795/795/795 796/796/796 793/793/793 
f 797/797/797 798/798/798 799/799/799 
f 799/799/799 800/800/800 797/797/797 
f 801/801/801 802/802/802 803/803/803 
f 803/803/803 804/804/804 801/801/801 
f 805/805/805 806/806/806 807/807/807 
f 807/807/807 808/808/808 805/805/805 
f 809/809/809 810/810/810 811/811/811 
f 811/811/811 812/812/812 809/809/809 
f 813/813/813 814/814/814 815/815/815 
f 815/815/815 816/816/816 813/813/813 
f 817/817/817 818/818/818 819/819/819 
f 819/819/819 820/820/820 817/817/817 
f 821/821/821 822/822/822 823/823/823 
f 823/823/823 824/824/824 821/821/821 
f 825/825/825 826/826/826 827/827/827 
f 827/827/827 828/828/828 825/825/825 
f 829/829/829 830/830/830 831/831/831 
f 831/831/831 832/832/832 829/829/829 
f 833/833/833 834/834/834 835/835/835 
f 835/835/835 836/836/836 833/833/833 
f 837/837/837 838/838/838 839/839/839 
f 839/839/839 840/840/840 837/837/837 
f 841/841/841 842/842/842 843/843/843 
f 843/843/843 844/844/844 841/841/841 
f 845/845/845 846/846/846 847/847/847 
f 847/847/847 848/848/848 845/845/845 
f 849/849/849 850/850/850 851/851/851 
f 851/851/851 852/852/852 849/849/849 
f 853/853/853 732/732/732 854/854/854 
f 854/854/854 855/855/855 853/853/853 
f 732/732/732 856/856/856 857/857/857 
f 858/858/858 859/859/859 860/860/860 
f 860/860/860 861/861/861 858/858/858 
f 742/742/742 862/862/862 863/863/863 
f 863/863/863 864/864/864 742/742/742 
f 742/742/742 865/865/865 866/866/866 
f 867/867/867 868/868/868 869/869/869 
f 869/869/869 870/870/870 867/867/867 
f 871/871/871 872/872/872 873/873/873 
f 873/873/873 874/874/874 871/871/871 
f 875/875/875 876/876/876 877/877/877 
f 877/877/877 878/878/878 875/875/875 
f 879/879/879 880/880/880 881/881/881 
f 881/881/881 882/882/882 879/879/879 
f 883/883/883 884/884/884 885/885/885 
f 885/885/885 886/886/886 883/883/883 
f 887/887/887 888/888/888 889/889/889 
f 889/889/889 890/890/890 887/887/887 
f 891/891/891 892/892/892 893/893/893 
f 893/893/893 894/894/894 891/891/891 
f 895/895/895 896/896/896 897/897/897 
f 897/897/897 898/898/898 895/895/895 
f 899/899/899 900/900/900 901/901/901 
f 901/901/901 902/902/902 899/899/899 
f 903/903/903 904/904/904 905/905/905 
f 905/905/905 906/906/906 903/903/903 
f 907/907/907 908/908/908 909/909/909 
f 909/909/909 910/910/910 907/907/907 
f 911/911/911 912/912/912 913/913/913 
f 913/913/913 914/914/914 911/911/911 
f 915/915/915 916/916/916 917/917/917 
f 917/917/917 918/918/918 915/915/915 
f 919/919/919 920/920/920 921/921/921 
f 921/921/921 922/922/922 919/919/919 
f 923/923/923 924/924/924 925/925/925 
f 925/925/925 926/926/926 923/923/923 
f 927/927/927 928/928/928 929/929/929 
f 929/929/929 930/930/930 927/927/927 
f 931/931/931 932/932/932 933/933/933 
f 933/933/933 934/934/934 931/931/931 
f 935/935/935 936/936/936 937/937/937 
f 937/937/937 938/938/938 935/935/935 
f 939/939/939 940/940/940 941/941/941 
f 941/941/941 942/942/942 939/939/939 
f 943/943/943 944/944/944 945/945/945 
f 945/945/945 946/946/946 943/943/943 
f 947/947/947 948/948/948 949/949/949 
f 949/949/949 950/950/950 947/947/947 
f 951/951/951 952/952/952 953/953/953 
f 953/953/953 954/954/954 951/951/951 
f 955/955/955 956/956/956 957/957/957 
f 957/957/957 958/958/958 955/955/955 
f 959/959/959 960/960/960 961/961/961 
f 961/961/961 962/962/962 959/959/959 
f 963/963/963 964/964/964 965/965/965 
f 965/965/965 966/966/966 963/963/963 
f 967/967/967 968/968/968 969/969/969 
f 969/969/969 970/970/970 967/967/967 
f 971/971/971 972/972/972 973/973/973 
f 973/973/973 974/974/974 971/971/971 
f 975/975/975 854/854/854 976/976/976 
f 976/976/976 977/977/977 975/975/975 
f 854/854/854 978/978/978 979/979/979 
f 980/980/980 981/981/981 982/982/982 
f 982/982/982 983/983/983 980/980/980 
f 864/864/864 984/984/984 985/985/985 
f 985/985/985 986/986/986 864/864/864 
f 864/864/864 987/987/987 988/988/988 
f 989/989/989 990/990/990 991/991/991 
f 991/991/991 992/992/992 989/989/989 
f 993/993/993 994/994/994 995/995/995 
f 995/995/995 996/996/996 993/993/993 
f 997/997/997 998/998/998 999/999/999 
f 999/999/999 1000/1000/1000 997/997/997 
f 1001/1001/1001 1002/1002/1002 1003/1003/1003 
f 1003/1003/1003 1004/1004/1004 1001/1001/1001 
f 1005/1005/1005 1006/1006/1006 1007/1007/1007 
f 1007/1007/1007 1008/1008/1008 1005/1005/1005 
f 1009/1009/1009 1010/1010/1010 1011/1011/1011 
f 1011/1011/1011 1012/1012/1012 1009/1009/1009 
f 1013/1013/1013 1014/1014/1014 1015/1015/1015 
f 1015/1015/1015 1016/1016/1016 1013/1013/1013 
f 1017/1017/1017 1018/1018/1018 1019/1019/1019 
f 1019/1019/1019 1020/1020/1020 1017/1017/1017 
f 1021/1021/1021 1022/1022/1022 1023/1023/1023 
f 1023/1023/1023 1024/1024/1024 1021/1021/1021 
f 1025/1025/1025 1026/1026/1026 1027/1027/1027 
f 1027/1027/1027 1028/1028/1028 1025/1025/1025 
f 1029/1029/1029 1030/1030/1030 1031/1031/1031 
f 1031/1031/1031 1032/1032/1032 1029/1029/1029 
f 1033/1033/1033 1034/1034/1034 1035/1035/1035 
f 1035/1035/1035 1036/1036/1036 1033/1033/1033 
f 1037/1037/1037 1038/1038/1038 1039/1039/1039 
f 1039/1039/1039 1040/1040/1040 1037/1037/1037 
f 1041/1041/1041 1042/1042/1042 1043/1043/1043 
f 1043/1043/1043 1044/1044/1044 1041/1041/1041 
f 1045/1045/1045 1046/1046/1046 1047/1047/1047 
f 1047/1047/1047 1048/1048/1048 1045/1045/1045 
f 1049/1049/1049 1050/1050/1050 1051/1051/1051 
f 1051/1051/1051 1052/1052/1052 1049/1049/1049 
f 1053/1053/1053 1054/1054/1054 1055/1055/1055 
f 1055/1055/1055 1056/1056/1056 1053/1053/1053 
f 1057/1057/1057 1058/1058/1058 1059/1059/1059 
f 1059/1059/1059 1060/1060/1060 1057/1057/1057 
f 1061/1061/1061 1062/1062/1062 1063/1063/1063 
f 1063/1063/1063 1064/1064/1064 1061/1061/1061 
f 1065/1065/1065 1066/1066/1066 1067/1067/1067 
f 1067/1067/1067 1068/1068/1068 1065/1065/1065 
f 1069/1069/1069 1070/1070/1070 1071/1071/1071 
f 1071/1071/1071 1072/1072/1072 1069/1069/1069 
f 1073/1073/1073 1074/1074/1074 1075/1075/1075 
f 1075/1075/1075 1076/1076/1076 1073/1073/1073 
f 1077/1077/1077 1078/1078/1078 1079/1079/1079 
f 1079/1079/1079 1080/1080/1080 1077/1077/1077 
f 1081/1081/1081 1082/1082/1082 1083/1083/1083 
f 1083/1083/1083 1084/1084/1084 1081/1081/1081 
f 1085/1085/1085 1086/1086/1086 1087/1087/1087 
f 1087/1087/1087 1088/1088/1088 1085/1085/1085 
f 1089/1089/1089 1090/1090/1090 1091/1091/1091 
f 1091/1091/1091 1092/1092/1092 1089/1089/1089 
f 1093/1093/1093 1094/1094/1094 1095/1095/1095 
f 1095/1095/1095 1096/1096/1096 1093/1093/1093 
f 1097/1097/1097 976/976/976 1098/1098/1098 
f 1098/1098/1098 1099/1099/1099 1097/1097/1097 
f 976/976/976 1100/1100/1100 1101/1101/1101 
f 1102/1102/1102 1103/1103/1103 1104/1104/1104 
f 1104/1104/1104 1105/1105/1105 1102/1102/1102 
f 986/986/986 1106/1106/1106 1107/1107/1107 
f 1107/1107/1107 1108/1108/1108 986/986/986 
f 986/986/986 1109/1109/1109 1110/1110/1110 
f 1111/1111/1111 1112/1112/1112 1113/1113/1113 
f 1113/1113/1113 1114/1114/1114 1111/1111/1111 
f 1115/1115/1115 1116/1116/1116 1117/1117/1117 
f 1117/1117/1117 1118/1118/1118 1115/1115/1115 
f 1119/1119/1119 1120/1120/1120 1121/1121/1121 
f 1121/1121/1121 1122/1122/1122 1119/1119/1119 
f 1123/1123/1123 1124/1124/1124 1125/1125/1125 
f 1125/1125/1125 1126/1126/1126 1123/1123/1123 
f 1127/1127/1127 1128/1128/1128 1129/1129/1129 
f 1129/1129/1129 1130/1130/1130 1127/1127/1127 
f 1131/1131/1131 1132/1132/1132 1133/1133/1133 
f 1133/1133/1133 1134/1134/1134 1131/1131/1131 
f 1135/1135/1135 1136/1136/1136 1137/1137/1137 
f 1137/1137/1137 1138/1138/1138 1135/1135/1135 
f 1139/1139/1139 1140/1140/1140 1141/1141/1141 
f 1141/1141/1141 1142/1142/1142 1139/1139/1139 
f 1143/1143/1143 1144/1144/1144 1145/1145/1145 
f 1145/1145/1145 1146/1146/1146 1143/1143/1143 
f 1147/1147/1147 1148/1148/1148 1149/1149/1149 
f 1149/1149/1149 1150/1150/1150 1147/1147/1147 
f 1151/1151/1151 1152/1152/1152 1153/1153/1153 
f 1153/1153/1153 1154/1154/1154 1151/1151/1151 
f 1155/1155/1155 1156/1156/1156 1157/1157/1157 
f 1157/1157/1157 1158/1158/1158 1155/1155/1155 
f 1159/1159/1159 1160/1160/1160 1161/1161/1161 
f 1161/1161/1161 1162/1162/1162 1159/1159/1159 
f 1163/1163/1163 1164/1164/1164 1165/1165/1165 
f 1165/1165/1165 1166/1166/1166 1163/1163/1163 
f 1167/1167/1167 1168/1168/1168 1169/1169/1169 
f 1169/1169/1169 1170/1170/1170 1167/1167/1167 
f 1171/1171/1171 1172/1172/1172 1173/1173/1173 
f 1173/1173/1173 1174/1174/1174 1171/1171/1171 
f 1175/1175/1175 1176/1176/1176 1177/1177/1177 
f 1177/1177/1177 1178/1178/1178 1175/1175/1175 
f 1179/1179/1179 1180/1180/1180 1181/1181/1181 
f 1181/1181/1181 1182/1182/1182 1179/1179/1179 
f 1183/1183/1183 1184/1184/1184 1185/1185/1185 
f 1185/1185/1185 1186/1186/1186 1183/1183/1183 
f 1187/1187/1187 1188/1188/1188 1189/1189/1189 
f 1189/1189/1189 1190/1190/1190 1187/1187/1187 
f 1191/1191/1191 1192/1192/1192 1193/1193/1193 
f 1193/1193/1193 1194/1194/1194 1191/1191/1191 
f 1195/1195/1195 1196/1196/1196 1197/1197/1197 
f 1197/1197/1197 1198/1198/1198 1195/1195/1195 
f 1199/1199/1199 1200/1200/1200 1201/1201/1201 
f 1201/1201/1201 1202/1202/1202 1199/1199/1199 
f 1203/1203/1203 1204/1204/1204 1205/1205/1205 
f 1205/1205/1205 1206/1206/1206 1203/1203/1203 
f 1207/1207/1207 1208/1208/1208 1209/1209/1209 
f 1209/1209/1209 1210/1210/1210 1207/1207/1207 
f 1211/1211/1211 1212/1212/1212 1213/1213/1213 
f 1213/1213/1213 1214/1214/1214 1211/1211/1211 
f 1215/1215/1215 1216/1216/1216 1217/1217/1217 
f 1217/1217/1217 1218/1218/1218 1215/1215/1215 
f 1219/1219/1219 1098/1098/1098 1220/1220/1220 
f 1220/1220/1220 1221/1221/1221 1219/1219/1219 
f 1098/1098/1098 1222/1222/1222 1223/1223/1223 
f 1224/1224/1224 1225/1225/1225 1226/1226/1226 
f 1226/1226/1226 1227/1227/1227 1224/1224/1224 
f 1108/1108/1108 1228/1228/1228 1229/1229/1229 
f 1229/1229/1229 1230/1230/1230 1108/1108/1108 
f 1108/1108/1108 1231/1231/1231 1232/1232/1232 
f 1233/1233/1233 1234/1234/1234 1235/1235/1235 
f 1235/1235/1235 1236/1236/1236 1233/1233/1233 
f 1237/1237/1237 1238/1238/1238 1239/1239/1239 
f 1239/1239/1239 1240/1240/1240 1237/1237/1237 
f 1241/1241/1241 1242/1242/1242 1243/1243/1243 
f 1243/1243/1243 1244/1244/1244 1241/1241/1241 
f 1245/1245/1245 1246/1246/1246 1247/1247/1247 
f 1247/1247/1247 1248/1248/1248 1245/1245/1245 
f 1249/1249/1249 1250/1250/1250 1251/1251/1251 
f 1251/1251/1251 1252/1252/1252 1249/1249/1249 
f 1253/1253/1253 1254/1254/1254 1255/1255/1255 
f 1255/1255/1255 1256/1256/1256 1253/1253/1253 
f 1257/1257/1257 1258/1258/1258 1259/1259/1259 
f 1259/1259/1259 1260/1260/1260 1257/1257/1257 
f 1261/1261/1261 1262/1262/1262 1263/1263/1263 
f 1263/1263/1263 1264/1264/1264 1261/1261/1261 
f 1265/1265/1265 1266/1266/1266 1267/1267/1267 
f 1267/1267/1267 1268/1268/1268 1265/1265/1265 
f 1269/1269/1269 1270/1270/1270 1271/1271/1271 
f 1271/1271/1271 1272/1272/1272 1269/1269/1269 
f 1273/1273/1273 1274/1274/1274 1275/1275/1275 
f 1275/1275/1275 1276/1276/1276 1273/1273/1273 
f 1277/1277/1277 1278/1278/1278 1279/1279/1279 
f 1279/1279/1279 1280/1280/1280 1277/1277/1277 
f 1281/1281/1281 1282/1282/1282 1283/1283/1283 
f 1283/1283/1283 1284/1284/1284 1281/1281/1281 
f 1285/1285/1285 1286/1286/1286 1287/1287/1287 
f 1287/1287/1287 1288/1288/1288 1285/1285/1285 
f 1289/1289/1289 1290/1290/1290 1291/1291/1291 
f 1291/1291/1291 1292/1292/1292 1289/1289/1289 
f 1293/1293/1293 1294/1294/1294 1295/1295/1295 
f 1295/1295/1295 1296/1296/1296 1293/1293/1293 
f 1297/1297/1297 1298/1298/1298 1299/1299/1299 
f 1299/1299/1299 1300/1300/1300 1297/1297/1297 
f 1301/1301/1301 1302/1302/1302 1303/1303/1303 
f 1303/1303/1303 1304/1304/1304 1301/1301/1301 
f 1305/1305/1305 1306/1306/1306 1307/1307/1307 
f 1307/1307/1307 1308/1308/1308 1305/1305/1305 
f 1309/1309/1309 1310/1310/1310 1311/1311/1311 
f 1311/1311/1311 1312/1312/1312 1309/1309/1309 
f 1313/1313/1313 1314/1314/1314 1315/1315/1315 
f 1315/1315/1315 1316/1316/1316 1313/1313/1313 
f 1317/1317/1317 1318/1318/1318 1319/1319/1319 
f 1319/1319/1319 1320/1320/1320 1317/1317/1317 
f 1321/1321/1321 1322/1322/1322 1323/1323/1323 
f 1323/1323/1323 1324/1324/1324 1321/1321/1321 
f 1325/1325/1325 1326/1326/1326 1327/1327/1327 
f 1327/1327/1327 1328/1328/1328 1325/1325/1325 
f 1329/1329/1329 1330/1330/1330 1331/1331/1331 
f 1331/1331/1331 1332/1332/1332 1329/1329/1329 
f 1333/1333/1333 1334/1334/1334 1335/1335/1335 
f 1335/1335/1335 1336/1336/1336 1333/1333/1333 
f 1337/1337/1337 1338/1338/1338 1339/1339/1339 
f 1339/1339/1339 1340/1340/1340 1337/1337/1337 
f 1341/1341/1341 1220/1220/1220 1342/1342/1342 
f 1342/1342/1342 1343/1343/1343 1341/1341/1341 
f 1220/1220/1220 1344/1344/1344 1345/1345/1345 
f 1346/1346/1346 1347/1347/1347 1348/1348/1348 
f 1348/1348/1348 1349/1349/1349 1346/1346/1346 
f 1230/1230/1230 1350/1350/1350 1351/1351/1351 
f 1351/1351/1351 1352/1352/1352 1230/1230/1230 
f 1230/1230/1230 1353/1353/1353 1354/1354/1354 
f 1355/1355/1355 1356/1356/1356 1357/1357/1357 
f 1357/1357/1357 1358/1358/1358 1355/1355/1355 
f 1359/1359/1359 1360/1360/1360 1361/1361/1361 
f 1361/1361/1361 1362/1362/1362 1359/1359/1359 
f 1363/1363/1363 1364/1364/1364 1365/1365/1365 
f 1365/1365/1365 1366/1366/1366 1363/1363/1363 
f 1367/1367/1367 1368/1368/1368 1369/1369/1369 
f 1369/1369/1369 1370/1370/1370 1367/1367/1367 
f 1371/1371/1371 1372/1372/1372 1373/1373/1373 
f 1373/1373/1373 1374/1374/1374 1371/1371/1371 
f 1375/1375/1375 1376/1376/1376 1377/1377/1377 
f 1377/1377/1377 1378/1378/1378 1375/1375/1375 
f 1379/1379/1379 1380/1380/1380 1381/1381/1381 
f 1381/1381/1381 1382/1382/1382 1379/1379/1379 
f 1383/1383/1383 1384/1384/1384 1385/1385/1385 
f 1385/1385/1385 1386/1386/1386 1383/1383/1383 
f 1387/1387/1387 1388/1388/1388 1389/1389/1389 
f 1389/1389/1389 1390/1390/1390 1387/1387/1387 
f 1391/1391/1391 1392/1392/1392 1393/1393/1393 
f 1393/1393/1393 1394/1394/1394 1391/1391/1391 
f 1395/1395/1395 1396/1396/1396 1397/1397/1397 
f 1397/1397/1397 1398/1398/1398 1395/1395/1395 
f 1399/1399/1399 1400/1400/1400 1401/1401/1401 
f 1401/1401/1401 1402/1402/1402 1399/1399/1399 
f 1403/1403/1403 1404/1404/1404 1405/1405/1405 
f 1405/1405/1405 1406/1406/1406 1403/1403/1403 
f 1407/1407/1407 1408/1408/1408 1409/1409/1409 
f 1409/1409/1409 1410/1410/1410 1407/1407/1407 
f 1411/1411/1411 1412/1412/1412 1413/1413/1413 
f 1413/1413/1413 1414/1414/1414 1411/1411/1411 
f 1415/1415/1415 1416/1416/1416 1417/1417/1417 
f 1417/1417/1417 1418/1418/1418 1415/1415/1415 
f 1419/1419/1419 1420/1420/1420 1421/1421/1421 
f 1421/1421/1421 1422/1422/1422 1419/1419/1419 
f 1423/1423/1423 1424/1424/1424 1425/1425/1425 
f 1425/1425/1425 1426/1426/1426 1423/1423/1423 
f 1427/1427/1427 1428/1428/1428 1429/1429/1429 
f 1429/1429/1429 1430/1430/1430 1427/1427/1427 
f 1431/1431/1431 1432/1432/1432 1433/1433/1433 
f 1433/1433/1433 1434/1434/1434 1431/1431/1431 
f 1435/1435/1435 1436/1436/1436 1437/1437/1437 
f 1437/1437/1437 1438/1438/1438 1435/1435/1435 
f 1439/1439/1439 1440/1440/1440 1441/1441/1441 
f 1441/1441/1441 1442/1442/1442 1439/1439/1439 
f 1443/1443/1443 1444/1444/1444 1445/1445/1445 
f 1445/1445/1445 1446/1446/1446 1443/1443/1443 
f 1447/1447/1447 1448/1448/1448 1449/1449/1449 
f 1449/1449/1449 1450/1450/1450 1447/1447/1447 
f 1451/1451/1451 1452/1452/1452 1453/1453/1453 
f 1453/1453/1453 1454/1454/1454 1451/1451/1451 
f 1455/1455/1455 1456/1456/1456 1457/1457/1457 
f 1457/1457/1457 1458/1458/1458 1455/1455/1455 
f 1459/1459/1459 1460/1460/1460 1461/1461/1461 
f 1461/1461/1461 1462/1462/1462 1459/1459/1459 
f 1463/1463/1463 1342/1342/1342 1464/1464/1464 
f 1464/1464/1464 1465/1465/1465 1463/1463/1463 
f 1342/1342/1342 1466/1466/1466 1467/1467/1467 
f 1468/1468/1468 1469/1469/1469 1470/1470/1470 
f 1470/1470/1470 1471/1471/1471 1468/1468/1468 
f 1352/1352/1352 1472/1472/1472 1473/1473/1473 
f 1473/1473/1473 1474/1474/1474 1352/1352/1352 
f 1352/1352/1352 1475/1475/1475 1476/1476/1476 
f 1477/1477/1477 1478/1478/1478 1479/1479/1479 
f 1479/1479/1479 1480/1480/1480 1477/1477/1477 
f 1481/1481/1481 1482/1482/1482 1483/1483/1483 
f 1483/1483/1483 1484/1484/1484 1481/1481/1481 
f 1485/1485/1485 1486/1486/1486 1487/1487/1487 
f 1487/1487/1487 1488/1488/1488 1485/1485/1485 
f 1489/1489/1489 1490/1490/1490 1491/1491/1491 
f 1491/1491/1491 1492/1492/1492 1489/1489/1489 
f 1493/1493/1493 1494/1494/1494 1495/1495/1495 
f 1495/1495/1495 1496/1496/1496 1493/1493/1493 
f 1497/1497/1497 1498/1498/1498 1499/1499/1499 
f 1499/1499/1499 1500/1500/1500 1497/1497/1497 
f 1501/1501/1501 1502/1502/1502 1503/1503/1503 
f 1503/1503/1503 1504/1504/1504 1501/1501/1501 
f 1505/1505/1505 1506/1506/1506 1507/1507/1507 
f 1507/1507/1507 1508/1508/1508 1505/1505/1505 
f 1509/1509/1509 1510/1510/1510 1511/1511/1511 
f 1511/1511/1511 1512/1512/1512 1509/1509/1509 
f 1513/1513/1513 1514/1514/1514 1515/1515/1515 
f 1515/1515/1515 1516/1516/1516 1513/1513/1513 
f 1517/1517/1517 1518/1518/1518 1519/1519/1519 
f 1519/1519/1519 1520/1520/1520 1517/1517/1517 
f 1521/1521/1521 1522/1522/1522 1523/1523/1523 
f 1523/1523/1523 1524/1524/1524 1521/1521/1521 
f 1525/1525/1525 1526/1526/1526 1527/1527/1527 
f 1527/1527/1527 1528/1528/1528 1525/1525/1525 
f 1529/1529/1529 1530/1530/1530 1531/1531/1531 
f 1531/1531/1531 1532/1532/1532 1529/1529/1529 
f 1533/1533/1533 1534/1534/1534 1535/1535/1535 
f 1535/1535/1535 1536/1536/1536 1533/1533/1533 
f 1537/1537/1537 1538/1538/1538 1539/1539/1539 
f 1539/1539/1539 1540/1540/1540 1537/1537/1537 
f 1541/1541/1541 1542/1542/1542 1543/1543/1543 
f 1543/1543/1543 1544/1544/1544 1541/1541/1541 
f 1545/1545/1545 1546/1546/1546 1547/1547/1547 
f 1547/1547/1547 1548/1548/1548 1545/1545/1545 
f 1549/1549/1549 1550/1550/1550 1551/1551/1551 
f 1551/1551/1551 1552/1552/1552 1549/1549/1549 
f 1553/1553/1553 1554/1554/1554 1555/1555/1555 
f 1555/1555/1555 1556/1556/1556 1553/1553/1553 
f 1557/1557/1557 1558/1558/1558 1559/1559/1559 
f 1559/1559/1559 1560/1560/1560 1557/1557/1557 
f 1561/1561/1561 1562/1562/1562 1563/1563/1563 
f 1563/1563/1563 1564/1564/1564 1561/1561/1561 
f 1565/1565/1565 1566/1566/1566 1567/1567/1567 
f 1567/1567/1567 1568/1568/1568 1565/1565/1565 
f 1569/1569/1569 1570/1570/1570 1571/1571/1571 
f 1571/1571/1571 1572/1572/1572 1569/1569/1569 
f 1573/1573/1573 1574/1574/1574 1575/1575/1575 
f 1575/1575/1575 1576/1576/1576 1573/1573/1573 
f 1577/1577/1577 1578/1578/1578 1579/1579/1579 
f 1579/1579/1579 1580/1580/1580 1577/1577/1577 
f 1581/1581/1581 1582/1582/1582 1583/1583/1583 
f 1583/1583/1583 1584/1584/1584 1581/1581/1581 
f 1585/1585/1585 1464/1464/1464 1586/1586/1586 
f 1586/1586/1586 1587/1587/1587 1585/1585/1585 
f 1464/1464/1464 1588/1588/1588 1589/1589/1589 
f 1474/1474/1474 1590/1590/1590 1591/1591/1591 
f 1591/1591/1591 1592/1592/1592 1474/1474/1474 
f 1592/1592/1592 1593/1593/1593 1594/1594/1594 
f 1594/1594/1594 1595/1595/1595 1592/1592/1592 
f 1592/1592/1592 1596/1596/1596 1597/1597/1597 
f 1595/1595/1595 1598/1598/1598 1599/1599/1599 
f 1599/1599/1599 1600/1600/1600 1595/1595/1595 
f 1595/1595/1595 1601/1601/1601 1602/1602/1602 
f 1600/1600/1600 1603/1603/1603 1604/1604/1604 
f 1604/1604/1604 1605/1605/1605 1600/1600/1600 
f 1600/1600/1600 1606/1606/1606 1607/1607/1607 
f 1605/1605/1605 1608/1608/1608 1609/1609/1609 
f 1609/1609/1609 1610/1610/1610 1605/1605/1605 
f 1605/1605/1605 1611/1611/1611 1612/1612/1612 
f 1610/1610/1610 1613/1613/1613 1614/1614/1614 
f 1614/1614/1614 1615/1615/1615 1610/1610/1610 
f 1610/1610/1610 1616/1616/1616 1617/1617/1617 
f 1615/1615/1615 1618/1618/1618 1619/1619/1619 
f 1619/1619/1619 1620/1620/1620 1615/1615/1615 
f 1615/1615/1615 1621/1621/1621 1622/1622/1622 
f 1620/1620/1620 1623/1623/1623 1624/1624/1624 
f 1624/1624/1624 1625/1625/1625 1620/1620/1620 
f 1620/1620/1620 1626/1626/1626 1627/1627/1627 
f 1625/1625/1625 1628/1628/1628 1629/1629/1629 
f 1629/1629/1629 1630/1630/1630 1625/1625/1625 
f 1625/1625/1625 1631/1631/1631 1632/1632/1632 
f 1630/1630/1630 1633/1633/1633 1634/1634/1634 
f 1634/1634/1634 1586/1586/1586 1630/1630/1630 
f 1630/1630/1630 1635/1635/1635 1636/1636/1636 
f 401/401/401 405/405/405 402/402/402 
f 1/1/1 401/401/401 404/404/404 
f 404/404/404 2/2/2 1/1/1 
f 405/405/405 1/1/1 4/4/4 
f 4/4/4 406/406/406 405/405/405 
f 401/401/401 1/1/1 405/405/405 
f 408/408/408 415/415/415 403/403/403 
f 5/5/5 408/408/408 410/410/410 
f 410/410/410 6/6/6 5/5/5 
f 412/412/412 5/5/5 8/8/8 
f 8/8/8 413/413/413 412/412/412 
f 415/415/415 412/412/412 411/411/411 
f 411/411/411 416/416/416 415/415/415 
f 415/415/415 408/408/408 5/5/5 
f 5/5/5 412/412/412 415/415/415 
f 416/416/416 404/404/404 403/403/403 
f 2/2/2 411/411/411 414/414/414 
f 414/414/414 3/3/3 2/2/2 
f 416/416/416 411/411/411 2/2/2 
f 2/2/2 404/404/404 416/416/416 
f 417/417/417 424/424/424 409/409/409 
f 9/9/9 417/417/417 419/419/419 
f 419/419/419 10/10/10 9/9/9 
f 421/421/421 9/9/9 12/12/12 
f 12/12/12 422/422/422 421/421/421 
f 424/424/424 421/421/421 420/420/420 
f 420/420/420 425/425/425 424/424/424 
f 424/424/424 417/417/417 9/9/9 
f 9/9/9 421/421/421 424/424/424 
f 425/425/425 410/410/410 409/409/409 
f 6/6/6 420/420/420 423/423/423 
f 423/423/423 7/7/7 6/6/6 
f 425/425/425 420/420/420 6/6/6 
f 6/6/6 410/410/410 425/425/425 
f 426/426/426 433/433/433 418/418/418 
f 13/13/13 426/426/426 428/428/428 
f 428/428/428 14/14/14 13/13/13 
f 430/430/430 13/13/13 16/16/16 
f 16/16/16 431/431/431 430/430/430 
f 433/433/433 430/430/430 429/429/429 
f 429/429/429 434/434/434 433/433/433 
f 433/433/433 426/426/426 13/13/13 
f 13/13/13 430/430/430 433/433/433 
f 434/434/434 419/419/419 418/418/418 
f 10/10/10 429/429/429 432/432/432 
f 432/432/432 11/11/11 10/10/10 
f 434/434/434 429/429/429 10/10/10 
f 10/10/10 419/419/419 434/434/434 
f 435/435/435 442/442/442 427/427/427 
f 17/17/17 435/435/435 437/437/437 
f 437/437/437 18/18/18 17/17/17 
f 439/439/439 17/17/17 20/20/20 
f 20/20/20 440/440/440 439/439/439 
f 442/442/442 439/439/439 438/438/438 
f 438/438/438 443/443/443 442/442/442 
f 442/442/442 435/435/435 17/17/17 
f 17/17/17 439/439/439 442/442/442 
f 443/443/443 428/428/428 427/427/427 
f 14/14/14 438/438/438 441/441/441 
f 441/441/441 15/15/15 14/14/14 
f 443/443/443 438/438/438 14/14/14 
f 14/14/14 428/428/428 443/443/443 
f 444/444/444 451/451/451 436/436/436 
f 21/21/21 444/444/444 446/446/446 
f 446/446/446 22/22/22 21/21/21 
f 448/448/448 21/21/21 24/24/24 
f 24/24/24 449/449/449 448/448/448 
f 451/451/451 448/448/448 447/447/447 
f 447/447/447 452/452/452 451/451/451 
f 451/451/451 444/444/444 21/21/21 
f 21/21/21 448/448/448 451/451/451 
f 452/452/452 437/437/437 436/436/436 
f 18/18/18 447/447/447 450/450/450 
f 450/450/450 19/19/19 18/18/18 
f 452/452/452 447/447/447 18/18/18 
f 18/18/18 437/437/437 452/452/452 
f 453/453/453 460/460/460 445/445/445 
f 25/25/25 453/453/453 455/455/455 
f 455/455/455 26/26/26 25/25/25 
f 457/457/457 25/25/25 28/28/28 
f 28/28/28 458/458/458 457/457/457 
f 460/460/460 457/457/457 456/456/456 
f 456/456/456 461/461/461 460/460/460 
f 460/460/460 453/453/453 25/25/25 
f 25/25/25 457/457/457 460/460/460 
f 461/461/461 446/446/446 445/445/445 
f 22/22/22 456/456/456 459/459/459 
f 459/459/459 23/23/23 22/22/22 
f 461/461/461 456/456/456 22/22/22 
f 22/22/22 446/446/446 461/461/461 
f 462/462/462 469/469/469 454/454/454 
f 29/29/29 462/462/462 464/464/464 
f 464/464/464 30/30/30 29/29/29 
f 466/466/466 29/29/29 32/32/32 
f 32/32/32 467/467/467 466/466/466 
f 469/469/469 466/466/466 465/465/465 
f 465/465/465 470/470/470 469/469/469 
f 469/469/469 462/462/462 29/29/29 
f 29/29/29 466/466/466 469/469/469 
f 470/470/470 455/455/455 454/454/454 
f 26/26/26 465/465/465 468/468/468 
f 468/468/468 27/27/27 26/26/26 
f 470/470/470 465/465/465 26/26/26 
f 26/26/26 455/455/455 470/470/470 
f 471/471/471 478/478/478 463/463/463 
f 33/33/33 471/471/471 473/473/473 
f 473/473/473 34/34/34 33/33/33 
f 475/475/475 33/33/33 36/36/36 
f 36/36/36 476/476/476 475/475/475 
f 478/478/478 475/475/475 474/474/474 
f 474/474/474 479/479/479 478/478/478 
f 478/478/478 471/471/471 33/33/33 
f 33/33/33 475/475/475 478/478/478 
f 479/479/479 464/464/464 463/463/463 
f 30/30/30 474/474/474 477/477/477 
f 477/477/477 31/31/31 30/30/30 
f 479/479/479 474/474/474 30/30/30 
f 30/30/30 464/464/464 479/479/479 
f 480/480/480 487/487/487 472/472/472 
f 37/37/37 480/480/480 482/482/482 
f 482/482/482 38/38/38 37/37/37 
f 484/484/484 37/37/37 40/40/40 
f 40/40/40 485/485/485 484/484/484 
f 487/487/487 484/484/484 483/483/483 
f 483/483/483 488/488/488 487/487/487 
f 487/487/487 480/480/480 37/37/37 
f 37/37/37 484/484/484 487/487/487 
f 488/488/488 473/473/473 472/472/472 
f 34/34/34 483/483/483 486/486/486 
f 486/486/486 35/35/35 34/34/34 
f 488/488/488 483/483/483 34/34/34 
f 34/34/34 473/473/473 488/488/488 
f 489/489/489 482/482/482 481/481/481 
f 38/38/38 489/489/489 491/491/491 
f 491/491/491 39/39/39 38/38/38 
f 489/489/489 38/38/38 482/482/482 
f 406/406/406 499/499/499 407/407/407 
f 493/493/493 4/4/4 3/3/3 
f 3/3/3 494/494/494 493/493/493 
f 499/499/499 493/493/493 492/492/492 
f 492/492/492 500/500/500 499/499/499 
f 499/499/499 406/406/406 4/4/4 
f 4/4/4 493/493/493 499/499/499 
f 500/500/500 496/496/496 407/407/407 
f 41/41/41 492/492/492 495/495/495 
f 495/495/495 42/42/42 41/41/41 
f 496/496/496 41/41/41 44/44/44 
f 44/44/44 497/497/497 496/496/496 
f 500/500/500 492/492/492 41/41/41 
f 41/41/41 496/496/496 500/500/500 
f 502/502/502 8/8/8 7/7/7 
f 7/7/7 503/503/503 502/502/502 
f 511/511/511 502/502/502 501/501/501 
f 501/501/501 512/512/512 511/511/511 
f 413/413/413 511/511/511 510/510/510 
f 510/510/510 414/414/414 413/413/413 
f 511/511/511 413/413/413 8/8/8 
f 8/8/8 502/502/502 511/511/511 
f 45/45/45 501/501/501 504/504/504 
f 504/504/504 46/46/46 45/45/45 
f 506/506/506 45/45/45 48/48/48 
f 48/48/48 507/507/507 506/506/506 
f 512/512/512 506/506/506 505/505/505 
f 505/505/505 509/509/509 512/512/512 
f 501/501/501 45/45/45 506/506/506 
f 506/506/506 512/512/512 501/501/501 
f 509/509/509 495/495/495 494/494/494 
f 494/494/494 510/510/510 509/509/509 
f 42/42/42 505/505/505 508/508/508 
f 508/508/508 43/43/43 42/42/42 
f 509/509/509 505/505/505 42/42/42 
f 42/42/42 495/495/495 509/509/509 
f 494/494/494 3/3/3 414/414/414 
f 414/414/414 510/510/510 494/494/494 
f 514/514/514 12/12/12 11/11/11 
f 11/11/11 515/515/515 514/514/514 
f 523/523/523 514/514/514 513/513/513 
f 513/513/513 524/524/524 523/523/523 
f 422/422/422 523/523/523 522/522/522 
f 522/522/522 423/423/423 422/422/422 
f 523/523/523 422/422/422 12/12/12 
f 12/12/12 514/514/514 523/523/523 
f 49/49/49 513/513/513 516/516/516 
f 516/516/516 50/50/50 49/49/49 
f 518/518/518 49/49/49 52/52/52 
f 52/52/52 519/519/519 518/518/518 
f 524/524/524 518/518/518 517/517/517 
f 517/517/517 521/521/521 524/524/524 
f 518/518/518 524/524/524 513/513/513 
f 513/513/513 49/49/49 518/518/518 
f 521/521/521 504/504/504 503/503/503 
f 503/503/503 522/522/522 521/521/521 
f 46/46/46 517/517/517 520/520/520 
f 520/520/520 47/47/47 46/46/46 
f 521/521/521 517/517/517 46/46/46 
f 46/46/46 504/504/504 521/521/521 
f 503/503/503 7/7/7 423/423/423 
f 423/423/423 522/522/522 503/503/503 
f 526/526/526 16/16/16 15/15/15 
f 15/15/15 527/527/527 526/526/526 
f 536/536/536 526/526/526 525/525/525 
f 525/525/525 533/533/533 536/536/536 
f 431/431/431 536/536/536 535/535/535 
f 535/535/535 432/432/432 431/431/431 
f 526/526/526 536/536/536 431/431/431 
f 431/431/431 16/16/16 526/526/526 
f 53/53/53 525/525/525 528/528/528 
f 528/528/528 54/54/54 53/53/53 
f 530/530/530 53/53/53 56/56/56 
f 56/56/56 531/531/531 530/530/530 
f 533/533/533 530/530/530 529/529/529 
f 529/529/529 534/534/534 533/533/533 
f 533/533/533 525/525/525 53/53/53 
f 53/53/53 530/530/530 533/533/533 
f 534/534/534 516/516/516 515/515/515 
f 515/515/515 535/535/535 534/534/534 
f 50/50/50 529/529/529 532/532/532 
f 532/532/532 51/51/51 50/50/50 
f 529/529/529 50/50/50 516/516/516 
f 516/516/516 534/534/534 529/529/529 
f 535/535/535 515/515/515 11/11/11 
f 11/11/11 432/432/432 535/535/535 
f 538/538/538 20/20/20 19/19/19 
f 19/19/19 539/539/539 538/538/538 
f 548/548/548 538/538/538 537/537/537 
f 537/537/537 545/545/545 548/548/548 
f 440/440/440 548/548/548 547/547/547 
f 547/547/547 441/441/441 440/440/440 
f 440/440/440 20/20/20 538/538/538 
f 538/538/538 548/548/548 440/440/440 
f 57/57/57 537/537/537 540/540/540 
f 540/540/540 58/58/58 57/57/57 
f 542/542/542 57/57/57 60/60/60 
f 60/60/60 543/543/543 542/542/542 
f 545/545/545 542/542/542 541/541/541 
f 541/541/541 546/546/546 545/545/545 
f 545/545/545 537/537/537 57/57/57 
f 57/57/57 542/542/542 545/545/545 
f 546/546/546 528/528/528 527/527/527 
f 527/527/527 547/547/547 546/546/546 
f 54/54/54 541/541/541 544/544/544 
f 544/544/544 55/55/55 54/54/54 
f 541/541/541 54/54/54 528/528/528 
f 528/528/528 546/546/546 541/541/541 
f 547/547/547 527/527/527 15/15/15 
f 15/15/15 441/441/441 547/547/547 
f 550/550/550 24/24/24 23/23/23 
f 23/23/23 551/551/551 550/550/550 
f 557/557/557 550/550/550 549/549/549 
f 549/549/549 558/558/558 557/557/557 
f 449/449/449 557/557/557 560/560/560 
f 560/560/560 450/450/450 449/449/449 
f 24/24/24 550/550/550 557/557/557 
f 557/557/557 449/449/449 24/24/24 
f 61/61/61 549/549/549 552/552/552 
f 552/552/552 62/62/62 61/61/61 
f 554/554/554 61/61/61 64/64/64 
f 64/64/64 555/555/555 554/554/554 
f 558/558/558 554/554/554 553/553/553 
f 553/553/553 559/559/559 558/558/558 
f 549/549/549 61/61/61 554/554/554 
f 554/554/554 558/558/558 549/549/549 
f 559/559/559 540/540/540 539/539/539 
f 539/539/539 560/560/560 559/559/559 
f 58/58/58 553/553/553 556/556/556 
f 556/556/556 59/59/59 58/58/58 
f 540/540/540 559/559/559 553/553/553 
f 553/553/553 58/58/58 540/540/540 
f 560/560/560 539/539/539 19/19/19 
f 19/19/19 450/450/450 560/560/560 
f 562/562/562 28/28/28 27/27/27 
f 27/27/27 563/563/563 562/562/562 
f 572/572/572 562/562/562 561/561/561 
f 561/561/561 569/569/569 572/572/572 
f 458/458/458 572/572/572 571/571/571 
f 571/571/571 459/459/459 458/458/458 
f 458/458/458 28/28/28 562/562/562 
f 562/562/562 572/572/572 458/458/458 
f 65/65/65 561/561/561 564/564/564 
f 564/564/564 66/66/66 65/65/65 
f 566/566/566 65/65/65 68/68/68 
f 68/68/68 567/567/567 566/566/566 
f 569/569/569 566/566/566 565/565/565 
f 565/565/565 570/570/570 569/569/569 
f 65/65/65 566/566/566 569/569/569 
f 569/569/569 561/561/561 65/65/65 
f 570/570/570 552/552/552 551/551/551 
f 551/551/551 571/571/571 570/570/570 
f 62/62/62 565/565/565 568/568/568 
f 568/568/568 63/63/63 62/62/62 
f 565/565/565 62/62/62 552/552/552 
f 552/552/552 570/570/570 565/565/565 
f 551/551/551 23/23/23 459/459/459 
f 459/459/459 571/571/571 551/551/551 
f 574/574/574 32/32/32 31/31/31 
f 31/31/31 575/575/575 574/574/574 
f 582/582/582 574/574/574 573/573/573 
f 573/573/573 583/583/583 582/582/582 
f 467/467/467 582/582/582 581/581/581 
f 581/581/581 468/468/468 467/467/467 
f 467/467/467 32/32/32 574/574/574 
f 574/574/574 582/582/582 467/467/467 
f 69/69/69 573/573/573 576/576/576 
f 576/576/576 70/70/70 69/69/69 
f 578/578/578 69/69/69 72/72/72 
f 72/72/72 579/579/579 578/578/578 
f 583/583/583 578/578/578 577/577/577 
f 577/577/577 584/584/584 583/583/583 
f 583/583/583 573/573/573 69/69/69 
f 69/69/69 578/578/578 583/583/583 
f 584/584/584 564/564/564 563/563/563 
f 563/563/563 581/581/581 584/584/584 
f 66/66/66 577/577/577 580/580/580 
f 580/580/580 67/67/67 66/66/66 
f 564/564/564 584/584/584 577/577/577 
f 577/577/577 66/66/66 564/564/564 
f 27/27/27 468/468/468 581/581/581 
f 581/581/581 563/563/563 27/27/27 
f 586/586/586 36/36/36 35/35/35 
f 35/35/35 587/587/587 586/586/586 
f 596/596/596 586/586/586 585/585/585 
f 585/585/585 593/593/593 596/596/596 
f 476/476/476 596/596/596 595/595/595 
f 595/595/595 477/477/477 476/476/476 
f 586/586/586 596/596/596 476/476/476 
f 476/476/476 36/36/36 586/586/586 
f 73/73/73 585/585/585 588/588/588 
f 588/588/588 74/74/74 73/73/73 
f 590/590/590 73/73/73 76/76/76 
f 76/76/76 591/591/591 590/590/590 
f 593/593/593 590/590/590 589/589/589 
f 589/589/589 594/594/594 593/593/593 
f 73/73/73 590/590/590 593/593/593 
f 593/593/593 585/585/585 73/73/73 
f 594/594/594 576/576/576 575/575/575 
f 575/575/575 595/595/595 594/594/594 
f 70/70/70 589/589/589 592/592/592 
f 592/592/592 71/71/71 70/70/70 
f 589/589/589 70/70/70 576/576/576 
f 576/576/576 594/594/594 589/589/589 
f 595/595/595 575/575/575 31/31/31 
f 31/31/31 477/477/477 595/595/595 
f 598/598/598 40/40/40 39/39/39 
f 39/39/39 599/599/599 598/598/598 
f 606/606/606 598/598/598 597/597/597 
f 597/597/597 607/607/607 606/606/606 
f 485/485/485 606/606/606 605/605/605 
f 605/605/605 486/486/486 485/485/485 
f 485/485/485 40/40/40 598/598/598 
f 598/598/598 606/606/606 485/485/485 
f 77/77/77 597/597/597 600/600/600 
f 600/600/600 78/78/78 77/77/77 
f 602/602/602 77/77/77 80/80/80 
f 80/80/80 603/603/603 602/602/602 
f 607/607/607 602/602/602 601/601/601 
f 601/601/601 608/608/608 607/607/607 
f 607/607/607 597/597/597 77/77/77 
f 77/77/77 602/602/602 607/607/607 
f 608/608/608 588/588/588 587/587/587 
f 587/587/587 605/605/605 608/608/608 
f 74/74/74 601/601/601 604/604/604 
f 604/604/604 75/75/75 74/74/74 
f 588/588/588 608/608/608 601/601/601 
f 601/601/601 74/74/74 588/588/588 
f 35/35/35 486/486/486 605/605/605 
f 605/605/605 587/587/587 35/35/35 
f 609/609/609 612/612/612 490/490/490 
f 78/78/78 609/609/609 611/611/611 
f 611/611/611 79/79/79 78/78/78 
f 612/612/612 600/600/600 599/599/599 
f 599/599/599 613/613/613 612/612/612 
f 612/612/612 609/609/609 78/78/78 
f 78/78/78 600/600/600 612/612/612 
f 613/613/613 491/491/491 490/490/490 
f 613/613/613 599/599/599 39/39/39 
f 39/39/39 491/491/491 613/613/613 
f 497/497/497 621/621/621 498/498/498 
f 615/615/615 44/44/44 43/43/43 
f 43/43/43 616/616/616 615/615/615 
f 621/621/621 615/615/615 614/614/614 
f 614/614/614 622/622/622 621/621/621 
f 621/621/621 497/497/497 44/44/44 
f 44/44/44 615/615/615 621/621/621 
f 622/622/622 618/618/618 498/498/498 
f 81/81/81 614/614/614 617/617/617 
f 617/617/617 82/82/82 81/81/81 
f 618/618/618 81/81/81 84/84/84 
f 84/84/84 619/619/619 618/618/618 
f 622/622/622 614/614/614 81/81/81 
f 81/81/81 618/618/618 622/622/622 
f 624/624/624 48/48/48 47/47/47 
f 47/47/47 625/625/625 624/624/624 
f 634/634/634 624/624/624 623/623/623 
f 623/623/623 631/631/631 634/634/634 
f 507/507/507 634/634/634 633/633/633 
f 633/633/633 508/508/508 507/507/507 
f 624/624/624 634/634/634 507/507/507 
f 507/507/507 48/48/48 624/624/624 
f 85/85/85 623/623/623 626/626/626 
f 626/626/626 86/86/86 85/85/85 
f 628/628/628 85/85/85 88/88/88 
f 88/88/88 629/629/629 628/628/628 
f 631/631/631 628/628/628 627/627/627 
f 627/627/627 632/632/632 631/631/631 
f 623/623/623 85/85/85 628/628/628 
f 628/628/628 631/631/631 623/623/623 
f 632/632/632 617/617/617 616/616/616 
f 616/616/616 633/633/633 632/632/632 
f 82/82/82 627/627/627 630/630/630 
f 630/630/630 83/83/83 82/82/82 
f 627/627/627 82/82/82 617/617/617 
f 617/617/617 632/632/632 627/627/627 
f 616/616/616 43/43/43 508/508/508 
f 508/508/508 633/633/633 616/616/616 
f 636/636/636 52/52/52 51/51/51 
f 51/51/51 637/637/637 636/636/636 
f 645/645/645 636/636/636 635/635/635 
f 635/635/635 646/646/646 645/645/645 
f 519/519/519 645/645/645 644/644/644 
f 644/644/644 520/520/520 519/519/519 
f 645/645/645 519/519/519 52/52/52 
f 52/52/52 636/636/636 645/645/645 
f 89/89/89 635/635/635 638/638/638 
f 638/638/638 90/90/90 89/89/89 
f 640/640/640 89/89/89 92/92/92 
f 92/92/92 641/641/641 640/640/640 
f 646/646/646 640/640/640 639/639/639 
f 639/639/639 643/643/643 646/646/646 
f 646/646/646 635/635/635 89/89/89 
f 89/89/89 640/640/640 646/646/646 
f 643/643/643 626/626/626 625/625/625 
f 625/625/625 644/644/644 643/643/643 
f 86/86/86 639/639/639 642/642/642 
f 642/642/642 87/87/87 86/86/86 
f 643/643/643 639/639/639 86/86/86 
f 86/86/86 626/626/626 643/643/643 
f 644/644/644 625/625/625 47/47/47 
f 47/47/47 520/520/520 644/644/644 
f 648/648/648 56/56/56 55/55/55 
f 55/55/55 649/649/649 648/648/648 
f 657/657/657 648/648/648 647/647/647 
f 647/647/647 658/658/658 657/657/657 
f 531/531/531 657/657/657 656/656/656 
f 656/656/656 532/532/532 531/531/531 
f 648/648/648 657/657/657 531/531/531 
f 531/531/531 56/56/56 648/648/648 
f 93/93/93 647/647/647 650/650/650 
f 650/650/650 94/94/94 93/93/93 
f 652/652/652 93/93/93 96/96/96 
f 96/96/96 653/653/653 652/652/652 
f 658/658/658 652/652/652 651/651/651 
f 651/651/651 655/655/655 658/658/658 
f 658/658/658 647/647/647 93/93/93 
f 93/93/93 652/652/652 658/658/658 
f 655/655/655 638/638/638 637/637/637 
f 637/637/637 656/656/656 655/655/655 
f 90/90/90 651/651/651 654/654/654 
f 654/654/654 91/91/91 90/90/90 
f 651/651/651 90/90/90 638/638/638 
f 638/638/638 655/655/655 651/651/651 
f 637/637/637 51/51/51 532/532/532 
f 532/532/532 656/656/656 637/637/637 
f 660/660/660 60/60/60 59/59/59 
f 59/59/59 661/661/661 660/660/660 
f 668/668/668 660/660/660 659/659/659 
f 659/659/659 669/669/669 668/668/668 
f 543/543/543 668/668/668 667/667/667 
f 667/667/667 544/544/544 543/543/543 
f 543/543/543 60/60/60 660/660/660 
f 660/660/660 668/668/668 543/543/543 
f 97/97/97 659/659/659 662/662/662 
f 662/662/662 98/98/98 97/97/97 
f 664/664/664 97/97/97 100/100/100 
f 100/100/100 665/665/665 664/664/664 
f 669/669/669 664/664/664 663/663/663 
f 663/663/663 670/670/670 669/669/669 
f 669/669/669 659/659/659 97/97/97 
f 97/97/97 664/664/664 669/669/669 
f 670/670/670 650/650/650 649/649/649 
f 649/649/649 667/667/667 670/670/670 
f 94/94/94 663/663/663 666/666/666 
f 666/666/666 95/95/95 94/94/94 
f 650/650/650 670/670/670 663/663/663 
f 663/663/663 94/94/94 650/650/650 
f 55/55/55 544/544/544 667/667/667 
f 667/667/667 649/649/649 55/55/55 
f 672/672/672 64/64/64 63/63/63 
f 63/63/63 673/673/673 672/672/672 
f 681/681/681 672/672/672 671/671/671 
f 671/671/671 682/682/682 681/681/681 
f 555/555/555 681/681/681 680/680/680 
f 680/680/680 556/556/556 555/555/555 
f 672/672/672 681/681/681 555/555/555 
f 555/555/555 64/64/64 672/672/672 
f 101/101/101 671/671/671 674/674/674 
f 674/674/674 102/102/102 101/101/101 
f 676/676/676 101/101/101 104/104/104 
f 104/104/104 677/677/677 676/676/676 
f 682/682/682 676/676/676 675/675/675 
f 675/675/675 679/679/679 682/682/682 
f 676/676/676 682/682/682 671/671/671 
f 671/671/671 101/101/101 676/676/676 
f 679/679/679 662/662/662 661/661/661 
f 661/661/661 680/680/680 679/679/679 
f 98/98/98 675/675/675 678/678/678 
f 678/678/678 99/99/99 98/98/98 
f 98/98/98 662/662/662 679/679/679 
f 679/679/679 675/675/675 98/98/98 
f 680/680/680 661/661/661 59/59/59 
f 59/59/59 556/556/556 680/680/680 
f 684/684/684 68/68/68 67/67/67 
f 67/67/67 685/685/685 684/684/684 
f 693/693/693 684/684/684 683/683/683 
f 683/683/683 694/694/694 693/693/693 
f 567/567/567 693/693/693 692/692/692 
f 692/692/692 568/568/568 567/567/567 
f 684/684/684 693/693/693 567/567/567 
f 567/567/567 68/68/68 684/684/684 
f 105/105/105 683/683/683 686/686/686 
f 686/686/686 106/106/106 105/105/105 
f 688/688/688 105/105/105 108/108/108 
f 108/108/108 689/689/689 688/688/688 
f 694/694/694 688/688/688 687/687/687 
f 687/687/687 691/691/691 694/694/694 
f 105/105/105 688/688/688 694/694/694 
f 694/694/694 683/683/683 105/105/105 
f 691/691/691 674/674/674 673/673/673 
f 673/673/673 692/692/692 691/691/691 
f 102/102/102 687/687/687 690/690/690 
f 690/690/690 103/103/103 102/102/102 
f 102/102/102 674/674/674 691/691/691 
f 691/691/691 687/687/687 102/102/102 
f 692/692/692 673/673/673 63/63/63 
f 63/63/63 568/568/568 692/692/692 
f 696/696/696 72/72/72 71/71/71 
f 71/71/71 697/697/697 696/696/696 
f 706/706/706 696/696/696 695/695/695 
f 695/695/695 703/703/703 706/706/706 
f 579/579/579 706/706/706 705/705/705 
f 705/705/705 580/580/580 579/579/579 
f 696/696/696 706/706/706 579/579/579 
f 579/579/579 72/72/72 696/696/696 
f 109/109/109 695/695/695 698/698/698 
f 698/698/698 110/110/110 109/109/109 
f 700/700/700 109/109/109 112/112/112 
f 112/112/112 701/701/701 700/700/700 
f 703/703/703 700/700/700 699/699/699 
f 699/699/699 704/704/704 703/703/703 
f 109/109/109 700/700/700 703/703/703 
f 703/703/703 695/695/695 109/109/109 
f 704/704/704 686/686/686 685/685/685 
f 685/685/685 705/705/705 704/704/704 
f 106/106/106 699/699/699 702/702/702 
f 702/702/702 107/107/107 106/106/106 
f 686/686/686 704/704/704 699/699/699 
f 699/699/699 106/106/106 686/686/686 
f 705/705/705 685/685/685 67/67/67 
f 67/67/67 580/580/580 705/705/705 
f 708/708/708 76/76/76 75/75/75 
f 75/75/75 709/709/709 708/708/708 
f 718/718/718 708/708/708 707/707/707 
f 707/707/707 715/715/715 718/718/718 
f 591/591/591 718/718/718 717/717/717 
f 717/717/717 592/592/592 591/591/591 
f 708/708/708 718/718/718 591/591/591 
f 591/591/591 76/76/76 708/708/708 
f 113/113/113 707/707/707 710/710/710 
f 710/710/710 114/114/114 113/113/113 
f 712/712/712 113/113/113 116/116/116 
f 116/116/116 713/713/713 712/712/712 
f 715/715/715 712/712/712 711/711/711 
f 711/711/711 716/716/716 715/715/715 
f 113/113/113 712/712/712 715/715/715 
f 715/715/715 707/707/707 113/113/113 
f 716/716/716 698/698/698 697/697/697 
f 697/697/697 717/717/717 716/716/716 
f 110/110/110 711/711/711 714/714/714 
f 714/714/714 111/111/111 110/110/110 
f 711/711/711 110/110/110 698/698/698 
f 698/698/698 716/716/716 711/711/711 
f 717/717/717 697/697/697 71/71/71 
f 71/71/71 592/592/592 717/717/717 
f 720/720/720 80/80/80 79/79/79 
f 79/79/79 721/721/721 720/720/720 
f 730/730/730 720/720/720 719/719/719 
f 719/719/719 727/727/727 730/730/730 
f 603/603/603 730/730/730 729/729/729 
f 729/729/729 604/604/604 603/603/603 
f 720/720/720 730/730/730 603/603/603 
f 603/603/603 80/80/80 720/720/720 
f 117/117/117 719/719/719 722/722/722 
f 722/722/722 118/118/118 117/117/117 
f 724/724/724 117/117/117 120/120/120 
f 120/120/120 725/725/725 724/724/724 
f 727/727/727 724/724/724 723/723/723 
f 723/723/723 728/728/728 727/727/727 
f 727/727/727 719/719/719 117/117/117 
f 117/117/117 724/724/724 727/727/727 
f 728/728/728 710/710/710 709/709/709 
f 709/709/709 729/729/729 728/728/728 
f 114/114/114 723/723/723 726/726/726 
f 726/726/726 115/115/115 114/114/114 
f 723/723/723 114/114/114 710/710/710 
f 710/710/710 728/728/728 723/723/723 
f 729/729/729 709/709/709 75/75/75 
f 75/75/75 604/604/604 729/729/729 
f 731/731/731 734/734/734 610/610/610 
f 118/118/118 731/731/731 733/733/733 
f 733/733/733 119/119/119 118/118/118 
f 734/734/734 722/722/722 721/721/721 
f 721/721/721 735/735/735 734/734/734 
f 734/734/734 731/731/731 118/118/118 
f 118/118/118 722/722/722 734/734/734 
f 735/735/735 611/611/611 610/610/610 
f 735/735/735 721/721/721 79/79/79 
f 79/79/79 611/611/611 735/735/735 
f 619/619/619 743/743/743 620/620/620 
f 737/737/737 84/84/84 83/83/83 
f 83/83/83 738/738/738 737/737/737 
f 743/743/743 737/737/737 736/736/736 
f 736/736/736 744/744/744 743/743/743 
f 743/743/743 619/619/619 84/84/84 
f 84/84/84 737/737/737 743/743/743 
f 744/744/744 740/740/740 620/620/620 
f 121/121/121 736/736/736 739/739/739 
f 739/739/739 122/122/122 121/121/121 
f 740/740/740 121/121/121 124/124/124 
f 124/124/124 741/741/741 740/740/740 
f 744/744/744 736/736/736 121/121/121 
f 121/121/121 740/740/740 744/744/744 
f 746/746/746 88/88/88 87/87/87 
f 87/87/87 747/747/747 746/746/746 
f 753/753/753 746/746/746 745/745/745 
f 745/745/745 754/754/754 753/753/753 
f 629/629/629 753/753/753 756/756/756 
f 756/756/756 630/630/630 629/629/629 
f 629/629/629 88/88/88 746/746/746 
f 746/746/746 753/753/753 629/629/629 
f 125/125/125 745/745/745 748/748/748 
f 748/748/748 126/126/126 125/125/125 
f 750/750/750 125/125/125 128/128/128 
f 128/128/128 751/751/751 750/750/750 
f 754/754/754 750/750/750 749/749/749 
f 749/749/749 755/755/755 754/754/754 
f 745/745/745 125/125/125 750/750/750 
f 750/750/750 754/754/754 745/745/745 
f 755/755/755 739/739/739 738/738/738 
f 738/738/738 756/756/756 755/755/755 
f 122/122/122 749/749/749 752/752/752 
f 752/752/752 123/123/123 122/122/122 
f 739/739/739 755/755/755 749/749/749 
f 749/749/749 122/122/122 739/739/739 
f 630/630/630 756/756/756 738/738/738 
f 738/738/738 83/83/83 630/630/630 
f 758/758/758 92/92/92 91/91/91 
f 91/91/91 759/759/759 758/758/758 
f 765/765/765 758/758/758 757/757/757 
f 757/757/757 766/766/766 765/765/765 
f 641/641/641 765/765/765 768/768/768 
f 768/768/768 642/642/642 641/641/641 
f 92/92/92 758/758/758 765/765/765 
f 765/765/765 641/641/641 92/92/92 
f 129/129/129 757/757/757 760/760/760 
f 760/760/760 130/130/130 129/129/129 
f 762/762/762 129/129/129 132/132/132 
f 132/132/132 763/763/763 762/762/762 
f 766/766/766 762/762/762 761/761/761 
f 761/761/761 767/767/767 766/766/766 
f 129/129/129 762/762/762 766/766/766 
f 766/766/766 757/757/757 129/129/129 
f 767/767/767 748/748/748 747/747/747 
f 747/747/747 768/768/768 767/767/767 
f 126/126/126 761/761/761 764/764/764 
f 764/764/764 127/127/127 126/126/126 
f 748/748/748 767/767/767 761/761/761 
f 761/761/761 126/126/126 748/748/748 
f 642/642/642 768/768/768 747/747/747 
f 747/747/747 87/87/87 642/642/642 
f 770/770/770 96/96/96 95/95/95 
f 95/95/95 771/771/771 770/770/770 
f 780/780/780 770/770/770 769/769/769 
f 769/769/769 777/777/777 780/780/780 
f 653/653/653 780/780/780 779/779/779 
f 779/779/779 654/654/654 653/653/653 
f 653/653/653 96/96/96 770/770/770 
f 770/770/770 780/780/780 653/653/653 
f 133/133/133 769/769/769 772/772/772 
f 772/772/772 134/134/134 133/133/133 
f 774/774/774 133/133/133 136/136/136 
f 136/136/136 775/775/775 774/774/774 
f 777/777/777 774/774/774 773/773/773 
f 773/773/773 778/778/778 777/777/777 
f 774/774/774 777/777/777 769/769/769 
f 769/769/769 133/133/133 774/774/774 
f 778/778/778 760/760/760 759/759/759 
f 759/759/759 779/779/779 778/778/778 
f 130/130/130 773/773/773 776/776/776 
f 776/776/776 131/131/131 130/130/130 
f 778/778/778 773/773/773 130/130/130 
f 130/130/130 760/760/760 778/778/778 
f 779/779/779 759/759/759 91/91/91 
f 91/91/91 654/654/654 779/779/779 
f 782/782/782 100/100/100 99/99/99 
f 99/99/99 783/783/783 782/782/782 
f 789/789/789 782/782/782 781/781/781 
f 781/781/781 790/790/790 789/789/789 
f 665/665/665 789/789/789 792/792/792 
f 792/792/792 666/666/666 665/665/665 
f 100/100/100 782/782/782 789/789/789 
f 789/789/789 665/665/665 100/100/100 
f 137/137/137 781/781/781 784/784/784 
f 784/784/784 138/138/138 137/137/137 
f 786/786/786 137/137/137 140/140/140 
f 140/140/140 787/787/787 786/786/786 
f 790/790/790 786/786/786 785/785/785 
f 785/785/785 791/791/791 790/790/790 
f 790/790/790 781/781/781 137/137/137 
f 137/137/137 786/786/786 790/790/790 
f 791/791/791 772/772/772 771/771/771 
f 771/771/771 792/792/792 791/791/791 
f 134/134/134 785/785/785 788/788/788 
f 788/788/788 135/135/135 134/134/134 
f 772/772/772 791/791/791 785/785/785 
f 785/785/785 134/134/134 772/772/772 
f 792/792/792 771/771/771 95/95/95 
f 95/95/95 666/666/666 792/792/792 
f 794/794/794 104/104/104 103/103/103 
f 103/103/103 795/795/795 794/794/794 
f 802/802/802 794/794/794 793/793/793 
f 793/793/793 803/803/803 802/802/802 
f 677/677/677 802/802/802 801/801/801 
f 801/801/801 678/678/678 677/677/677 
f 677/677/677 104/104/104 794/794/794 
f 794/794/794 802/802/802 677/677/677 
f 141/141/141 793/793/793 796/796/796 
f 796/796/796 142/142/142 141/141/141 
f 798/798/798 141/141/141 144/144/144 
f 144/144/144 799/799/799 798/798/798 
f 803/803/803 798/798/798 797/797/797 
f 797/797/797 804/804/804 803/803/803 
f 793/793/793 141/141/141 798/798/798 
f 798/798/798 803/803/803 793/793/793 
f 804/804/804 784/784/784 783/783/783 
f 783/783/783 801/801/801 804/804/804 
f 138/138/138 797/797/797 800/800/800 
f 800/800/800 139/139/139 138/138/138 
f 784/784/784 804/804/804 797/797/797 
f 797/797/797 138/138/138 784/784/784 
f 678/678/678 801/801/801 783/783/783 
f 783/783/783 99/99/99 678/678/678 
f 806/806/806 108/108/108 107/107/107 
f 107/107/107 807/807/807 806/806/806 
f 816/816/816 806/806/806 805/805/805 
f 805/805/805 813/813/813 816/816/816 
f 689/689/689 816/816/816 815/815/815 
f 815/815/815 690/690/690 689/689/689 
f 689/689/689 108/108/108 806/806/806 
f 806/806/806 816/816/816 689/689/689 
f 145/145/145 805/805/805 808/808/808 
f 808/808/808 146/146/146 145/145/145 
f 810/810/810 145/145/145 148/148/148 
f 148/148/148 811/811/811 810/810/810 
f 813/813/813 810/810/810 809/809/809 
f 809/809/809 814/814/814 813/813/813 
f 813/813/813 805/805/805 145/145/145 
f 145/145/145 810/810/810 813/813/813 
f 814/814/814 796/796/796 795/795/795 
f 795/795/795 815/815/815 814/814/814 
f 142/142/142 809/809/809 812/812/812 
f 812/812/812 143/143/143 142/142/142 
f 814/814/814 809/809/809 142/142/142 
f 142/142/142 796/796/796 814/814/814 
f 795/795/795 103/103/103 690/690/690 
f 690/690/690 815/815/815 795/795/795 
f 818/818/818 112/112/112 111/111/111 
f 111/111/111 819/819/819 818/818/818 
f 828/828/828 818/818/818 817/817/817 
f 817/817/817 825/825/825 828/828/828 
f 701/701/701 828/828/828 827/827/827 
f 827/827/827 702/702/702 701/701/701 
f 828/828/828 701/701/701 112/112/112 
f 112/112/112 818/818/818 828/828/828 
f 149/149/149 817/817/817 820/820/820 
f 820/820/820 150/150/150 149/149/149 
f 822/822/822 149/149/149 152/152/152 
f 152/152/152 823/823/823 822/822/822 
f 825/825/825 822/822/822 821/821/821 
f 821/821/821 826/826/826 825/825/825 
f 817/817/817 149/149/149 822/822/822 
f 822/822/822 825/825/825 817/817/817 
f 826/826/826 808/808/808 807/807/807 
f 807/807/807 827/827/827 826/826/826 
f 146/146/146 821/821/821 824/824/824 
f 824/824/824 147/147/147 146/146/146 
f 821/821/821 146/146/146 808/808/808 
f 808/808/808 826/826/826 821/821/821 
f 827/827/827 807/807/807 107/107/107 
f 107/107/107 702/702/702 827/827/827 
f 830/830/830 116/116/116 115/115/115 
f 115/115/115 831/831/831 830/830/830 
f 839/839/839 830/830/830 829/829/829 
f 829/829/829 840/840/840 839/839/839 
f 713/713/713 839/839/839 838/838/838 
f 838/838/838 714/714/714 713/713/713 
f 713/713/713 116/116/116 830/830/830 
f 830/830/830 839/839/839 713/713/713 
f 153/153/153 829/829/829 832/832/832 
f 832/832/832 154/154/154 153/153/153 
f 834/834/834 153/153/153 156/156/156 
f 156/156/156 835/835/835 834/834/834 
f 840/840/840 834/834/834 833/833/833 
f 833/833/833 837/837/837 840/840/840 
f 840/840/840 829/829/829 153/153/153 
f 153/153/153 834/834/834 840/840/840 
f 837/837/837 820/820/820 819/819/819 
f 819/819/819 838/838/838 837/837/837 
f 150/150/150 833/833/833 836/836/836 
f 836/836/836 151/151/151 150/150/150 
f 150/150/150 820/820/820 837/837/837 
f 837/837/837 833/833/833 150/150/150 
f 838/838/838 819/819/819 111/111/111 
f 111/111/111 714/714/714 838/838/838 
f 842/842/842 120/120/120 119/119/119 
f 119/119/119 843/843/843 842/842/842 
f 850/850/850 842/842/842 841/841/841 
f 841/841/841 851/851/851 850/850/850 
f 725/725/725 850/850/850 849/849/849 
f 849/849/849 726/726/726 725/725/725 
f 725/725/725 120/120/120 842/842/842 
f 842/842/842 850/850/850 725/725/725 
f 157/157/157 841/841/841 844/844/844 
f 844/844/844 158/158/158 157/157/157 
f 846/846/846 157/157/157 160/160/160 
f 160/160/160 847/847/847 846/846/846 
f 851/851/851 846/846/846 845/845/845 
f 845/845/845 852/852/852 851/851/851 
f 851/851/851 841/841/841 157/157/157 
f 157/157/157 846/846/846 851/851/851 
f 852/852/852 832/832/832 831/831/831 
f 831/831/831 849/849/849 852/852/852 
f 154/154/154 845/845/845 848/848/848 
f 848/848/848 155/155/155 154/154/154 
f 832/832/832 852/852/852 845/845/845 
f 845/845/845 154/154/154 832/832/832 
f 115/115/115 726/726/726 849/849/849 
f 849/849/849 831/831/831 115/115/115 
f 853/853/853 856/856/856 732/732/732 
f 158/158/158 853/853/853 855/855/855 
f 855/855/855 159/159/159 158/158/158 
f 856/856/856 844/844/844 843/843/843 
f 843/843/843 857/857/857 856/856/856 
f 856/856/856 853/853/853 158/158/158 
f 158/158/158 844/844/844 856/856/856 
f 857/857/857 733/733/733 732/732/732 
f 857/857/857 843/843/843 119/119/119 
f 119/119/119 733/733/733 857/857/857 
f 741/741/741 865/865/865 742/742/742 
f 859/859/859 124/124/124 123/123/123 
f 123/123/123 860/860/860 859/859/859 
f 865/865/865 859/859/859 858/858/858 
f 858/858/858 866/866/866 865/865/865 
f 865/865/865 741/741/741 124/124/124 
f 124/124/124 859/859/859 865/865/865 
f 866/866/866 862/862/862 742/742/742 
f 161/161/161 858/858/858 861/861/861 
f 861/861/861 162/162/162 161/161/161 
f 862/862/862 161/161/161 164/164/164 
f 164/164/164 863/863/863 862/862/862 
f 866/866/866 858/858/858 161/161/161 
f 161/161/161 862/862/862 866/866/866 
f 868/868/868 128/128/128 127/127/127 
f 127/127/127 869/869/869 868/868/868 
f 878/878/878 868/868/868 867/867/867 
f 867/867/867 875/875/875 878/878/878 
f 751/751/751 878/878/878 877/877/877 
f 877/877/877 752/752/752 751/751/751 
f 868/868/868 878/878/878 751/751/751 
f 751/751/751 128/128/128 868/868/868 
f 165/165/165 867/867/867 870/870/870 
f 870/870/870 166/166/166 165/165/165 
f 872/872/872 165/165/165 168/168/168 
f 168/168/168 873/873/873 872/872/872 
f 875/875/875 872/872/872 871/871/871 
f 871/871/871 876/876/876 875/875/875 
f 165/165/165 872/872/872 875/875/875 
f 875/875/875 867/867/867 165/165/165 
f 876/876/876 861/861/861 860/860/860 
f 860/860/860 877/877/877 876/876/876 
f 162/162/162 871/871/871 874/874/874 
f 874/874/874 163/163/163 162/162/162 
f 871/871/871 162/162/162 861/861/861 
f 861/861/861 876/876/876 871/871/871 
f 877/877/877 860/860/860 123/123/123 
f 123/123/123 752/752/752 877/877/877 
f 880/880/880 132/132/132 131/131/131 
f 131/131/131 881/881/881 880/880/880 
f 888/888/888 880/880/880 879/879/879 
f 879/879/879 889/889/889 888/888/888 
f 763/763/763 888/888/888 887/887/887 
f 887/887/887 764/764/764 763/763/763 
f 763/763/763 132/132/132 880/880/880 
f 880/880/880 888/888/888 763/763/763 
f 169/169/169 879/879/879 882/882/882 
f 882/882/882 170/170/170 169/169/169 
f 884/884/884 169/169/169 172/172/172 
f 172/172/172 885/885/885 884/884/884 
f 889/889/889 884/884/884 883/883/883 
f 883/883/883 890/890/890 889/889/889 
f 889/889/889 879/879/879 169/169/169 
f 169/169/169 884/884/884 889/889/889 
f 890/890/890 870/870/870 869/869/869 
f 869/869/869 887/887/887 890/890/890 
f 166/166/166 883/883/883 886/886/886 
f 886/886/886 167/167/167 166/166/166 
f 870/870/870 890/890/890 883/883/883 
f 883/883/883 166/166/166 870/870/870 
f 887/887/887 869/869/869 127/127/127 
f 127/127/127 764/764/764 887/887/887 
f 892/892/892 136/136/136 135/135/135 
f 135/135/135 893/893/893 892/892/892 
f 899/899/899 892/892/892 891/891/891 
f 891/891/891 900/900/900 899/899/899 
f 775/775/775 899/899/899 902/902/902 
f 902/902/902 776/776/776 775/775/775 
f 899/899/899 775/775/775 136/136/136 
f 136/136/136 892/892/892 899/899/899 
f 173/173/173 891/891/891 894/894/894 
f 894/894/894 174/174/174 173/173/173 
f 896/896/896 173/173/173 176/176/176 
f 176/176/176 897/897/897 896/896/896 
f 900/900/900 896/896/896 895/895/895 
f 895/895/895 901/901/901 900/900/900 
f 891/891/891 173/173/173 896/896/896 
f 896/896/896 900/900/900 891/891/891 
f 901/901/901 882/882/882 881/881/881 
f 881/881/881 902/902/902 901/901/901 
f 170/170/170 895/895/895 898/898/898 
f 898/898/898 171/171/171 170/170/170 
f 895/895/895 170/170/170 882/882/882 
f 882/882/882 901/901/901 895/895/895 
f 776/776/776 902/902/902 881/881/881 
f 881/881/881 131/131/131 776/776/776 
f 904/904/904 140/140/140 139/139/139 
f 139/139/139 905/905/905 904/904/904 
f 913/913/913 904/904/904 903/903/903 
f 903/903/903 914/914/914 913/913/913 
f 787/787/787 913/913/913 912/912/912 
f 912/912/912 788/788/788 787/787/787 
f 913/913/913 787/787/787 140/140/140 
f 140/140/140 904/904/904 913/913/913 
f 177/177/177 903/903/903 906/906/906 
f 906/906/906 178/178/178 177/177/177 
f 908/908/908 177/177/177 180/180/180 
f 180/180/180 909/909/909 908/908/908 
f 914/914/914 908/908/908 907/907/907 
f 907/907/907 911/911/911 914/914/914 
f 908/908/908 914/914/914 903/903/903 
f 903/903/903 177/177/177 908/908/908 
f 911/911/911 894/894/894 893/893/893 
f 893/893/893 912/912/912 911/911/911 
f 174/174/174 907/907/907 910/910/910 
f 910/910/910 175/175/175 174/174/174 
f 911/911/911 907/907/907 174/174/174 
f 174/174/174 894/894/894 911/911/911 
f 893/893/893 135/135/135 788/788/788 
f 788/788/788 912/912/912 893/893/893 
f 916/916/916 144/144/144 143/143/143 
f 143/143/143 917/917/917 916/916/916 
f 926/926/926 916/916/916 915/915/915 
f 915/915/915 923/923/923 926/926/926 
f 799/799/799 926/926/926 925/925/925 
f 925/925/925 800/800/800 799/799/799 
f 916/916/916 926/926/926 799/799/799 
f 799/799/799 144/144/144 916/916/916 
f 181/181/181 915/915/915 918/918/918 
f 918/918/918 182/182/182 181/181/181 
f 920/920/920 181/181/181 184/184/184 
f 184/184/184 921/921/921 920/920/920 
f 923/923/923 920/920/920 919/919/919 
f 919/919/919 924/924/924 923/923/923 
f 181/181/181 920/920/920 923/923/923 
f 923/923/923 915/915/915 181/181/181 
f 924/924/924 906/906/906 905/905/905 
f 905/905/905 925/925/925 924/924/924 
f 178/178/178 919/919/919 922/922/922 
f 922/922/922 179/179/179 178/178/178 
f 919/919/919 178/178/178 906/906/906 
f 906/906/906 924/924/924 919/919/919 
f 905/905/905 139/139/139 800/800/800 
f 800/800/800 925/925/925 905/905/905 
f 928/928/928 148/148/148 147/147/147 
f 147/147/147 929/929/929 928/928/928 
f 937/937/937 928/928/928 927/927/927 
f 927/927/927 938/938/938 937/937/937 
f 811/811/811 937/937/937 936/936/936 
f 936/936/936 812/812/812 811/811/811 
f 928/928/928 937/937/937 811/811/811 
f 811/811/811 148/148/148 928/928/928 
f 185/185/185 927/927/927 930/930/930 
f 930/930/930 186/186/186 185/185/185 
f 932/932/932 185/185/185 188/188/188 
f 188/188/188 933/933/933 932/932/932 
f 938/938/938 932/932/932 931/931/931 
f 931/931/931 935/935/935 938/938/938 
f 932/932/932 938/938/938 927/927/927 
f 927/927/927 185/185/185 932/932/932 
f 935/935/935 918/918/918 917/917/917 
f 917/917/917 936/936/936 935/935/935 
f 182/182/182 931/931/931 934/934/934 
f 934/934/934 183/183/183 182/182/182 
f 182/182/182 918/918/918 935/935/935 
f 935/935/935 931/931/931 182/182/182 
f 936/936/936 917/917/917 143/143/143 
f 143/143/143 812/812/812 936/936/936 
f 940/940/940 152/152/152 151/151/151 
f 151/151/151 941/941/941 940/940/940 
f 947/947/947 940/940/940 939/939/939 
f 939/939/939 948/948/948 947/947/947 
f 823/823/823 947/947/947 950/950/950 
f 950/950/950 824/824/824 823/823/823 
f 940/940/940 947/947/947 823/823/823 
f 823/823/823 152/152/152 940/940/940 
f 189/189/189 939/939/939 942/942/942 
f 942/942/942 190/190/190 189/189/189 
f 944/944/944 189/189/189 192/192/192 
f 192/192/192 945/945/945 944/944/944 
f 948/948/948 944/944/944 943/943/943 
f 943/943/943 949/949/949 948/948/948 
f 948/948/948 939/939/939 189/189/189 
f 189/189/189 944/944/944 948/948/948 
f 949/949/949 930/930/930 929/929/929 
f 929/929/929 950/950/950 949/949/949 
f 186/186/186 943/943/943 946/946/946 
f 946/946/946 187/187/187 186/186/186 
f 930/930/930 949/949/949 943/943/943 
f 943/943/943 186/186/186 930/930/930 
f 147/147/147 824/824/824 950/950/950 
f 950/950/950 929/929/929 147/147/147 
f 952/952/952 156/156/156 155/155/155 
f 155/155/155 953/953/953 952/952/952 
f 960/960/960 952/952/952 951/951/951 
f 951/951/951 961/961/961 960/960/960 
f 835/835/835 960/960/960 959/959/959 
f 959/959/959 836/836/836 835/835/835 
f 952/952/952 960/960/960 835/835/835 
f 835/835/835 156/156/156 952/952/952 
f 193/193/193 951/951/951 954/954/954 
f 954/954/954 194/194/194 193/193/193 
f 956/956/956 193/193/193 196/196/196 
f 196/196/196 957/957/957 956/956/956 
f 961/961/961 956/956/956 955/955/955 
f 955/955/955 962/962/962 961/961/961 
f 961/961/961 951/951/951 193/193/193 
f 193/193/193 956/956/956 961/961/961 
f 962/962/962 942/942/942 941/941/941 
f 941/941/941 959/959/959 962/962/962 
f 190/190/190 955/955/955 958/958/958 
f 958/958/958 191/191/191 190/190/190 
f 942/942/942 962/962/962 955/955/955 
f 955/955/955 190/190/190 942/942/942 
f 836/836/836 959/959/959 941/941/941 
f 941/941/941 151/151/151 836/836/836 
f 964/964/964 160/160/160 159/159/159 
f 159/159/159 965/965/965 964/964/964 
f 974/974/974 964/964/964 963/963/963 
f 963/963/963 971/971/971 974/974/974 
f 847/847/847 974/974/974 973/973/973 
f 973/973/973 848/848/848 847/847/847 
f 847/847/847 160/160/160 964/964/964 
f 964/964/964 974/974/974 847/847/847 
f 197/197/197 963/963/963 966/966/966 
f 966/966/966 198/198/198 197/197/197 
f 968/968/968 197/197/197 200/200/200 
f 200/200/200 969/969/969 968/968/968 
f 971/971/971 968/968/968 967/967/967 
f 967/967/967 972/972/972 971/971/971 
f 971/971/971 963/963/963 197/197/197 
f 197/197/197 968/968/968 971/971/971 
f 972/972/972 954/954/954 953/953/953 
f 953/953/953 973/973/973 972/972/972 
f 194/194/194 967/967/967 970/970/970 
f 970/970/970 195/195/195 194/194/194 
f 967/967/967 194/194/194 954/954/954 
f 954/954/954 972/972/972 967/967/967 
f 155/155/155 848/848/848 973/973/973 
f 973/973/973 953/953/953 155/155/155 
f 975/975/975 978/978/978 854/854/854 
f 198/198/198 975/975/975 977/977/977 
f 977/977/977 199/199/199 198/198/198 
f 978/978/978 966/966/966 965/965/965 
f 965/965/965 979/979/979 978/978/978 
f 978/978/978 975/975/975 198/198/198 
f 198/198/198 966/966/966 978/978/978 
f 979/979/979 855/855/855 854/854/854 
f 979/979/979 965/965/965 159/159/159 
f 159/159/159 855/855/855 979/979/979 
f 863/863/863 987/987/987 864/864/864 
f 981/981/981 164/164/164 163/163/163 
f 163/163/163 982/982/982 981/981/981 
f 987/987/987 981/981/981 980/980/980 
f 980/980/980 988/988/988 987/987/987 
f 987/987/987 863/863/863 164/164/164 
f 164/164/164 981/981/981 987/987/987 
f 988/988/988 984/984/984 864/864/864 
f 201/201/201 980/980/980 983/983/983 
f 983/983/983 202/202/202 201/201/201 
f 984/984/984 201/201/201 204/204/204 
f 204/204/204 985/985/985 984/984/984 
f 988/988/988 980/980/980 201/201/201 
f 201/201/201 984/984/984 988/988/988 
f 990/990/990 168/168/168 167/167/167 
f 167/167/167 991/991/991 990/990/990 
f 997/997/997 990/990/990 989/989/989 
f 989/989/989 998/998/998 997/997/997 
f 873/873/873 997/997/997 1000/1000/1000 
f 1000/1000/1000 874/874/874 873/873/873 
f 168/168/168 990/990/990 997/997/997 
f 997/997/997 873/873/873 168/168/168 
f 205/205/205 989/989/989 992/992/992 
f 992/992/992 206/206/206 205/205/205 
f 994/994/994 205/205/205 208/208/208 
f 208/208/208 995/995/995 994/994/994 
f 998/998/998 994/994/994 993/993/993 
f 993/993/993 999/999/999 998/998/998 
f 989/989/989 205/205/205 994/994/994 
f 994/994/994 998/998/998 989/989/989 
f 999/999/999 983/983/983 982/982/982 
f 982/982/982 1000/1000/1000 999/999/999 
f 202/202/202 993/993/993 996/996/996 
f 996/996/996 203/203/203 202/202/202 
f 993/993/993 202/202/202 983/983/983 
f 983/983/983 999/999/999 993/993/993 
f 874/874/874 1000/1000/1000 982/982/982 
f 982/982/982 163/163/163 874/874/874 
f 1002/1002/1002 172/172/172 171/171/171 
f 171/171/171 1003/1003/1003 1002/1002/1002 
f 1011/1011/1011 1002/1002/1002 1001/1001/1001 
f 1001/1001/1001 1012/1012/1012 1011/1011/1011 
f 885/885/885 1011/1011/1011 1010/1010/1010 
f 1010/1010/1010 886/886/886 885/885/885 
f 885/885/885 172/172/172 1002/1002/1002 
f 1002/1002/1002 1011/1011/1011 885/885/885 
f 209/209/209 1001/1001/1001 1004/1004/1004 
f 1004/1004/1004 210/210/210 209/209/209 
f 1006/1006/1006 209/209/209 212/212/212 
f 212/212/212 1007/1007/1007 1006/1006/1006 
f 1012/1012/1012 1006/1006/1006 1005/1005/1005 
f 1005/1005/1005 1009/1009/1009 1012/1012/1012 
f 1012/1012/1012 1001/1001/1001 209/209/209 
f 209/209/209 1006/1006/1006 1012/1012/1012 
f 1009/1009/1009 992/992/992 991/991/991 
f 991/991/991 1010/1010/1010 1009/1009/1009 
f 206/206/206 1005/1005/1005 1008/1008/1008 
f 1008/1008/1008 207/207/207 206/206/206 
f 206/206/206 992/992/992 1009/1009/1009 
f 1009/1009/1009 1005/1005/1005 206/206/206 
f 991/991/991 167/167/167 886/886/886 
f 886/886/886 1010/1010/1010 991/991/991 
f 1014/1014/1014 176/176/176 175/175/175 
f 175/175/175 1015/1015/1015 1014/1014/1014 
f 1024/1024/1024 1014/1014/1014 1013/1013/1013 
f 1013/1013/1013 1021/1021/1021 1024/1024/1024 
f 897/897/897 1024/1024/1024 1023/1023/1023 
f 1023/1023/1023 898/898/898 897/897/897 
f 1014/1014/1014 1024/1024/1024 897/897/897 
f 897/897/897 176/176/176 1014/1014/1014 
f 213/213/213 1013/1013/1013 1016/1016/1016 
f 1016/1016/1016 214/214/214 213/213/213 
f 1018/1018/1018 213/213/213 216/216/216 
f 216/216/216 1019/1019/1019 1018/1018/1018 
f 1021/1021/1021 1018/1018/1018 1017/1017/1017 
f 1017/1017/1017 1022/1022/1022 1021/1021/1021 
f 213/213/213 1018/1018/1018 1021/1021/1021 
f 1021/1021/1021 1013/1013/1013 213/213/213 
f 1022/1022/1022 1004/1004/1004 1003/1003/1003 
f 1003/1003/1003 1023/1023/1023 1022/1022/1022 
f 210/210/210 1017/1017/1017 1020/1020/1020 
f 1020/1020/1020 211/211/211 210/210/210 
f 1017/1017/1017 210/210/210 1004/1004/1004 
f 1004/1004/1004 1022/1022/1022 1017/1017/1017 
f 1023/1023/1023 1003/1003/1003 171/171/171 
f 171/171/171 898/898/898 1023/1023/1023 
f 1026/1026/1026 180/180/180 179/179/179 
f 179/179/179 1027/1027/1027 1026/1026/1026 
f 1036/1036/1036 1026/1026/1026 1025/1025/1025 
f 1025/1025/1025 1033/1033/1033 1036/1036/1036 
f 909/909/909 1036/1036/1036 1035/1035/1035 
f 1035/1035/1035 910/910/910 909/909/909 
f 909/909/909 180/180/180 1026/1026/1026 
f 1026/1026/1026 1036/1036/1036 909/909/909 
f 217/217/217 1025/1025/1025 1028/1028/1028 
f 1028/1028/1028 218/218/218 217/217/217 
f 1030/1030/1030 217/217/217 220/220/220 
f 220/220/220 1031/1031/1031 1030/1030/1030 
f 1033/1033/1033 1030/1030/1030 1029/1029/1029 
f 1029/1029/1029 1034/1034/1034 1033/1033/1033 
f 217/217/217 1030/1030/1030 1033/1033/1033 
f 1033/1033/1033 1025/1025/1025 217/217/217 
f 1034/1034/1034 1016/1016/1016 1015/1015/1015 
f 1015/1015/1015 1035/1035/1035 1034/1034/1034 
f 214/214/214 1029/1029/1029 1032/1032/1032 
f 1032/1032/1032 215/215/215 214/214/214 
f 1016/1016/1016 1034/1034/1034 1029/1029/1029 
f 1029/1029/1029 214/214/214 1016/1016/1016 
f 1035/1035/1035 1015/1015/1015 175/175/175 
f 175/175/175 910/910/910 1035/1035/1035 
f 1038/1038/1038 184/184/184 183/183/183 
f 183/183/183 1039/1039/1039 1038/1038/1038 
f 1048/1048/1048 1038/1038/1038 1037/1037/1037 
f 1037/1037/1037 1045/1045/1045 1048/1048/1048 
f 921/921/921 1048/1048/1048 1047/1047/1047 
f 1047/1047/1047 922/922/922 921/921/921 
f 1048/1048/1048 921/921/921 184/184/184 
f 184/184/184 1038/1038/1038 1048/1048/1048 
f 221/221/221 1037/1037/1037 1040/1040/1040 
f 1040/1040/1040 222/222/222 221/221/221 
f 1042/1042/1042 221/221/221 224/224/224 
f 224/224/224 1043/1043/1043 1042/1042/1042 
f 1045/1045/1045 1042/1042/1042 1041/1041/1041 
f 1041/1041/1041 1046/1046/1046 1045/1045/1045 
f 221/221/221 1042/1042/1042 1045/1045/1045 
f 1045/1045/1045 1037/1037/1037 221/221/221 
f 1046/1046/1046 1028/1028/1028 1027/1027/1027 
f 1027/1027/1027 1047/1047/1047 1046/1046/1046 
f 218/218/218 1041/1041/1041 1044/1044/1044 
f 1044/1044/1044 219/219/219 218/218/218 
f 1028/1028/1028 1046/1046/1046 1041/1041/1041 
f 1041/1041/1041 218/218/218 1028/1028/1028 
f 922/922/922 1047/1047/1047 1027/1027/1027 
f 1027/1027/1027 179/179/179 922/922/922 
f 1050/1050/1050 188/188/188 187/187/187 
f 187/187/187 1051/1051/1051 1050/1050/1050 
f 1057/1057/1057 1050/1050/1050 1049/1049/1049 
f 1049/1049/1049 1058/1058/1058 1057/1057/1057 
f 933/933/933 1057/1057/1057 1060/1060/1060 
f 1060/1060/1060 934/934/934 933/933/933 
f 933/933/933 188/188/188 1050/1050/1050 
f 1050/1050/1050 1057/1057/1057 933/933/933 
f 225/225/225 1049/1049/1049 1052/1052/1052 
f 1052/1052/1052 226/226/226 225/225/225 
f 1054/1054/1054 225/225/225 228/228/228 
f 228/228/228 1055/1055/1055 1054/1054/1054 
f 1058/1058/1058 1054/1054/1054 1053/1053/1053 
f 1053/1053/1053 1059/1059/1059 1058/1058/1058 
f 1049/1049/1049 225/225/225 1054/1054/1054 
f 1054/1054/1054 1058/1058/1058 1049/1049/1049 
f 1059/1059/1059 1040/1040/1040 1039/1039/1039 
f 1039/1039/1039 1060/1060/1060 1059/1059/1059 
f 222/222/222 1053/1053/1053 1056/1056/1056 
f 1056/1056/1056 223/223/223 222/222/222 
f 1040/1040/1040 1059/1059/1059 1053/1053/1053 
f 1053/1053/1053 222/222/222 1040/1040/1040 
f 1060/1060/1060 1039/1039/1039 183/183/183 
f 183/183/183 934/934/934 1060/1060/1060 
f 1062/1062/1062 192/192/192 191/191/191 
f 191/191/191 1063/1063/1063 1062/1062/1062 
f 1071/1071/1071 1062/1062/1062 1061/1061/1061 
f 1061/1061/1061 1072/1072/1072 1071/1071/1071 
f 945/945/945 1071/1071/1071 1070/1070/1070 
f 1070/1070/1070 946/946/946 945/945/945 
f 945/945/945 192/192/192 1062/1062/1062 
f 1062/1062/1062 1071/1071/1071 945/945/945 
f 229/229/229 1061/1061/1061 1064/1064/1064 
f 1064/1064/1064 230/230/230 229/229/229 
f 1066/1066/1066 229/229/229 232/232/232 
f 232/232/232 1067/1067/1067 1066/1066/1066 
f 1072/1072/1072 1066/1066/1066 1065/1065/1065 
f 1065/1065/1065 1069/1069/1069 1072/1072/1072 
f 1066/1066/1066 1072/1072/1072 1061/1061/1061 
f 1061/1061/1061 229/229/229 1066/1066/1066 
f 1069/1069/1069 1052/1052/1052 1051/1051/1051 
f 1051/1051/1051 1070/1070/1070 1069/1069/1069 
f 226/226/226 1065/1065/1065 1068/1068/1068 
f 1068/1068/1068 227/227/227 226/226/226 
f 226/226/226 1052/1052/1052 1069/1069/1069 
f 1069/1069/1069 1065/1065/1065 226/226/226 
f 1051/1051/1051 187/187/187 946/946/946 
f 946/946/946 1070/1070/1070 1051/1051/1051 
f 1074/1074/1074 196/196/196 195/195/195 
f 195/195/195 1075/1075/1075 1074/1074/1074 
f 1082/1082/1082 1074/1074/1074 1073/1073/1073 
f 1073/1073/1073 1083/1083/1083 1082/1082/1082 
f 957/957/957 1082/1082/1082 1081/1081/1081 
f 1081/1081/1081 958/958/958 957/957/957 
f 957/957/957 196/196/196 1074/1074/1074 
f 1074/1074/1074 1082/1082/1082 957/957/957 
f 233/233/233 1073/1073/1073 1076/1076/1076 
f 1076/1076/1076 234/234/234 233/233/233 
f 1078/1078/1078 233/233/233 236/236/236 
f 236/236/236 1079/1079/1079 1078/1078/1078 
f 1083/1083/1083 1078/1078/1078 1077/1077/1077 
f 1077/1077/1077 1084/1084/1084 1083/1083/1083 
f 1083/1083/1083 1073/1073/1073 233/233/233 
f 233/233/233 1078/1078/1078 1083/1083/1083 
f 1084/1084/1084 1064/1064/1064 1063/1063/1063 
f 1063/1063/1063 1081/1081/1081 1084/1084/1084 
f 230/230/230 1077/1077/1077 1080/1080/1080 
f 1080/1080/1080 231/231/231 230/230/230 
f 230/230/230 1064/1064/1064 1084/1084/1084 
f 1084/1084/1084 1077/1077/1077 230/230/230 
f 191/191/191 958/958/958 1081/1081/1081 
f 1081/1081/1081 1063/1063/1063 191/191/191 
f 1086/1086/1086 200/200/200 199/199/199 
f 199/199/199 1087/1087/1087 1086/1086/1086 
f 1094/1094/1094 1086/1086/1086 1085/1085/1085 
f 1085/1085/1085 1095/1095/1095 1094/1094/1094 
f 969/969/969 1094/1094/1094 1093/1093/1093 
f 1093/1093/1093 970/970/970 969/969/969 
f 1086/1086/1086 1094/1094/1094 969/969/969 
f 969/969/969 200/200/200 1086/1086/1086 
f 237/237/237 1085/1085/1085 1088/1088/1088 
f 1088/1088/1088 238/238/238 237/237/237 
f 1090/1090/1090 237/237/237 240/240/240 
f 240/240/240 1091/1091/1091 1090/1090/1090 
f 1095/1095/1095 1090/1090/1090 1089/1089/1089 
f 1089/1089/1089 1096/1096/1096 1095/1095/1095 
f 1095/1095/1095 1085/1085/1085 237/237/237 
f 237/237/237 1090/1090/1090 1095/1095/1095 
f 1096/1096/1096 1076/1076/1076 1075/1075/1075 
f 1075/1075/1075 1093/1093/1093 1096/1096/1096 
f 234/234/234 1089/1089/1089 1092/1092/1092 
f 1092/1092/1092 235/235/235 234/234/234 
f 1089/1089/1089 234/234/234 1076/1076/1076 
f 1076/1076/1076 1096/1096/1096 1089/1089/1089 
f 195/195/195 970/970/970 1093/1093/1093 
f 1093/1093/1093 1075/1075/1075 195/195/195 
f 1097/1097/1097 1100/1100/1100 976/976/976 
f 238/238/238 1097/1097/1097 1099/1099/1099 
f 1099/1099/1099 239/239/239 238/238/238 
f 1100/1100/1100 1088/1088/1088 1087/1087/1087 
f 1087/1087/1087 1101/1101/1101 1100/1100/1100 
f 1100/1100/1100 1097/1097/1097 238/238/238 
f 238/238/238 1088/1088/1088 1100/1100/1100 
f 1101/1101/1101 977/977/977 976/976/976 
f 1101/1101/1101 1087/1087/1087 199/199/199 
f 199/199/199 977/977/977 1101/1101/1101 
f 985/985/985 1109/1109/1109 986/986/986 
f 1103/1103/1103 204/204/204 203/203/203 
f 203/203/203 1104/1104/1104 1103/1103/1103 
f 1109/1109/1109 1103/1103/1103 1102/1102/1102 
f 1102/1102/1102 1110/1110/1110 1109/1109/1109 
f 1109/1109/1109 985/985/985 204/204/204 
f 204/204/204 1103/1103/1103 1109/1109/1109 
f 1110/1110/1110 1106/1106/1106 986/986/986 
f 241/241/241 1102/1102/1102 1105/1105/1105 
f 1105/1105/1105 242/242/242 241/241/241 
f 1106/1106/1106 241/241/241 244/244/244 
f 244/244/244 1107/1107/1107 1106/1106/1106 
f 1110/1110/1110 1102/1102/1102 241/241/241 
f 241/241/241 1106/1106/1106 1110/1110/1110 
f 1112/1112/1112 208/208/208 207/207/207 
f 207/207/207 1113/1113/1113 1112/1112/1112 
f 1119/1119/1119 1112/1112/1112 1111/1111/1111 
f 1111/1111/1111 1120/1120/1120 1119/1119/1119 
f 995/995/995 1119/1119/1119 1122/1122/1122 
f 1122/1122/1122 996/996/996 995/995/995 
f 208/208/208 1112/1112/1112 1119/1119/1119 
f 1119/1119/1119 995/995/995 208/208/208 
f 245/245/245 1111/1111/1111 1114/1114/1114 
f 1114/1114/1114 246/246/246 245/245/245 
f 1116/1116/1116 245/245/245 248/248/248 
f 248/248/248 1117/1117/1117 1116/1116/1116 
f 1120/1120/1120 1116/1116/1116 1115/1115/1115 
f 1115/1115/1115 1121/1121/1121 1120/1120/1120 
f 1111/1111/1111 245/245/245 1116/1116/1116 
f 1116/1116/1116 1120/1120/1120 1111/1111/1111 
f 1121/1121/1121 1105/1105/1105 1104/1104/1104 
f 1104/1104/1104 1122/1122/1122 1121/1121/1121 
f 242/242/242 1115/1115/1115 1118/1118/1118 
f 1118/1118/1118 243/243/243 242/242/242 
f 1105/1105/1105 1121/1121/1121 1115/1115/1115 
f 1115/1115/1115 242/242/242 1105/1105/1105 
f 1122/1122/1122 1104/1104/1104 203/203/203 
f 203/203/203 996/996/996 1122/1122/1122 
f 1124/1124/1124 212/212/212 211/211/211 
f 211/211/211 1125/1125/1125 1124/1124/1124 
f 1132/1132/1132 1124/1124/1124 1123/1123/1123 
f 1123/1123/1123 1133/1133/1133 1132/1132/1132 
f 1007/1007/1007 1132/1132/1132 1131/1131/1131 
f 1131/1131/1131 1008/1008/1008 1007/1007/1007 
f 1007/1007/1007 212/212/212 1124/1124/1124 
f 1124/1124/1124 1132/1132/1132 1007/1007/1007 
f 249/249/249 1123/1123/1123 1126/1126/1126 
f 1126/1126/1126 250/250/250 249/249/249 
f 1128/1128/1128 249/249/249 252/252/252 
f 252/252/252 1129/1129/1129 1128/1128/1128 
f 1133/1133/1133 1128/1128/1128 1127/1127/1127 
f 1127/1127/1127 1134/1134/1134 1133/1133/1133 
f 1133/1133/1133 1123/1123/1123 249/249/249 
f 249/249/249 1128/1128/1128 1133/1133/1133 
f 1134/1134/1134 1114/1114/1114 1113/1113/1113 
f 1113/1113/1113 1131/1131/1131 1134/1134/1134 
f 246/246/246 1127/1127/1127 1130/1130/1130 
f 1130/1130/1130 247/247/247 246/246/246 
f 1114/1114/1114 1134/1134/1134 1127/1127/1127 
f 1127/1127/1127 246/246/246 1114/1114/1114 
f 1131/1131/1131 1113/1113/1113 207/207/207 
f 207/207/207 1008/1008/1008 1131/1131/1131 
f 1136/1136/1136 216/216/216 215/215/215 
f 215/215/215 1137/1137/1137 1136/1136/1136 
f 1146/1146/1146 1136/1136/1136 1135/1135/1135 
f 1135/1135/1135 1143/1143/1143 1146/1146/1146 
f 1019/1019/1019 1146/1146/1146 1145/1145/1145 
f 1145/1145/1145 1020/1020/1020 1019/1019/1019 
f 1136/1136/1136 1146/1146/1146 1019/1019/1019 
f 1019/1019/1019 216/216/216 1136/1136/1136 
f 253/253/253 1135/1135/1135 1138/1138/1138 
f 1138/1138/1138 254/254/254 253/253/253 
f 1140/1140/1140 253/253/253 256/256/256 
f 256/256/256 1141/1141/1141 1140/1140/1140 
f 1143/1143/1143 1140/1140/1140 1139/1139/1139 
f 1139/1139/1139 1144/1144/1144 1143/1143/1143 
f 253/253/253 1140/1140/1140 1143/1143/1143 
f 1143/1143/1143 1135/1135/1135 253/253/253 
f 1144/1144/1144 1126/1126/1126 1125/1125/1125 
f 1125/1125/1125 1145/1145/1145 1144/1144/1144 
f 250/250/250 1139/1139/1139 1142/1142/1142 
f 1142/1142/1142 251/251/251 250/250/250 
f 1139/1139/1139 250/250/250 1126/1126/1126 
f 1126/1126/1126 1144/1144/1144 1139/1139/1139 
f 1145/1145/1145 1125/1125/1125 211/211/211 
f 211/211/211 1020/1020/1020 1145/1145/1145 
f 1148/1148/1148 220/220/220 219/219/219 
f 219/219/219 1149/1149/1149 1148/1148/1148 
f 1155/1155/1155 1148/1148/1148 1147/1147/1147 
f 1147/1147/1147 1156/1156/1156 1155/1155/1155 
f 1031/1031/1031 1155/1155/1155 1158/1158/1158 
f 1158/1158/1158 1032/1032/1032 1031/1031/1031 
f 1031/1031/1031 220/220/220 1148/1148/1148 
f 1148/1148/1148 1155/1155/1155 1031/1031/1031 
f 257/257/257 1147/1147/1147 1150/1150/1150 
f 1150/1150/1150 258/258/258 257/257/257 
f 1152/1152/1152 257/257/257 260/260/260 
f 260/260/260 1153/1153/1153 1152/1152/1152 
f 1156/1156/1156 1152/1152/1152 1151/1151/1151 
f 1151/1151/1151 1157/1157/1157 1156/1156/1156 
f 1156/1156/1156 1147/1147/1147 257/257/257 
f 257/257/257 1152/1152/1152 1156/1156/1156 
f 1157/1157/1157 1138/1138/1138 1137/1137/1137 
f 1137/1137/1137 1158/1158/1158 1157/1157/1157 
f 254/254/254 1151/1151/1151 1154/1154/1154 
f 1154/1154/1154 255/255/255 254/254/254 
f 1151/1151/1151 254/254/254 1138/1138/1138 
f 1138/1138/1138 1157/1157/1157 1151/1151/1151 
f 1158/1158/1158 1137/1137/1137 215/215/215 
f 215/215/215 1032/1032/1032 1158/1158/1158 
f 1160/1160/1160 224/224/224 223/223/223 
f 223/223/223 1161/1161/1161 1160/1160/1160 
f 1168/1168/1168 1160/1160/1160 1159/1159/1159 
f 1159/1159/1159 1169/1169/1169 1168/1168/1168 
f 1043/1043/1043 1168/1168/1168 1167/1167/1167 
f 1167/1167/1167 1044/1044/1044 1043/1043/1043 
f 1043/1043/1043 224/224/224 1160/1160/1160 
f 1160/1160/1160 1168/1168/1168 1043/1043/1043 
f 261/261/261 1159/1159/1159 1162/1162/1162 
f 1162/1162/1162 262/262/262 261/261/261 
f 1164/1164/1164 261/261/261 264/264/264 
f 264/264/264 1165/1165/1165 1164/1164/1164 
f 1169/1169/1169 1164/1164/1164 1163/1163/1163 
f 1163/1163/1163 1170/1170/1170 1169/1169/1169 
f 1169/1169/1169 1159/1159/1159 261/261/261 
f 261/261/261 1164/1164/1164 1169/1169/1169 
f 1170/1170/1170 1150/1150/1150 1149/1149/1149 
f 1149/1149/1149 1167/1167/1167 1170/1170/1170 
f 258/258/258 1163/1163/1163 1166/1166/1166 
f 1166/1166/1166 259/259/259 258/258/258 
f 1150/1150/1150 1170/1170/1170 1163/1163/1163 
f 1163/1163/1163 258/258/258 1150/1150/1150 
f 1167/1167/1167 1149/1149/1149 219/219/219 
f 219/219/219 1044/1044/1044 1167/1167/1167 
f 1172/1172/1172 228/228/228 227/227/227 
f 227/227/227 1173/1173/1173 1172/1172/1172 
f 1180/1180/1180 1172/1172/1172 1171/1171/1171 
f 1171/1171/1171 1181/1181/1181 1180/1180/1180 
f 1055/1055/1055 1180/1180/1180 1179/1179/1179 
f 1179/1179/1179 1056/1056/1056 1055/1055/1055 
f 1180/1180/1180 1055/1055/1055 228/228/228 
f 228/228/228 1172/1172/1172 1180/1180/1180 
f 265/265/265 1171/1171/1171 1174/1174/1174 
f 1174/1174/1174 266/266/266 265/265/265 
f 1176/1176/1176 265/265/265 268/268/268 
f 268/268/268 1177/1177/1177 1176/1176/1176 
f 1181/1181/1181 1176/1176/1176 1175/1175/1175 
f 1175/1175/1175 1182/1182/1182 1181/1181/1181 
f 1176/1176/1176 1181/1181/1181 1171/1171/1171 
f 1171/1171/1171 265/265/265 1176/1176/1176 
f 1182/1182/1182 1162/1162/1162 1161/1161/1161 
f 1161/1161/1161 1179/1179/1179 1182/1182/1182 
f 262/262/262 1175/1175/1175 1178/1178/1178 
f 1178/1178/1178 263/263/263 262/262/262 
f 1182/1182/1182 1175/1175/1175 262/262/262 
f 262/262/262 1162/1162/1162 1182/1182/1182 
f 1179/1179/1179 1161/1161/1161 223/223/223 
f 223/223/223 1056/1056/1056 1179/1179/1179 
f 1184/1184/1184 232/232/232 231/231/231 
f 231/231/231 1185/1185/1185 1184/1184/1184 
f 1191/1191/1191 1184/1184/1184 1183/1183/1183 
f 1183/1183/1183 1192/1192/1192 1191/1191/1191 
f 1067/1067/1067 1191/1191/1191 1194/1194/1194 
f 1194/1194/1194 1068/1068/1068 1067/1067/1067 
f 232/232/232 1184/1184/1184 1191/1191/1191 
f 1191/1191/1191 1067/1067/1067 232/232/232 
f 269/269/269 1183/1183/1183 1186/1186/1186 
f 1186/1186/1186 270/270/270 269/269/269 
f 1188/1188/1188 269/269/269 272/272/272 
f 272/272/272 1189/1189/1189 1188/1188/1188 
f 1192/1192/1192 1188/1188/1188 1187/1187/1187 
f 1187/1187/1187 1193/1193/1193 1192/1192/1192 
f 1183/1183/1183 269/269/269 1188/1188/1188 
f 1188/1188/1188 1192/1192/1192 1183/1183/1183 
f 1193/1193/1193 1174/1174/1174 1173/1173/1173 
f 1173/1173/1173 1194/1194/1194 1193/1193/1193 
f 266/266/266 1187/1187/1187 1190/1190/1190 
f 1190/1190/1190 267/267/267 266/266/266 
f 1193/1193/1193 1187/1187/1187 266/266/266 
f 266/266/266 1174/1174/1174 1193/1193/1193 
f 1068/1068/1068 1194/1194/1194 1173/1173/1173 
f 1173/1173/1173 227/227/227 1068/1068/1068 
f 1196/1196/1196 236/236/236 235/235/235 
f 235/235/235 1197/1197/1197 1196/1196/1196 
f 1206/1206/1206 1196/1196/1196 1195/1195/1195 
f 1195/1195/1195 1203/1203/1203 1206/1206/1206 
f 1079/1079/1079 1206/1206/1206 1205/1205/1205 
f 1205/1205/1205 1080/1080/1080 1079/1079/1079 
f 1196/1196/1196 1206/1206/1206 1079/1079/1079 
f 1079/1079/1079 236/236/236 1196/1196/1196 
f 273/273/273 1195/1195/1195 1198/1198/1198 
f 1198/1198/1198 274/274/274 273/273/273 
f 1200/1200/1200 273/273/273 276/276/276 
f 276/276/276 1201/1201/1201 1200/1200/1200 
f 1203/1203/1203 1200/1200/1200 1199/1199/1199 
f 1199/1199/1199 1204/1204/1204 1203/1203/1203 
f 1203/1203/1203 1195/1195/1195 273/273/273 
f 273/273/273 1200/1200/1200 1203/1203/1203 
f 1204/1204/1204 1186/1186/1186 1185/1185/1185 
f 1185/1185/1185 1205/1205/1205 1204/1204/1204 
f 270/270/270 1199/1199/1199 1202/1202/1202 
f 1202/1202/1202 271/271/271 270/270/270 
f 1204/1204/1204 1199/1199/1199 270/270/270 
f 270/270/270 1186/1186/1186 1204/1204/1204 
f 1185/1185/1185 231/231/231 1080/1080/1080 
f 1080/1080/1080 1205/1205/1205 1185/1185/1185 
f 1208/1208/1208 240/240/240 239/239/239 
f 239/239/239 1209/1209/1209 1208/1208/1208 
f 1216/1216/1216 1208/1208/1208 1207/1207/1207 
f 1207/1207/1207 1217/1217/1217 1216/1216/1216 
f 1091/1091/1091 1216/1216/1216 1215/1215/1215 
f 1215/1215/1215 1092/1092/1092 1091/1091/1091 
f 1091/1091/1091 240/240/240 1208/1208/1208 
f 1208/1208/1208 1216/1216/1216 1091/1091/1091 
f 277/277/277 1207/1207/1207 1210/1210/1210 
f 1210/1210/1210 278/278/278 277/277/277 
f 1212/1212/1212 277/277/277 280/280/280 
f 280/280/280 1213/1213/1213 1212/1212/1212 
f 1217/1217/1217 1212/1212/1212 1211/1211/1211 
f 1211/1211/1211 1218/1218/1218 1217/1217/1217 
f 1217/1217/1217 1207/1207/1207 277/277/277 
f 277/277/277 1212/1212/1212 1217/1217/1217 
f 1218/1218/1218 1198/1198/1198 1197/1197/1197 
f 1197/1197/1197 1215/1215/1215 1218/1218/1218 
f 274/274/274 1211/1211/1211 1214/1214/1214 
f 1214/1214/1214 275/275/275 274/274/274 
f 1198/1198/1198 1218/1218/1218 1211/1211/1211 
f 1211/1211/1211 274/274/274 1198/1198/1198 
f 235/235/235 1092/1092/1092 1215/1215/1215 
f 1215/1215/1215 1197/1197/1197 235/235/235 
f 1219/1219/1219 1222/1222/1222 1098/1098/1098 
f 278/278/278 1219/1219/1219 1221/1221/1221 
f 1221/1221/1221 279/279/279 278/278/278 
f 1222/1222/1222 1210/1210/1210 1209/1209/1209 
f 1209/1209/1209 1223/1223/1223 1222/1222/1222 
f 1222/1222/1222 1219/1219/1219 278/278/278 
f 278/278/278 1210/1210/1210 1222/1222/1222 
f 1223/1223/1223 1099/1099/1099 1098/1098/1098 
f 1223/1223/1223 1209/1209/1209 239/239/239 
f 239/239/239 1099/1099/1099 1223/1223/1223 
f 1107/1107/1107 1231/1231/1231 1108/1108/1108 
f 1225/1225/1225 244/244/244 243/243/243 
f 243/243/243 1226/1226/1226 1225/1225/1225 
f 1231/1231/1231 1225/1225/1225 1224/1224/1224 
f 1224/1224/1224 1232/1232/1232 1231/1231/1231 
f 1231/1231/1231 1107/1107/1107 244/244/244 
f 244/244/244 1225/1225/1225 1231/1231/1231 
f 1232/1232/1232 1228/1228/1228 1108/1108/1108 
f 281/281/281 1224/1224/1224 1227/1227/1227 
f 1227/1227/1227 282/282/282 281/281/281 
f 1228/1228/1228 281/281/281 284/284/284 
f 284/284/284 1229/1229/1229 1228/1228/1228 
f 1232/1232/1232 1224/1224/1224 281/281/281 
f 281/281/281 1228/1228/1228 1232/1232/1232 
f 1234/1234/1234 248/248/248 247/247/247 
f 247/247/247 1235/1235/1235 1234/1234/1234 
f 1244/1244/1244 1234/1234/1234 1233/1233/1233 
f 1233/1233/1233 1241/1241/1241 1244/1244/1244 
f 1117/1117/1117 1244/1244/1244 1243/1243/1243 
f 1243/1243/1243 1118/1118/1118 1117/1117/1117 
f 1234/1234/1234 1244/1244/1244 1117/1117/1117 
f 1117/1117/1117 248/248/248 1234/1234/1234 
f 285/285/285 1233/1233/1233 1236/1236/1236 
f 1236/1236/1236 286/286/286 285/285/285 
f 1238/1238/1238 285/285/285 288/288/288 
f 288/288/288 1239/1239/1239 1238/1238/1238 
f 1241/1241/1241 1238/1238/1238 1237/1237/1237 
f 1237/1237/1237 1242/1242/1242 1241/1241/1241 
f 1241/1241/1241 1233/1233/1233 285/285/285 
f 285/285/285 1238/1238/1238 1241/1241/1241 
f 1242/1242/1242 1227/1227/1227 1226/1226/1226 
f 1226/1226/1226 1243/1243/1243 1242/1242/1242 
f 282/282/282 1237/1237/1237 1240/1240/1240 
f 1240/1240/1240 283/283/283 282/282/282 
f 1237/1237/1237 282/282/282 1227/1227/1227 
f 1227/1227/1227 1242/1242/1242 1237/1237/1237 
f 1243/1243/1243 1226/1226/1226 243/243/243 
f 243/243/243 1118/1118/1118 1243/1243/1243 
f 1246/1246/1246 252/252/252 251/251/251 
f 251/251/251 1247/1247/1247 1246/1246/1246 
f 1254/1254/1254 1246/1246/1246 1245/1245/1245 
f 1245/1245/1245 1255/1255/1255 1254/1254/1254 
f 1129/1129/1129 1254/1254/1254 1253/1253/1253 
f 1253/1253/1253 1130/1130/1130 1129/1129/1129 
f 1246/1246/1246 1254/1254/1254 1129/1129/1129 
f 1129/1129/1129 252/252/252 1246/1246/1246 
f 289/289/289 1245/1245/1245 1248/1248/1248 
f 1248/1248/1248 290/290/290 289/289/289 
f 1250/1250/1250 289/289/289 292/292/292 
f 292/292/292 1251/1251/1251 1250/1250/1250 
f 1255/1255/1255 1250/1250/1250 1249/1249/1249 
f 1249/1249/1249 1256/1256/1256 1255/1255/1255 
f 1255/1255/1255 1245/1245/1245 289/289/289 
f 289/289/289 1250/1250/1250 1255/1255/1255 
f 1256/1256/1256 1236/1236/1236 1235/1235/1235 
f 1235/1235/1235 1253/1253/1253 1256/1256/1256 
f 286/286/286 1249/1249/1249 1252/1252/1252 
f 1252/1252/1252 287/287/287 286/286/286 
f 1236/1236/1236 1256/1256/1256 1249/1249/1249 
f 1249/1249/1249 286/286/286 1236/1236/1236 
f 1253/1253/1253 1235/1235/1235 247/247/247 
f 247/247/247 1130/1130/1130 1253/1253/1253 
f 1258/1258/1258 256/256/256 255/255/255 
f 255/255/255 1259/1259/1259 1258/1258/1258 
f 1266/1266/1266 1258/1258/1258 1257/1257/1257 
f 1257/1257/1257 1267/1267/1267 1266/1266/1266 
f 1141/1141/1141 1266/1266/1266 1265/1265/1265 
f 1265/1265/1265 1142/1142/1142 1141/1141/1141 
f 1141/1141/1141 256/256/256 1258/1258/1258 
f 1258/1258/1258 1266/1266/1266 1141/1141/1141 
f 293/293/293 1257/1257/1257 1260/1260/1260 
f 1260/1260/1260 294/294/294 293/293/293 
f 1262/1262/1262 293/293/293 296/296/296 
f 296/296/296 1263/1263/1263 1262/1262/1262 
f 1267/1267/1267 1262/1262/1262 1261/1261/1261 
f 1261/1261/1261 1268/1268/1268 1267/1267/1267 
f 1267/1267/1267 1257/1257/1257 293/293/293 
f 293/293/293 1262/1262/1262 1267/1267/1267 
f 1268/1268/1268 1248/1248/1248 1247/1247/1247 
f 1247/1247/1247 1265/1265/1265 1268/1268/1268 
f 290/290/290 1261/1261/1261 1264/1264/1264 
f 1264/1264/1264 291/291/291 290/290/290 
f 1248/1248/1248 1268/1268/1268 1261/1261/1261 
f 1261/1261/1261 290/290/290 1248/1248/1248 
f 1265/1265/1265 1247/1247/1247 251/251/251 
f 251/251/251 1142/1142/1142 1265/1265/1265 
f 1270/1270/1270 260/260/260 259/259/259 
f 259/259/259 1271/1271/1271 1270/1270/1270 
f 1278/1278/1278 1270/1270/1270 1269/1269/1269 
f 1269/1269/1269 1279/1279/1279 1278/1278/1278 
f 1153/1153/1153 1278/1278/1278 1277/1277/1277 
f 1277/1277/1277 1154/1154/1154 1153/1153/1153 
f 1153/1153/1153 260/260/260 1270/1270/1270 
f 1270/1270/1270 1278/1278/1278 1153/1153/1153 
f 297/297/297 1269/1269/1269 1272/1272/1272 
f 1272/1272/1272 298/298/298 297/297/297 
f 1274/1274/1274 297/297/297 300/300/300 
f 300/300/300 1275/1275/1275 1274/1274/1274 
f 1279/1279/1279 1274/1274/1274 1273/1273/1273 
f 1273/1273/1273 1280/1280/1280 1279/1279/1279 
f 1279/1279/1279 1269/1269/1269 297/297/297 
f 297/297/297 1274/1274/1274 1279/1279/1279 
f 1280/1280/1280 1260/1260/1260 1259/1259/1259 
f 1259/1259/1259 1277/1277/1277 1280/1280/1280 
f 294/294/294 1273/1273/1273 1276/1276/1276 
f 1276/1276/1276 295/295/295 294/294/294 
f 1260/1260/1260 1280/1280/1280 1273/1273/1273 
f 1273/1273/1273 294/294/294 1260/1260/1260 
f 255/255/255 1154/1154/1154 1277/1277/1277 
f 1277/1277/1277 1259/1259/1259 255/255/255 
f 1282/1282/1282 264/264/264 263/263/263 
f 263/263/263 1283/1283/1283 1282/1282/1282 
f 1290/1290/1290 1282/1282/1282 1281/1281/1281 
f 1281/1281/1281 1291/1291/1291 1290/1290/1290 
f 1165/1165/1165 1290/1290/1290 1289/1289/1289 
f 1289/1289/1289 1166/1166/1166 1165/1165/1165 
f 1165/1165/1165 264/264/264 1282/1282/1282 
f 1282/1282/1282 1290/1290/1290 1165/1165/1165 
f 301/301/301 1281/1281/1281 1284/1284/1284 
f 1284/1284/1284 302/302/302 301/301/301 
f 1286/1286/1286 301/301/301 304/304/304 
f 304/304/304 1287/1287/1287 1286/1286/1286 
f 1291/1291/1291 1286/1286/1286 1285/1285/1285 
f 1285/1285/1285 1292/1292/1292 1291/1291/1291 
f 1291/1291/1291 1281/1281/1281 301/301/301 
f 301/301/301 1286/1286/1286 1291/1291/1291 
f 1292/1292/1292 1272/1272/1272 1271/1271/1271 
f 1271/1271/1271 1289/1289/1289 1292/1292/1292 
f 298/298/298 1285/1285/1285 1288/1288/1288 
f 1288/1288/1288 299/299/299 298/298/298 
f 1272/1272/1272 1292/1292/1292 1285/1285/1285 
f 1285/1285/1285 298/298/298 1272/1272/1272 
f 259/259/259 1166/1166/1166 1289/1289/1289 
f 1289/1289/1289 1271/1271/1271 259/259/259 
f 1294/1294/1294 268/268/268 267/267/267 
f 267/267/267 1295/1295/1295 1294/1294/1294 
f 1302/1302/1302 1294/1294/1294 1293/1293/1293 
f 1293/1293/1293 1303/1303/1303 1302/1302/1302 
f 1177/1177/1177 1302/1302/1302 1301/1301/1301 
f 1301/1301/1301 1178/1178/1178 1177/1177/1177 
f 1302/1302/1302 1177/1177/1177 268/268/268 
f 268/268/268 1294/1294/1294 1302/1302/1302 
f 305/305/305 1293/1293/1293 1296/1296/1296 
f 1296/1296/1296 306/306/306 305/305/305 
f 1298/1298/1298 305/305/305 308/308/308 
f 308/308/308 1299/1299/1299 1298/1298/1298 
f 1303/1303/1303 1298/1298/1298 1297/1297/1297 
f 1297/1297/1297 1304/1304/1304 1303/1303/1303 
f 1293/1293/1293 305/305/305 1298/1298/1298 
f 1298/1298/1298 1303/1303/1303 1293/1293/1293 
f 1304/1304/1304 1284/1284/1284 1283/1283/1283 
f 1283/1283/1283 1301/1301/1301 1304/1304/1304 
f 302/302/302 1297/1297/1297 1300/1300/1300 
f 1300/1300/1300 303/303/303 302/302/302 
f 1284/1284/1284 1304/1304/1304 1297/1297/1297 
f 1297/1297/1297 302/302/302 1284/1284/1284 
f 263/263/263 1178/1178/1178 1301/1301/1301 
f 1301/1301/1301 1283/1283/1283 263/263/263 
f 1306/1306/1306 272/272/272 271/271/271 
f 271/271/271 1307/1307/1307 1306/1306/1306 
f 1315/1315/1315 1306/1306/1306 1305/1305/1305 
f 1305/1305/1305 1316/1316/1316 1315/1315/1315 
f 1189/1189/1189 1315/1315/1315 1314/1314/1314 
f 1314/1314/1314 1190/1190/1190 1189/1189/1189 
f 1315/1315/1315 1189/1189/1189 272/272/272 
f 272/272/272 1306/1306/1306 1315/1315/1315 
f 309/309/309 1305/1305/1305 1308/1308/1308 
f 1308/1308/1308 310/310/310 309/309/309 
f 1310/1310/1310 309/309/309 312/312/312 
f 312/312/312 1311/1311/1311 1310/1310/1310 
f 1316/1316/1316 1310/1310/1310 1309/1309/1309 
f 1309/1309/1309 1313/1313/1313 1316/1316/1316 
f 1316/1316/1316 1305/1305/1305 309/309/309 
f 309/309/309 1310/1310/1310 1316/1316/1316 
f 1313/1313/1313 1296/1296/1296 1295/1295/1295 
f 1295/1295/1295 1314/1314/1314 1313/1313/1313 
f 306/306/306 1309/1309/1309 1312/1312/1312 
f 1312/1312/1312 307/307/307 306/306/306 
f 1309/1309/1309 306/306/306 1296/1296/1296 
f 1296/1296/1296 1313/1313/1313 1309/1309/1309 
f 1314/1314/1314 1295/1295/1295 267/267/267 
f 267/267/267 1190/1190/1190 1314/1314/1314 
f 1318/1318/1318 276/276/276 275/275/275 
f 275/275/275 1319/1319/1319 1318/1318/1318 
f 1327/1327/1327 1318/1318/1318 1317/1317/1317 
f 1317/1317/1317 1328/1328/1328 1327/1327/1327 
f 1201/1201/1201 1327/1327/1327 1326/1326/1326 
f 1326/1326/1326 1202/1202/1202 1201/1201/1201 
f 1327/1327/1327 1201/1201/1201 276/276/276 
f 276/276/276 1318/1318/1318 1327/1327/1327 
f 313/313/313 1317/1317/1317 1320/1320/1320 
f 1320/1320/1320 314/314/314 313/313/313 
f 1322/1322/1322 313/313/313 316/316/316 
f 316/316/316 1323/1323/1323 1322/1322/1322 
f 1328/1328/1328 1322/1322/1322 1321/1321/1321 
f 1321/1321/1321 1325/1325/1325 1328/1328/1328 
f 1328/1328/1328 1317/1317/1317 313/313/313 
f 313/313/313 1322/1322/1322 1328/1328/1328 
f 1325/1325/1325 1308/1308/1308 1307/1307/1307 
f 1307/1307/1307 1326/1326/1326 1325/1325/1325 
f 310/310/310 1321/1321/1321 1324/1324/1324 
f 1324/1324/1324 311/311/311 310/310/310 
f 1325/1325/1325 1321/1321/1321 310/310/310 
f 310/310/310 1308/1308/1308 1325/1325/1325 
f 1326/1326/1326 1307/1307/1307 271/271/271 
f 271/271/271 1202/1202/1202 1326/1326/1326 
f 1330/1330/1330 280/280/280 279/279/279 
f 279/279/279 1331/1331/1331 1330/1330/1330 
f 1338/1338/1338 1330/1330/1330 1329/1329/1329 
f 1329/1329/1329 1339/1339/1339 1338/1338/1338 
f 1213/1213/1213 1338/1338/1338 1337/1337/1337 
f 1337/1337/1337 1214/1214/1214 1213/1213/1213 
f 1213/1213/1213 280/280/280 1330/1330/1330 
f 1330/1330/1330 1338/1338/1338 1213/1213/1213 
f 317/317/317 1329/1329/1329 1332/1332/1332 
f 1332/1332/1332 318/318/318 317/317/317 
f 1334/1334/1334 317/317/317 320/320/320 
f 320/320/320 1335/1335/1335 1334/1334/1334 
f 1339/1339/1339 1334/1334/1334 1333/1333/1333 
f 1333/1333/1333 1340/1340/1340 1339/1339/1339 
f 1339/1339/1339 1329/1329/1329 317/317/317 
f 317/317/317 1334/1334/1334 1339/1339/1339 
f 1340/1340/1340 1320/1320/1320 1319/1319/1319 
f 1319/1319/1319 1337/1337/1337 1340/1340/1340 
f 314/314/314 1333/1333/1333 1336/1336/1336 
f 1336/1336/1336 315/315/315 314/314/314 
f 314/314/314 1320/1320/1320 1340/1340/1340 
f 1340/1340/1340 1333/1333/1333 314/314/314 
f 275/275/275 1214/1214/1214 1337/1337/1337 
f 1337/1337/1337 1319/1319/1319 275/275/275 
f 1341/1341/1341 1344/1344/1344 1220/1220/1220 
f 318/318/318 1341/1341/1341 1343/1343/1343 
f 1343/1343/1343 319/319/319 318/318/318 
f 1344/1344/1344 1332/1332/1332 1331/1331/1331 
f 1331/1331/1331 1345/1345/1345 1344/1344/1344 
f 1344/1344/1344 1341/1341/1341 318/318/318 
f 318/318/318 1332/1332/1332 1344/1344/1344 
f 1345/1345/1345 1221/1221/1221 1220/1220/1220 
f 1345/1345/1345 1331/1331/1331 279/279/279 
f 279/279/279 1221/1221/1221 1345/1345/1345 
f 1229/1229/1229 1353/1353/1353 1230/1230/1230 
f 1347/1347/1347 284/284/284 283/283/283 
f 283/283/283 1348/1348/1348 1347/1347/1347 
f 1353/1353/1353 1347/1347/1347 1346/1346/1346 
f 1346/1346/1346 1354/1354/1354 1353/1353/1353 
f 1353/1353/1353 1229/1229/1229 284/284/284 
f 284/284/284 1347/1347/1347 1353/1353/1353 
f 1354/1354/1354 1350/1350/1350 1230/1230/1230 
f 321/321/321 1346/1346/1346 1349/1349/1349 
f 1349/1349/1349 322/322/322 321/321/321 
f 1350/1350/1350 321/321/321 324/324/324 
f 324/324/324 1351/1351/1351 1350/1350/1350 
f 1354/1354/1354 1346/1346/1346 321/321/321 
f 321/321/321 1350/1350/1350 1354/1354/1354 
f 1356/1356/1356 288/288/288 287/287/287 
f 287/287/287 1357/1357/1357 1356/1356/1356 
f 1366/1366/1366 1356/1356/1356 1355/1355/1355 
f 1355/1355/1355 1363/1363/1363 1366/1366/1366 
f 1239/1239/1239 1366/1366/1366 1365/1365/1365 
f 1365/1365/1365 1240/1240/1240 1239/1239/1239 
f 1239/1239/1239 288/288/288 1356/1356/1356 
f 1356/1356/1356 1366/1366/1366 1239/1239/1239 
f 325/325/325 1355/1355/1355 1358/1358/1358 
f 1358/1358/1358 326/326/326 325/325/325 
f 1360/1360/1360 325/325/325 328/328/328 
f 328/328/328 1361/1361/1361 1360/1360/1360 
f 1363/1363/1363 1360/1360/1360 1359/1359/1359 
f 1359/1359/1359 1364/1364/1364 1363/1363/1363 
f 325/325/325 1360/1360/1360 1363/1363/1363 
f 1363/1363/1363 1355/1355/1355 325/325/325 
f 1364/1364/1364 1349/1349/1349 1348/1348/1348 
f 1348/1348/1348 1365/1365/1365 1364/1364/1364 
f 322/322/322 1359/1359/1359 1362/1362/1362 
f 1362/1362/1362 323/323/323 322/322/322 
f 1359/1359/1359 322/322/322 1349/1349/1349 
f 1349/1349/1349 1364/1364/1364 1359/1359/1359 
f 1365/1365/1365 1348/1348/1348 283/283/283 
f 283/283/283 1240/1240/1240 1365/1365/1365 
f 1368/1368/1368 292/292/292 291/291/291 
f 291/291/291 1369/1369/1369 1368/1368/1368 
f 1376/1376/1376 1368/1368/1368 1367/1367/1367 
f 1367/1367/1367 1377/1377/1377 1376/1376/1376 
f 1251/1251/1251 1376/1376/1376 1375/1375/1375 
f 1375/1375/1375 1252/1252/1252 1251/1251/1251 
f 1251/1251/1251 292/292/292 1368/1368/1368 
f 1368/1368/1368 1376/1376/1376 1251/1251/1251 
f 329/329/329 1367/1367/1367 1370/1370/1370 
f 1370/1370/1370 330/330/330 329/329/329 
f 1372/1372/1372 329/329/329 332/332/332 
f 332/332/332 1373/1373/1373 1372/1372/1372 
f 1377/1377/1377 1372/1372/1372 1371/1371/1371 
f 1371/1371/1371 1378/1378/1378 1377/1377/1377 
f 329/329/329 1372/1372/1372 1377/1377/1377 
f 1377/1377/1377 1367/1367/1367 329/329/329 
f 1378/1378/1378 1358/1358/1358 1357/1357/1357 
f 1357/1357/1357 1375/1375/1375 1378/1378/1378 
f 326/326/326 1371/1371/1371 1374/1374/1374 
f 1374/1374/1374 327/327/327 326/326/326 
f 1358/1358/1358 1378/1378/1378 1371/1371/1371 
f 1371/1371/1371 326/326/326 1358/1358/1358 
f 1375/1375/1375 1357/1357/1357 287/287/287 
f 287/287/287 1252/1252/1252 1375/1375/1375 
f 1380/1380/1380 296/296/296 295/295/295 
f 295/295/295 1381/1381/1381 1380/1380/1380 
f 1390/1390/1390 1380/1380/1380 1379/1379/1379 
f 1379/1379/1379 1387/1387/1387 1390/1390/1390 
f 1263/1263/1263 1390/1390/1390 1389/1389/1389 
f 1389/1389/1389 1264/1264/1264 1263/1263/1263 
f 1380/1380/1380 1390/1390/1390 1263/1263/1263 
f 1263/1263/1263 296/296/296 1380/1380/1380 
f 333/333/333 1379/1379/1379 1382/1382/1382 
f 1382/1382/1382 334/334/334 333/333/333 
f 1384/1384/1384 333/333/333 336/336/336 
f 336/336/336 1385/1385/1385 1384/1384/1384 
f 1387/1387/1387 1384/1384/1384 1383/1383/1383 
f 1383/1383/1383 1388/1388/1388 1387/1387/1387 
f 333/333/333 1384/1384/1384 1387/1387/1387 
f 1387/1387/1387 1379/1379/1379 333/333/333 
f 1388/1388/1388 1370/1370/1370 1369/1369/1369 
f 1369/1369/1369 1389/1389/1389 1388/1388/1388 
f 330/330/330 1383/1383/1383 1386/1386/1386 
f 1386/1386/1386 331/331/331 330/330/330 
f 1383/1383/1383 330/330/330 1370/1370/1370 
f 1370/1370/1370 1388/1388/1388 1383/1383/1383 
f 1389/1389/1389 1369/1369/1369 291/291/291 
f 291/291/291 1264/1264/1264 1389/1389/1389 
f 1392/1392/1392 300/300/300 299/299/299 
f 299/299/299 1393/1393/1393 1392/1392/1392 
f 1400/1400/1400 1392/1392/1392 1391/1391/1391 
f 1391/1391/1391 1401/1401/1401 1400/1400/1400 
f 1275/1275/1275 1400/1400/1400 1399/1399/1399 
f 1399/1399/1399 1276/1276/1276 1275/1275/1275 
f 1275/1275/1275 300/300/300 1392/1392/1392 
f 1392/1392/1392 1400/1400/1400 1275/1275/1275 
f 337/337/337 1391/1391/1391 1394/1394/1394 
f 1394/1394/1394 338/338/338 337/337/337 
f 1396/1396/1396 337/337/337 340/340/340 
f 340/340/340 1397/1397/1397 1396/1396/1396 
f 1401/1401/1401 1396/1396/1396 1395/1395/1395 
f 1395/1395/1395 1402/1402/1402 1401/1401/1401 
f 1401/1401/1401 1391/1391/1391 337/337/337 
f 337/337/337 1396/1396/1396 1401/1401/1401 
f 1402/1402/1402 1382/1382/1382 1381/1381/1381 
f 1381/1381/1381 1399/1399/1399 1402/1402/1402 
f 334/334/334 1395/1395/1395 1398/1398/1398 
f 1398/1398/1398 335/335/335 334/334/334 
f 1382/1382/1382 1402/1402/1402 1395/1395/1395 
f 1395/1395/1395 334/334/334 1382/1382/1382 
f 295/295/295 1276/1276/1276 1399/1399/1399 
f 1399/1399/1399 1381/1381/1381 295/295/295 
f 1404/1404/1404 304/304/304 303/303/303 
f 303/303/303 1405/1405/1405 1404/1404/1404 
f 1414/1414/1414 1404/1404/1404 1403/1403/1403 
f 1403/1403/1403 1411/1411/1411 1414/1414/1414 
f 1287/1287/1287 1414/1414/1414 1413/1413/1413 
f 1413/1413/1413 1288/1288/1288 1287/1287/1287 
f 1404/1404/1404 1414/1414/1414 1287/1287/1287 
f 1287/1287/1287 304/304/304 1404/1404/1404 
f 341/341/341 1403/1403/1403 1406/1406/1406 
f 1406/1406/1406 342/342/342 341/341/341 
f 1408/1408/1408 341/341/341 344/344/344 
f 344/344/344 1409/1409/1409 1408/1408/1408 
f 1411/1411/1411 1408/1408/1408 1407/1407/1407 
f 1407/1407/1407 1412/1412/1412 1411/1411/1411 
f 341/341/341 1408/1408/1408 1411/1411/1411 
f 1411/1411/1411 1403/1403/1403 341/341/341 
f 1412/1412/1412 1394/1394/1394 1393/1393/1393 
f 1393/1393/1393 1413/1413/1413 1412/1412/1412 
f 338/338/338 1407/1407/1407 1410/1410/1410 
f 1410/1410/1410 339/339/339 338/338/338 
f 1407/1407/1407 338/338/338 1394/1394/1394 
f 1394/1394/1394 1412/1412/1412 1407/1407/1407 
f 1413/1413/1413 1393/1393/1393 299/299/299 
f 299/299/299 1288/1288/1288 1413/1413/1413 
f 1416/1416/1416 308/308/308 307/307/307 
f 307/307/307 1417/1417/1417 1416/1416/1416 
f 1424/1424/1424 1416/1416/1416 1415/1415/1415 
f 1415/1415/1415 1425/1425/1425 1424/1424/1424 
f 1299/1299/1299 1424/1424/1424 1423/1423/1423 
f 1423/1423/1423 1300/1300/1300 1299/1299/1299 
f 1416/1416/1416 1424/1424/1424 1299/1299/1299 
f 1299/1299/1299 308/308/308 1416/1416/1416 
f 345/345/345 1415/1415/1415 1418/1418/1418 
f 1418/1418/1418 346/346/346 345/345/345 
f 1420/1420/1420 345/345/345 348/348/348 
f 348/348/348 1421/1421/1421 1420/1420/1420 
f 1425/1425/1425 1420/1420/1420 1419/1419/1419 
f 1419/1419/1419 1426/1426/1426 1425/1425/1425 
f 1425/1425/1425 1415/1415/1415 345/345/345 
f 345/345/345 1420/1420/1420 1425/1425/1425 
f 1426/1426/1426 1406/1406/1406 1405/1405/1405 
f 1405/1405/1405 1423/1423/1423 1426/1426/1426 
f 342/342/342 1419/1419/1419 1422/1422/1422 
f 1422/1422/1422 343/343/343 342/342/342 
f 1419/1419/1419 342/342/342 1406/1406/1406 
f 1406/1406/1406 1426/1426/1426 1419/1419/1419 
f 303/303/303 1300/1300/1300 1423/1423/1423 
f 1423/1423/1423 1405/1405/1405 303/303/303 
f 1428/1428/1428 312/312/312 311/311/311 
f 311/311/311 1429/1429/1429 1428/1428/1428 
f 1435/1435/1435 1428/1428/1428 1427/1427/1427 
f 1427/1427/1427 1436/1436/1436 1435/1435/1435 
f 1311/1311/1311 1435/1435/1435 1438/1438/1438 
f 1438/1438/1438 1312/1312/1312 1311/1311/1311 
f 312/312/312 1428/1428/1428 1435/1435/1435 
f 1435/1435/1435 1311/1311/1311 312/312/312 
f 349/349/349 1427/1427/1427 1430/1430/1430 
f 1430/1430/1430 350/350/350 349/349/349 
f 1432/1432/1432 349/349/349 352/352/352 
f 352/352/352 1433/1433/1433 1432/1432/1432 
f 1436/1436/1436 1432/1432/1432 1431/1431/1431 
f 1431/1431/1431 1437/1437/1437 1436/1436/1436 
f 1436/1436/1436 1427/1427/1427 349/349/349 
f 349/349/349 1432/1432/1432 1436/1436/1436 
f 1437/1437/1437 1418/1418/1418 1417/1417/1417 
f 1417/1417/1417 1438/1438/1438 1437/1437/1437 
f 346/346/346 1431/1431/1431 1434/1434/1434 
f 1434/1434/1434 347/347/347 346/346/346 
f 1418/1418/1418 1437/1437/1437 1431/1431/1431 
f 1431/1431/1431 346/346/346 1418/1418/1418 
f 1312/1312/1312 1438/1438/1438 1417/1417/1417 
f 1417/1417/1417 307/307/307 1312/1312/1312 
f 1440/1440/1440 316/316/316 315/315/315 
f 315/315/315 1441/1441/1441 1440/1440/1440 
f 1447/1447/1447 1440/1440/1440 1439/1439/1439 
f 1439/1439/1439 1448/1448/1448 1447/1447/1447 
f 1323/1323/1323 1447/1447/1447 1450/1450/1450 
f 1450/1450/1450 1324/1324/1324 1323/1323/1323 
f 316/316/316 1440/1440/1440 1447/1447/1447 
f 1447/1447/1447 1323/1323/1323 316/316/316 
f 353/353/353 1439/1439/1439 1442/1442/1442 
f 1442/1442/1442 354/354/354 353/353/353 
f 1444/1444/1444 353/353/353 356/356/356 
f 356/356/356 1445/1445/1445 1444/1444/1444 
f 1448/1448/1448 1444/1444/1444 1443/1443/1443 
f 1443/1443/1443 1449/1449/1449 1448/1448/1448 
f 1439/1439/1439 353/353/353 1444/1444/1444 
f 1444/1444/1444 1448/1448/1448 1439/1439/1439 
f 1449/1449/1449 1430/1430/1430 1429/1429/1429 
f 1429/1429/1429 1450/1450/1450 1449/1449/1449 
f 350/350/350 1443/1443/1443 1446/1446/1446 
f 1446/1446/1446 351/351/351 350/350/350 
f 1449/1449/1449 1443/1443/1443 350/350/350 
f 350/350/350 1430/1430/1430 1449/1449/1449 
f 311/311/311 1324/1324/1324 1450/1450/1450 
f 1450/1450/1450 1429/1429/1429 311/311/311 
f 1452/1452/1452 320/320/320 319/319/319 
f 319/319/319 1453/1453/1453 1452/1452/1452 
f 1461/1461/1461 1452/1452/1452 1451/1451/1451 
f 1451/1451/1451 1462/1462/1462 1461/1461/1461 
f 1335/1335/1335 1461/1461/1461 1460/1460/1460 
f 1460/1460/1460 1336/1336/1336 1335/1335/1335 
f 1461/1461/1461 1335/1335/1335 320/320/320 
f 320/320/320 1452/1452/1452 1461/1461/1461 
f 357/357/357 1451/1451/1451 1454/1454/1454 
f 1454/1454/1454 358/358/358 357/357/357 
f 1456/1456/1456 357/357/357 360/360/360 
f 360/360/360 1457/1457/1457 1456/1456/1456 
f 1462/1462/1462 1456/1456/1456 1455/1455/1455 
f 1455/1455/1455 1459/1459/1459 1462/1462/1462 
f 1456/1456/1456 1462/1462/1462 1451/1451/1451 
f 1451/1451/1451 357/357/357 1456/1456/1456 
f 1459/1459/1459 1442/1442/1442 1441/1441/1441 
f 1441/1441/1441 1460/1460/1460 1459/1459/1459 
f 354/354/354 1455/1455/1455 1458/1458/1458 
f 1458/1458/1458 355/355/355 354/354/354 
f 1459/1459/1459 1455/1455/1455 354/354/354 
f 354/354/354 1442/1442/1442 1459/1459/1459 
f 1441/1441/1441 315/315/315 1336/1336/1336 
f 1336/1336/1336 1460/1460/1460 1441/1441/1441 
f 1463/1463/1463 1466/1466/1466 1342/1342/1342 
f 358/358/358 1463/1463/1463 1465/1465/1465 
f 1465/1465/1465 359/359/359 358/358/358 
f 1466/1466/1466 1454/1454/1454 1453/1453/1453 
f 1453/1453/1453 1467/1467/1467 1466/1466/1466 
f 1466/1466/1466 1463/1463/1463 358/358/358 
f 358/358/358 1454/1454/1454 1466/1466/1466 
f 1467/1467/1467 1343/1343/1343 1342/1342/1342 
f 1467/1467/1467 1453/1453/1453 319/319/319 
f 319/319/319 1343/1343/1343 1467/1467/1467 
f 1351/1351/1351 1475/1475/1475 1352/1352/1352 
f 1469/1469/1469 324/324/324 323/323/323 
f 323/323/323 1470/1470/1470 1469/1469/1469 
f 1475/1475/1475 1469/1469/1469 1468/1468/1468 
f 1468/1468/1468 1476/1476/1476 1475/1475/1475 
f 1475/1475/1475 1351/1351/1351 324/324/324 
f 324/324/324 1469/1469/1469 1475/1475/1475 
f 1476/1476/1476 1472/1472/1472 1352/1352/1352 
f 361/361/361 1468/1468/1468 1471/1471/1471 
f 1471/1471/1471 362/362/362 361/361/361 
f 1472/1472/1472 361/361/361 364/364/364 
f 364/364/364 1473/1473/1473 1472/1472/1472 
f 1476/1476/1476 1468/1468/1468 361/361/361 
f 361/361/361 1472/1472/1472 1476/1476/1476 
f 1478/1478/1478 328/328/328 327/327/327 
f 327/327/327 1479/1479/1479 1478/1478/1478 
f 1486/1486/1486 1478/1478/1478 1477/1477/1477 
f 1477/1477/1477 1487/1487/1487 1486/1486/1486 
f 1361/1361/1361 1486/1486/1486 1485/1485/1485 
f 1485/1485/1485 1362/1362/1362 1361/1361/1361 
f 1361/1361/1361 328/328/328 1478/1478/1478 
f 1478/1478/1478 1486/1486/1486 1361/1361/1361 
f 365/365/365 1477/1477/1477 1480/1480/1480 
f 1480/1480/1480 366/366/366 365/365/365 
f 1482/1482/1482 365/365/365 368/368/368 
f 368/368/368 1483/1483/1483 1482/1482/1482 
f 1487/1487/1487 1482/1482/1482 1481/1481/1481 
f 1481/1481/1481 1488/1488/1488 1487/1487/1487 
f 1487/1487/1487 1477/1477/1477 365/365/365 
f 365/365/365 1482/1482/1482 1487/1487/1487 
f 1488/1488/1488 1471/1471/1471 1470/1470/1470 
f 1470/1470/1470 1485/1485/1485 1488/1488/1488 
f 362/362/362 1481/1481/1481 1484/1484/1484 
f 1484/1484/1484 363/363/363 362/362/362 
f 1471/1471/1471 1488/1488/1488 1481/1481/1481 
f 1481/1481/1481 362/362/362 1471/1471/1471 
f 323/323/323 1362/1362/1362 1485/1485/1485 
f 1485/1485/1485 1470/1470/1470 323/323/323 
f 1490/1490/1490 332/332/332 331/331/331 
f 331/331/331 1491/1491/1491 1490/1490/1490 
f 1498/1498/1498 1490/1490/1490 1489/1489/1489 
f 1489/1489/1489 1499/1499/1499 1498/1498/1498 
f 1373/1373/1373 1498/1498/1498 1497/1497/1497 
f 1497/1497/1497 1374/1374/1374 1373/1373/1373 
f 1373/1373/1373 332/332/332 1490/1490/1490 
f 1490/1490/1490 1498/1498/1498 1373/1373/1373 
f 369/369/369 1489/1489/1489 1492/1492/1492 
f 1492/1492/1492 370/370/370 369/369/369 
f 1494/1494/1494 369/369/369 372/372/372 
f 372/372/372 1495/1495/1495 1494/1494/1494 
f 1499/1499/1499 1494/1494/1494 1493/1493/1493 
f 1493/1493/1493 1500/1500/1500 1499/1499/1499 
f 1499/1499/1499 1489/1489/1489 369/369/369 
f 369/369/369 1494/1494/1494 1499/1499/1499 
f 1500/1500/1500 1480/1480/1480 1479/1479/1479 
f 1479/1479/1479 1497/1497/1497 1500/1500/1500 
f 366/366/366 1493/1493/1493 1496/1496/1496 
f 1496/1496/1496 367/367/367 366/366/366 
f 1480/1480/1480 1500/1500/1500 1493/1493/1493 
f 1493/1493/1493 366/366/366 1480/1480/1480 
f 327/327/327 1374/1374/1374 1497/1497/1497 
f 1497/1497/1497 1479/1479/1479 327/327/327 
f 1502/1502/1502 336/336/336 335/335/335 
f 335/335/335 1503/1503/1503 1502/1502/1502 
f 1510/1510/1510 1502/1502/1502 1501/1501/1501 
f 1501/1501/1501 1511/1511/1511 1510/1510/1510 
f 1385/1385/1385 1510/1510/1510 1509/1509/1509 
f 1509/1509/1509 1386/1386/1386 1385/1385/1385 
f 1385/1385/1385 336/336/336 1502/1502/1502 
f 1502/1502/1502 1510/1510/1510 1385/1385/1385 
f 373/373/373 1501/1501/1501 1504/1504/1504 
f 1504/1504/1504 374/374/374 373/373/373 
f 1506/1506/1506 373/373/373 376/376/376 
f 376/376/376 1507/1507/1507 1506/1506/1506 
f 1511/1511/1511 1506/1506/1506 1505/1505/1505 
f 1505/1505/1505 1512/1512/1512 1511/1511/1511 
f 1511/1511/1511 1501/1501/1501 373/373/373 
f 373/373/373 1506/1506/1506 1511/1511/1511 
f 1512/1512/1512 1492/1492/1492 1491/1491/1491 
f 1491/1491/1491 1509/1509/1509 1512/1512/1512 
f 370/370/370 1505/1505/1505 1508/1508/1508 
f 1508/1508/1508 371/371/371 370/370/370 
f 1505/1505/1505 370/370/370 1492/1492/1492 
f 1492/1492/1492 1512/1512/1512 1505/1505/1505 
f 331/331/331 1386/1386/1386 1509/1509/1509 
f 1509/1509/1509 1491/1491/1491 331/331/331 
f 1514/1514/1514 340/340/340 339/339/339 
f 339/339/339 1515/1515/1515 1514/1514/1514 
f 1522/1522/1522 1514/1514/1514 1513/1513/1513 
f 1513/1513/1513 1523/1523/1523 1522/1522/1522 
f 1397/1397/1397 1522/1522/1522 1521/1521/1521 
f 1521/1521/1521 1398/1398/1398 1397/1397/1397 
f 1397/1397/1397 340/340/340 1514/1514/1514 
f 1514/1514/1514 1522/1522/1522 1397/1397/1397 
f 377/377/377 1513/1513/1513 1516/1516/1516 
f 1516/1516/1516 378/378/378 377/377/377 
f 1518/1518/1518 377/377/377 380/380/380 
f 380/380/380 1519/1519/1519 1518/1518/1518 
f 1523/1523/1523 1518/1518/1518 1517/1517/1517 
f 1517/1517/1517 1524/1524/1524 1523/1523/1523 
f 1523/1523/1523 1513/1513/1513 377/377/377 
f 377/377/377 1518/1518/1518 1523/1523/1523 
f 1524/1524/1524 1504/1504/1504 1503/1503/1503 
f 1503/1503/1503 1521/1521/1521 1524/1524/1524 
f 374/374/374 1517/1517/1517 1520/1520/1520 
f 1520/1520/1520 375/375/375 374/374/374 
f 1504/1504/1504 1524/1524/1524 1517/1517/1517 
f 1517/1517/1517 374/374/374 1504/1504/1504 
f 335/335/335 1398/1398/1398 1521/1521/1521 
f 1521/1521/1521 1503/1503/1503 335/335/335 
f 1526/1526/1526 344/344/344 343/343/343 
f 343/343/343 1527/1527/1527 1526/1526/1526 
f 1534/1534/1534 1526/1526/1526 1525/1525/1525 
f 1525/1525/1525 1535/1535/1535 1534/1534/1534 
f 1409/1409/1409 1534/1534/1534 1533/1533/1533 
f 1533/1533/1533 1410/1410/1410 1409/1409/1409 
f 1409/1409/1409 344/344/344 1526/1526/1526 
f 1526/1526/1526 1534/1534/1534 1409/1409/1409 
f 381/381/381 1525/1525/1525 1528/1528/1528 
f 1528/1528/1528 382/382/382 381/381/381 
f 1530/1530/1530 381/381/381 384/384/384 
f 384/384/384 1531/1531/1531 1530/1530/1530 
f 1535/1535/1535 1530/1530/1530 1529/1529/1529 
f 1529/1529/1529 1536/1536/1536 1535/1535/1535 
f 1535/1535/1535 1525/1525/1525 381/381/381 
f 381/381/381 1530/1530/1530 1535/1535/1535 
f 1536/1536/1536 1516/1516/1516 1515/1515/1515 
f 1515/1515/1515 1533/1533/1533 1536/1536/1536 
f 378/378/378 1529/1529/1529 1532/1532/1532 
f 1532/1532/1532 379/379/379 378/378/378 
f 1516/1516/1516 1536/1536/1536 1529/1529/1529 
f 1529/1529/1529 378/378/378 1516/1516/1516 
f 339/339/339 1410/1410/1410 1533/1533/1533 
f 1533/1533/1533 1515/1515/1515 339/339/339 
f 1538/1538/1538 348/348/348 347/347/347 
f 347/347/347 1539/1539/1539 1538/1538/1538 
f 1546/1546/1546 1538/1538/1538 1537/1537/1537 
f 1537/1537/1537 1547/1547/1547 1546/1546/1546 
f 1421/1421/1421 1546/1546/1546 1545/1545/1545 
f 1545/1545/1545 1422/1422/1422 1421/1421/1421 
f 1421/1421/1421 348/348/348 1538/1538/1538 
f 1538/1538/1538 1546/1546/1546 1421/1421/1421 
f 385/385/385 1537/1537/1537 1540/1540/1540 
f 1540/1540/1540 386/386/386 385/385/385 
f 1542/1542/1542 385/385/385 388/388/388 
f 388/388/388 1543/1543/1543 1542/1542/1542 
f 1547/1547/1547 1542/1542/1542 1541/1541/1541 
f 1541/1541/1541 1548/1548/1548 1547/1547/1547 
f 1547/1547/1547 1537/1537/1537 385/385/385 
f 385/385/385 1542/1542/1542 1547/1547/1547 
f 1548/1548/1548 1528/1528/1528 1527/1527/1527 
f 1527/1527/1527 1545/1545/1545 1548/1548/1548 
f 382/382/382 1541/1541/1541 1544/1544/1544 
f 1544/1544/1544 383/383/383 382/382/382 
f 1528/1528/1528 1548/1548/1548 1541/1541/1541 
f 1541/1541/1541 382/382/382 1528/1528/1528 
f 343/343/343 1422/1422/1422 1545/1545/1545 
f 1545/1545/1545 1527/1527/1527 343/343/343 
f 1550/1550/1550 352/352/352 351/351/351 
f 351/351/351 1551/1551/1551 1550/1550/1550 
f 1560/1560/1560 1550/1550/1550 1549/1549/1549 
f 1549/1549/1549 1557/1557/1557 1560/1560/1560 
f 1433/1433/1433 1560/1560/1560 1559/1559/1559 
f 1559/1559/1559 1434/1434/1434 1433/1433/1433 
f 1550/1550/1550 1560/1560/1560 1433/1433/1433 
f 1433/1433/1433 352/352/352 1550/1550/1550 
f 389/389/389 1549/1549/1549 1552/1552/1552 
f 1552/1552/1552 390/390/390 389/389/389 
f 1554/1554/1554 389/389/389 392/392/392 
f 392/392/392 1555/1555/1555 1554/1554/1554 
f 1557/1557/1557 1554/1554/1554 1553/1553/1553 
f 1553/1553/1553 1558/1558/1558 1557/1557/1557 
f 389/389/389 1554/1554/1554 1557/1557/1557 
f 1557/1557/1557 1549/1549/1549 389/389/389 
f 1558/1558/1558 1540/1540/1540 1539/1539/1539 
f 1539/1539/1539 1559/1559/1559 1558/1558/1558 
f 386/386/386 1553/1553/1553 1556/1556/1556 
f 1556/1556/1556 387/387/387 386/386/386 
f 1553/1553/1553 386/386/386 1540/1540/1540 
f 1540/1540/1540 1558/1558/1558 1553/1553/1553 
f 1559/1559/1559 1539/1539/1539 347/347/347 
f 347/347/347 1434/1434/1434 1559/1559/1559 
f 1562/1562/1562 356/356/356 355/355/355 
f 355/355/355 1563/1563/1563 1562/1562/1562 
f 1569/1569/1569 1562/1562/1562 1561/1561/1561 
f 1561/1561/1561 1570/1570/1570 1569/1569/1569 
f 1445/1445/1445 1569/1569/1569 1572/1572/1572 
f 1572/1572/1572 1446/1446/1446 1445/1445/1445 
f 356/356/356 1562/1562/1562 1569/1569/1569 
f 1569/1569/1569 1445/1445/1445 356/356/356 
f 393/393/393 1561/1561/1561 1564/1564/1564 
f 1564/1564/1564 394/394/394 393/393/393 
f 1566/1566/1566 393/393/393 396/396/396 
f 396/396/396 1567/1567/1567 1566/1566/1566 
f 1570/1570/1570 1566/1566/1566 1565/1565/1565 
f 1565/1565/1565 1571/1571/1571 1570/1570/1570 
f 1561/1561/1561 393/393/393 1566/1566/1566 
f 1566/1566/1566 1570/1570/1570 1561/1561/1561 
f 1571/1571/1571 1552/1552/1552 1551/1551/1551 
f 1551/1551/1551 1572/1572/1572 1571/1571/1571 
f 390/390/390 1565/1565/1565 1568/1568/1568 
f 1568/1568/1568 391/391/391 390/390/390 
f 1552/1552/1552 1571/1571/1571 1565/1565/1565 
f 1565/1565/1565 390/390/390 1552/1552/1552 
f 351/351/351 1446/1446/1446 1572/1572/1572 
f 1572/1572/1572 1551/1551/1551 351/351/351 
f 1574/1574/1574 360/360/360 359/359/359 
f 359/359/359 1575/1575/1575 1574/1574/1574 
f 1581/1581/1581 1574/1574/1574 1573/1573/1573 
f 1573/1573/1573 1582/1582/1582 1581/1581/1581 
f 1457/1457/1457 1581/1581/1581 1584/1584/1584 
f 1584/1584/1584 1458/1458/1458 1457/1457/1457 
f 1581/1581/1581 1457/1457/1457 360/360/360 
f 360/360/360 1574/1574/1574 1581/1581/1581 
f 397/397/397 1573/1573/1573 1576/1576/1576 
f 1576/1576/1576 398/398/398 397/397/397 
f 1578/1578/1578 397/397/397 400/400/400 
f 400/400/400 1579/1579/1579 1578/1578/1578 
f 1582/1582/1582 1578/1578/1578 1577/1577/1577 
f 1577/1577/1577 1583/1583/1583 1582/1582/1582 
f 1573/1573/1573 397/397/397 1578/1578/1578 
f 1578/1578/1578 1582/1582/1582 1573/1573/1573 
f 1583/1583/1583 1564/1564/1564 1563/1563/1563 
f 1563/1563/1563 1584/1584/1584 1583/1583/1583 
f 394/394/394 1577/1577/1577 1580/1580/1580 
f 1580/1580/1580 395/395/395 394/394/394 
f 394/394/394 1564/1564/1564 1583/1583/1583 
f 1583/1583/1583 1577/1577/1577 394/394/394 
f 1458/1458/1458 1584/1584/1584 1563/1563/1563 
f 1563/1563/1563 355/355/355 1458/1458/1458 
f 1585/1585/1585 1588/1588/1588 1464/1464/1464 
f 398/398/398 1585/1585/1585 1587/1587/1587 
f 1587/1587/1587 399/399/399 398/398/398 
f 1588/1588/1588 1576/1576/1576 1575/1575/1575 
f 1575/1575/1575 1589/1589/1589 1588/1588/1588 
f 1588/1588/1588 1585/1585/1585 398/398/398 
f 398/398/398 1576/1576/1576 1588/1588/1588 
f 1589/1589/1589 1465/1465/1465 1464/1464/1464 
f 1589/1589/1589 1575/1575/1575 359/359/359 
f 359/359/359 1465/1465/1465 1589/1589/1589 
f 1473/1473/1473 1590/1590/1590 1474/1474/1474 
f 1590/1590/1590 364/364/364 363/363/363 
f 363/363/363 1591/1591/1591 1590/1590/1590 
f 1473/1473/1473 364/364/364 1590/1590/1590 
f 1591/1591/1591 1596/1596/1596 1592/1592/1592 
f 1596/1596/1596 1484/1484/1484 1483/1483/1483 
f 1483/1483/1483 1597/1597/1597 1596/1596/1596 
f 1596/1596/1596 1591/1591/1591 363/363/363 
f 363/363/363 1484/1484/1484 1596/1596/1596 
f 1597/1597/1597 1593/1593/1593 1592/1592/1592 
f 1593/1593/1593 368/368/368 367/367/367 
f 367/367/367 1594/1594/1594 1593/1593/1593 
f 1597/1597/1597 1483/1483/1483 368/368/368 
f 368/368/368 1593/1593/1593 1597/1597/1597 
f 1594/1594/1594 1601/1601/1601 1595/1595/1595 
f 1601/1601/1601 1496/1496/1496 1495/1495/1495 
f 1495/1495/1495 1602/1602/1602 1601/1601/1601 
f 1601/1601/1601 1594/1594/1594 367/367/367 
f 367/367/367 1496/1496/1496 1601/1601/1601 
f 1602/1602/1602 1598/1598/1598 1595/1595/1595 
f 1598/1598/1598 372/372/372 371/371/371 
f 371/371/371 1599/1599/1599 1598/1598/1598 
f 1602/1602/1602 1495/1495/1495 372/372/372 
f 372/372/372 1598/1598/1598 1602/1602/1602 
f 1599/1599/1599 1606/1606/1606 1600/1600/1600 
f 1606/1606/1606 1508/1508/1508 1507/1507/1507 
f 1507/1507/1507 1607/1607/1607 1606/1606/1606 
f 1606/1606/1606 1599/1599/1599 371/371/371 
f 371/371/371 1508/1508/1508 1606/1606/1606 
f 1607/1607/1607 1603/1603/1603 1600/1600/1600 
f 1603/1603/1603 376/376/376 375/375/375 
f 375/375/375 1604/1604/1604 1603/1603/1603 
f 1607/1607/1607 1507/1507/1507 376/376/376 
f 376/376/376 1603/1603/1603 1607/1607/1607 
f 1604/1604/1604 1611/1611/1611 1605/1605/1605 
f 1611/1611/1611 1520/1520/1520 1519/1519/1519 
f 1519/1519/1519 1612/1612/1612 1611/1611/1611 
f 1611/1611/1611 1604/1604/1604 375/375/375 
f 375/375/375 1520/1520/1520 1611/1611/1611 
f 1612/1612/1612 1608/1608/1608 1605/1605/1605 
f 1608/1608/1608 380/380/380 379/379/379 
f 379/379/379 1609/1609/1609 1608/1608/1608 
f 1612/1612/1612 1519/1519/1519 380/380/380 
f 380/380/380 1608/1608/1608 1612/1612/1612 
f 1609/1609/1609 1616/1616/1616 1610/1610/1610 
f 1616/1616/1616 1532/1532/1532 1531/1531/1531 
f 1531/1531/1531 1617/1617/1617 1616/1616/1616 
f 1616/1616/1616 1609/1609/1609 379/379/379 
f 379/379/379 1532/1532/1532 1616/1616/1616 
f 1617/1617/1617 1613/1613/1613 1610/1610/1610 
f 1613/1613/1613 384/384/384 383/383/383 
f 383/383/383 1614/1614/1614 1613/1613/1613 
f 1613/1613/1613 1617/1617/1617 1531/1531/1531 
f 1531/1531/1531 384/384/384 1613/1613/1613 
f 1614/1614/1614 1621/1621/1621 1615/1615/1615 
f 1621/1621/1621 1544/1544/1544 1543/1543/1543 
f 1543/1543/1543 1622/1622/1622 1621/1621/1621 
f 1621/1621/1621 1614/1614/1614 383/383/383 
f 383/383/383 1544/1544/1544 1621/1621/1621 
f 1622/1622/1622 1618/1618/1618 1615/1615/1615 
f 1618/1618/1618 388/388/388 387/387/387 
f 387/387/387 1619/1619/1619 1618/1618/1618 
f 1622/1622/1622 1543/1543/1543 388/388/388 
f 388/388/388 1618/1618/1618 1622/1622/1622 
f 1619/1619/1619 1626/1626/1626 1620/1620/1620 
f 1626/1626/1626 1556/1556/1556 1555/1555/1555 
f 1555/1555/1555 1627/1627/1627 1626/1626/1626 
f 1626/1626/1626 1619/1619/1619 387/387/387 
f 387/387/387 1556/1556/1556 1626/1626/1626 
f 1627/1627/1627 1623/1623/1623 1620/1620/1620 
f 1623/1623/1623 392/392/392 391/391/391 
f 391/391/391 1624/1624/1624 1623/1623/1623 
f 1627/1627/1627 1555/1555/1555 392/392/392 
f 392/392/392 1623/1623/1623 1627/1627/1627 
f 1624/1624/1624 1631/1631/1631 1625/1625/1625 
f 1631/1631/1631 1568/1568/1568 1567/1567/1567 
f 1567/1567/1567 1632/1632/1632 1631/1631/1631 
f 1631/1631/1631 1624/1624/1624 391/391/391 
f 391/391/391 1568/1568/1568 1631/1631/1631 
f 1632/1632/1632 1628/1628/1628 1625/1625/1625 
f 1628/1628/1628 396/396/396 395/395/395 
f 395/395/395 1629/1629/1629 1628/1628/1628 
f 1632/1632/1632 1567/1567/1567 396/396/396 
f 396/396/396 1628/1628/1628 1632/1632/1632 
f 1629/1629/1629 1635/1635/1635 1630/1630/1630 
f 1635/1635/1635 1580/1580/1580 1579/1579/1579 
f 1579/1579/1579 1636/1636/1636 1635/1635/1635 
f 1635/1635/1635 1629/1629/1629 395/395/395 
f 395/395/395 1580/1580/1580 1635/1635/1635 
f 1636/1636/1636 1633/1633/1633 1630/1630/1630 
f 1633/1633/1633 400/400/400 399/399/399 
f 399/399/399 1634/1634/1634 1633/1633/1633 
f 1636/1636/1636 1579/1579/1579 400/400/400 
f 400/400/400 1633/1633/1633 1636/1636/1636 
f 1634/1634/1634 1587/1587/1587 1586/1586/1586 
f 1634/1634/1634 399/399/399 1587/1587/1587 
# 3230 faces

#
# object PF_Source_001
#

#
# object PF_Source_001__Event_001
#

#
# object NGon001
#

v  919.0646 -588.2268 -544.2927
v  892.4111 -702.7769 -392.8996
v  859.3232 -516.6129 -397.2790
v  880.8423 -424.4498 -545.2648
v  1580.0238 -682.4665 -395.2401
v  1468.9716 -835.4597 -391.2684
v  1495.6250 -720.9095 -542.6615
v  1601.5430 -590.3033 -543.2258
v  1867.1144 2544.9878 -361.3641
v  2011.2544 2511.8169 -360.9563
v  2012.2363 2514.4321 -495.3126
v  1868.0962 2547.6030 -495.7204
v  839.1041 -931.8769 -90.1133
v  1415.6646 -1064.5596 -88.4822
v  1536.9855 -866.7926 -99.2685
v  1445.7084 56.9583 -144.0451
v  1301.5684 90.1291 -144.4529
v  816.2849 -700.9391 -101.3075
v  1464.8015 199.6303 -678.7860
v  1603.3704 -252.2572 -686.5693
v  1522.8433 -338.7254 -688.8411
v  1062.1661 -232.7106 -690.1443
v  1027.5239 -119.7387 -688.1985
v  1349.6322 226.1340 -679.1119
v  1040.0730 1588.9469 -386.0181
v  977.4528 1316.7660 -391.7738
v  976.4709 1314.1508 -257.4175
v  1039.0911 1586.3317 -251.6618
v  2272.7498 1012.9990 -119.3911
v  2335.3699 1285.1799 -113.6354
v  2009.2905 2506.5864 -92.2437
v  1865.1504 2539.7573 -92.6515
v  1038.1091 1583.7163 -117.3055
v  975.4890 1311.5354 -123.0612
v  2337.3337 1290.4105 -382.3480
v  2274.7136 1018.2296 -388.1037
v  2275.6958 1020.8448 -522.4600
v  2338.3159 1293.0258 -516.7043
v  1089.0917 1202.0488 -662.0197
v  1139.1257 1419.5242 -657.4208
v  1799.9393 2183.4094 -637.7220
v  1915.1086 2156.9058 -637.3962
v  2175.6494 1180.9905 -654.4884
v  2125.6152 963.5157 -659.0873
v  1046.6184 -1134.7781 -541.0488
v  1005.2604 -1337.7067 -377.9631
v  991.6747 -1261.2683 -379.7614
v  1033.7311 -1079.5574 -541.3765
v  958.5869 -1075.1045 -384.1407
v  995.5089 -915.7806 -542.3486
v  925.4990 -888.9407 -388.5202
v  957.2869 -752.0037 -543.3207
v  753.9435 16.8764 -272.6536
v  760.0597 41.8786 -410.4173
v  793.1475 -144.2852 -406.0378
v  781.8970 -191.6744 -264.8668
v  826.2354 -330.4491 -401.6584
v  809.8505 -400.2252 -257.0800
v  837.8041 -608.7760 -249.2933
v  1913.1805 -223.4870 -407.1549
v  1919.2969 -198.4848 -544.9186
v  1802.1283 -376.4802 -403.1833
v  1813.3789 -329.0911 -544.3544
v  1691.0760 -529.4733 -399.2117
v  1707.4609 -459.6972 -543.7901
v  1090.2314 -1357.2378 -377.7233
v  1135.8148 -1294.4390 -379.3535
v  1093.7585 -1476.1499 -217.7383
v  1039.0999 -1558.6554 -214.2669
v  1246.8671 -1141.4459 -383.3252
v  1209.9451 -1300.7699 -225.1173
v  1357.9193 -988.4527 -387.2968
v  1326.1316 -1125.3896 -232.4963
v  1442.3181 -950.0096 -239.8753
v  1434.6938 2644.4998 -362.5875
v  1435.6758 2647.1150 -496.9438
v  1578.8342 2611.3291 -362.1797
v  1579.8162 2613.9443 -496.5360
v  1722.9744 2578.1584 -361.7719
v  1723.9562 2580.7737 -496.1282
v  2443.6748 2412.3049 -359.7329
v  2442.6926 2409.6897 -225.3766
v  2299.5347 2445.4756 -360.1407
v  2298.5525 2442.8604 -225.7844
v  2155.3945 2478.6460 -360.5485
v  2154.4126 2476.0308 -226.1922
v  2010.2725 2509.2017 -226.6000
v  1900.9480 -273.4915 -131.6276
v  1900.9480 -273.4914 -131.6276
v  1897.1448 -235.0018 -133.4933
v  1893.3416 -196.5122 -135.3590
v  1889.5383 -158.0226 -137.2247
v  1885.7351 -119.5330 -139.0904
v  1881.9319 -81.0434 -140.9561
v  1878.1287 -42.5537 -142.8218
v  1733.9885 -9.3830 -143.2296
v  1779.6272 -471.2585 -120.8412
v  1589.8484 23.7877 -143.6373
v  1658.3063 -669.0256 -110.0549
v  907.5621 -1624.6901 -56.5309
v  919.4324 -1744.8220 -50.7078
v  924.3953 -1776.0427 -49.2104
v  931.9848 -1795.8344 -48.2991
v  942.2010 -1804.1969 -47.9737
v  955.0437 -1801.1304 -48.2344
v  970.5131 -1786.6346 -49.0810
v  988.6090 -1760.7100 -50.5136
v  1051.7021 -1657.8608 -56.1231
v  1173.0229 -1460.0939 -66.9095
v  884.7427 -1393.7524 -67.7251
v  1294.3438 -1262.3267 -77.6958
v  861.9235 -1162.8147 -78.9192
v  869.1481 189.6412 -145.6763
v  848.9279 156.6801 -143.8786
v  828.7078 123.7189 -142.0808
v  808.4877 90.7577 -140.2831
v  788.2675 57.7965 -138.4854
v  768.0472 24.8354 -136.6877
v  747.8273 -8.1258 -134.8899
v  1013.2881 156.4705 -145.2685
v  770.6464 -239.0636 -123.6958
v  1157.4282 123.2998 -144.8607
v  793.4657 -470.0013 -112.5016
v  1281.2620 -598.1298 -695.6560
v  1276.6931 -603.0357 -695.7849
v  1252.5759 -624.9975 -696.3887
v  1230.8634 -636.5079 -696.7714
v  1211.5553 -637.5669 -696.9331
v  1194.6517 -628.1746 -696.8738
v  1180.1527 -608.3309 -696.5935
v  1168.0581 -578.0358 -696.0922
v  1166.0928 -571.6262 -695.9818
v  1131.4507 -458.6543 -694.0360
v  1361.7891 -511.6617 -693.3843
v  1096.8083 -345.6824 -692.0902
v  1442.3162 -425.1935 -691.1127
v  1810.3093 120.1192 -677.8086
v  1816.0830 101.2905 -678.1329
v  1821.8567 82.4619 -678.4572
v  1827.6304 63.6332 -678.7815
v  1833.4042 44.8046 -679.1058
v  1839.1779 25.9759 -679.4301
v  1844.9515 7.1473 -679.7544
v  1764.4244 -79.3209 -682.0261
v  1695.1400 146.6229 -678.1344
v  1683.8975 -165.7890 -684.2977
v  1579.9707 173.1266 -678.4602
v  923.5972 219.1769 -682.3610
v  937.0184 233.5883 -681.9824
v  950.4396 247.9996 -681.6038
v  963.8608 262.4110 -681.2252
v  977.2820 276.8224 -680.8466
v  990.7031 291.2338 -680.4680
v  1004.1243 305.6451 -680.0894
v  1119.2937 279.1414 -679.7635
v  958.2395 106.2050 -684.3069
v  992.8817 -6.7668 -686.2527
v  1234.4629 252.6377 -679.4377
v  1227.9336 2405.4897 -368.7510
v  1226.9517 2402.8745 -234.3947
v  1165.3134 2133.3088 -374.5067
v  1164.3315 2130.6936 -240.1504
v  1102.6932 1861.1279 -380.2624
v  1101.7113 1858.5127 -245.9061
v  789.5922 500.2234 -409.0410
v  790.5741 502.8386 -543.3973
v  852.2123 772.4043 -403.2853
v  853.1943 775.0195 -537.6416
v  914.8326 1044.5852 -397.5295
v  915.8146 1047.2004 -531.8859
v  978.4347 1319.3812 -526.1301
v  1432.7301 2639.2693 -93.8748
v  1386.9479 2641.8442 -94.1593
v  1345.6943 2627.4551 -94.7409
v  1308.9701 2596.1025 -95.6196
v  1276.7744 2547.7852 -96.7954
v  1249.1075 2482.5042 -98.2683
v  1225.9697 2400.2593 -100.0384
v  1576.8702 2606.0986 -93.4671
v  1163.3496 2128.0784 -105.7941
v  1721.0104 2572.9280 -93.0593
v  1100.7294 1855.8975 -111.5498
v  2523.2305 2101.7227 -96.3683
v  2538.3606 2185.8105 -94.6209
v  2542.0039 2256.6199 -93.2159
v  2534.1606 2314.1509 -92.1534
v  2514.8306 2358.4038 -91.4333
v  2484.0142 2389.3784 -91.0556
v  2441.7107 2407.0745 -91.0203
v  2297.5706 2440.2451 -91.4281
v  2460.6104 1829.5417 -102.1240
v  2153.4307 2473.4158 -91.8359
v  2397.9902 1557.3610 -107.8797
v  1912.5887 -2.7187 -141.7945
v  1947.0487 37.1163 -140.7673
v  1981.5088 76.9514 -139.7400
v  2015.9689 116.7864 -138.7128
v  2050.4290 156.6214 -137.6855
v  2084.8889 196.4565 -136.6582
v  2147.5093 468.6374 -130.9025
v  2210.1294 740.8183 -125.1468
v  787.6282 494.9929 -140.3284
v  801.2148 444.1009 -141.2197
v  814.8015 393.2089 -142.1110
v  828.3882 342.3170 -143.0023
v  841.9747 291.4251 -143.8936
v  855.5614 240.5331 -144.7850
v  850.2484 767.1737 -134.5726
v  912.8687 1039.3546 -128.8169
v  2525.1946 2106.9531 -365.0809
v  2526.1765 2109.5684 -499.4372
v  2462.5742 1834.7722 -370.8366
v  2463.5562 1837.3875 -505.1929
v  2399.9541 1562.5916 -376.5923
v  2400.9363 1565.2068 -510.9486
v  2086.8530 201.6870 -405.3709
v  2085.8711 199.0717 -271.0146
v  2149.4731 473.8680 -399.6152
v  2148.4912 471.2526 -265.2589
v  2212.0935 746.0488 -393.8594
v  2211.1113 743.4335 -259.5031
v  2273.7317 1015.6144 -253.7474
v  2260.6167 2077.3948 -636.4187
v  2294.4175 2063.2551 -636.4469
v  2319.0400 2038.5066 -636.7487
v  2334.4849 2003.1479 -637.3241
v  2340.7520 1957.1802 -638.1731
v  2337.8408 1900.6025 -639.2957
v  2325.7517 1833.4155 -640.6918
v  2145.4473 2103.8984 -636.7446
v  2275.7175 1615.9408 -645.2906
v  2030.2781 2130.4021 -637.0704
v  2225.6836 1398.4661 -649.8895
v  1289.2281 2071.9495 -643.6243
v  1307.7156 2137.6638 -642.2100
v  1329.8215 2189.8240 -641.0331
v  1355.5461 2228.4297 -640.0936
v  1384.8893 2253.4810 -639.3915
v  1417.8511 2264.9778 -638.9269
v  1454.4315 2262.9204 -638.6995
v  1569.6010 2236.4167 -638.3737
v  1239.1941 1854.4741 -648.2231
v  1684.7701 2209.9131 -638.0479
v  1189.1598 1636.9990 -652.8220
v  993.2684 346.3082 -679.3772
v  982.4126 386.9714 -678.6650
v  971.5568 427.6345 -677.9529
v  960.7010 468.2976 -677.2407
v  949.8451 508.9608 -676.5285
v  938.9893 549.6239 -675.8163
v  989.0233 767.0989 -671.2174
v  1039.0574 984.5740 -666.6186
v  1975.5127 311.0906 -672.8839
v  1947.9789 279.2620 -673.7047
v  1920.4449 247.4335 -674.5254
v  1892.9110 215.6049 -675.3462
v  1865.3772 183.7763 -676.1670
v  1837.8433 151.9478 -676.9878
v  2025.5469 528.5657 -668.2850
v  2075.5811 746.0407 -663.6862
v  865.7577 -817.3268 -241.5064
v  897.1603 -376.4286 -618.7664
v  937.1174 -528.1908 -619.3003
v  1558.5046 -774.6295 -247.2543
v  1505.9124 -659.0865 -617.6912
v  1608.1543 -540.0483 -616.7549
v  1866.1323 2542.3726 -227.0078
v  2004.3177 2483.6355 -563.5151
v  1862.1190 2516.3599 -563.9174
v  1046.2166 1573.1953 -588.2394
v  984.4396 1304.6799 -593.9175
v  1041.0549 1591.5621 -520.3744
v  2336.3518 1287.7953 -247.9917
v  2264.2288 1010.1647 -590.2969
v  2326.0056 1278.6794 -584.6187
v  962.7727 -1541.1187 -214.4818
v  949.6184 -1442.9792 -218.1461
v  1086.1512 -1016.7410 -620.9403
v  1092.0341 -1039.0847 -621.0189
v  921.6648 -1234.4285 -225.9329
v  1031.0173 -834.9164 -620.3284
v  893.7112 -1025.8777 -233.7197
v  977.0745 -679.9528 -619.8344
v  766.1760 66.8809 -548.1810
v  777.2893 78.8578 -617.1643
v  817.2461 -72.9044 -617.6984
v  804.3981 -96.8961 -547.2089
v  857.2034 -224.6665 -618.2323
v  842.6202 -260.6729 -546.2368
v  1907.0642 -248.4892 -269.3913
v  1914.8796 -182.9339 -613.9459
v  1790.8777 -423.8694 -262.0123
v  1812.6379 -301.9721 -614.8823
v  1674.6912 -599.2495 -254.6333
v  1710.3961 -421.0102 -615.8185
v  1143.3752 -1050.8954 -620.8736
v  1158.4250 -1033.3732 -620.7358
v  1177.8712 -1112.7281 -540.9688
v  1142.1685 -1156.7527 -540.7785
v  1287.4429 -893.9614 -619.6036
v  1283.7891 -982.1220 -541.5330
v  1403.6707 -778.1247 -618.6274
v  1389.7070 -851.5157 -542.0973
v  1433.7120 2641.8845 -228.2312
v  1435.5227 2614.5317 -565.1243
v  1577.8522 2608.7139 -227.8234
v  1577.7214 2581.8076 -564.7220
v  1721.9923 2575.5432 -227.4156
v  1719.9203 2549.0840 -564.3197
v  2430.9141 2385.4639 -562.3082
v  2444.6567 2414.9202 -494.0892
v  2288.7153 2418.1877 -562.7104
v  2300.5166 2448.0908 -494.4970
v  2146.5166 2450.9121 -563.1128
v  2156.3765 2481.2612 -494.9048
v  1231.5470 2378.7407 -571.2048
v  1228.9155 2408.1050 -503.1073
v  1169.7703 2110.2256 -576.8829
v  1166.2954 2135.9241 -508.8630
v  1107.9933 1841.7104 -582.5612
v  1103.6750 1863.7432 -514.6187
v  788.6101 497.6081 -274.6847
v  799.1093 499.1349 -610.9521
v  851.2303 769.7891 -268.9290
v  860.8860 767.6501 -605.2739
v  913.8506 1041.9700 -263.1732
v  922.6630 1036.1652 -599.5957
v  2524.2124 2104.3379 -230.7245
v  2511.3359 2084.2246 -567.5841
v  2461.5923 1832.1570 -236.4803
v  2449.5593 1815.7100 -573.2623
v  2398.9722 1559.9763 -242.2360
v  2387.7827 1547.1949 -578.9404
v  2078.8982 204.6195 -607.3314
v  2087.8350 204.3024 -539.7272
v  2140.6750 473.1345 -601.6533
v  2150.4553 476.4832 -533.9714
v  2202.4519 741.6496 -595.9751
v  2213.0754 748.6642 -528.2157
v  1097.4673 -1054.6324 -621.0684
v  1013.0380 -1368.7284 -377.2395
v  1056.3101 -1165.5430 -540.8623
v  969.0038 -1572.2756 -213.3307
v  1104.1500 -1064.7485 -621.0884
v  1112.0823 -1069.4329 -621.0790
v  1121.2638 -1068.6853 -621.0400
v  1131.6948 -1062.5063 -620.9716
v  1023.3693 -1388.6437 -376.7893
v  1068.4950 -1185.4668 -540.7324
v  1036.2542 -1397.4520 -376.6125
v  1083.1733 -1194.5498 -540.6591
v  1051.6929 -1395.1541 -376.7093
v  1100.3450 -1192.7917 -540.6423
v  1069.6853 -1381.7491 -377.0796
v  1120.0101 -1180.1926 -540.6821
v  977.8309 -1592.1390 -212.6257
v  989.2541 -1600.7086 -212.3668
v  1003.2734 -1597.9845 -212.5541
v  1019.8887 -1583.9667 -213.1874
v  2484.9961 2391.9937 -225.4119
v  2485.9780 2394.6089 -359.7682
v  2486.9600 2397.2241 -494.1245
v  2472.6479 2368.0063 -562.3430
v  2515.8127 2361.0190 -225.7896
v  2535.1426 2316.7661 -226.5097
v  2542.9858 2259.2351 -227.5722
v  2539.3425 2188.4258 -228.9772
v  2516.7947 2363.6343 -360.1459
v  2536.1245 2319.3813 -360.8660
v  2543.9680 2261.8503 -361.9286
v  2540.3247 2191.0410 -363.3335
v  2517.7766 2366.2495 -494.5022
v  2537.1067 2321.9966 -495.2223
v  2544.9500 2264.4656 -496.2849
v  2541.3066 2193.6563 -497.6898
v  2503.0493 2337.4487 -562.7156
v  2522.1191 2293.7920 -563.4260
v  2529.8567 2237.0359 -564.4742
v  2526.2625 2167.1799 -565.8602
v  1390.3572 2617.0720 -565.4049
v  1388.9116 2647.0747 -362.8719
v  1389.8936 2649.6899 -497.2282
v  1387.9298 2644.4595 -228.5156
v  1349.6592 2602.8765 -565.9787
v  1313.4294 2571.9458 -566.8456
v  1281.6674 2524.2795 -568.0055
v  1254.3733 2459.8779 -569.4586
v  1347.6583 2632.6855 -363.4536
v  1348.6403 2635.3008 -497.8098
v  1310.9338 2601.3330 -364.3322
v  1311.9158 2603.9482 -498.6885
v  1278.7382 2553.0159 -365.5081
v  1279.7201 2555.6311 -499.8643
v  1251.0715 2487.7346 -366.9810
v  1252.0535 2490.3499 -501.3372
v  1346.6763 2630.0703 -229.0972
v  1309.9520 2598.7178 -229.9759
v  1277.7563 2550.4004 -231.1517
v  1250.0895 2485.1194 -232.6246
v  1819.7097 109.7334 -677.9420
v  1907.4792 -15.7728 -141.6548
v  2063.5098 111.0337 -272.5683
v  2054.2322 118.1318 -135.8198
v  2064.6343 114.2708 -407.0192
v  2065.7588 117.5080 -541.4702
v  2057.1819 119.2665 -609.0925
v  1953.7526 260.4333 -674.0289
v  1834.2166 143.5049 -677.1786
v  1858.1238 166.8906 -676.5487
v  1882.0310 190.2763 -675.9188
v  1905.9381 213.6620 -675.2888
v  1929.8453 237.0477 -674.6589
v  1830.5898 135.0620 -677.3695
v  1850.8704 150.0049 -676.9304
v  1871.1509 164.9477 -676.4913
v  1891.4314 179.8905 -676.0522
v  1911.7118 194.8333 -675.6132
v  1931.9923 209.7762 -675.1741
v  1826.9631 126.6191 -677.5603
v  1843.6169 133.1191 -677.3121
v  1860.2708 139.6191 -677.0638
v  1876.9246 146.1190 -676.8156
v  1893.5784 152.6190 -676.5674
v  1910.2322 159.1190 -676.3191
v  1823.3364 118.1763 -677.7512
v  1836.3635 116.2334 -677.6938
v  1849.3906 114.2905 -677.6364
v  1862.4177 112.3475 -677.5790
v  1875.4448 110.4047 -677.5216
v  1888.4719 108.4617 -677.4642
v  1829.1101 99.3476 -678.0754
v  1838.5105 88.9619 -678.2089
v  1847.9109 78.5761 -678.3424
v  1857.3113 68.1903 -678.4758
v  1866.7118 57.8045 -678.6093
v  1887.0414 -67.9892 -141.0958
v  1895.9540 -93.4247 -139.3699
v  1904.8667 -118.8602 -137.6439
v  1913.7794 -144.2958 -135.9180
v  1922.6921 -169.7313 -134.1920
v  1931.6049 -195.1668 -132.4661
v  1892.1508 -54.9351 -141.2355
v  1906.1730 -67.3165 -139.6493
v  1920.1952 -79.6979 -138.0631
v  1934.2173 -92.0793 -136.4769
v  1948.2395 -104.4607 -134.8907
v  1962.2617 -116.8421 -133.3045
v  1897.2603 -41.8810 -141.3753
v  1916.3920 -41.2083 -139.9288
v  1935.5236 -40.5356 -138.4823
v  1954.6553 -39.8629 -137.0359
v  1973.7869 -39.1902 -135.5894
v  1992.9185 -38.5175 -134.1429
v  1902.3698 -28.8269 -141.5150
v  1926.6108 -15.1001 -140.2083
v  1950.8519 -1.3733 -138.9016
v  1975.0931 12.3535 -137.5948
v  1999.3342 26.0804 -136.2881
v  2023.5753 39.8072 -134.9814
v  1936.8298 11.0081 -140.4878
v  1966.1804 37.7891 -139.3208
v  1995.5310 64.5700 -138.1538
v  2024.8816 91.3509 -136.9868
v  2038.1724 28.3735 -273.3923
v  2009.8593 -48.9090 -273.4866
v  1978.5701 -120.8136 -272.8512
v  1944.3052 -187.3403 -271.4861
v  2039.7249 33.4762 -408.1272
v  2012.1248 -40.6970 -408.6947
v  1981.8340 -108.2485 -408.7219
v  1948.8527 -169.1785 -408.2086
v  2041.2773 38.5789 -542.8621
v  2014.3904 -32.4849 -543.9029
v  1985.0979 -95.6835 -544.5926
v  1953.4001 -151.0168 -544.9312
v  2033.2175 42.2179 -610.5901
v  2007.0051 -26.5265 -611.8242
v  1978.5447 -86.9666 -612.7949
v  1947.8362 -139.1024 -613.5021
v  992.8409 337.1292 -679.5590
v  850.0334 170.6555 -144.0296
v  781.3428 412.8731 -612.7020
v  936.4241 494.5494 -676.9071
v  771.3773 411.8857 -410.6780
v  772.5018 415.1229 -545.1290
v  770.2527 408.6486 -276.2271
v  780.9946 411.1398 -139.4220
v  991.1307 300.4128 -680.2861
v  978.1370 295.1805 -680.4830
v  965.1434 289.9482 -680.6798
v  952.1498 284.7159 -680.8766
v  939.1561 279.4837 -681.0734
v  926.1625 274.2514 -681.2703
v  991.5582 309.5919 -680.1044
v  978.9921 313.5388 -680.1194
v  966.4261 317.4855 -680.1344
v  953.8600 321.4323 -680.1494
v  941.2939 325.3791 -680.1644
v  928.7279 329.3259 -680.1794
v  991.9858 318.7710 -679.9226
v  979.8473 331.8969 -679.7558
v  967.7087 345.0228 -679.5890
v  955.5703 358.1486 -679.4222
v  943.4318 371.2745 -679.2555
v  931.2933 384.4004 -679.0887
v  992.4133 327.9501 -679.7408
v  980.7024 350.2551 -679.3922
v  968.9915 372.5600 -679.0436
v  957.2805 394.8650 -678.6951
v  945.5696 417.1699 -678.3464
v  933.8586 439.4749 -677.9979
v  981.5575 368.6132 -679.0286
v  970.2742 400.0972 -678.4982
v  958.9907 431.5813 -677.9679
v  947.7074 463.0654 -677.4375
v  854.4558 226.5576 -144.6339
v  839.7637 263.4740 -143.5915
v  825.0714 300.3904 -142.5491
v  810.3792 337.3069 -141.5067
v  795.6869 374.2233 -140.4643
v  853.3502 212.5821 -144.4828
v  837.5525 235.5230 -143.2894
v  821.7546 258.4639 -142.0959
v  805.9569 281.4048 -140.9025
v  790.1592 304.3457 -139.7090
v  774.3612 327.2866 -138.5156
v  852.2446 198.6066 -144.3318
v  835.3412 207.5720 -142.9872
v  818.4379 216.5374 -141.6427
v  801.5345 225.5028 -140.2982
v  784.6311 234.4681 -138.9537
v  767.7278 243.4335 -137.6091
v  851.1392 184.6310 -144.1807
v  833.1301 179.6209 -142.6851
v  815.1212 174.6108 -141.1895
v  797.1121 169.6007 -139.6939
v  779.1031 164.5905 -138.1983
v  761.0942 159.5804 -136.7027
v  830.9191 151.6699 -142.3830
v  811.8044 132.6843 -140.7363
v  792.6898 113.6986 -139.0897
v  773.5753 94.7130 -137.4430
v  754.4607 75.7274 -135.7963
v  769.2283 333.0975 -614.1660
v  762.7657 259.8082 -615.3443
v  761.9551 193.0051 -616.2368
v  766.7963 132.6883 -616.8434
v  758.4795 328.3268 -411.7520
v  760.0320 333.4296 -546.4869
v  750.8989 249.5467 -412.2629
v  753.1644 257.7587 -547.4711
v  748.6355 175.5453 -412.2108
v  751.8993 188.1103 -548.0814
v  751.6891 106.3226 -411.5956
v  756.2365 124.4844 -548.3181
v  756.9270 323.2242 -277.0171
v  748.6334 241.3347 -277.0547
v  745.3716 162.9803 -276.3401
v  747.1416 88.1608 -274.8730
# 559 vertices

vn -0.9124 -0.2123 -0.3498
vn -0.9387 -0.1735 -0.2979
vn -0.9526 -0.1751 -0.2489
vn -0.9285 -0.2153 -0.3026
vn 0.7816 -0.5736 -0.2450
vn 0.7700 -0.5662 -0.2942
vn 0.7296 -0.5897 -0.3463
vn 0.7425 -0.5995 -0.2988
vn 0.2242 0.9743 0.0206
vn 0.2200 0.9534 -0.2063
vn 0.0085 0.0493 0.9988
vn 0.0073 0.0195 -0.9998
vn -0.9745 0.2243 -0.0028
vn -0.0073 -0.0195 0.9998
vn 0.9745 -0.2243 0.0028
vn -0.8397 -0.1958 -0.5065
vn -0.8914 -0.1648 -0.4223
vn -0.8955 -0.1647 -0.4135
vn -0.8218 -0.1896 -0.5373
vn -0.9076 -0.1697 -0.3839
vn -0.8444 -0.2050 -0.4950
vn -0.9236 -0.1717 -0.3428
vn -0.8810 -0.2220 -0.4178
vn 0.9748 -0.2231 0.0028
vn -0.0047 -0.9769 -0.2138
vn -0.0278 -0.9769 -0.2121
vn -0.9745 -0.1768 -0.1383
vn -0.9826 -0.1368 -0.1253
vn -0.9647 -0.1762 -0.1957
vn -0.9744 -0.1375 -0.1779
vn -0.9641 -0.1378 -0.2272
vn 0.9684 0.2342 0.0855
vn 0.9803 -0.1972 -0.0067
vn 0.7611 -0.6313 -0.1490
vn 0.2180 0.9550 0.2012
vn 0.7944 -0.5904 -0.1431
vn 0.7643 -0.6160 -0.1905
vn 0.7918 -0.5799 -0.1915
vn 0.7543 -0.6084 -0.2469
vn 0.7316 -0.5376 -0.4191
vn 0.7354 -0.5393 -0.4103
vn 0.7653 -0.5187 -0.3812
vn 0.7625 -0.5171 -0.3888
vn 0.7440 -0.5492 -0.3806
vn 0.7739 -0.5269 -0.3512
vn 0.7574 -0.5579 -0.3393
vn 0.7862 -0.5336 -0.3118
vn 0.7977 -0.5396 -0.2691
vn -0.9748 0.2231 -0.0028
vn 0.2203 0.9548 -0.1994
vn -0.2230 -0.9746 -0.0206
vn 0.9747 -0.2237 0.0028
vn -0.0168 0.0467 0.9988
vn -0.2077 0.0269 0.9778
vn 0.8968 0.1115 0.4282
vn -0.6991 -0.0397 0.7139
vn -0.3298 -0.0802 -0.9407
vn 0.7391 0.1050 0.6654
vn -0.7307 -0.0237 0.6823
vn 0.0085 0.0493 0.9987
vn 0.1191 -0.0192 0.9927
vn -0.1134 0.1225 0.9860
vn -0.0588 -0.0177 -0.9981
vn 0.1297 -0.1323 -0.9827
vn -0.0613 0.0919 0.9939
vn 0.1926 -0.0648 0.9791
vn 0.0302 0.0359 0.9989
vn 0.0000 0.0000 0.0000
vn -0.9521 -0.1377 -0.2730
vn -0.9549 -0.1192 -0.2721
vn -0.9665 -0.1188 -0.2274
vn -0.6866 -0.1720 -0.7064
vn -0.6704 -0.1678 -0.7227
vn 0.8188 -0.5289 -0.2233
vn 0.8083 -0.5242 -0.2681
vn 0.8083 -0.5449 -0.2230
vn 0.5333 -0.4445 -0.7198
vn 0.5460 -0.4553 -0.7033
vn 0.1422 0.6083 -0.7809
vn -0.9651 0.2249 -0.1343
vn 0.9670 -0.2198 -0.1289
vn -0.9102 -0.1329 -0.3922
vn -0.9189 -0.1092 -0.3790
vn -0.9195 -0.1124 -0.3767
vn -0.9134 -0.1331 -0.3846
vn -0.5714 -0.1486 -0.8071
vn -0.6908 -0.1768 -0.7011
vn -0.9286 -0.1186 -0.3516
vn -0.9249 -0.1368 -0.3548
vn -0.5918 -0.1699 -0.7880
vn -0.9421 -0.1191 -0.3134
vn -0.9389 -0.1373 -0.3155
vn -0.6440 -0.1826 -0.7429
vn -0.6722 -0.1748 -0.7195
vn -0.9597 -0.2356 -0.1536
vn -0.9983 0.0294 -0.0496
vn -0.7215 -0.1813 -0.6683
vn -0.9557 -0.2205 -0.1948
vn -0.9848 -0.1162 -0.1289
vn -0.7037 -0.1764 -0.6883
vn -0.9431 -0.2181 -0.2510
vn -0.9766 -0.1179 -0.1797
vn 0.9116 -0.4086 -0.0444
vn 0.3710 -0.9164 -0.1498
vn -0.2188 -0.9583 -0.1836
vn 0.8884 0.2482 -0.3863
vn 0.1530 0.6776 0.7194
vn 0.8360 -0.5345 -0.1242
vn 0.8228 -0.5560 -0.1175
vn 0.5732 -0.4790 -0.6648
vn 0.8281 -0.5324 -0.1752
vn 0.8175 -0.5492 -0.1735
vn 0.5593 -0.4668 -0.6850
vn 0.5473 -0.4612 -0.6984
vn 0.4529 -0.3839 -0.8047
vn 0.6587 -0.5298 -0.5343
vn 0.6719 -0.5431 -0.5036
vn 0.7798 -0.5026 -0.3733
vn 0.7807 -0.4994 -0.3755
vn 0.4619 -0.4120 -0.7854
vn 0.6721 -0.5535 -0.4918
vn 0.7852 -0.5122 -0.3480
vn 0.5031 -0.4462 -0.7402
vn 0.6974 -0.5847 -0.4144
vn 0.7970 -0.5185 -0.3097
vn 0.1525 0.6536 -0.7413
vn 0.1525 0.6537 -0.7413
vn -0.3327 -0.0856 -0.9391
vn -0.3318 -0.0853 -0.9395
vn 0.2660 -0.2228 -0.9379
vn 0.2668 -0.2235 -0.9375
vn 0.0504 0.2072 -0.9770
vn -0.4537 0.1230 -0.8826
vn 0.4666 -0.0887 -0.8800
vn -0.3470 -0.0915 -0.9334
vn -0.3555 -0.0930 -0.9301
vn -0.3306 -0.0881 -0.9397
vn -0.3309 -0.0851 -0.9398
vn -0.3350 -0.0866 -0.9382
vn -0.3347 -0.0861 -0.9384
vn -0.3337 -0.0858 -0.9388
vn 0.2685 -0.2255 -0.9365
vn 0.2684 -0.2249 -0.9367
vn 0.2676 -0.2242 -0.9371
vn 0.2838 -0.2399 -0.9284
vn 0.2769 -0.2349 -0.9317
vn 0.2637 -0.2247 -0.9381
vn 0.2653 -0.2222 -0.9382
vn -0.3055 -0.1037 -0.9465
vn -0.3012 -0.1046 -0.9478
vn -0.8424 -0.2227 -0.4907
vn -0.8063 -0.2572 -0.5327
vn -0.8663 -0.1903 -0.4619
vn -0.8372 -0.2216 -0.5000
vn -0.8856 -0.1617 -0.4354
vn -0.8621 -0.1898 -0.4699
vn -0.7056 -0.2263 -0.6715
vn -0.6894 -0.2387 -0.6839
vn -0.1967 -0.1280 -0.9721
vn -0.1946 -0.1285 -0.9724
vn -0.0889 -0.1524 -0.9843
vn -0.0882 -0.1526 -0.9843
vn 0.0186 -0.1771 -0.9840
vn 0.0180 -0.1770 -0.9840
vn 0.1261 -0.2022 -0.9712
vn 0.1241 -0.2018 -0.9715
vn 0.2342 -0.2276 -0.9452
vn 0.2302 -0.2268 -0.9463
vn -0.6795 -0.3669 -0.6353
vn -0.6366 -0.3937 -0.6631
vn -0.3569 -0.5373 -0.7642
vn -0.3334 -0.5449 -0.7694
vn 0.0903 -0.6387 -0.7641
vn 0.0660 -0.6376 -0.7675
vn 0.4522 -0.6245 -0.6368
vn 0.4055 -0.6350 -0.6576
vn 0.6597 -0.5660 -0.4944
vn 0.6179 -0.5862 -0.5240
vn -0.7139 -0.3390 -0.6128
vn -0.6760 -0.3651 -0.6401
vn -0.3790 -0.5282 -0.7599
vn -0.3560 -0.5361 -0.7654
vn 0.1143 -0.6402 -0.7596
vn 0.0904 -0.6395 -0.7635
vn 0.4954 -0.6149 -0.6136
vn 0.4533 -0.6260 -0.6346
vn 0.6957 -0.5479 -0.4646
vn 0.6609 -0.5669 -0.4918
vn -0.7442 -0.3126 -0.5903
vn -0.7108 -0.3378 -0.6170
vn -0.4007 -0.5189 -0.7551
vn -0.3783 -0.5272 -0.7609
vn 0.1379 -0.6415 -0.7546
vn 0.1144 -0.6410 -0.7589
vn 0.5343 -0.6047 -0.5907
vn 0.4965 -0.6161 -0.6115
vn 0.7259 -0.5309 -0.4372
vn 0.6968 -0.5486 -0.4621
vn -0.5534 -0.3434 -0.7588
vn -0.5358 -0.3525 -0.7672
vn -0.2870 -0.4706 -0.8343
vn -0.2783 -0.4730 -0.8359
vn 0.0570 -0.5491 -0.8338
vn 0.0482 -0.5488 -0.8346
vn 0.3509 -0.5501 -0.7578
vn 0.3330 -0.5537 -0.7632
vn 0.5376 -0.5110 -0.6707
vn 0.5213 -0.5187 -0.6777
vn 0.3858 0.9223 0.0208
vn 0.3481 0.8331 -0.4298
vn 0.0793 0.1915 -0.9783
vn 0.7089 0.7051 0.0189
vn 0.9164 0.4000 0.0145
vn 0.9908 0.1349 0.0099
vn 0.9987 -0.0515 0.0063
vn 0.9842 -0.1772 0.0037
vn 0.6436 0.6454 -0.4114
vn 0.8578 0.3803 -0.3458
vn 0.9546 0.1350 -0.2656
vn 0.9791 -0.0464 -0.1980
vn 0.9739 -0.1722 -0.1481
vn 0.1429 0.1541 -0.9777
vn 0.2135 0.1090 -0.9708
vn 0.2882 0.0570 -0.9559
vn 0.3634 -0.0002 -0.9316
vn 0.4344 -0.0595 -0.8987
vn 0.0176 0.2057 -0.9785
vn 0.0560 0.9982 0.0198
vn 0.0533 0.9009 -0.4307
vn -0.0559 0.1999 -0.9782
vn -0.1391 0.1902 -0.9718
vn -0.2292 0.1760 -0.9573
vn -0.3219 0.1575 -0.9336
vn -0.4119 0.1353 -0.9011
vn -0.3295 0.9440 0.0160
vn -0.6494 0.7604 0.0101
vn -0.8322 0.5544 0.0047
vn -0.9207 0.3902 0.0009
vn -0.9626 0.2709 -0.0018
vn -0.2946 0.8613 -0.4141
vn -0.6034 0.7166 -0.3499
vn -0.7981 0.5384 -0.2705
vn -0.8998 0.3859 -0.2033
vn -0.9504 0.2707 -0.1534
vn -0.0768 0.0407 0.9962
vn 0.9692 -0.2462 0.0023
vn 0.9284 -0.3625 0.0818
vn 0.9692 -0.2464 0.0023
vn 0.9692 -0.2462 0.0022
vn 0.9691 -0.2465 0.0023
vn 0.9692 -0.2464 0.0022
vn 0.9617 -0.2421 -0.1283
vn 0.9617 -0.2420 -0.1283
vn 0.4096 -0.1556 -0.8989
vn 0.4359 -0.0924 -0.8952
vn 0.9528 -0.2929 0.0798
vn 0.9241 -0.3603 0.1272
vn 0.9314 -0.3414 0.1264
vn 0.9227 -0.3597 0.1390
vn 0.9084 -0.3940 0.1398
vn 0.9251 -0.3608 0.1184
vn 0.8840 -0.4529 0.1162
vn 0.9295 -0.3631 0.0645
vn 0.8538 -0.5183 0.0488
vn 0.9308 -0.3646 -0.0248
vn 0.9556 -0.2946 0.0009
vn 0.9561 -0.2931 -0.0001
vn 0.9372 -0.3487 -0.0024
vn 0.9390 -0.3440 -0.0052
vn 0.9124 -0.4091 -0.0096
vn 0.9168 -0.3991 -0.0149
vn 0.8791 -0.4761 -0.0229
vn 0.8883 -0.4582 -0.0313
vn 0.8346 -0.5491 -0.0452
vn 0.8518 -0.5207 -0.0567
vn 0.9551 -0.2963 0.0009
vn 0.9556 -0.2946 -0.0001
vn 0.9353 -0.3538 -0.0026
vn 0.9372 -0.3487 -0.0055
vn 0.9073 -0.4204 -0.0103
vn 0.9124 -0.4091 -0.0159
vn 0.8675 -0.4968 -0.0251
vn 0.8788 -0.4760 -0.0340
vn 0.8111 -0.5827 -0.0504
vn 0.8336 -0.5488 -0.0626
vn 0.9477 -0.2923 -0.1278
vn 0.9478 -0.2917 -0.1285
vn 0.9273 -0.3513 -0.1292
vn 0.9278 -0.3491 -0.1315
vn 0.8973 -0.4204 -0.1344
vn 0.8990 -0.4152 -0.1394
vn 0.8533 -0.5006 -0.1460
vn 0.8577 -0.4904 -0.1548
vn 0.7889 -0.5915 -0.1668
vn 0.7988 -0.5739 -0.1804
vn 0.3796 -0.1424 -0.9141
vn 0.4022 -0.1074 -0.9092
vn 0.3638 -0.1354 -0.9216
vn 0.3723 -0.1254 -0.9196
vn 0.3594 -0.1335 -0.9236
vn 0.3451 -0.1476 -0.9269
vn 0.3656 -0.1362 -0.9208
vn 0.3201 -0.1759 -0.9309
vn 0.3830 -0.1439 -0.9125
vn 0.2963 -0.2133 -0.9310
vn 0.0816 0.0043 0.9967
vn -0.4507 0.1108 -0.8858
vn -0.3987 0.0367 -0.9163
vn -0.9794 0.2020 -0.0032
vn -0.9794 0.2019 -0.0033
vn -0.9793 0.2022 -0.0032
vn -0.9794 0.2020 -0.0033
vn -0.9969 0.0788 -0.0058
vn -0.9770 0.2003 0.0731
vn -0.9701 0.2025 -0.1337
vn -0.4169 0.0799 -0.9054
vn -0.3814 0.0361 -0.9237
vn -0.3885 0.0490 -0.9202
vn -0.3766 0.0359 -0.9257
vn -0.3646 0.0169 -0.9310
vn -0.3834 0.0361 -0.9229
vn -0.3449 -0.0182 -0.9385
vn -0.4025 0.0369 -0.9147
vn -0.3290 -0.0585 -0.9425
vn -0.4370 0.0382 -0.8986
vn -0.9883 0.1526 -0.0046
vn -0.9885 0.1510 -0.0057
vn -0.9954 0.0958 -0.0078
vn -0.9958 0.0905 -0.0112
vn -0.9994 0.0306 -0.0149
vn -0.9996 0.0184 -0.0223
vn -0.9986 -0.0443 -0.0281
vn -0.9968 -0.0678 -0.0422
vn -0.9903 -0.1295 -0.0501
vn -0.9827 -0.1697 -0.0744
vn -0.9880 0.1542 -0.0046
vn -0.9883 0.1526 -0.0056
vn -0.9949 0.1008 -0.0076
vn -0.9953 0.0958 -0.0109
vn -0.9990 0.0415 -0.0142
vn -0.9993 0.0306 -0.0212
vn -0.9994 -0.0242 -0.0262
vn -0.9982 -0.0444 -0.0391
vn -0.9943 -0.0963 -0.0459
vn -0.9893 -0.1297 -0.0675
vn -0.9939 0.0795 0.0766
vn -0.9812 0.1520 0.1191
vn -0.9893 0.0796 0.1222
vn -0.9860 0.0998 0.1335
vn -0.9878 0.0796 0.1341
vn -0.9927 0.0424 0.1128
vn -0.9904 0.0796 0.1134
vn -0.9985 -0.0226 0.0505
vn -0.9951 0.0794 0.0595
vn -0.9934 -0.0967 -0.0617
vn -0.9794 0.1517 -0.1332
vn -0.9794 0.1512 -0.1338
vn -0.9867 0.0913 -0.1345
vn -0.9866 0.0892 -0.1369
vn -0.9900 0.0192 -0.1395
vn -0.9893 0.0139 -0.1450
vn -0.9864 -0.0667 -0.1503
vn -0.9839 -0.0774 -0.1609
vn -0.9711 -0.1680 -0.1698
vn -0.9643 -0.1868 -0.1878
# 365 vertex normals

g NGon001
f 1637//1637 1638//1638 1639//1639 
f 1639//1639 1640//1640 1637//1637 
f 1641//1641 1642//1642 1643//1643 
f 1643//1643 1644//1644 1641//1641 
f 1645//1645 1646//1645 1647//1646 
f 1647//1646 1648//1646 1645//1645 
f 1649//1647 1650//1647 1651//1647 
f 1651//1647 1652//1647 1653//1647 
f 1649//1647 1651//1647 1653//1647 
f 1654//1647 1649//1647 1653//1647 
f 1655//1648 1656//1648 1657//1648 
f 1657//1648 1658//1648 1659//1648 
f 1655//1648 1657//1648 1659//1648 
f 1660//1648 1655//1648 1659//1648 
f 1661//1649 1662//1649 1663//1649 
f 1663//1649 1664//1649 1661//1649 
f 1652//1650 1665//1650 1666//1650 
f 1666//1650 1667//1650 1668//1650 
f 1668//1650 1669//1650 1670//1650 
f 1666//1650 1668//1650 1670//1650 
f 1652//1650 1666//1650 1670//1650 
f 1653//1650 1652//1650 1670//1650 
f 1671//1651 1672//1651 1673//1651 
f 1673//1651 1674//1651 1671//1651 
f 1660//1648 1675//1648 1676//1648 
f 1676//1648 1677//1648 1678//1648 
f 1678//1648 1679//1648 1680//1648 
f 1676//1648 1678//1648 1680//1648 
f 1660//1648 1676//1648 1680//1648 
f 1655//1648 1660//1648 1680//1648 
f 1681//1652 1682//1653 1683//1654 
f 1683//1654 1684//1655 1681//1652 
f 1684//1655 1683//1654 1685//1656 
f 1685//1656 1686//1657 1684//1655 
f 1686//1657 1685//1656 1687//1658 
f 1687//1658 1688//1659 1686//1657 
f 1688//1659 1687//1658 1638//1638 
f 1638//1638 1637//1637 1688//1659 
f 1689//1660 1690//1660 1690//1661 
f 1690//1661 1689//1662 1689//1660 
f 1689//1662 1690//1661 1691//1663 
f 1691//1663 1692//1664 1689//1662 
f 1692//1664 1691//1663 1693//1665 
f 1693//1665 1694//1666 1692//1664 
f 1694//1666 1693//1665 1639//1639 
f 1639//1639 1695//1667 1694//1666 
f 1696//1668 1696//1669 1697//1670 
f 1697//1670 1697//1671 1696//1668 
f 1696//1669 1698//1672 1699//1673 
f 1699//1673 1697//1670 1696//1669 
f 1698//1672 1700//1674 1701//1675 
f 1701//1675 1699//1673 1698//1672 
f 1700//1674 1641//1641 1644//1644 
f 1644//1644 1701//1675 1700//1674 
f 1702//1676 1703//1677 1704//1678 
f 1704//1678 1705//1679 1702//1676 
f 1703//1677 1706//1680 1707//1681 
f 1707//1681 1704//1678 1703//1677 
f 1706//1680 1708//1682 1709//1683 
f 1709//1683 1707//1681 1706//1680 
f 1708//1682 1642//1642 1710//1684 
f 1710//1684 1709//1683 1708//1682 
f 1711//1685 1711//1645 1712//1686 
f 1712//1686 1712//1685 1711//1685 
f 1711//1645 1713//1645 1714//1646 
f 1714//1646 1712//1686 1711//1645 
f 1713//1645 1715//1645 1716//1646 
f 1716//1646 1714//1646 1713//1645 
f 1715//1645 1645//1645 1648//1646 
f 1648//1646 1716//1646 1715//1645 
f 1717//1687 1717//1645 1718//1688 
f 1718//1688 1718//1687 1717//1687 
f 1717//1645 1719//1645 1720//1645 
f 1720//1645 1718//1688 1717//1645 
f 1719//1645 1721//1645 1722//1645 
f 1722//1645 1720//1645 1719//1645 
f 1721//1645 1646//1645 1723//1645 
f 1723//1645 1722//1645 1721//1645 
f 1724//1689 1725//1690 1726//1691 
f 1724//1689 1726//1691 1727//1692 
f 1724//1689 1727//1692 1728//1693 
f 1724//1689 1728//1693 1729//1694 
f 1724//1689 1729//1694 1730//1695 
f 1724//1689 1730//1695 1731//1685 
f 1724//1689 1731//1685 1731//1647 
f 1724//1689 1731//1647 1732//1647 
f 1732//1647 1733//1647 1724//1689 
f 1733//1647 1732//1647 1734//1647 
f 1734//1647 1735//1647 1733//1647 
f 1735//1647 1734//1647 1652//1647 
f 1652//1647 1651//1647 1735//1647 
f 1736//1647 1737//1696 1738//1647 
f 1736//1647 1738//1647 1739//1647 
f 1736//1647 1739//1647 1740//1647 
f 1736//1647 1740//1647 1741//1647 
f 1736//1647 1741//1647 1742//1647 
f 1736//1647 1742//1647 1743//1647 
f 1736//1647 1743//1647 1744//1647 
f 1736//1647 1744//1647 1745//1647 
f 1745//1647 1746//1647 1736//1647 
f 1746//1647 1745//1647 1747//1647 
f 1747//1647 1748//1647 1746//1647 
f 1748//1647 1747//1647 1650//1647 
f 1650//1647 1649//1647 1748//1647 
f 1749//1696 1749//1685 1750//1697 
f 1749//1696 1750//1697 1751//1698 
f 1749//1696 1751//1698 1752//1699 
f 1749//1696 1752//1699 1753//1700 
f 1749//1696 1753//1700 1754//1701 
f 1749//1696 1754//1701 1755//1702 
f 1749//1696 1755//1702 1755//1703 
f 1756//1647 1749//1696 1755//1703 
f 1755//1703 1757//1647 1756//1647 
f 1758//1647 1756//1647 1757//1647 
f 1757//1647 1759//1647 1758//1647 
f 1653//1647 1758//1647 1759//1647 
f 1759//1647 1654//1647 1653//1647 
f 1760//1648 1761//1648 1762//1648 
f 1760//1648 1762//1648 1763//1648 
f 1760//1648 1763//1648 1764//1648 
f 1760//1648 1764//1648 1765//1648 
f 1760//1648 1765//1648 1766//1648 
f 1760//1648 1766//1648 1767//1648 
f 1760//1648 1767//1648 1768//1648 
f 1760//1648 1768//1648 1769//1648 
f 1769//1648 1770//1648 1760//1648 
f 1770//1648 1769//1648 1771//1648 
f 1771//1648 1772//1648 1770//1648 
f 1772//1648 1771//1648 1658//1648 
f 1658//1648 1657//1648 1772//1648 
f 1773//1648 1773//1685 1774//1648 
f 1773//1648 1774//1648 1775//1648 
f 1773//1648 1775//1648 1776//1685 
f 1773//1648 1776//1685 1777//1685 
f 1773//1648 1777//1685 1778//1685 
f 1773//1648 1778//1685 1779//1685 
f 1773//1648 1779//1685 1779//1648 
f 1773//1648 1779//1648 1780//1648 
f 1780//1648 1781//1648 1773//1648 
f 1781//1648 1780//1648 1782//1648 
f 1782//1648 1783//1648 1781//1648 
f 1783//1648 1782//1648 1656//1648 
f 1656//1648 1655//1648 1783//1648 
f 1784//1648 1784//1685 1785//1648 
f 1784//1648 1785//1648 1786//1650 
f 1784//1648 1786//1650 1787//1648 
f 1784//1648 1787//1648 1788//1650 
f 1784//1648 1788//1650 1789//1648 
f 1784//1648 1789//1648 1790//1685 
f 1784//1648 1790//1685 1790//1648 
f 1784//1648 1790//1648 1791//1648 
f 1791//1648 1792//1648 1784//1648 
f 1793//1648 1792//1648 1791//1648 
f 1791//1648 1794//1648 1793//1648 
f 1793//1648 1794//1648 1660//1648 
f 1660//1648 1659//1648 1793//1648 
f 1795//1704 1795//1704 1796//1704 
f 1796//1704 1796//1704 1795//1704 
f 1795//1649 1797//1649 1798//1649 
f 1798//1649 1796//1649 1795//1649 
f 1797//1649 1799//1649 1800//1649 
f 1800//1649 1798//1649 1797//1649 
f 1799//1649 1661//1649 1664//1649 
f 1664//1649 1800//1649 1799//1649 
f 1801//1704 1801//1704 1802//1704 
f 1802//1704 1802//1704 1801//1704 
f 1801//1649 1803//1649 1804//1649 
f 1804//1649 1802//1649 1801//1649 
f 1803//1649 1805//1649 1806//1649 
f 1806//1649 1804//1649 1803//1649 
f 1805//1649 1662//1649 1807//1649 
f 1807//1649 1806//1649 1805//1649 
f 1808//1704 1808//1704 1809//1704 
f 1808//1650 1809//1650 1810//1650 
f 1808//1650 1810//1650 1811//1650 
f 1808//1650 1811//1650 1812//1650 
f 1808//1650 1812//1650 1813//1650 
f 1808//1650 1813//1650 1814//1650 
f 1808//1704 1814//1704 1814//1704 
f 1815//1650 1808//1650 1814//1650 
f 1814//1650 1816//1650 1815//1650 
f 1817//1650 1815//1650 1816//1650 
f 1816//1650 1818//1650 1817//1650 
f 1668//1650 1817//1650 1818//1650 
f 1818//1650 1669//1650 1668//1650 
f 1819//1704 1819//1704 1820//1704 
f 1819//1650 1820//1650 1821//1650 
f 1819//1650 1821//1650 1822//1650 
f 1819//1650 1822//1650 1823//1650 
f 1819//1650 1823//1650 1824//1650 
f 1819//1650 1824//1650 1825//1650 
f 1819//1704 1825//1704 1825//1704 
f 1819//1650 1825//1650 1826//1650 
f 1826//1650 1827//1650 1819//1650 
f 1827//1650 1826//1650 1828//1650 
f 1828//1650 1829//1650 1827//1650 
f 1829//1650 1828//1650 1667//1650 
f 1667//1650 1666//1650 1829//1650 
f 1731//1704 1731//1704 1830//1704 
f 1731//1650 1830//1650 1831//1650 
f 1731//1704 1831//1704 1832//1704 
f 1731//1650 1832//1650 1833//1650 
f 1731//1648 1833//1648 1834//1648 
f 1731//1650 1834//1650 1835//1650 
f 1731//1704 1835//1704 1835//1704 
f 1732//1650 1731//1650 1835//1650 
f 1835//1650 1836//1650 1732//1650 
f 1734//1650 1732//1650 1836//1650 
f 1836//1650 1837//1650 1734//1650 
f 1652//1650 1734//1650 1837//1650 
f 1837//1650 1665//1650 1652//1650 
f 1838//1704 1838//1704 1839//1704 
f 1838//1648 1839//1648 1840//1648 
f 1838//1650 1840//1650 1841//1650 
f 1838//1648 1841//1648 1842//1648 
f 1838//1650 1842//1650 1843//1650 
f 1838//1648 1843//1648 1749//1648 
f 1838//1704 1749//1704 1749//1704 
f 1838//1650 1749//1650 1756//1650 
f 1756//1650 1844//1650 1838//1650 
f 1844//1650 1756//1650 1758//1650 
f 1758//1650 1845//1650 1844//1650 
f 1845//1650 1758//1650 1653//1650 
f 1653//1650 1670//1650 1845//1650 
f 1846//1704 1846//1704 1847//1704 
f 1847//1704 1847//1704 1846//1704 
f 1846//1651 1848//1651 1849//1651 
f 1849//1651 1847//1651 1846//1651 
f 1848//1651 1850//1651 1851//1651 
f 1851//1651 1849//1651 1848//1651 
f 1850//1651 1671//1651 1674//1651 
f 1674//1651 1851//1651 1850//1651 
f 1852//1704 1852//1704 1853//1704 
f 1853//1704 1853//1704 1852//1704 
f 1852//1651 1854//1651 1855//1651 
f 1855//1651 1853//1651 1852//1651 
f 1854//1651 1856//1651 1857//1651 
f 1857//1651 1855//1651 1854//1651 
f 1856//1651 1672//1651 1858//1651 
f 1858//1651 1857//1651 1856//1651 
f 1859//1704 1859//1704 1860//1704 
f 1859//1648 1860//1648 1861//1648 
f 1859//1648 1861//1648 1862//1648 
f 1859//1648 1862//1648 1863//1648 
f 1859//1648 1863//1648 1864//1648 
f 1859//1648 1864//1648 1865//1648 
f 1859//1704 1865//1704 1865//1704 
f 1866//1648 1859//1648 1865//1648 
f 1865//1648 1867//1648 1866//1648 
f 1868//1648 1866//1648 1867//1648 
f 1867//1648 1869//1648 1868//1648 
f 1678//1648 1868//1648 1869//1648 
f 1869//1648 1679//1648 1678//1648 
f 1870//1704 1870//1704 1871//1704 
f 1870//1648 1871//1648 1872//1648 
f 1870//1648 1872//1648 1873//1648 
f 1870//1648 1873//1648 1874//1648 
f 1870//1648 1874//1648 1875//1648 
f 1870//1648 1875//1648 1876//1648 
f 1870//1704 1876//1704 1876//1704 
f 1870//1648 1876//1648 1877//1648 
f 1877//1648 1878//1648 1870//1648 
f 1878//1648 1877//1648 1879//1648 
f 1879//1648 1880//1648 1878//1648 
f 1676//1648 1880//1648 1879//1648 
f 1879//1648 1677//1648 1676//1648 
f 1790//1704 1790//1704 1881//1704 
f 1790//1650 1881//1650 1882//1650 
f 1790//1648 1882//1648 1883//1648 
f 1790//1650 1883//1650 1884//1650 
f 1790//1650 1884//1650 1885//1650 
f 1790//1650 1885//1650 1886//1650 
f 1790//1704 1886//1704 1886//1704 
f 1791//1648 1790//1648 1886//1648 
f 1886//1648 1887//1648 1791//1648 
f 1794//1648 1791//1648 1887//1648 
f 1887//1648 1888//1648 1794//1648 
f 1660//1648 1794//1648 1888//1648 
f 1888//1648 1675//1648 1660//1648 
f 1889//1704 1889//1704 1890//1704 
f 1889//1648 1890//1648 1891//1648 
f 1889//1648 1891//1648 1892//1648 
f 1889//1650 1892//1650 1893//1650 
f 1889//1650 1893//1650 1894//1650 
f 1889//1648 1894//1648 1773//1648 
f 1889//1704 1773//1704 1773//1704 
f 1889//1648 1773//1648 1781//1648 
f 1781//1648 1895//1648 1889//1648 
f 1895//1648 1781//1648 1783//1648 
f 1783//1648 1896//1648 1895//1648 
f 1896//1648 1783//1648 1655//1648 
f 1655//1648 1680//1648 1896//1648 
f 1897//1705 1649//1706 1654//1707 
f 1654//1707 1695//1667 1897//1705 
f 1638//1638 1897//1705 1695//1667 
f 1695//1667 1639//1639 1638//1638 
f 1640//1640 1898//1708 1899//1709 
f 1899//1709 1637//1637 1640//1640 
f 1651//1710 1650//1711 1710//1684 
f 1710//1684 1900//1712 1651//1710 
f 1900//1712 1710//1684 1642//1642 
f 1642//1642 1641//1641 1900//1712 
f 1901//1713 1902//1714 1644//1644 
f 1644//1644 1643//1643 1901//1713 
f 1668//1645 1667//1645 1723//1645 
f 1723//1645 1903//1645 1668//1645 
f 1645//1645 1903//1645 1723//1645 
f 1723//1645 1646//1645 1645//1645 
f 1904//1715 1905//1715 1648//1646 
f 1648//1646 1647//1646 1904//1715 
f 1906//1716 1907//1716 1807//1716 
f 1807//1716 1908//1716 1906//1716 
f 1908//1649 1807//1649 1662//1649 
f 1662//1649 1661//1649 1908//1649 
f 1670//1649 1669//1649 1664//1649 
f 1664//1649 1663//1649 1670//1649 
f 1666//1651 1665//1651 1858//1651 
f 1858//1651 1909//1651 1666//1651 
f 1909//1651 1858//1651 1672//1651 
f 1672//1651 1671//1651 1909//1651 
f 1673//1717 1910//1717 1911//1717 
f 1911//1717 1674//1717 1673//1717 
f 1912//1718 1737//1719 1736//1720 
f 1736//1720 1913//1721 1912//1718 
f 1682//1653 1912//1718 1913//1721 
f 1913//1721 1683//1654 1682//1653 
f 1684//1655 1914//1722 1915//1723 
f 1915//1723 1681//1652 1684//1655 
f 1913//1721 1736//1720 1746//1724 
f 1746//1724 1916//1725 1913//1721 
f 1683//1654 1913//1721 1916//1725 
f 1916//1725 1685//1656 1683//1654 
f 1686//1657 1917//1726 1914//1722 
f 1914//1722 1684//1655 1686//1657 
f 1916//1725 1746//1724 1748//1727 
f 1748//1727 1918//1728 1916//1725 
f 1685//1656 1916//1725 1918//1728 
f 1918//1728 1687//1658 1685//1656 
f 1688//1659 1919//1729 1917//1726 
f 1917//1726 1686//1657 1688//1659 
f 1918//1728 1748//1727 1649//1706 
f 1649//1706 1897//1705 1918//1728 
f 1687//1658 1918//1728 1897//1705 
f 1897//1705 1638//1638 1687//1658 
f 1637//1637 1899//1709 1919//1729 
f 1919//1729 1688//1659 1637//1637 
f 1920//1685 1921//1685 1921//1730 
f 1921//1730 1920//1731 1920//1685 
f 1690//1660 1920//1685 1920//1731 
f 1920//1731 1690//1661 1690//1660 
f 1689//1662 1755//1732 1755//1685 
f 1755//1685 1689//1660 1689//1662 
f 1920//1731 1921//1730 1922//1733 
f 1922//1733 1923//1734 1920//1731 
f 1690//1661 1920//1731 1923//1734 
f 1923//1734 1691//1663 1690//1661 
f 1692//1664 1757//1735 1755//1732 
f 1755//1732 1689//1662 1692//1664 
f 1923//1734 1922//1733 1924//1736 
f 1924//1736 1925//1737 1923//1734 
f 1691//1663 1923//1734 1925//1737 
f 1925//1737 1693//1665 1691//1663 
f 1694//1666 1759//1738 1757//1735 
f 1757//1735 1692//1664 1694//1666 
f 1925//1737 1924//1736 1898//1708 
f 1898//1708 1640//1640 1925//1737 
f 1693//1665 1925//1737 1640//1640 
f 1640//1640 1639//1639 1693//1665 
f 1695//1667 1654//1707 1759//1738 
f 1759//1738 1694//1666 1695//1667 
f 1725//1660 1724//1739 1926//1740 
f 1926//1740 1926//1741 1725//1660 
f 1926//1741 1926//1740 1696//1669 
f 1696//1669 1696//1668 1926//1741 
f 1927//1742 1927//1743 1697//1671 
f 1697//1671 1697//1670 1927//1742 
f 1724//1739 1733//1744 1928//1745 
f 1928//1745 1926//1740 1724//1739 
f 1696//1669 1926//1740 1928//1745 
f 1928//1745 1698//1672 1696//1669 
f 1929//1746 1927//1742 1697//1670 
f 1697//1670 1699//1673 1929//1746 
f 1733//1744 1735//1747 1930//1748 
f 1930//1748 1928//1745 1733//1744 
f 1928//1745 1930//1748 1700//1674 
f 1700//1674 1698//1672 1928//1745 
f 1931//1749 1929//1746 1699//1673 
f 1699//1673 1701//1675 1931//1749 
f 1735//1747 1651//1710 1900//1712 
f 1900//1712 1930//1748 1735//1747 
f 1930//1748 1900//1712 1641//1641 
f 1641//1641 1700//1674 1930//1748 
f 1902//1714 1931//1749 1701//1675 
f 1701//1675 1644//1644 1902//1714 
f 1932//1750 1933//1751 1934//1752 
f 1934//1752 1935//1753 1932//1750 
f 1935//1753 1934//1752 1703//1677 
f 1703//1677 1702//1676 1935//1753 
f 1744//1754 1743//1755 1705//1679 
f 1705//1679 1704//1678 1744//1754 
f 1933//1751 1936//1756 1937//1757 
f 1937//1757 1934//1752 1933//1751 
f 1934//1752 1937//1757 1706//1680 
f 1706//1680 1703//1677 1934//1752 
f 1745//1758 1744//1754 1704//1678 
f 1704//1678 1707//1681 1745//1758 
f 1936//1756 1938//1759 1939//1760 
f 1939//1760 1937//1757 1936//1756 
f 1937//1757 1939//1760 1708//1682 
f 1708//1682 1706//1680 1937//1757 
f 1747//1761 1745//1758 1707//1681 
f 1707//1681 1709//1683 1747//1761 
f 1938//1759 1901//1713 1643//1643 
f 1643//1643 1939//1760 1938//1759 
f 1939//1760 1643//1643 1642//1642 
f 1642//1642 1708//1682 1939//1760 
f 1650//1711 1747//1761 1709//1683 
f 1709//1683 1710//1684 1650//1711 
f 1808//1685 1808//1645 1940//1645 
f 1940//1645 1940//1685 1808//1685 
f 1940//1685 1940//1645 1711//1645 
f 1711//1645 1711//1685 1940//1685 
f 1712//1686 1941//1762 1941//1685 
f 1941//1685 1712//1685 1712//1686 
f 1808//1645 1815//1645 1942//1645 
f 1942//1645 1940//1645 1808//1645 
f 1940//1645 1942//1645 1713//1645 
f 1713//1645 1711//1645 1940//1645 
f 1714//1646 1943//1715 1941//1762 
f 1941//1762 1712//1686 1714//1646 
f 1815//1645 1817//1645 1944//1645 
f 1944//1645 1942//1645 1815//1645 
f 1942//1645 1944//1645 1715//1645 
f 1715//1645 1713//1645 1942//1645 
f 1716//1646 1945//1715 1943//1715 
f 1943//1715 1714//1646 1716//1646 
f 1817//1645 1668//1645 1903//1645 
f 1903//1645 1944//1645 1817//1645 
f 1944//1645 1903//1645 1645//1645 
f 1645//1645 1715//1645 1944//1645 
f 1648//1646 1905//1715 1945//1715 
f 1945//1715 1716//1646 1648//1646 
f 1946//1685 1946//1763 1947//1686 
f 1947//1686 1947//1685 1946//1685 
f 1947//1685 1947//1686 1717//1645 
f 1717//1645 1717//1687 1947//1685 
f 1825//1645 1825//1685 1718//1687 
f 1718//1687 1718//1688 1825//1645 
f 1946//1763 1948//1715 1949//1646 
f 1949//1646 1947//1686 1946//1763 
f 1947//1686 1949//1646 1719//1645 
f 1719//1645 1717//1645 1947//1686 
f 1826//1645 1825//1645 1718//1688 
f 1718//1688 1720//1645 1826//1645 
f 1948//1715 1950//1715 1951//1646 
f 1951//1646 1949//1646 1948//1715 
f 1949//1646 1951//1646 1721//1645 
f 1721//1645 1719//1645 1949//1646 
f 1828//1645 1826//1645 1720//1645 
f 1720//1645 1722//1645 1828//1645 
f 1950//1715 1904//1715 1647//1646 
f 1647//1646 1951//1646 1950//1715 
f 1951//1646 1647//1646 1646//1645 
f 1646//1645 1721//1645 1951//1646 
f 1667//1645 1828//1645 1722//1645 
f 1722//1645 1723//1645 1667//1645 
f 1952//1704 1952//1704 1953//1704 
f 1953//1704 1953//1704 1952//1704 
f 1953//1704 1953//1704 1795//1704 
f 1795//1704 1795//1704 1953//1704 
f 1814//1704 1814//1704 1796//1704 
f 1796//1704 1796//1704 1814//1704 
f 1952//1716 1954//1716 1955//1716 
f 1955//1716 1953//1716 1952//1716 
f 1953//1649 1955//1649 1797//1649 
f 1797//1649 1795//1649 1953//1649 
f 1816//1649 1814//1649 1796//1649 
f 1796//1649 1798//1649 1816//1649 
f 1954//1716 1956//1716 1957//1716 
f 1957//1716 1955//1716 1954//1716 
f 1955//1649 1957//1649 1799//1649 
f 1799//1649 1797//1649 1955//1649 
f 1818//1649 1816//1649 1798//1649 
f 1798//1649 1800//1649 1818//1649 
f 1956//1716 1906//1716 1908//1716 
f 1908//1716 1957//1716 1956//1716 
f 1957//1649 1908//1649 1661//1649 
f 1661//1649 1799//1649 1957//1649 
f 1669//1649 1818//1649 1800//1649 
f 1800//1649 1664//1649 1669//1649 
f 1838//1704 1838//1704 1958//1704 
f 1958//1704 1958//1704 1838//1704 
f 1958//1704 1958//1704 1801//1704 
f 1801//1704 1801//1704 1958//1704 
f 1802//1704 1959//1704 1959//1704 
f 1959//1704 1802//1704 1802//1704 
f 1838//1649 1844//1649 1960//1649 
f 1960//1649 1958//1649 1838//1649 
f 1958//1649 1960//1649 1803//1649 
f 1803//1649 1801//1649 1958//1649 
f 1804//1716 1961//1716 1959//1716 
f 1959//1716 1802//1716 1804//1716 
f 1844//1649 1845//1649 1962//1649 
f 1962//1649 1960//1649 1844//1649 
f 1960//1649 1962//1649 1805//1649 
f 1805//1649 1803//1649 1960//1649 
f 1963//1716 1961//1716 1804//1716 
f 1804//1716 1806//1716 1963//1716 
f 1845//1649 1670//1649 1663//1649 
f 1663//1649 1962//1649 1845//1649 
f 1962//1649 1663//1649 1662//1649 
f 1662//1649 1805//1649 1962//1649 
f 1907//1716 1963//1716 1806//1716 
f 1806//1716 1807//1716 1907//1716 
f 1819//1704 1819//1704 1964//1704 
f 1964//1704 1964//1704 1819//1704 
f 1964//1704 1964//1704 1846//1704 
f 1846//1704 1846//1704 1964//1704 
f 1847//1704 1965//1704 1965//1704 
f 1965//1704 1847//1704 1847//1704 
f 1819//1651 1827//1651 1966//1651 
f 1966//1651 1964//1651 1819//1651 
f 1964//1651 1966//1651 1848//1651 
f 1848//1651 1846//1651 1964//1651 
f 1849//1717 1967//1717 1965//1717 
f 1965//1717 1847//1717 1849//1717 
f 1827//1651 1829//1651 1968//1651 
f 1968//1651 1966//1651 1827//1651 
f 1966//1651 1968//1651 1850//1651 
f 1850//1651 1848//1651 1966//1651 
f 1851//1717 1969//1717 1967//1717 
f 1967//1717 1849//1717 1851//1717 
f 1829//1651 1666//1651 1909//1651 
f 1909//1651 1968//1651 1829//1651 
f 1968//1651 1909//1651 1671//1651 
f 1671//1651 1850//1651 1968//1651 
f 1674//1717 1911//1717 1969//1717 
f 1969//1717 1851//1717 1674//1717 
f 1970//1704 1970//1704 1971//1704 
f 1971//1704 1971//1704 1970//1704 
f 1971//1704 1971//1704 1852//1704 
f 1852//1704 1852//1704 1971//1704 
f 1835//1704 1835//1704 1853//1704 
f 1853//1704 1853//1704 1835//1704 
f 1970//1717 1972//1717 1973//1717 
f 1973//1717 1971//1717 1970//1717 
f 1971//1651 1973//1651 1854//1651 
f 1854//1651 1852//1651 1971//1651 
f 1836//1651 1835//1651 1853//1651 
f 1853//1651 1855//1651 1836//1651 
f 1973//1717 1972//1717 1974//1717 
f 1974//1717 1975//1717 1973//1717 
f 1854//1651 1973//1651 1975//1651 
f 1975//1651 1856//1651 1854//1651 
f 1837//1651 1836//1651 1855//1651 
f 1855//1651 1857//1651 1837//1651 
f 1975//1717 1974//1717 1910//1717 
f 1910//1717 1673//1717 1975//1717 
f 1975//1651 1673//1651 1672//1651 
f 1672//1651 1856//1651 1975//1651 
f 1665//1651 1837//1651 1857//1651 
f 1857//1651 1858//1651 1665//1651 
f 1898//1708 1659//1764 1658//1765 
f 1658//1765 1899//1709 1898//1708 
f 1657//1766 1656//1767 1902//1714 
f 1902//1714 1901//1713 1657//1766 
f 1678//1768 1677//1768 1905//1715 
f 1905//1715 1904//1715 1678//1768 
f 1676//1769 1675//1769 1907//1769 
f 1907//1769 1906//1769 1676//1769 
f 1910//1770 1680//1770 1679//1770 
f 1679//1770 1911//1770 1910//1770 
f 1914//1722 1768//1771 1767//1772 
f 1767//1772 1915//1723 1914//1722 
f 1917//1726 1769//1773 1768//1771 
f 1768//1771 1914//1722 1917//1726 
f 1919//1729 1771//1774 1769//1773 
f 1769//1773 1917//1726 1919//1729 
f 1899//1709 1658//1765 1771//1774 
f 1771//1774 1919//1729 1899//1709 
f 1921//1685 1784//1685 1784//1775 
f 1784//1775 1921//1730 1921//1685 
f 1921//1730 1784//1775 1792//1776 
f 1792//1776 1922//1733 1921//1730 
f 1922//1733 1792//1776 1793//1777 
f 1793//1777 1924//1736 1922//1733 
f 1924//1736 1793//1777 1659//1764 
f 1659//1764 1898//1708 1924//1736 
f 1779//1778 1779//1685 1927//1743 
f 1927//1743 1927//1742 1779//1778 
f 1780//1779 1779//1778 1927//1742 
f 1927//1742 1929//1746 1780//1779 
f 1782//1780 1780//1779 1929//1746 
f 1929//1746 1931//1749 1782//1780 
f 1656//1767 1782//1780 1931//1749 
f 1931//1749 1902//1714 1656//1767 
f 1761//1781 1760//1782 1933//1751 
f 1933//1751 1932//1750 1761//1781 
f 1760//1782 1770//1783 1936//1756 
f 1936//1756 1933//1751 1760//1782 
f 1770//1783 1772//1784 1938//1759 
f 1938//1759 1936//1756 1770//1783 
f 1772//1784 1657//1766 1901//1713 
f 1901//1713 1938//1759 1772//1784 
f 1941//1762 1876//1768 1876//1685 
f 1876//1685 1941//1685 1941//1762 
f 1943//1715 1877//1768 1876//1768 
f 1876//1768 1941//1762 1943//1715 
f 1945//1715 1879//1768 1877//1768 
f 1877//1768 1943//1715 1945//1715 
f 1905//1715 1677//1768 1879//1768 
f 1879//1768 1945//1715 1905//1715 
f 1859//1685 1859//1768 1946//1763 
f 1946//1763 1946//1685 1859//1685 
f 1859//1768 1866//1768 1948//1715 
f 1948//1715 1946//1763 1859//1768 
f 1866//1768 1868//1768 1950//1715 
f 1950//1715 1948//1715 1866//1768 
f 1868//1768 1678//1768 1904//1715 
f 1904//1715 1950//1715 1868//1768 
f 1870//1704 1870//1704 1952//1704 
f 1952//1704 1952//1704 1870//1704 
f 1870//1769 1878//1769 1954//1769 
f 1954//1769 1952//1769 1870//1769 
f 1878//1769 1880//1769 1956//1769 
f 1956//1769 1954//1769 1878//1769 
f 1880//1769 1676//1769 1906//1769 
f 1906//1769 1956//1769 1880//1769 
f 1959//1704 1886//1704 1886//1704 
f 1886//1704 1959//1704 1959//1704 
f 1961//1769 1887//1769 1886//1769 
f 1886//1769 1959//1769 1961//1769 
f 1888//1769 1887//1769 1961//1769 
f 1961//1769 1963//1769 1888//1769 
f 1675//1769 1888//1769 1963//1769 
f 1963//1769 1907//1769 1675//1769 
f 1965//1704 1865//1704 1865//1704 
f 1865//1704 1965//1704 1965//1704 
f 1967//1770 1867//1770 1865//1770 
f 1865//1770 1965//1770 1967//1770 
f 1969//1770 1869//1770 1867//1770 
f 1867//1770 1967//1770 1969//1770 
f 1911//1770 1679//1770 1869//1770 
f 1869//1770 1969//1770 1911//1770 
f 1889//1704 1889//1704 1970//1704 
f 1970//1704 1970//1704 1889//1704 
f 1889//1770 1895//1770 1972//1770 
f 1972//1770 1970//1770 1889//1770 
f 1972//1770 1895//1770 1896//1770 
f 1896//1770 1974//1770 1972//1770 
f 1974//1770 1896//1770 1680//1770 
f 1680//1770 1910//1770 1974//1770 
f 1976//1785 1915//1785 1767//1785 
f 1767//1786 1766//1786 1976//1786 
f 1977//1787 1682//1787 1681//1787 
f 1681//1788 1978//1788 1977//1788 
f 1979//1789 1912//1789 1682//1789 
f 1682//1790 1977//1790 1979//1790 
f 1738//1791 1737//1791 1912//1791 
f 1912//1792 1979//1792 1738//1792 
f 1978//1793 1681//1793 1915//1793 
f 1915//1794 1976//1794 1978//1794 
f 1980//1795 1976//1795 1766//1795 
f 1766//1796 1765//1796 1980//1796 
f 1981//1797 1980//1797 1765//1797 
f 1765//1798 1764//1798 1981//1798 
f 1982//1799 1981//1799 1764//1799 
f 1764//1800 1763//1800 1982//1800 
f 1983//1801 1982//1801 1763//1801 
f 1763//1802 1762//1802 1983//1802 
f 1932//1803 1983//1803 1762//1803 
f 1762//1804 1761//1804 1932//1804 
f 1984//1805 1977//1805 1978//1805 
f 1978//1806 1985//1806 1984//1806 
f 1986//1807 1984//1807 1985//1807 
f 1985//1808 1987//1808 1986//1808 
f 1988//1809 1986//1809 1987//1809 
f 1987//1810 1989//1810 1988//1810 
f 1990//1811 1988//1811 1989//1811 
f 1989//1812 1991//1812 1990//1812 
f 1702//1813 1990//1813 1991//1813 
f 1991//1814 1935//1814 1702//1814 
f 1992//1815 1979//1815 1977//1815 
f 1977//1816 1984//1816 1992//1816 
f 1993//1817 1992//1817 1984//1817 
f 1984//1818 1986//1818 1993//1818 
f 1994//1819 1993//1819 1986//1819 
f 1986//1820 1988//1820 1994//1820 
f 1995//1821 1994//1821 1988//1821 
f 1988//1822 1990//1822 1995//1822 
f 1705//1823 1995//1823 1990//1823 
f 1990//1824 1702//1824 1705//1824 
f 1739//1825 1738//1825 1979//1825 
f 1979//1826 1992//1826 1739//1826 
f 1740//1827 1739//1827 1992//1827 
f 1992//1828 1993//1828 1740//1828 
f 1741//1829 1740//1829 1993//1829 
f 1993//1830 1994//1830 1741//1830 
f 1742//1831 1741//1831 1994//1831 
f 1994//1832 1995//1832 1742//1832 
f 1743//1833 1742//1833 1995//1833 
f 1995//1834 1705//1834 1743//1834 
f 1985//1835 1978//1835 1976//1835 
f 1976//1836 1980//1836 1985//1836 
f 1987//1837 1985//1837 1980//1837 
f 1980//1838 1981//1838 1987//1838 
f 1989//1839 1987//1839 1981//1839 
f 1981//1840 1982//1840 1989//1840 
f 1991//1841 1989//1841 1982//1841 
f 1982//1842 1983//1842 1991//1842 
f 1935//1843 1991//1843 1983//1843 
f 1983//1844 1932//1844 1935//1844 
f 1996//1845 1718//1845 1825//1845 
f 1825//1845 1824//1845 1996//1845 
f 1997//1845 1717//1845 1718//1845 
f 1718//1845 1996//1845 1997//1845 
f 1998//1845 1947//1845 1717//1845 
f 1717//1845 1997//1845 1998//1845 
f 1999//1846 1946//1846 1947//1846 
f 1947//1846 1998//1846 1999//1846 
f 1860//1847 1859//1847 1946//1847 
f 1946//1847 1999//1847 1860//1847 
f 2000//1848 1996//1848 1824//1848 
f 1824//1848 1823//1848 2000//1848 
f 2001//1849 2000//1849 1823//1849 
f 1823//1849 1822//1849 2001//1849 
f 2002//1850 2001//1850 1822//1850 
f 1822//1850 1821//1850 2002//1850 
f 2003//1851 2002//1851 1821//1851 
f 1821//1851 1820//1851 2003//1851 
f 1964//1852 2003//1852 1820//1852 
f 1820//1852 1819//1852 1964//1852 
f 2004//1848 1997//1848 1996//1848 
f 1996//1848 2000//1848 2004//1848 
f 2005//1849 2004//1849 2000//1849 
f 2000//1849 2001//1849 2005//1849 
f 2006//1850 2005//1850 2001//1850 
f 2001//1850 2002//1850 2006//1850 
f 2007//1851 2006//1851 2002//1851 
f 2002//1851 2003//1851 2007//1851 
f 1846//1852 2007//1852 2003//1852 
f 2003//1852 1964//1852 1846//1852 
f 2008//1848 1998//1848 1997//1848 
f 1997//1848 2004//1848 2008//1848 
f 2009//1849 2008//1849 2004//1849 
f 2004//1849 2005//1849 2009//1849 
f 2010//1850 2009//1850 2005//1850 
f 2005//1850 2006//1850 2010//1850 
f 2011//1851 2010//1851 2006//1851 
f 2006//1851 2007//1851 2011//1851 
f 1847//1852 2011//1852 2007//1852 
f 2007//1852 1846//1852 1847//1852 
f 2012//1853 1999//1853 1998//1853 
f 1998//1853 2008//1853 2012//1853 
f 2013//1854 2012//1854 2008//1854 
f 2008//1854 2009//1854 2013//1854 
f 2014//1855 2013//1855 2009//1855 
f 2009//1855 2010//1855 2014//1855 
f 2015//1856 2014//1856 2010//1856 
f 2010//1856 2011//1856 2015//1856 
f 1965//1857 2015//1857 2011//1857 
f 2011//1857 1847//1857 1965//1857 
f 1861//1858 1860//1858 1999//1858 
f 1999//1858 2012//1858 1861//1858 
f 1862//1859 1861//1859 2012//1859 
f 2012//1859 2013//1859 1862//1859 
f 1863//1860 1862//1860 2013//1860 
f 2013//1860 2014//1860 1863//1860 
f 1864//1861 1863//1861 2014//1861 
f 2014//1861 2015//1861 1864//1861 
f 1865//1862 1864//1862 2015//1862 
f 2015//1862 1965//1862 1865//1862 
f 2016//1863 1941//1863 1876//1863 
f 1876//1863 1875//1863 2016//1863 
f 2017//1864 1711//1864 1712//1864 
f 1712//1864 2018//1864 2017//1864 
f 2019//1864 1940//1864 1711//1864 
f 1711//1864 2017//1864 2019//1864 
f 1809//1864 1808//1864 1940//1864 
f 1940//1864 2019//1864 1809//1864 
f 2018//1865 1712//1865 1941//1865 
f 1941//1865 2016//1865 2018//1865 
f 2020//1866 2016//1866 1875//1866 
f 1875//1866 1874//1866 2020//1866 
f 2021//1867 2020//1867 1874//1867 
f 1874//1867 1873//1867 2021//1867 
f 2022//1868 2021//1868 1873//1868 
f 1873//1868 1872//1868 2022//1868 
f 2023//1869 2022//1869 1872//1869 
f 1872//1869 1871//1869 2023//1869 
f 1952//1870 2023//1870 1871//1870 
f 1871//1870 1870//1870 1952//1870 
f 2024//1871 2017//1871 2018//1871 
f 2018//1871 2025//1871 2024//1871 
f 2026//1872 2024//1872 2025//1872 
f 2025//1872 2027//1872 2026//1872 
f 2028//1873 2026//1873 2027//1873 
f 2027//1873 2029//1873 2028//1873 
f 2030//1874 2028//1874 2029//1874 
f 2029//1874 2031//1874 2030//1874 
f 1795//1875 2030//1875 2031//1875 
f 2031//1875 1953//1875 1795//1875 
f 2032//1871 2019//1871 2017//1871 
f 2017//1871 2024//1871 2032//1871 
f 2033//1872 2032//1872 2024//1872 
f 2024//1872 2026//1872 2033//1872 
f 2034//1873 2033//1873 2026//1873 
f 2026//1873 2028//1873 2034//1873 
f 2035//1874 2034//1874 2028//1874 
f 2028//1874 2030//1874 2035//1874 
f 1796//1875 2035//1875 2030//1875 
f 2030//1875 1795//1875 1796//1875 
f 1810//1871 1809//1871 2019//1871 
f 2019//1871 2032//1871 1810//1871 
f 1811//1872 1810//1872 2032//1872 
f 2032//1872 2033//1872 1811//1872 
f 1812//1873 1811//1873 2033//1873 
f 2033//1873 2034//1873 1812//1873 
f 1813//1874 1812//1874 2034//1874 
f 2034//1874 2035//1874 1813//1874 
f 1814//1875 1813//1875 2035//1875 
f 2035//1875 1796//1875 1814//1875 
f 2025//1876 2018//1876 2016//1876 
f 2016//1876 2020//1876 2025//1876 
f 2027//1877 2025//1877 2020//1877 
f 2020//1877 2021//1877 2027//1877 
f 2029//1878 2027//1878 2021//1878 
f 2021//1878 2022//1878 2029//1878 
f 2031//1879 2029//1879 2022//1879 
f 2022//1879 2023//1879 2031//1879 
f 1953//1880 2031//1880 2023//1880 
f 2023//1880 1952//1880 1953//1880 
f 1774//1648 1773//1648 2036//1648 
f 1830//1881 1731//1881 2037//1881 
f 2038//1882 1853//1882 1835//1882 
f 1835//1883 2039//1883 2038//1883 
f 2040//1884 1852//1884 1853//1884 
f 1853//1885 2038//1885 2040//1885 
f 2041//1886 1971//1886 1852//1886 
f 1852//1887 2040//1887 2041//1887 
f 2042//1888 1970//1888 1971//1888 
f 1971//1889 2041//1889 2042//1889 
f 2043//1890 1889//1890 1970//1890 
f 1970//1891 2042//1891 2043//1891 
f 1773//1648 1894//1648 2044//1648 
f 2045//1648 2044//1648 1894//1648 
f 1894//1648 1893//1648 2045//1648 
f 2046//1648 2045//1648 1893//1648 
f 1893//1648 1892//1648 2046//1648 
f 2047//1648 2046//1648 1892//1648 
f 1892//1648 1891//1648 2047//1648 
f 2048//1648 2047//1648 1891//1648 
f 1891//1648 1890//1648 2048//1648 
f 2043//1648 2048//1648 1890//1648 
f 1890//1648 1889//1648 2043//1648 
f 1773//1648 2044//1648 2049//1648 
f 2050//1648 2049//1648 2044//1648 
f 2044//1648 2045//1648 2050//1648 
f 2051//1648 2050//1648 2045//1648 
f 2045//1648 2046//1648 2051//1648 
f 2052//1648 2051//1648 2046//1648 
f 2046//1648 2047//1648 2052//1648 
f 2053//1648 2052//1648 2047//1648 
f 2047//1648 2048//1648 2053//1648 
f 2054//1648 2053//1648 2048//1648 
f 2048//1648 2043//1648 2054//1648 
f 1773//1648 2049//1648 2055//1648 
f 2056//1648 2055//1648 2049//1648 
f 2049//1648 2050//1648 2056//1648 
f 2057//1648 2056//1648 2050//1648 
f 2050//1648 2051//1648 2057//1648 
f 2058//1648 2057//1648 2051//1648 
f 2051//1648 2052//1648 2058//1648 
f 2059//1648 2058//1648 2052//1648 
f 2052//1648 2053//1648 2059//1648 
f 2060//1648 2059//1648 2053//1648 
f 2053//1648 2054//1648 2060//1648 
f 1773//1648 2055//1648 2061//1648 
f 2062//1648 2061//1648 2055//1648 
f 2055//1648 2056//1648 2062//1648 
f 2063//1648 2062//1648 2056//1648 
f 2056//1648 2057//1648 2063//1648 
f 2064//1648 2063//1648 2057//1648 
f 2057//1648 2058//1648 2064//1648 
f 2065//1648 2064//1648 2058//1648 
f 2058//1648 2059//1648 2065//1648 
f 2066//1648 2065//1648 2059//1648 
f 2059//1648 2060//1648 2066//1648 
f 1773//1648 2061//1648 2036//1648 
f 2067//1648 2036//1648 2061//1648 
f 2061//1648 2062//1648 2067//1648 
f 2068//1648 2067//1648 2062//1648 
f 2062//1648 2063//1648 2068//1648 
f 2069//1648 2068//1648 2063//1648 
f 2063//1648 2064//1648 2069//1648 
f 2070//1648 2069//1648 2064//1648 
f 2064//1648 2065//1648 2070//1648 
f 2071//1648 2070//1648 2065//1648 
f 2065//1648 2066//1648 2071//1648 
f 1775//1648 1774//1648 2036//1648 
f 2036//1648 2067//1648 1775//1648 
f 1776//1648 1775//1648 2067//1648 
f 2067//1648 2068//1648 1776//1648 
f 1777//1648 1776//1648 2068//1648 
f 2068//1648 2069//1648 1777//1648 
f 1778//1648 1777//1648 2069//1648 
f 2069//1648 2070//1648 1778//1648 
f 1779//1648 1778//1648 2070//1648 
f 2070//1648 2071//1648 1779//1648 
f 1731//1881 1730//1881 2072//1881 
f 2073//1881 2072//1881 1730//1881 
f 1730//1881 1729//1881 2073//1881 
f 2074//1881 2073//1881 1729//1881 
f 1729//1881 1728//1881 2074//1881 
f 2075//1881 2074//1881 1728//1881 
f 1728//1881 1727//1881 2075//1881 
f 2076//1881 2075//1881 1727//1881 
f 1727//1881 1726//1881 2076//1881 
f 2077//1881 2076//1881 1726//1881 
f 1726//1881 1725//1881 2077//1881 
f 1731//1881 2072//1881 2078//1881 
f 2079//1881 2078//1881 2072//1881 
f 2072//1881 2073//1881 2079//1881 
f 2080//1881 2079//1881 2073//1881 
f 2073//1881 2074//1881 2080//1881 
f 2081//1881 2080//1881 2074//1881 
f 2074//1881 2075//1881 2081//1881 
f 2082//1881 2081//1881 2075//1881 
f 2075//1881 2076//1881 2082//1881 
f 2083//1881 2082//1881 2076//1881 
f 2076//1881 2077//1881 2083//1881 
f 1731//1881 2078//1881 2084//1881 
f 2085//1881 2084//1881 2078//1881 
f 2078//1881 2079//1881 2085//1881 
f 2086//1881 2085//1881 2079//1881 
f 2079//1881 2080//1881 2086//1881 
f 2087//1881 2086//1881 2080//1881 
f 2080//1881 2081//1881 2087//1881 
f 2088//1881 2087//1881 2081//1881 
f 2081//1881 2082//1881 2088//1881 
f 2089//1881 2088//1881 2082//1881 
f 2082//1881 2083//1881 2089//1881 
f 1731//1881 2084//1881 2090//1881 
f 2091//1881 2090//1881 2084//1881 
f 2084//1881 2085//1881 2091//1881 
f 2092//1881 2091//1881 2085//1881 
f 2085//1881 2086//1881 2092//1881 
f 2093//1881 2092//1881 2086//1881 
f 2086//1881 2087//1881 2093//1881 
f 2094//1881 2093//1881 2087//1881 
f 2087//1881 2088//1881 2094//1881 
f 2095//1881 2094//1881 2088//1881 
f 2088//1881 2089//1881 2095//1881 
f 1731//1881 2090//1881 2037//1881 
f 2096//1881 2037//1881 2090//1881 
f 2090//1881 2091//1881 2096//1881 
f 2097//1881 2096//1881 2091//1881 
f 2091//1881 2092//1881 2097//1881 
f 2098//1881 2097//1881 2092//1881 
f 2092//1881 2093//1881 2098//1881 
f 2099//1881 2098//1881 2093//1881 
f 2093//1881 2094//1881 2099//1881 
f 2039//1881 2099//1881 2094//1881 
f 2094//1881 2095//1881 2039//1881 
f 1831//1881 1830//1881 2037//1881 
f 2037//1881 2096//1881 1831//1881 
f 1832//1881 1831//1881 2096//1881 
f 2096//1881 2097//1881 1832//1881 
f 1833//1881 1832//1881 2097//1881 
f 2097//1881 2098//1881 1833//1881 
f 1834//1881 1833//1881 2098//1881 
f 2098//1881 2099//1881 1834//1881 
f 1835//1881 1834//1881 2099//1881 
f 2099//1881 2039//1881 1835//1881 
f 2100//1892 2038//1892 2039//1892 
f 2039//1893 2095//1893 2100//1893 
f 2101//1894 2100//1894 2095//1894 
f 2095//1895 2089//1895 2101//1895 
f 2102//1896 2101//1896 2089//1896 
f 2089//1897 2083//1897 2102//1897 
f 2103//1898 2102//1898 2083//1898 
f 2083//1899 2077//1899 2103//1899 
f 1926//1900 2103//1900 2077//1900 
f 2077//1901 1725//1901 1926//1901 
f 2104//1902 2040//1902 2038//1902 
f 2038//1903 2100//1903 2104//1903 
f 2105//1904 2104//1904 2100//1904 
f 2100//1905 2101//1905 2105//1905 
f 2106//1906 2105//1906 2101//1906 
f 2101//1907 2102//1907 2106//1907 
f 2107//1908 2106//1908 2102//1908 
f 2102//1909 2103//1909 2107//1909 
f 1696//1910 2107//1910 2103//1910 
f 2103//1911 1926//1911 1696//1911 
f 2108//1912 2041//1912 2040//1912 
f 2040//1913 2104//1913 2108//1913 
f 2109//1914 2108//1914 2104//1914 
f 2104//1915 2105//1915 2109//1915 
f 2110//1916 2109//1916 2105//1916 
f 2105//1917 2106//1917 2110//1917 
f 2111//1918 2110//1918 2106//1918 
f 2106//1919 2107//1919 2111//1919 
f 1697//1920 2111//1920 2107//1920 
f 2107//1921 1696//1921 1697//1921 
f 2112//1922 2042//1922 2041//1922 
f 2041//1923 2108//1923 2112//1923 
f 2113//1924 2112//1924 2108//1924 
f 2108//1925 2109//1925 2113//1925 
f 2114//1926 2113//1926 2109//1926 
f 2109//1927 2110//1927 2114//1927 
f 2115//1928 2114//1928 2110//1928 
f 2110//1929 2111//1929 2115//1929 
f 1927//1930 2115//1930 2111//1930 
f 2111//1931 1697//1931 1927//1931 
f 2054//1932 2043//1932 2042//1932 
f 2042//1933 2112//1933 2054//1933 
f 2060//1934 2054//1934 2112//1934 
f 2112//1935 2113//1935 2060//1935 
f 2066//1936 2060//1936 2113//1936 
f 2113//1937 2114//1937 2066//1937 
f 2071//1938 2066//1938 2114//1938 
f 2114//1939 2115//1939 2071//1939 
f 1779//1940 2071//1940 2115//1940 
f 2115//1941 1927//1941 1779//1941 
f 1881//1648 1790//1648 2116//1648 
f 1750//1942 1749//1942 2117//1942 
f 2118//1943 1959//1943 1886//1943 
f 1886//1944 2119//1944 2118//1944 
f 2120//1945 1801//1945 1802//1945 
f 1802//1946 2121//1946 2120//1946 
f 2122//1947 1958//1947 1801//1947 
f 1801//1948 2120//1948 2122//1948 
f 2123//1949 1838//1949 1958//1949 
f 1958//1950 2122//1950 2123//1950 
f 2121//1951 1802//1951 1959//1951 
f 1959//1951 2118//1951 2121//1951 
f 1790//1648 1789//1648 2124//1648 
f 2125//1648 2124//1648 1789//1648 
f 1789//1648 1788//1648 2125//1648 
f 2126//1648 2125//1648 1788//1648 
f 1788//1648 1787//1648 2126//1648 
f 2127//1648 2126//1648 1787//1648 
f 1787//1648 1786//1648 2127//1648 
f 2128//1648 2127//1648 1786//1648 
f 1786//1648 1785//1648 2128//1648 
f 2129//1648 2128//1648 1785//1648 
f 1785//1648 1784//1648 2129//1648 
f 1790//1648 2124//1648 2130//1648 
f 2131//1648 2130//1648 2124//1648 
f 2124//1648 2125//1648 2131//1648 
f 2132//1648 2131//1648 2125//1648 
f 2125//1648 2126//1648 2132//1648 
f 2133//1648 2132//1648 2126//1648 
f 2126//1648 2127//1648 2133//1648 
f 2134//1648 2133//1648 2127//1648 
f 2127//1648 2128//1648 2134//1648 
f 2135//1648 2134//1648 2128//1648 
f 2128//1648 2129//1648 2135//1648 
f 1790//1648 2130//1648 2136//1648 
f 2137//1648 2136//1648 2130//1648 
f 2130//1648 2131//1648 2137//1648 
f 2138//1648 2137//1648 2131//1648 
f 2131//1648 2132//1648 2138//1648 
f 2139//1648 2138//1648 2132//1648 
f 2132//1648 2133//1648 2139//1648 
f 2140//1648 2139//1648 2133//1648 
f 2133//1648 2134//1648 2140//1648 
f 2141//1648 2140//1648 2134//1648 
f 2134//1648 2135//1648 2141//1648 
f 1790//1648 2136//1648 2142//1648 
f 2143//1648 2142//1648 2136//1648 
f 2136//1648 2137//1648 2143//1648 
f 2144//1648 2143//1648 2137//1648 
f 2137//1648 2138//1648 2144//1648 
f 2145//1648 2144//1648 2138//1648 
f 2138//1648 2139//1648 2145//1648 
f 2146//1648 2145//1648 2139//1648 
f 2139//1648 2140//1648 2146//1648 
f 2147//1648 2146//1648 2140//1648 
f 2140//1648 2141//1648 2147//1648 
f 1790//1648 2142//1648 2116//1648 
f 2148//1648 2116//1648 2142//1648 
f 2142//1648 2143//1648 2148//1648 
f 2149//1648 2148//1648 2143//1648 
f 2143//1648 2144//1648 2149//1648 
f 2150//1648 2149//1648 2144//1648 
f 2144//1648 2145//1648 2150//1648 
f 2151//1648 2150//1648 2145//1648 
f 2145//1648 2146//1648 2151//1648 
f 2119//1648 2151//1648 2146//1648 
f 2146//1648 2147//1648 2119//1648 
f 1882//1648 1881//1648 2116//1648 
f 2116//1648 2148//1648 1882//1648 
f 1883//1648 1882//1648 2148//1648 
f 2148//1648 2149//1648 1883//1648 
f 1884//1648 1883//1648 2149//1648 
f 2149//1648 2150//1648 1884//1648 
f 1885//1648 1884//1648 2150//1648 
f 2150//1648 2151//1648 1885//1648 
f 1886//1648 1885//1648 2151//1648 
f 2151//1648 2119//1648 1886//1648 
f 1749//1942 1843//1942 2152//1942 
f 2153//1942 2152//1942 1843//1942 
f 1843//1942 1842//1942 2153//1942 
f 2154//1942 2153//1942 1842//1942 
f 1842//1942 1841//1942 2154//1942 
f 2155//1942 2154//1942 1841//1942 
f 1841//1942 1840//1942 2155//1942 
f 2156//1942 2155//1942 1840//1942 
f 1840//1942 1839//1942 2156//1942 
f 2123//1942 2156//1942 1839//1942 
f 1839//1942 1838//1942 2123//1942 
f 1749//1942 2152//1942 2157//1942 
f 2158//1942 2157//1942 2152//1942 
f 2152//1942 2153//1942 2158//1942 
f 2159//1942 2158//1942 2153//1942 
f 2153//1942 2154//1942 2159//1942 
f 2160//1942 2159//1942 2154//1942 
f 2154//1942 2155//1942 2160//1942 
f 2161//1942 2160//1942 2155//1942 
f 2155//1942 2156//1942 2161//1942 
f 2162//1942 2161//1942 2156//1942 
f 2156//1942 2123//1942 2162//1942 
f 1749//1942 2157//1942 2163//1942 
f 2164//1942 2163//1942 2157//1942 
f 2157//1942 2158//1942 2164//1942 
f 2165//1942 2164//1942 2158//1942 
f 2158//1942 2159//1942 2165//1942 
f 2166//1942 2165//1942 2159//1942 
f 2159//1942 2160//1942 2166//1942 
f 2167//1942 2166//1942 2160//1942 
f 2160//1942 2161//1942 2167//1942 
f 2168//1942 2167//1942 2161//1942 
f 2161//1942 2162//1942 2168//1942 
f 1749//1942 2163//1942 2169//1942 
f 2170//1942 2169//1942 2163//1942 
f 2163//1942 2164//1942 2170//1942 
f 2171//1942 2170//1942 2164//1942 
f 2164//1942 2165//1942 2171//1942 
f 2172//1942 2171//1942 2165//1942 
f 2165//1942 2166//1942 2172//1942 
f 2173//1942 2172//1942 2166//1942 
f 2166//1942 2167//1942 2173//1942 
f 2174//1942 2173//1942 2167//1942 
f 2167//1942 2168//1942 2174//1942 
f 1749//1942 2169//1942 2117//1942 
f 2175//1942 2117//1942 2169//1942 
f 2169//1942 2170//1942 2175//1942 
f 2176//1942 2175//1942 2170//1942 
f 2170//1942 2171//1942 2176//1942 
f 2177//1942 2176//1942 2171//1942 
f 2171//1942 2172//1942 2177//1942 
f 2178//1942 2177//1942 2172//1942 
f 2172//1942 2173//1942 2178//1942 
f 2179//1942 2178//1942 2173//1942 
f 2173//1942 2174//1942 2179//1942 
f 1751//1942 1750//1942 2117//1942 
f 2117//1942 2175//1942 1751//1942 
f 1752//1942 1751//1942 2175//1942 
f 2175//1942 2176//1942 1752//1942 
f 1753//1942 1752//1942 2176//1942 
f 2176//1942 2177//1942 1753//1942 
f 1754//1942 1753//1942 2177//1942 
f 2177//1942 2178//1942 1754//1942 
f 1755//1942 1754//1942 2178//1942 
f 2178//1942 2179//1942 1755//1942 
f 2180//1952 2118//1952 2119//1952 
f 2119//1953 2147//1953 2180//1953 
f 2181//1954 2180//1954 2147//1954 
f 2147//1955 2141//1955 2181//1955 
f 2182//1956 2181//1956 2141//1956 
f 2141//1957 2135//1957 2182//1957 
f 2183//1958 2182//1958 2135//1958 
f 2135//1959 2129//1959 2183//1959 
f 1921//1960 2183//1960 2129//1960 
f 2129//1961 1784//1961 1921//1961 
f 2184//1962 2120//1962 2121//1962 
f 2121//1963 2185//1963 2184//1963 
f 2186//1964 2184//1964 2185//1964 
f 2185//1965 2187//1965 2186//1965 
f 2188//1966 2186//1966 2187//1966 
f 2187//1967 2189//1967 2188//1967 
f 2190//1968 2188//1968 2189//1968 
f 2189//1969 2191//1969 2190//1969 
f 1690//1970 2190//1970 2191//1970 
f 2191//1971 1920//1971 1690//1971 
f 2192//1972 2122//1972 2120//1972 
f 2120//1973 2184//1973 2192//1973 
f 2193//1974 2192//1974 2184//1974 
f 2184//1975 2186//1975 2193//1975 
f 2194//1976 2193//1976 2186//1976 
f 2186//1977 2188//1977 2194//1977 
f 2195//1978 2194//1978 2188//1978 
f 2188//1979 2190//1979 2195//1979 
f 1689//1980 2195//1980 2190//1980 
f 2190//1981 1690//1981 1689//1981 
f 2162//1982 2123//1982 2122//1982 
f 2122//1983 2192//1983 2162//1983 
f 2168//1984 2162//1984 2192//1984 
f 2192//1985 2193//1985 2168//1985 
f 2174//1986 2168//1986 2193//1986 
f 2193//1987 2194//1987 2174//1987 
f 2179//1988 2174//1988 2194//1988 
f 2194//1989 2195//1989 2179//1989 
f 1755//1990 2179//1990 2195//1990 
f 2195//1991 1689//1991 1755//1991 
f 2185//1992 2121//1992 2118//1992 
f 2118//1993 2180//1993 2185//1993 
f 2187//1994 2185//1994 2180//1994 
f 2180//1995 2181//1995 2187//1995 
f 2189//1996 2187//1996 2181//1996 
f 2181//1997 2182//1997 2189//1997 
f 2191//1998 2189//1998 2182//1998 
f 2182//1999 2183//1999 2191//1999 
f 1920//2000 2191//2000 2183//2000 
f 2183//2001 1921//2001 1920//2001 
# 1216 faces

#
# object NGon002
#

v  897.3007 -909.7098 -122.4173
v  872.2119 -1016.9631 66.0076
v  858.3789 -804.2977 55.6386
v  878.7023 -717.8230 -129.6237
v  1453.6860 -941.3845 57.3210
v  1348.4575 -1126.6326 67.3535
v  1373.5464 -1019.3792 -121.0713
v  1474.0095 -854.9098 -127.9413
v  961.8474 -1575.6677 -97.4068
v  920.9059 -1765.5864 102.5085
v  913.7103 -1654.9597 97.1146
v  953.0955 -1485.3704 -100.7980
v  899.8774 -1442.2941 86.7456
v  934.4971 -1293.4834 -108.0044
v  886.0447 -1229.6287 76.3766
v  915.8991 -1101.5967 -115.2108
v  822.9073 -142.1625 -151.2430
v  816.8804 -166.3011 24.5316
v  841.5057 -334.0493 -144.0365
v  830.7131 -378.9667 34.9006
v  860.1041 -525.9361 -136.8301
v  844.5461 -591.6321 45.2696
v  1769.3718 -385.6400 27.2235
v  1775.3989 -361.5015 -148.5510
v  1664.1433 -570.8883 37.2560
v  1674.9358 -525.9709 -141.6811
v  1558.9148 -756.1364 47.2885
v  1574.4727 -690.4404 -134.8112
v  1032.7717 -1682.3771 97.4511
v  978.0475 -1778.7156 102.6685
v  1024.8953 -1590.1602 -97.2296
v  1072.1570 -1512.7876 -100.4615
v  1138.0005 -1497.1289 87.4186
v  1172.6201 -1348.3180 -107.3314
v  1243.2290 -1311.8806 77.3860
v  1273.0833 -1183.8486 -114.2014
v  1214.8867 2018.5854 56.5635
v  1263.4773 2242.0850 -116.0485
v  1171.8250 1823.4727 51.4495
v  1173.0864 1826.8325 -121.1624
v  1108.5878 1572.0159 46.0927
v  1109.8494 1575.3759 -126.5192
v  1040.2577 1321.7251 40.7214
v  1005.2205 1208.5414 -131.8906
v  826.6074 306.9032 19.4062
v  827.8690 310.2631 -153.2057
v  870.8250 562.7139 24.7087
v  872.0864 707.3940 -147.9032
v  2372.9568 1801.3862 59.7982
v  2374.2185 1804.7461 -112.8137
v  2319.0496 1559.3943 54.6938
v  2320.3113 1562.7542 -117.9181
v  2266.0732 1305.5890 49.3663
v  2240.9419 1192.4055 -123.2457
v  1967.1879 44.3462 22.6315
v  1968.4495 47.7061 -149.9804
v  2039.1842 293.7976 28.0133
v  2040.4458 297.1575 -144.5986
v  2101.0645 545.5647 33.3663
v  2102.3259 690.2448 -139.2457
v  924.3369 -1794.2954 103.8949
v  966.3339 -1604.2897 -96.3421
v  930.2048 -1812.3958 104.7374
v  973.2289 -1622.4287 -95.6914
v  938.5099 -1819.8878 105.0361
v  982.5325 -1630.0854 -95.4549
v  949.2520 -1816.7721 104.7908
v  994.2449 -1627.2594 -95.6324
v  962.4312 -1803.0479 104.0016
v  1008.3657 -1613.9512 -96.2240
v  2466.6191 2223.9622 -108.6911
v  2414.2505 1997.6768 63.9208
v  1938.8196 -31.9758 -151.4478
v  1931.3282 -26.6566 23.3886
v  1904.5575 -106.2382 -152.2433
v  1893.3942 -97.1845 24.1398
v  1866.0745 -175.1751 -152.3656
v  1853.2809 -167.2135 24.8847
v  1837.6660 -242.0590 -151.7741
v  1823.8113 -239.6790 25.6600
v  1807.7095 -304.2293 -150.5018
v  1796.5916 -312.6595 26.4417
v  827.8733 227.3750 20.2687
v  819.7262 225.6582 -154.6120
v  831.2212 147.3701 21.1371
v  818.1316 143.9043 -155.3145
v  836.7584 66.8641 22.0117
v  822.6752 65.0957 -155.3145
v  831.6326 -11.2010 22.8559
v  819.0294 -7.4883 -154.6530
v  824.2563 -88.7511 23.6937
v  818.8383 -76.5129 -153.2965
# 92 vertices

vn -0.9809 -0.0918 -0.1715
vn -0.9788 -0.0816 -0.1878
vn -0.9844 -0.0807 -0.1562
vn -0.9860 -0.0908 -0.1398
vn 0.8513 -0.5023 -0.1516
vn 0.8460 -0.5006 -0.1834
vn 0.8434 -0.5107 -0.1670
vn 0.8483 -0.5120 -0.1352
vn -0.9559 -0.0986 -0.2767
vn -0.9603 -0.0756 -0.2684
vn -0.9607 -0.0783 -0.2662
vn -0.9611 -0.0947 -0.2594
vn -0.9655 -0.0825 -0.2468
vn -0.9683 -0.0938 -0.2313
vn -0.9725 -0.0821 -0.2180
vn -0.9750 -0.0928 -0.2020
vn -0.9940 -0.0981 -0.0476
vn -0.9946 -0.0840 -0.0617
vn -0.9748 0.2231 -0.0028
vn -0.9934 -0.0889 -0.0726
vn -0.9930 -0.0782 -0.0889
vn -0.9902 -0.0898 -0.1068
vn -0.9892 -0.0796 -0.1232
vn 0.8585 -0.5096 -0.0566
vn 0.8518 -0.5221 -0.0425
vn 0.8598 -0.5037 -0.0840
vn 0.8554 -0.5135 -0.0676
vn 0.8559 -0.5033 -0.1184
vn 0.8523 -0.5130 -0.1020
vn 0.8315 -0.4898 -0.2622
vn 0.8323 -0.4871 -0.2644
vn 0.8182 -0.5060 -0.2728
vn 0.8246 -0.5048 -0.2554
vn 0.8339 -0.4957 -0.2427
vn 0.8314 -0.5071 -0.2271
vn 0.8402 -0.4984 -0.2137
vn 0.8377 -0.5091 -0.1977
vn 0.0000 0.0000 0.0000
vn -0.9765 0.2154 0.0040
vn -0.9771 0.2127 -0.0030
vn -0.9698 0.2439 -0.0023
vn -0.9647 0.2634 -0.0019
vn -0.9616 0.2740 0.0155
vn -0.9772 0.1662 0.1321
vn -0.9938 0.1107 -0.0051
vn 0.9761 -0.2175 0.0029
vn 0.9789 -0.2041 -0.0087
vn 0.9778 -0.2096 0.0031
vn 0.9608 -0.2773 0.0016
vn 0.9711 -0.2387 0.0025
vn 0.9808 -0.1528 -0.1209
vn -0.9408 -0.1276 -0.3139
vn -0.9256 -0.1579 -0.3440
vn -0.8407 -0.2937 -0.4550
vn -0.8123 -0.3261 -0.4835
vn -0.4953 -0.5750 -0.6513
vn -0.4675 -0.5884 -0.6597
vn 0.1978 -0.7332 -0.6506
vn 0.1673 -0.7348 -0.6573
vn 0.6292 -0.6303 -0.4548
vn 0.5920 -0.6493 -0.4774
vn 0.7910 -0.5249 -0.3142
vn 0.7667 -0.5469 -0.3362
vn 0.9764 -0.2154 0.0139
vn 0.9786 -0.2059 0.0031
vn 0.9373 -0.3485 0.0001
vn 0.8916 -0.4498 0.0519
vn 0.9066 -0.4188 0.0516
vn 0.8782 -0.4715 0.0798
vn 0.8703 -0.4860 0.0800
vn 0.8650 -0.4946 0.0846
vn 0.9175 -0.3889 0.0837
vn 0.9239 -0.3749 0.0772
vn 0.8989 -0.4316 0.0760
vn 0.9363 -0.3487 0.0422
vn 0.8710 -0.4903 0.0314
vn 0.9368 -0.3496 -0.0159
vn -0.9998 -0.0160 -0.0076
vn -0.9944 0.0950 0.0454
vn -0.9980 -0.0413 0.0469
vn -0.9971 0.0188 0.0736
vn -0.9949 -0.0676 0.0751
vn -0.9952 -0.0574 0.0796
vn -0.9947 0.0662 0.0783
vn -0.9961 0.0507 0.0718
vn -0.9928 0.0952 0.0725
vn -0.9995 0.0034 0.0308
vn -0.9948 0.0950 0.0370
vn -0.9971 -0.0631 -0.0429
# 89 vertex normals

g NGon002
f 2196//2002 2197//2003 2198//2004 
f 2198//2004 2199//2005 2196//2002 
f 2200//2006 2201//2007 2202//2008 
f 2202//2008 2203//2009 2200//2006 
f 2204//2010 2205//2011 2206//2012 
f 2206//2012 2207//2013 2204//2010 
f 2207//2013 2206//2012 2208//2014 
f 2208//2014 2209//2015 2207//2013 
f 2209//2015 2208//2014 2210//2016 
f 2210//2016 2211//2017 2209//2015 
f 2211//2017 2210//2016 2197//2003 
f 2197//2003 2196//2002 2211//2017 
f 2212//2018 2213//2019 2213//2020 
f 2213//2020 2212//2020 2212//2018 
f 2214//2021 2215//2022 2213//2019 
f 2213//2019 2212//2018 2214//2021 
f 2216//2023 2217//2024 2215//2022 
f 2215//2022 2214//2021 2216//2023 
f 2199//2005 2198//2004 2217//2024 
f 2217//2024 2216//2023 2199//2005 
f 2218//2020 2218//2025 2219//2026 
f 2219//2026 2219//2020 2218//2020 
f 2218//2025 2220//2027 2221//2028 
f 2221//2028 2219//2026 2218//2025 
f 2220//2027 2222//2029 2223//2030 
f 2223//2030 2221//2028 2220//2027 
f 2222//2029 2200//2006 2203//2009 
f 2203//2009 2223//2030 2222//2029 
f 2224//2031 2225//2032 2226//2033 
f 2226//2033 2227//2034 2224//2031 
f 2228//2035 2224//2031 2227//2034 
f 2227//2034 2229//2036 2228//2035 
f 2230//2037 2228//2035 2229//2036 
f 2229//2036 2231//2038 2230//2037 
f 2201//2007 2230//2037 2231//2038 
f 2231//2038 2202//2008 2201//2007 
f 2232//2039 2232//2039 2233//2039 
f 2233//2039 2233//2039 2232//2039 
f 2234//2040 2232//2040 2233//2040 
f 2233//2041 2235//2041 2234//2041 
f 2236//2042 2234//2042 2235//2042 
f 2235//2042 2237//2042 2236//2042 
f 2238//2043 2236//2043 2237//2043 
f 2237//2044 2239//2044 2238//2044 
f 2240//2039 2240//2039 2241//2039 
f 2241//2039 2241//2039 2240//2039 
f 2240//2045 2242//2045 2243//2045 
f 2243//2046 2241//2046 2240//2046 
f 2244//2039 2244//2039 2245//2039 
f 2245//2039 2245//2039 2244//2039 
f 2244//2047 2246//2047 2247//2047 
f 2247//2047 2245//2047 2244//2047 
f 2246//2048 2248//2048 2249//2048 
f 2249//2049 2247//2049 2246//2049 
f 2250//2039 2250//2039 2251//2039 
f 2251//2039 2251//2039 2250//2039 
f 2252//2050 2250//2050 2251//2050 
f 2251//2050 2253//2050 2252//2050 
f 2254//2051 2252//2051 2253//2051 
f 2253//2052 2255//2052 2254//2052 
f 2256//2053 2205//2053 2204//2053 
f 2204//2054 2257//2054 2256//2054 
f 2258//2055 2256//2055 2257//2055 
f 2257//2056 2259//2056 2258//2056 
f 2260//2057 2258//2057 2259//2057 
f 2259//2058 2261//2058 2260//2058 
f 2262//2059 2260//2059 2261//2059 
f 2261//2060 2263//2060 2262//2060 
f 2264//2061 2262//2061 2263//2061 
f 2263//2062 2265//2062 2264//2062 
f 2225//2063 2264//2063 2265//2063 
f 2265//2064 2226//2064 2225//2064 
f 2245//2065 2266//2065 2267//2065 
f 2267//2066 2244//2066 2245//2066 
f 2268//2067 2251//2067 2250//2067 
f 2250//2068 2269//2068 2268//2068 
f 2270//2069 2268//2069 2269//2069 
f 2269//2070 2271//2070 2270//2070 
f 2272//2071 2270//2071 2271//2071 
f 2271//2072 2273//2072 2272//2072 
f 2274//2073 2272//2073 2273//2073 
f 2273//2074 2275//2074 2274//2074 
f 2276//2075 2274//2075 2275//2075 
f 2275//2076 2277//2076 2276//2076 
f 2219//2077 2276//2077 2277//2077 
f 2277//2078 2218//2078 2219//2078 
f 2278//2079 2240//2079 2241//2079 
f 2241//2080 2279//2080 2278//2080 
f 2280//2081 2278//2081 2279//2081 
f 2279//2082 2281//2082 2280//2082 
f 2282//2083 2280//2083 2281//2083 
f 2281//2084 2283//2084 2282//2084 
f 2284//2085 2282//2085 2283//2085 
f 2283//2086 2285//2086 2284//2086 
f 2286//2087 2284//2087 2285//2087 
f 2285//2088 2287//2088 2286//2088 
f 2213//2089 2286//2089 2287//2089 
f 2287//2090 2212//2090 2213//2090 
# 98 faces

#
# object Box001
#

v  2326.6094 2248.3140 -372.4534
v  2165.7007 1545.2444 -372.4534
v  2151.0852 1507.2118 -372.4534
v  2127.8071 1482.9839 -372.4534
v  2095.8662 1472.5609 -372.4534
v  2055.2625 1475.9426 -372.4534
v  1425.3108 1620.1172 -372.4534
v  1387.2782 1634.7327 -372.4534
v  1363.0503 1658.0109 -372.4534
v  1352.6273 1689.9518 -372.4534
v  1356.0090 1730.5554 -372.4534
v  1516.9178 2433.6250 -372.4534
v  1840.7944 2359.5005 535.6215
v  1613.8083 1497.3164 535.6215
v  1775.7467 1460.2542 535.6215
v  2002.7328 2322.4382 535.6215
v  1516.9178 2433.6250 332.1471
v  2326.6094 2248.3140 332.1471
v  1356.0090 1730.5554 332.1471
v  2055.2625 1475.9426 332.1471
v  1983.1941 1492.4366 332.1471
v  1809.1923 1537.0867 332.1471
v  1647.2539 1574.1488 332.1471
v  1497.3792 1603.6232 332.1471
v  1425.3108 1620.1172 332.1471
v  2165.7007 1545.2444 332.1471
v  1516.9178 2433.6250 499.6798
v  1678.8562 2396.5627 499.6798
v  1840.7944 2359.5005 499.6798
v  2002.7328 2322.4382 499.6798
v  2164.6711 2285.3760 499.6798
v  2326.6094 2248.3140 499.6798
v  1356.0090 1730.5554 499.6798
v  1744.0919 1433.5618 468.2244
v  1632.9456 1458.9995 468.2244
v  1664.0422 1542.6571 353.2383
v  1775.1886 1517.2195 353.2383
v  2165.7007 1545.2444 499.6798
v  1516.9178 2433.6250 535.6215
v  1366.4033 1775.9718 535.6215
v  1392.1570 1687.0203 535.6215
v  1395.9158 1656.1598 535.6215
v  1407.4417 1627.2867 535.6215
v  1431.0135 1599.1084 535.6215
v  1462.3907 1555.8887 535.6215
v  1678.8562 2396.5627 535.6215
v  1948.2057 1444.7021 535.6215
v  2042.4279 1472.6727 535.6215
v  2076.5952 1482.3071 535.6215
v  2099.2646 1499.6018 535.6215
v  2115.7224 1522.8857 535.6215
v  2176.0950 1590.6608 535.6215
v  2326.6094 2248.3140 535.6215
v  2164.6711 2285.3760 535.6215
v  2056.0708 1431.5480 499.6798
v  1936.5880 1399.5830 499.6798
v  1943.8970 1414.1448 473.4065
v  1975.8851 1477.8749 358.4204
v  1915.5767 1410.3800 468.6362
v  1796.9021 1424.2230 468.6362
v  1828.1385 1504.7555 353.6501
v  1947.4250 1477.2351 353.6501
v  1396.6470 1571.7400 499.6798
v  1490.0702 1589.0615 358.4204
v  1458.0820 1525.3314 473.4065
v  1450.7729 1510.7697 499.6798
v  1511.6462 1577.0187 353.5847
v  1614.6526 1553.6637 353.5847
v  1583.4161 1473.1312 468.5708
v  1479.7979 1510.1635 468.5708
v  1352.6273 1689.9518 332.1471
v  2095.8662 1472.5609 332.1471
v  1350.8358 1686.9282 499.6798
v  2096.3208 1447.5889 499.6798
v  1363.0503 1658.0109 332.1471
v  1387.2782 1634.7327 332.1471
v  2127.8071 1482.9839 332.1471
v  2151.0852 1507.2118 332.1471
v  1355.8844 1645.9165 499.6798
v  1371.1548 1607.5205 499.6798
v  2128.0090 1471.8853 499.6798
v  2151.1357 1504.4371 499.6798
v  1356.6587 1733.3939 515.4043
v  1358.6075 1741.9094 526.6360
v  1361.8558 1756.1021 533.3751
v  1601.9467 1452.2610 499.6798
v  1763.8850 1415.1987 499.6798
v  2171.5474 1570.7910 533.3751
v  2168.2993 1556.5984 526.6360
v  2166.3503 1548.0829 515.4043
v  1374.0790 1686.9800 533.3751
v  1378.4021 1651.6783 533.3751
v  1391.5662 1618.6389 533.3751
v  1415.9781 1587.1346 533.3751
v  1457.3080 1536.1492 533.3751
v  1608.6189 1477.6047 533.3751
v  1770.5571 1440.5425 533.3751
v  1943.1229 1424.9625 533.3751
v  2048.3967 1454.6807 533.3751
v  2085.2251 1467.1179 533.3751
v  2111.8403 1487.4758 533.3751
v  2131.2156 1514.8145 533.3751
v  1361.1661 1686.9512 526.6360
v  1353.4185 1686.9340 515.4043
v  1365.8922 1648.4773 526.6360
v  1358.3864 1646.5566 515.4043
v  1380.2264 1612.4620 526.6360
v  1373.4226 1608.7559 515.4043
v  1405.2385 1578.5820 526.6360
v  1398.7948 1573.4504 515.4043
v  1453.6775 1522.0494 526.6360
v  1451.4991 1513.5896 515.4043
v  1604.9121 1463.5249 526.6360
v  1602.6880 1455.0769 515.4043
v  1766.8503 1426.4626 526.6360
v  1764.6263 1418.0148 515.4043
v  1939.4924 1410.8628 526.6360
v  1937.3141 1402.4031 515.4043
v  2052.6602 1441.8292 526.6360
v  2055.2183 1434.1183 515.4043
v  2091.3894 1456.2686 526.6360
v  2095.0879 1449.7588 515.4043
v  2120.8230 1478.8145 526.6360
v  2126.2126 1473.6176 515.4043
v  2142.2822 1509.0493 526.6360
v  2148.9224 1505.5901 515.4043
v  1609.0520 1471.3760 473.4065
v  1634.4479 1465.5637 473.4065
v  1745.5944 1440.1261 473.4065
v  1770.9902 1434.3138 473.4065
v  1802.0869 1517.9716 358.4204
v  1776.6909 1523.7838 358.4204
v  1665.5446 1549.2214 358.4204
v  1640.1486 1555.0337 358.4204
v  1798.1063 1431.1509 473.4065
v  1916.7809 1417.3079 473.4065
v  1948.6292 1484.1631 358.4204
v  1829.3428 1511.6833 358.4204
v  1616.6125 1560.3701 358.4204
v  1513.6062 1583.7251 358.4204
v  1481.7578 1516.8699 473.4065
v  1585.3761 1479.8376 473.4065
# 142 vertices

vn 0.0000 0.0000 -1.0000
vn 0.0000 0.0000 1.0000
vn 0.2231 0.9748 0.0000
vn -0.9748 0.2231 0.0000
vn -0.2220 -0.9750 0.0028
vn -0.2231 -0.9748 0.0000
vn -0.2303 -0.9731 0.0060
vn -0.2399 -0.9707 0.0163
vn -0.2110 -0.9775 0.0027
vn -0.2071 -0.9783 -0.0017
vn 0.9748 -0.2231 0.0000
vn -0.1768 -0.7725 -0.6099
vn 0.2503 -0.9356 -0.2491
vn -0.1911 -0.8350 -0.5160
vn -0.0937 -0.8033 -0.5881
vn -0.1903 -0.8249 -0.5323
vn -0.2125 -0.9285 -0.3045
vn -0.6480 -0.5753 -0.4991
vn -0.1775 -0.7828 -0.5964
vn -0.2834 -0.7929 -0.5395
vn -0.9965 0.0830 0.0000
vn -0.0830 -0.9965 0.0000
vn -0.9930 0.1178 0.0000
vn -0.9965 0.0830 -0.0092
vn 0.3593 -0.9016 -0.2407
vn -0.0821 -0.9858 -0.1467
vn -0.9507 -0.3102 0.0000
vn -0.6928 -0.7211 0.0000
vn -0.3587 -0.9334 0.0000
vn 0.3102 -0.9507 0.0000
vn 0.7211 -0.6928 0.0000
vn 0.9334 -0.3587 0.0000
vn -0.9924 -0.1222 -0.0128
vn -0.9488 -0.3096 -0.0629
vn -0.9272 -0.3687 -0.0663
vn -0.6814 -0.7092 -0.1808
vn -0.8026 -0.5718 -0.1701
vn -0.3406 -0.8862 -0.3142
vn 0.6041 -0.7879 -0.1191
vn 0.3096 -0.9488 -0.0632
vn 0.8146 -0.5787 -0.0393
vn 0.7210 -0.6928 -0.0117
vn 0.9418 -0.3361 -0.0059
vn 0.0000 0.0000 0.0000
vn -0.1232 -0.0357 0.9917
vn -0.2681 -0.0474 0.9622
vn -0.1234 -0.0150 0.9922
vn -0.1233 -0.0151 0.9923
vn -0.1153 -0.0460 0.9923
vn -0.1155 -0.0460 0.9922
vn -0.0891 -0.0745 0.9932
vn -0.0987 -0.0765 0.9922
vn -0.1145 -0.0832 0.9899
vn -0.0902 -0.0731 0.9932
vn -0.0398 -0.1028 0.9939
vn -0.0398 -0.1029 0.9939
vn -0.0245 -0.1068 0.9940
vn -0.0100 -0.1105 0.9938
vn -0.0100 -0.1106 0.9938
vn 0.0335 -0.1129 0.9930
vn 0.0344 -0.1217 0.9920
vn 0.0356 -0.1264 0.9913
vn 0.0377 -0.1115 0.9931
vn 0.0782 -0.1026 0.9916
vn 0.0782 -0.1022 0.9917
vn 0.1051 -0.0743 0.9917
vn 0.1052 -0.0746 0.9916
vn 0.1665 -0.1483 0.9748
vn 0.1045 -0.0753 0.9917
vn -0.4610 -0.0815 0.8837
vn -0.8643 -0.0402 0.5013
vn -0.8225 -0.0383 0.5674
vn -0.9904 0.0691 0.1195
vn -0.9845 0.0687 0.1617
vn -0.9928 0.1177 0.0198
vn -0.4622 -0.0566 0.8849
vn -0.4618 -0.0567 0.8852
vn -0.8192 -0.1006 0.5646
vn -0.8189 -0.1008 0.5650
vn -0.9796 -0.1205 0.1608
vn -0.9796 -0.1206 0.1609
vn -0.4322 -0.1722 0.8852
vn -0.4327 -0.1722 0.8850
vn -0.7666 -0.3051 0.5650
vn -0.7669 -0.3050 0.5647
vn -0.9171 -0.3648 0.1609
vn -0.9171 -0.3647 0.1608
vn -0.3483 -0.2699 0.8977
vn -0.3750 -0.2768 0.8847
vn -0.6489 -0.4790 0.5911
vn -0.6701 -0.4816 0.5648
vn -0.8000 -0.5749 0.1718
vn -0.8038 -0.5727 0.1609
vn -0.3878 -0.3143 0.8665
vn -0.3348 -0.2869 0.8976
vn -0.6404 -0.5487 0.5375
vn -0.6055 -0.5331 0.5909
vn -0.7419 -0.6532 0.1514
vn -0.7367 -0.6540 0.1718
vn -0.1524 -0.3938 0.9065
vn -0.1525 -0.3940 0.9064
vn -0.2855 -0.7379 0.6115
vn -0.2856 -0.7381 0.6113
vn -0.3550 -0.9172 0.1810
vn -0.3550 -0.9172 0.1809
vn -0.0938 -0.4096 0.9074
vn -0.1761 -0.7696 0.6137
vn -0.2194 -0.9585 0.1820
vn -0.0382 -0.4229 0.9054
vn -0.0382 -0.4232 0.9052
vn -0.0714 -0.7900 0.6089
vn -0.0714 -0.7903 0.6086
vn -0.0886 -0.9797 0.1798
vn -0.0886 -0.9797 0.1796
vn 0.1212 -0.4292 0.8951
vn 0.1242 -0.4537 0.8824
vn 0.2140 -0.7819 0.5855
vn 0.2151 -0.7997 0.5606
vn 0.2560 -0.9517 0.1694
vn 0.2551 -0.9537 0.1592
vn 0.1542 -0.4566 0.8762
vn 0.1557 -0.4177 0.8951
vn 0.2918 -0.7827 0.5497
vn 0.2960 -0.7547 0.5855
vn 0.3608 -0.9197 0.1552
vn 0.3649 -0.9155 0.1694
vn 0.2913 -0.3808 0.8776
vn 0.2911 -0.3800 0.8780
vn 0.5077 -0.6628 0.5503
vn 0.5077 -0.6623 0.5510
vn 0.6010 -0.7841 0.1550
vn 0.6011 -0.7840 0.1553
vn 0.3905 -0.2768 0.8780
vn 0.3909 -0.2774 0.8776
vn 0.6805 -0.4830 0.5510
vn 0.6807 -0.4835 0.5503
vn 0.8054 -0.5721 0.1553
vn 0.8054 -0.5722 0.1550
vn 0.6212 -0.4476 0.6432
vn 0.4169 -0.2281 0.8798
vn 0.8582 -0.4696 0.2071
vn 0.7708 -0.3161 0.5531
vn 0.9248 -0.3793 0.0303
vn 0.9304 -0.3321 0.1553
vn -0.0721 -0.7972 -0.5995
vn -0.1001 -0.8582 -0.5035
vn -0.2126 -0.8284 -0.5183
vn -0.1781 -0.7722 -0.6100
vn -0.1532 -0.7789 -0.6081
vn -0.1894 -0.8355 -0.5158
vn -0.3071 -0.7936 -0.5253
vn -0.2659 -0.7439 -0.6131
vn -0.0925 -0.7931 -0.6020
vn -0.1804 -0.7820 -0.5967
vn -0.1925 -0.8346 -0.5161
vn -0.0989 -0.8481 -0.5205
vn -0.1753 -0.7730 -0.6098
vn -0.2691 -0.7530 -0.6005
vn -0.2866 -0.8019 -0.5242
vn -0.1872 -0.8258 -0.5320
vn -0.1361 -0.5945 0.7925
vn -0.9608 0.2700 -0.0634
vn 0.1361 0.5945 -0.7925
vn 0.9608 -0.2700 0.0634
vn -0.0651 -0.5582 0.8271
vn -0.9670 0.2354 -0.0978
vn 0.1263 0.5476 -0.8272
vn 0.9607 -0.2501 0.1207
vn 0.1260 0.5557 -0.8218
vn 0.9504 -0.3082 0.0423
vn -0.1918 -0.5365 0.8218
vn -0.9425 0.3267 -0.0711
# 172 vertex normals

vt 1.0000 0.0000 0.0000
vt 1.0000 0.8867 0.0000
vt 0.9931 0.9362 0.0000
vt 0.9723 0.9717 0.0000
vt 0.9376 0.9929 0.0000
vt 0.8890 1.0000 0.0000
vt 0.1110 1.0000 0.0000
vt 0.0624 0.9929 0.0000
vt 0.0277 0.9717 0.0000
vt 0.0069 0.9362 0.0000
vt 0.0000 0.8867 0.0000
vt 0.0000 0.0000 0.0000
vt 0.6000 0.0000 0.0000
vt 0.6000 0.9503 0.0000
vt 0.4000 0.9503 0.0000
vt 0.4000 0.0000 0.0000
vt 1.0000 1.0000 0.0000
vt 0.0000 1.0000 0.0000
vt 0.8867 0.0000 0.0000
vt 0.8867 1.0000 0.0000
vt 0.1110 0.0000 0.0000
vt 0.8890 0.0000 0.0000
vt 0.8000 1.0000 0.0000
vt 0.6000 1.0000 0.0000
vt 0.4000 1.0000 0.0000
vt 0.2000 1.0000 0.0000
vt 0.1133 0.0000 0.0000
vt 0.1133 1.0000 0.0000
vt 0.8000 0.0000 0.0000
vt 0.2000 0.0000 0.0000
vt 0.4529 1.0000 0.0000
vt 0.5471 1.0000 0.0000
vt 1.0000 0.8294 0.0000
vt 0.9364 0.8895 0.0000
vt 0.9215 0.9162 0.0000
vt 0.8965 0.9321 0.0000
vt 0.8551 0.9337 0.0000
vt 0.8000 0.9491 0.0000
vt 0.2000 0.9491 0.0000
vt 0.1090 0.9399 0.0000
vt 0.0763 0.9392 0.0000
vt 0.0572 0.9241 0.0000
vt 0.0458 0.8987 0.0000
vt 0.0000 0.8294 0.0000
vt 0.0854 1.0000 0.0000
vt 0.2941 1.0000 0.0000
vt 0.7059 1.0000 0.0000
vt 0.3156 1.0000 0.0000
vt 0.4098 1.0000 0.0000
vt 0.5902 1.0000 0.0000
vt 0.6844 1.0000 0.0000
vt 0.8939 1.0000 0.0000
vt -0.0389 0.9619 0.0000
vt -0.0889 0.9491 0.0000
vt -0.0595 -0.0350 0.0000
vt -0.0169 -0.0262 0.0000
vt -0.0523 1.0673 0.0000
vt -0.1075 1.0897 0.0000
vt -0.0804 -0.0179 0.0000
vt -0.0320 -0.0135 0.0000
vt 0.8392 1.2102 0.0000
vt 0.8210 1.2802 0.0000
vt -0.1161 1.2523 0.0000
vt -0.0593 1.1892 0.0000
vt 1.7858 -1.1346 0.0000
vt 2.3811 -1.8083 0.0000
vt 3.3054 -1.7503 0.0000
vt 2.5074 -1.0627 0.0000
vt 0.0110 0.9746 0.0000
vt 0.0257 -0.0175 0.0000
vt 0.0610 0.9873 0.0000
vt 0.0684 -0.0087 0.0000
vt 0.0029 1.0449 0.0000
vt 0.0164 -0.0090 0.0000
vt 0.0581 1.0224 0.0000
vt 0.0649 -0.0045 0.0000
vt 0.8574 1.1401 0.0000
vt -0.0026 1.1261 0.0000
vt 0.8756 1.0701 0.0000
vt 0.0542 1.0631 0.0000
vt 1.1906 -0.4608 0.0000
vt 1.7094 -0.3751 0.0000
vt 0.5953 0.2129 0.0000
vt 0.9114 0.3124 0.0000
vt 1.0000 0.8831 0.0000
vt 1.0000 0.8723 0.0000
vt 1.0000 0.8544 0.0000
vt 0.0000 0.8544 0.0000
vt 0.0000 0.8723 0.0000
vt 0.0000 0.8831 0.0000
vt 0.9121 0.9697 0.0000
vt 0.9055 0.9722 0.0000
vt 0.8913 0.9666 0.0000
vt 0.8648 0.9503 0.0000
vt 0.8000 0.9618 0.0000
vt 0.6000 0.9628 0.0000
vt 0.4000 0.9628 0.0000
vt 0.2000 0.9618 0.0000
vt 0.1031 0.9549 0.0000
vt 0.5037 0.4208 0.0000
vt 0.3405 0.5779 0.0000
vt 0.1832 0.7273 0.0000
vt 0.8878 1.0498 0.0000
vt 0.8635 1.1300 0.0000
vt 0.8895 1.0281 0.0000
vt 0.8735 1.0841 0.0000
vt 0.8861 1.0011 0.0000
vt 0.8809 1.0356 0.0000
vt 0.8745 0.9669 0.0000
vt 0.8842 0.9834 0.0000
vt 0.8000 0.9745 0.0000
vt 0.8000 0.9873 0.0000
vt 0.6000 0.9752 0.0000
vt 0.6000 0.9876 0.0000
vt 0.4000 0.9752 0.0000
vt 0.4000 0.9876 0.0000
vt 0.2000 0.9745 0.0000
vt 0.2000 0.9873 0.0000
vt 0.0972 0.9699 0.0000
vt 0.0913 0.9850 0.0000
vt 0.9311 -0.0977 0.0000
vt 1.3585 -0.6161 0.0000
vt 0.6239 0.2316 0.0000
vt 0.9072 -0.1146 0.0000
vt 0.3206 0.5558 0.0000
vt 0.4579 0.3844 0.0000
vt 0.5686 1.0000 0.0000
vt 0.4314 1.0000 0.0000
# 128 texture coords

g Box001
f 2288/1637/2091 2289/1638/2091 2290/1639/2091 
f 2288/1637/2091 2290/1639/2091 2291/1640/2091 
f 2288/1637/2091 2291/1640/2091 2292/1641/2091 
f 2288/1637/2091 2292/1641/2091 2293/1642/2091 
f 2293/1642/2091 2294/1643/2091 2295/1644/2091 
f 2293/1642/2091 2295/1644/2091 2296/1645/2091 
f 2293/1642/2091 2296/1645/2091 2297/1646/2091 
f 2293/1642/2091 2297/1646/2091 2298/1647/2091 
f 2288/1637/2091 2293/1642/2091 2298/1647/2091 
f 2288/1637/2091 2298/1647/2091 2299/1648/2091 
f 2300/1649/2092 2301/1650/2092 2302/1651/2092 
f 2302/1651/2092 2303/1652/2092 2300/1649/2092 
f 2288/1648/2093 2299/1637/2093 2304/1653/2093 
f 2304/1653/2093 2305/1654/2093 2288/1648/2093 
f 2299/1648/2094 2298/1655/2094 2306/1656/2094 
f 2306/1656/2094 2304/1654/2094 2299/1648/2094 
f 2294/1657/2095 2293/1658/2096 2307/1642/2096 
f 2294/1657/2095 2307/1642/2096 2308/1659/2097 
f 2294/1657/2095 2308/1659/2097 2309/1660/2098 
f 2294/1657/2095 2309/1660/2098 2310/1661/2099 
f 2294/1657/2095 2310/1661/2099 2311/1662/2100 
f 2294/1657/2095 2311/1662/2100 2312/1643/2096 
f 2289/1663/2101 2288/1637/2101 2305/1653/2101 
f 2305/1653/2101 2313/1664/2101 2289/1663/2101 
f 2305/1654/2093 2304/1653/2093 2314/1637/2093 
f 2305/1654/2093 2314/1637/2093 2315/1665/2093 
f 2305/1654/2093 2315/1665/2093 2316/1649/2093 
f 2305/1654/2093 2316/1649/2093 2317/1652/2093 
f 2305/1654/2093 2317/1652/2093 2318/1666/2093 
f 2305/1654/2093 2318/1666/2093 2319/1648/2093 
f 2304/1654/2094 2306/1656/2094 2320/1638/2094 
f 2320/1638/2094 2314/1637/2094 2304/1654/2094 
f 2321/1667/2102 2322/1668/2102 2323/1667/2102 
f 2323/1667/2102 2324/1668/2102 2321/1667/2102 
f 2313/1664/2101 2305/1653/2101 2319/1648/2101 
f 2319/1648/2101 2325/1647/2101 2313/1664/2101 
f 2326/1637/2092 2327/1669/2092 2328/1670/2092 
f 2326/1637/2092 2328/1670/2092 2329/1671/2092 
f 2326/1637/2092 2329/1671/2092 2330/1672/2092 
f 2326/1637/2092 2330/1672/2092 2331/1673/2092 
f 2326/1637/2092 2331/1673/2092 2332/1674/2092 
f 2333/1665/2092 2326/1637/2092 2332/1674/2092 
f 2333/1665/2092 2332/1674/2092 2301/1650/2092 
f 2301/1650/2092 2300/1649/2092 2333/1665/2092 
f 2334/1675/2092 2335/1676/2091 2336/1677/2092 
f 2334/1675/2092 2336/1677/2092 2337/1678/2092 
f 2334/1675/2092 2337/1678/2092 2338/1679/2092 
f 2334/1675/2092 2338/1679/2092 2339/1680/2092 
f 2339/1680/2092 2340/1648/2092 2341/1666/2092 
f 2334/1675/2092 2339/1680/2092 2341/1666/2092 
f 2334/1675/2092 2341/1666/2092 2303/1652/2092 
f 2303/1652/2092 2302/1651/2092 2334/1675/2092 
f 2307/1642/2103 2342/1681/2103 2343/1662/2103 
f 2307/1642/2104 2343/1662/2104 2344/1682/2104 
f 2307/1642/2104 2344/1682/2104 2345/1683/2104 
f 2308/1659/2104 2307/1642/2104 2345/1683/2104 
f 2346/1684/2105 2347/1685/2105 2348/1686/2105 
f 2348/1686/2106 2349/1687/2106 2346/1684/2106 
f 2350/1688/2107 2312/1643/2107 2311/1662/2107 
f 2350/1688/2108 2311/1662/2108 2351/1682/2108 
f 2350/1688/2108 2351/1682/2108 2352/1683/2108 
f 2353/1659/2108 2350/1688/2108 2352/1683/2108 
f 2354/1684/2109 2355/1685/2109 2356/1686/2109 
f 2356/1686/2110 2357/1687/2110 2354/1684/2110 
f 2358/1689/2111 2306/1690/2111 2298/1691/2111 
f 2298/1691/2111 2297/1692/2111 2358/1689/2111 
f 2359/1693/2112 2307/1694/2112 2293/1695/2112 
f 2293/1695/2112 2292/1696/2112 2359/1693/2112 
f 2360/1697/2113 2320/1698/2113 2306/1699/2113 
f 2306/1699/2114 2358/1700/2114 2360/1697/2114 
f 2361/1701/2115 2342/1702/2115 2307/1703/2115 
f 2307/1703/2116 2359/1704/2116 2361/1701/2116 
f 2362/1705/2117 2358/1689/2117 2297/1692/2117 
f 2297/1692/2117 2296/1706/2117 2362/1705/2117 
f 2363/1707/2118 2362/1705/2118 2296/1706/2118 
f 2296/1706/2118 2295/1708/2118 2363/1707/2118 
f 2312/1643/2119 2363/1707/2119 2295/1708/2119 
f 2295/1708/2119 2294/1657/2119 2312/1643/2119 
f 2364/1709/2120 2359/1693/2120 2292/1696/2120 
f 2292/1696/2120 2291/1710/2120 2364/1709/2120 
f 2365/1711/2121 2364/1709/2121 2291/1710/2121 
f 2291/1710/2121 2290/1712/2121 2365/1711/2121 
f 2313/1664/2122 2365/1711/2122 2290/1712/2122 
f 2290/1712/2122 2289/1663/2122 2313/1664/2122 
f 2366/1713/2123 2360/1697/2123 2358/1700/2123 
f 2358/1700/2124 2362/1714/2124 2366/1713/2124 
f 2367/1715/2125 2366/1713/2125 2362/1714/2125 
f 2362/1714/2126 2363/1716/2126 2367/1715/2126 
f 2350/1688/2127 2367/1715/2127 2363/1716/2127 
f 2363/1716/2128 2312/1643/2128 2350/1688/2128 
f 2368/1717/2129 2361/1701/2129 2359/1704/2129 
f 2359/1704/2130 2364/1718/2130 2368/1717/2130 
f 2369/1719/2131 2368/1717/2131 2364/1718/2131 
f 2364/1718/2132 2365/1720/2132 2369/1719/2132 
f 2325/1647/2133 2369/1719/2133 2365/1720/2133 
f 2365/1720/2122 2313/1664/2122 2325/1647/2122 
f 2319/1648/2093 2318/1666/2093 2341/1666/2093 
f 2341/1666/2093 2340/1648/2093 2319/1648/2093 
f 2318/1666/2093 2317/1652/2093 2303/1652/2093 
f 2303/1652/2093 2341/1666/2093 2318/1666/2093 
f 2317/1652/2093 2316/1649/2093 2300/1649/2093 
f 2300/1649/2093 2303/1652/2093 2317/1652/2093 
f 2316/1649/2093 2315/1665/2093 2333/1665/2093 
f 2333/1665/2093 2300/1649/2093 2316/1649/2093 
f 2315/1665/2093 2314/1637/2093 2326/1637/2093 
f 2326/1637/2093 2333/1665/2093 2315/1665/2093 
f 2320/1638/2134 2320/1638/2134 2370/1721/2134 
f 2320/1638/2094 2370/1721/2094 2371/1722/2094 
f 2320/1638/2094 2371/1722/2094 2372/1723/2094 
f 2320/1638/2094 2372/1723/2094 2327/1669/2094 
f 2314/1637/2094 2320/1638/2094 2327/1669/2094 
f 2314/1637/2094 2327/1669/2094 2326/1637/2094 
f 2320/1698/2134 2360/1697/2134 2360/1697/2134 
f 2360/1697/2134 2320/1638/2134 2320/1698/2134 
f 2360/1697/2134 2366/1713/2134 2366/1713/2134 
f 2366/1713/2134 2360/1697/2134 2360/1697/2134 
f 2366/1713/2134 2367/1715/2134 2367/1715/2134 
f 2367/1715/2134 2366/1713/2134 2366/1713/2134 
f 2367/1715/2134 2350/1688/2134 2350/1688/2134 
f 2350/1688/2134 2367/1715/2134 2367/1715/2134 
f 2350/1688/2134 2353/1659/2134 2353/1659/2134 
f 2353/1659/2134 2350/1688/2134 2350/1688/2134 
f 2353/1659/2134 2373/1660/2134 2373/1660/2134 
f 2373/1660/2134 2353/1659/2134 2353/1659/2134 
f 2373/1660/2134 2374/1661/2134 2374/1661/2134 
f 2374/1661/2134 2373/1660/2134 2373/1660/2134 
f 2374/1661/2134 2343/1662/2134 2343/1662/2134 
f 2343/1662/2134 2374/1661/2134 2374/1661/2134 
f 2343/1662/2134 2342/1681/2134 2342/1681/2134 
f 2342/1681/2134 2343/1662/2134 2343/1662/2134 
f 2342/1702/2134 2361/1701/2134 2361/1701/2134 
f 2361/1701/2134 2342/1681/2134 2342/1702/2134 
f 2361/1701/2134 2368/1717/2134 2368/1717/2134 
f 2368/1717/2134 2361/1701/2134 2361/1701/2134 
f 2368/1717/2134 2369/1719/2134 2369/1719/2134 
f 2369/1719/2134 2368/1717/2134 2368/1717/2134 
f 2369/1719/2134 2325/1647/2134 2325/1647/2134 
f 2325/1647/2134 2369/1719/2134 2369/1719/2134 
f 2325/1647/2101 2319/1648/2101 2340/1648/2101 
f 2340/1648/2101 2339/1680/2101 2375/1724/2101 
f 2340/1648/2101 2375/1724/2101 2376/1725/2101 
f 2340/1648/2101 2376/1725/2101 2377/1726/2101 
f 2340/1648/2101 2377/1726/2101 2325/1647/2101 
f 2325/1647/2134 2340/1648/2134 2325/1647/2134 
f 2378/1727/2135 2328/1670/2135 2327/1669/2135 
f 2327/1669/2136 2372/1723/2136 2378/1727/2136 
f 2379/1728/2137 2329/1671/2137 2328/1670/2137 
f 2328/1670/2138 2378/1727/2138 2379/1728/2138 
f 2380/1729/2139 2330/1672/2139 2329/1671/2139 
f 2329/1671/2140 2379/1728/2140 2380/1729/2140 
f 2381/1730/2141 2331/1673/2141 2330/1672/2141 
f 2330/1672/2142 2380/1729/2142 2381/1730/2142 
f 2382/1731/2143 2332/1674/2143 2331/1673/2143 
f 2331/1673/2144 2381/1730/2144 2382/1731/2144 
f 2383/1732/2145 2301/1650/2145 2332/1674/2145 
f 2332/1674/2146 2382/1731/2146 2383/1732/2146 
f 2384/1733/2147 2302/1651/2147 2301/1650/2147 
f 2301/1650/2147 2383/1732/2147 2384/1733/2147 
f 2385/1734/2148 2334/1675/2148 2302/1651/2148 
f 2302/1651/2149 2384/1733/2149 2385/1734/2149 
f 2386/1735/2150 2335/1676/2150 2334/1675/2150 
f 2334/1675/2151 2385/1734/2151 2386/1735/2151 
f 2387/1736/2152 2336/1677/2152 2335/1676/2152 
f 2335/1676/2153 2386/1735/2153 2387/1736/2153 
f 2388/1737/2154 2337/1678/2154 2336/1677/2154 
f 2336/1677/2155 2387/1736/2155 2388/1737/2155 
f 2389/1738/2156 2338/1679/2156 2337/1678/2156 
f 2337/1678/2157 2388/1737/2157 2389/1738/2157 
f 2375/1724/2158 2339/1680/2158 2338/1679/2158 
f 2338/1679/2159 2389/1738/2159 2375/1724/2159 
f 2390/1739/2160 2378/1727/2160 2372/1723/2160 
f 2372/1723/2161 2371/1722/2161 2390/1739/2161 
f 2391/1740/2162 2390/1739/2162 2371/1722/2162 
f 2371/1722/2163 2370/1721/2163 2391/1740/2163 
f 2360/1697/2164 2391/1740/2164 2370/1721/2164 
f 2370/1721/2165 2320/1638/2165 2360/1697/2165 
f 2392/1741/2166 2379/1728/2166 2378/1727/2166 
f 2378/1727/2167 2390/1739/2167 2392/1741/2167 
f 2393/1742/2168 2392/1741/2168 2390/1739/2168 
f 2390/1739/2169 2391/1740/2169 2393/1742/2169 
f 2366/1713/2170 2393/1742/2170 2391/1740/2170 
f 2391/1740/2171 2360/1697/2171 2366/1713/2171 
f 2394/1743/2172 2380/1729/2172 2379/1728/2172 
f 2379/1728/2173 2392/1741/2173 2394/1743/2173 
f 2395/1744/2174 2394/1743/2174 2392/1741/2174 
f 2392/1741/2175 2393/1742/2175 2395/1744/2175 
f 2367/1715/2176 2395/1744/2176 2393/1742/2176 
f 2393/1742/2177 2366/1713/2177 2367/1715/2177 
f 2396/1745/2178 2381/1730/2178 2380/1729/2178 
f 2380/1729/2179 2394/1743/2179 2396/1745/2179 
f 2397/1746/2180 2396/1745/2180 2394/1743/2180 
f 2394/1743/2181 2395/1744/2181 2397/1746/2181 
f 2350/1688/2182 2397/1746/2182 2395/1744/2182 
f 2395/1744/2183 2367/1715/2183 2350/1688/2183 
f 2398/1747/2184 2382/1731/2184 2381/1730/2184 
f 2381/1730/2185 2396/1745/2185 2398/1747/2185 
f 2399/1748/2186 2398/1747/2186 2396/1745/2186 
f 2396/1745/2187 2397/1746/2187 2399/1748/2187 
f 2353/1659/2188 2399/1748/2188 2397/1746/2188 
f 2397/1746/2189 2350/1688/2189 2353/1659/2189 
f 2400/1749/2190 2383/1732/2190 2382/1731/2190 
f 2382/1731/2191 2398/1747/2191 2400/1749/2191 
f 2401/1750/2192 2400/1749/2192 2398/1747/2192 
f 2398/1747/2193 2399/1748/2193 2401/1750/2193 
f 2373/1660/2194 2401/1750/2194 2399/1748/2194 
f 2399/1748/2195 2353/1659/2195 2373/1660/2195 
f 2402/1751/2196 2384/1733/2196 2383/1732/2196 
f 2383/1732/2196 2400/1749/2196 2402/1751/2196 
f 2403/1752/2197 2402/1751/2197 2400/1749/2197 
f 2400/1749/2197 2401/1750/2197 2403/1752/2197 
f 2374/1661/2198 2403/1752/2198 2401/1750/2198 
f 2401/1750/2198 2373/1660/2198 2374/1661/2198 
f 2404/1753/2199 2385/1734/2199 2384/1733/2199 
f 2384/1733/2200 2402/1751/2200 2404/1753/2200 
f 2405/1754/2201 2404/1753/2201 2402/1751/2201 
f 2402/1751/2202 2403/1752/2202 2405/1754/2202 
f 2343/1662/2203 2405/1754/2203 2403/1752/2203 
f 2403/1752/2204 2374/1661/2204 2343/1662/2204 
f 2406/1755/2205 2386/1735/2205 2385/1734/2205 
f 2385/1734/2206 2404/1753/2206 2406/1755/2206 
f 2407/1756/2207 2406/1755/2207 2404/1753/2207 
f 2404/1753/2208 2405/1754/2208 2407/1756/2208 
f 2342/1681/2209 2407/1756/2209 2405/1754/2209 
f 2405/1754/2210 2343/1662/2210 2342/1681/2210 
f 2408/1757/2211 2387/1736/2211 2386/1735/2211 
f 2386/1735/2212 2406/1755/2212 2408/1757/2212 
f 2409/1758/2213 2408/1757/2213 2406/1755/2213 
f 2406/1755/2214 2407/1756/2214 2409/1758/2214 
f 2361/1701/2215 2409/1758/2215 2407/1756/2215 
f 2407/1756/2216 2342/1681/2216 2361/1701/2216 
f 2410/1759/2217 2388/1737/2217 2387/1736/2217 
f 2387/1736/2218 2408/1757/2218 2410/1759/2218 
f 2411/1760/2219 2410/1759/2219 2408/1757/2219 
f 2408/1757/2220 2409/1758/2220 2411/1760/2220 
f 2368/1717/2221 2411/1760/2221 2409/1758/2221 
f 2409/1758/2222 2361/1701/2222 2368/1717/2222 
f 2412/1761/2223 2389/1738/2223 2388/1737/2223 
f 2388/1737/2224 2410/1759/2224 2412/1761/2224 
f 2413/1762/2225 2412/1761/2225 2410/1759/2225 
f 2410/1759/2226 2411/1760/2226 2413/1762/2226 
f 2369/1719/2227 2413/1762/2227 2411/1760/2227 
f 2411/1760/2228 2368/1717/2228 2369/1719/2228 
f 2376/1725/2229 2375/1724/2229 2389/1738/2229 
f 2389/1738/2230 2412/1761/2230 2376/1725/2230 
f 2377/1726/2231 2376/1725/2231 2412/1761/2231 
f 2412/1761/2232 2413/1762/2232 2377/1726/2232 
f 2325/1647/2233 2377/1726/2233 2413/1762/2233 
f 2413/1762/2234 2369/1719/2234 2325/1647/2234 
f 2374/1661/2102 2373/1660/2102 2414/1763/2102 
f 2374/1661/2102 2414/1763/2102 2415/1668/2102 
f 2374/1661/2102 2415/1668/2102 2416/1667/2102 
f 2417/1764/2102 2374/1661/2102 2416/1667/2102 
f 2310/1661/2102 2309/1660/2102 2418/1763/2102 
f 2310/1661/2102 2418/1763/2102 2419/1668/2102 
f 2310/1661/2102 2419/1668/2102 2420/1667/2102 
f 2421/1764/2102 2310/1661/2102 2420/1667/2102 
f 2343/1662/2235 2374/1661/2235 2417/1764/2235 
f 2343/1662/2236 2417/1764/2236 2422/1685/2236 
f 2343/1662/2236 2422/1685/2236 2423/1684/2236 
f 2344/1682/2236 2343/1662/2236 2423/1684/2236 
f 2309/1660/2237 2308/1659/2237 2345/1683/2237 
f 2309/1660/2238 2345/1683/2238 2424/1687/2238 
f 2309/1660/2238 2424/1687/2238 2425/1686/2238 
f 2418/1763/2238 2309/1660/2238 2425/1686/2238 
f 2311/1662/2239 2310/1661/2239 2421/1764/2239 
f 2311/1662/2240 2421/1764/2240 2426/1685/2240 
f 2311/1662/2240 2426/1685/2240 2427/1684/2240 
f 2351/1682/2240 2311/1662/2240 2427/1684/2240 
f 2373/1660/2241 2353/1659/2241 2352/1683/2241 
f 2373/1660/2242 2352/1683/2242 2428/1687/2242 
f 2373/1660/2242 2428/1687/2242 2429/1686/2242 
f 2414/1763/2242 2373/1660/2242 2429/1686/2242 
f 2415/1668/2102 2414/1763/2102 2421/1764/2102 
f 2421/1764/2102 2420/1667/2102 2415/1668/2102 
f 2419/1668/2102 2418/1763/2102 2417/1764/2102 
f 2417/1764/2102 2416/1667/2102 2419/1668/2102 
f 2422/1685/2243 2417/1764/2243 2418/1763/2243 
f 2418/1763/2244 2425/1686/2244 2422/1685/2244 
f 2424/1687/2245 2345/1683/2245 2344/1682/2245 
f 2344/1682/2246 2423/1684/2246 2424/1687/2246 
f 2426/1685/2247 2421/1764/2247 2414/1763/2247 
f 2414/1763/2248 2429/1686/2248 2426/1685/2248 
f 2428/1687/2249 2352/1683/2249 2351/1682/2249 
f 2351/1682/2250 2427/1684/2250 2428/1687/2250 
f 2416/1667/2251 2415/1668/2251 2322/1668/2251 
f 2322/1668/2251 2321/1667/2251 2416/1667/2251 
f 2415/1668/2252 2420/1667/2252 2323/1667/2252 
f 2323/1667/2252 2322/1668/2252 2415/1668/2252 
f 2420/1667/2253 2419/1668/2253 2324/1668/2253 
f 2324/1668/2253 2323/1667/2253 2420/1667/2253 
f 2419/1668/2254 2416/1667/2254 2321/1667/2254 
f 2321/1667/2254 2324/1668/2254 2419/1668/2254 
f 2423/1684/2255 2422/1685/2255 2347/1685/2255 
f 2347/1685/2255 2346/1684/2255 2423/1684/2255 
f 2422/1685/2256 2425/1686/2256 2348/1686/2256 
f 2348/1686/2256 2347/1685/2256 2422/1685/2256 
f 2425/1686/2257 2424/1687/2257 2349/1687/2257 
f 2349/1687/2257 2348/1686/2257 2425/1686/2257 
f 2424/1687/2258 2423/1684/2258 2346/1684/2258 
f 2346/1684/2258 2349/1687/2258 2424/1687/2258 
f 2427/1684/2259 2426/1685/2259 2355/1685/2259 
f 2355/1685/2259 2354/1684/2259 2427/1684/2259 
f 2426/1685/2260 2429/1686/2260 2356/1686/2260 
f 2356/1686/2260 2355/1685/2260 2426/1685/2260 
f 2429/1686/2261 2428/1687/2261 2357/1687/2261 
f 2357/1687/2261 2356/1686/2261 2429/1686/2261 
f 2428/1687/2262 2427/1684/2262 2354/1684/2262 
f 2354/1684/2262 2357/1687/2262 2428/1687/2262 
# 308 faces

#
# object Line001
#

v  832.7570 -667.2495 -137.8398
v  785.5074 -673.9993 -330.4965
v  857.3708 -664.6314 -143.9681
v  810.1213 -671.3813 -336.6248
v  790.0061 -702.3976 -324.5596
v  814.6199 -699.7796 -330.6880
v  794.3452 -731.4709 -319.5524
v  818.9590 -728.8529 -325.6808
v  798.4133 -760.0889 -315.4386
v  823.0271 -757.4709 -321.5670
v  802.0994 -787.1215 -312.1820
v  826.7132 -784.5035 -318.3103
v  805.2923 -811.4384 -309.7462
v  829.9061 -808.8204 -315.8745
v  807.8808 -831.9094 -308.0949
v  832.4946 -829.2914 -314.2232
v  809.7537 -847.4042 -307.1920
v  834.3675 -844.7861 -313.3203
v  810.9889 -858.6520 -307.0359
v  835.6027 -856.0340 -313.1642
v  811.7112 -866.9004 -307.6585
v  836.3250 -864.2824 -313.7868
v  811.8798 -871.7971 -309.0733
v  836.4936 -869.1791 -315.2016
v  811.4538 -872.9897 -311.2937
v  836.0676 -870.3718 -317.4221
v  810.3924 -870.1260 -314.3333
v  835.0062 -867.5080 -320.4616
v  808.6548 -862.8534 -318.2054
v  833.2686 -860.2354 -324.3337
v  806.2001 -850.8197 -322.9236
v  830.8139 -848.2017 -329.0520
v  802.4918 -831.9454 -329.7546
v  827.1056 -829.3274 -335.8829
v  797.3873 -805.8506 -339.1085
v  822.0012 -803.2325 -345.2368
v  791.4369 -774.7321 -349.7143
v  816.0507 -772.1141 -355.8426
v  785.1906 -740.7869 -360.3007
v  809.8044 -738.1689 -366.4290
v  779.1985 -706.2118 -369.5966
v  803.8124 -703.5938 -375.7249
v  774.0110 -673.2037 -376.3309
v  798.6248 -670.5857 -382.4592
v  770.1781 -643.9595 -379.2325
v  794.7919 -641.3414 -385.3608
v  767.6949 -616.5317 -377.4888
v  792.3087 -613.9137 -383.6171
v  766.0709 -588.3187 -371.9589
v  790.6847 -585.7007 -378.0872
v  765.1275 -560.5353 -363.8790
v  789.7413 -557.9172 -370.0074
v  764.6861 -534.3966 -354.4854
v  789.2999 -531.7786 -360.6137
v  764.5682 -511.1177 -345.0142
v  789.1820 -508.4997 -351.1425
v  764.5953 -491.9136 -336.7017
v  789.2091 -489.2956 -342.8300
v  764.5887 -477.9993 -330.7839
v  789.2025 -475.3813 -336.9123
v  764.6394 -469.5644 -326.9769
v  789.2532 -466.9464 -333.1052
v  764.9365 -465.5921 -324.0869
v  789.5502 -462.9741 -330.2152
v  765.4484 -465.4878 -321.9861
v  790.0622 -462.8698 -328.1144
v  766.1439 -468.6568 -320.5466
v  790.7577 -466.0388 -326.6750
v  766.9915 -474.5046 -319.6405
v  791.6053 -471.8867 -325.7688
v  767.9598 -482.4366 -319.1398
v  792.5736 -479.8187 -325.2682
v  769.0175 -491.8583 -318.9167
v  793.6313 -489.2403 -325.0450
v  779.8748 -617.5544 -329.0062
v  804.4886 -614.9363 -335.1345
v  826.1601 -610.9422 -140.2812
v  850.7739 -608.3242 -146.4095
# 78 vertices

vn 0.1078 -0.9941 0.0084
vn 0.2117 0.2320 0.9494
vn 0.2144 0.2146 0.9529
vn 0.2191 0.1833 0.9583
vn 0.2227 0.1581 0.9620
vn 0.2256 0.1366 0.9646
vn 0.2282 0.1168 0.9666
vn 0.2309 0.0958 0.9683
vn 0.2349 0.0621 0.9700
vn 0.2422 -0.0060 0.9702
vn 0.2543 -0.1565 0.9544
vn 0.2510 -0.6204 0.7431
vn 0.0695 -0.9874 -0.1425
vn -0.1254 -0.6248 -0.7707
vn -0.1720 -0.4430 -0.8799
vn -0.1854 -0.3789 -0.9067
vn -0.1881 -0.3653 -0.9117
vn -0.1898 -0.3565 -0.9148
vn -0.1936 -0.3369 -0.9214
vn -0.1993 -0.3058 -0.9310
vn -0.2076 -0.2572 -0.9438
vn -0.2201 -0.1767 -0.9594
vn -0.2370 -0.0433 -0.9705
vn -0.2508 0.1058 -0.9622
vn -0.2575 0.2169 -0.9416
vn -0.2602 0.2922 -0.9203
vn -0.2611 0.3427 -0.9024
vn -0.2613 0.3732 -0.8902
vn -0.2613 0.3807 -0.8870
vn -0.2613 0.3881 -0.8838
vn -0.2592 0.4926 -0.8307
vn -0.2029 0.8741 -0.4413
vn 0.0369 0.8568 0.5143
vn 0.1981 0.3124 0.9291
vn 0.2258 0.1350 0.9648
vn 0.2341 0.0695 0.9697
vn 0.2419 -0.0034 0.9703
vn 0.2469 -0.0563 0.9674
vn -0.1078 0.9941 -0.0084
vn 0.9652 0.1027 -0.2403
vn -0.9652 -0.1027 0.2403
# 41 vertex normals

g Line001
f 2430//2263 2431//2263 2432//2263 
f 2431//2263 2433//2263 2432//2263 
f 2431//2264 2434//2265 2433//2264 
f 2434//2265 2435//2265 2433//2264 
f 2434//2265 2436//2266 2435//2265 
f 2436//2266 2437//2266 2435//2265 
f 2436//2266 2438//2267 2437//2266 
f 2438//2267 2439//2267 2437//2266 
f 2438//2267 2440//2268 2439//2267 
f 2440//2268 2441//2268 2439//2267 
f 2440//2268 2442//2269 2441//2268 
f 2442//2269 2443//2269 2441//2268 
f 2442//2269 2444//2270 2443//2269 
f 2444//2270 2445//2270 2443//2269 
f 2444//2270 2446//2271 2445//2270 
f 2446//2271 2447//2271 2445//2270 
f 2446//2271 2448//2272 2447//2271 
f 2448//2272 2449//2272 2447//2271 
f 2448//2272 2450//2273 2449//2272 
f 2450//2273 2451//2273 2449//2272 
f 2450//2273 2452//2274 2451//2273 
f 2452//2274 2453//2274 2451//2273 
f 2452//2274 2454//2275 2453//2274 
f 2454//2275 2455//2275 2453//2274 
f 2454//2275 2456//2276 2455//2275 
f 2456//2276 2457//2276 2455//2275 
f 2456//2276 2458//2277 2457//2276 
f 2458//2277 2459//2277 2457//2276 
f 2458//2277 2460//2278 2459//2277 
f 2460//2278 2461//2278 2459//2277 
f 2460//2278 2462//2279 2461//2278 
f 2462//2279 2463//2279 2461//2278 
f 2462//2279 2464//2280 2463//2279 
f 2464//2280 2465//2280 2463//2279 
f 2464//2280 2466//2281 2465//2280 
f 2466//2281 2467//2281 2465//2280 
f 2466//2281 2468//2282 2467//2281 
f 2468//2282 2469//2282 2467//2281 
f 2468//2282 2470//2283 2469//2282 
f 2470//2283 2471//2283 2469//2282 
f 2470//2283 2472//2284 2471//2283 
f 2472//2284 2473//2284 2471//2283 
f 2472//2284 2474//2285 2473//2284 
f 2474//2285 2475//2285 2473//2284 
f 2474//2285 2476//2286 2475//2285 
f 2476//2286 2477//2286 2475//2285 
f 2476//2286 2478//2287 2477//2286 
f 2478//2287 2479//2287 2477//2286 
f 2478//2287 2480//2288 2479//2287 
f 2480//2288 2481//2288 2479//2287 
f 2480//2288 2482//2289 2481//2288 
f 2482//2289 2483//2289 2481//2288 
f 2482//2289 2484//2290 2483//2289 
f 2484//2290 2485//2290 2483//2289 
f 2484//2290 2486//2291 2485//2290 
f 2486//2291 2487//2291 2485//2290 
f 2486//2291 2488//2292 2487//2291 
f 2488//2292 2489//2292 2487//2291 
f 2488//2292 2490//2293 2489//2292 
f 2490//2293 2491//2293 2489//2292 
f 2490//2293 2492//2294 2491//2293 
f 2492//2294 2493//2294 2491//2293 
f 2492//2294 2494//2295 2493//2294 
f 2494//2295 2495//2295 2493//2294 
f 2494//2295 2496//2296 2495//2295 
f 2496//2296 2497//2296 2495//2295 
f 2496//2296 2498//2297 2497//2296 
f 2498//2297 2499//2297 2497//2296 
f 2498//2297 2500//2298 2499//2297 
f 2500//2298 2501//2298 2499//2297 
f 2500//2298 2502//2299 2501//2298 
f 2502//2299 2503//2299 2501//2298 
f 2502//2299 2504//2300 2503//2299 
f 2504//2300 2505//2300 2503//2299 
f 2504//2301 2506//2301 2505//2301 
f 2506//2301 2507//2301 2505//2301 
f 2506//2298 2430//2298 2507//2298 
f 2430//2298 2432//2298 2507//2298 
f 2507//2302 2432//2302 2433//2302 
f 2505//2302 2507//2302 2433//2302 
f 2453//2302 2455//2302 2457//2302 
f 2451//2302 2453//2302 2457//2302 
f 2451//2302 2457//2302 2459//2302 
f 2449//2302 2451//2302 2459//2302 
f 2449//2302 2459//2302 2461//2302 
f 2447//2302 2449//2302 2461//2302 
f 2445//2302 2447//2302 2461//2302 
f 2445//2302 2461//2302 2463//2302 
f 2443//2302 2445//2302 2463//2302 
f 2443//2302 2463//2302 2465//2302 
f 2441//2302 2443//2302 2465//2302 
f 2441//2302 2465//2302 2467//2302 
f 2439//2302 2441//2302 2467//2302 
f 2439//2302 2467//2302 2469//2302 
f 2437//2302 2439//2302 2469//2302 
f 2435//2302 2437//2302 2469//2302 
f 2435//2302 2469//2302 2471//2302 
f 2433//2302 2435//2302 2471//2302 
f 2433//2302 2471//2302 2473//2302 
f 2505//2302 2433//2302 2473//2302 
f 2505//2302 2473//2302 2475//2302 
f 2505//2302 2475//2302 2477//2302 
f 2505//2302 2477//2302 2479//2302 
f 2503//2302 2505//2302 2479//2302 
f 2503//2302 2479//2302 2481//2302 
f 2503//2302 2481//2302 2483//2302 
f 2503//2302 2483//2302 2485//2302 
f 2503//2302 2485//2302 2487//2302 
f 2503//2302 2487//2302 2489//2302 
f 2501//2302 2503//2302 2489//2302 
f 2499//2302 2501//2302 2489//2302 
f 2499//2302 2489//2302 2491//2302 
f 2497//2302 2499//2302 2491//2302 
f 2497//2302 2491//2302 2493//2302 
f 2495//2302 2497//2302 2493//2302 
f 2506//2303 2431//2303 2430//2303 
f 2504//2303 2431//2303 2506//2303 
f 2452//2303 2456//2303 2454//2303 
f 2450//2303 2456//2303 2452//2303 
f 2450//2303 2458//2303 2456//2303 
f 2448//2303 2458//2303 2450//2303 
f 2448//2303 2460//2303 2458//2303 
f 2446//2303 2460//2303 2448//2303 
f 2444//2303 2460//2303 2446//2303 
f 2444//2303 2462//2303 2460//2303 
f 2442//2303 2462//2303 2444//2303 
f 2442//2303 2464//2303 2462//2303 
f 2440//2303 2464//2303 2442//2303 
f 2440//2303 2466//2303 2464//2303 
f 2438//2303 2466//2303 2440//2303 
f 2438//2303 2468//2303 2466//2303 
f 2436//2303 2468//2303 2438//2303 
f 2434//2303 2468//2303 2436//2303 
f 2434//2303 2470//2303 2468//2303 
f 2431//2303 2470//2303 2434//2303 
f 2431//2303 2472//2303 2470//2303 
f 2504//2303 2472//2303 2431//2303 
f 2504//2303 2474//2303 2472//2303 
f 2504//2303 2476//2303 2474//2303 
f 2504//2303 2478//2303 2476//2303 
f 2502//2303 2478//2303 2504//2303 
f 2502//2303 2480//2303 2478//2303 
f 2502//2303 2482//2303 2480//2303 
f 2502//2303 2484//2303 2482//2303 
f 2502//2303 2486//2303 2484//2303 
f 2502//2303 2488//2303 2486//2303 
f 2500//2303 2488//2303 2502//2303 
f 2498//2303 2488//2303 2500//2303 
f 2498//2303 2490//2303 2488//2303 
f 2496//2303 2490//2303 2498//2303 
f 2496//2303 2492//2303 2490//2303 
f 2494//2303 2492//2303 2496//2303 
# 152 faces

#
# object Cylinder001
#

v  1323.0190 1908.6506 -593.8656
v  1339.7573 1914.7429 -593.8656
v  1340.8315 1908.6506 -593.8656
v  1336.6642 1920.1003 -593.8656
v  1331.9253 1924.0767 -593.8656
v  1326.1122 1926.1925 -593.8656
v  1319.9259 1926.1925 -593.8656
v  1314.1128 1924.0767 -593.8656
v  1309.3739 1920.1003 -593.8656
v  1306.2808 1914.7429 -593.8656
v  1305.2065 1908.6506 -593.8656
v  1306.2808 1902.5583 -593.8656
v  1309.3739 1897.2009 -593.8656
v  1314.1128 1893.2246 -593.8656
v  1319.9259 1891.1088 -593.8656
v  1326.1122 1891.1088 -593.8656
v  1331.9253 1893.2246 -593.8656
v  1336.6642 1897.2009 -593.8656
v  1339.7573 1902.5583 -593.8656
v  1339.7573 1914.7429 -240.6718
v  1340.8315 1908.6506 -240.6718
v  1336.6642 1920.1003 -240.6718
v  1331.9253 1924.0767 -240.6718
v  1326.1122 1926.1925 -240.6718
v  1319.9259 1926.1925 -240.6718
v  1314.1128 1924.0767 -240.6718
v  1309.3739 1920.1003 -240.6718
v  1306.2808 1914.7429 -240.6718
v  1305.2065 1908.6506 -240.6718
v  1306.2808 1902.5583 -240.6718
v  1309.3739 1897.2009 -240.6718
v  1314.1128 1893.2246 -240.6718
v  1319.9259 1891.1088 -240.6718
v  1326.1122 1891.1088 -240.6718
v  1331.9253 1893.2246 -240.6718
v  1336.6642 1897.2009 -240.6718
v  1339.7573 1902.5583 -240.6718
v  1339.7573 1914.7429 112.5219
v  1340.8315 1908.6506 112.5219
v  1336.6642 1920.1003 112.5219
v  1331.9253 1924.0767 112.5219
v  1326.1122 1926.1925 112.5219
v  1319.9259 1926.1925 112.5219
v  1314.1128 1924.0767 112.5219
v  1309.3739 1920.1003 112.5219
v  1306.2808 1914.7429 112.5219
v  1305.2065 1908.6506 112.5219
v  1306.2808 1902.5583 112.5219
v  1309.3739 1897.2009 112.5219
v  1314.1128 1893.2246 112.5219
v  1319.9259 1891.1088 112.5219
v  1326.1122 1891.1088 112.5219
v  1331.9253 1893.2246 112.5219
v  1336.6642 1897.2009 112.5219
v  1339.7573 1902.5583 112.5219
v  1339.7573 1914.7429 465.7157
v  1340.8315 1908.6506 465.7157
v  1336.6642 1920.1003 465.7157
v  1331.9253 1924.0767 465.7157
v  1326.1122 1926.1925 465.7157
v  1319.9259 1926.1925 465.7157
v  1314.1128 1924.0767 465.7157
v  1309.3739 1920.1003 465.7157
v  1306.2808 1914.7429 465.7157
v  1305.2065 1908.6506 465.7157
v  1306.2808 1902.5583 465.7157
v  1309.3739 1897.2009 465.7157
v  1314.1128 1893.2246 465.7157
v  1319.9259 1891.1088 465.7157
v  1326.1122 1891.1088 465.7157
v  1331.9253 1893.2246 465.7157
v  1336.6642 1897.2009 465.7157
v  1339.7573 1902.5583 465.7157
v  1339.7573 1914.7429 818.9094
v  1340.8315 1908.6506 818.9094
v  1336.6642 1920.1003 818.9094
v  1331.9253 1924.0767 818.9094
v  1326.1122 1926.1925 818.9094
v  1319.9259 1926.1925 818.9094
v  1314.1128 1924.0767 818.9094
v  1309.3739 1920.1003 818.9094
v  1306.2808 1914.7429 818.9094
v  1305.2065 1908.6506 818.9094
v  1306.2808 1902.5583 818.9094
v  1309.3739 1897.2009 818.9094
v  1314.1128 1893.2246 818.9094
v  1319.9259 1891.1088 818.9094
v  1326.1122 1891.1088 818.9094
v  1331.9253 1893.2246 818.9094
v  1336.6642 1897.2009 818.9094
v  1339.7573 1902.5583 818.9094
v  1339.7573 1914.7429 1172.1031
v  1340.8315 1908.6506 1172.1031
v  1336.6642 1920.1003 1172.1031
v  1331.9253 1924.0767 1172.1031
v  1326.1122 1926.1925 1172.1031
v  1319.9259 1926.1925 1172.1031
v  1314.1128 1924.0767 1172.1031
v  1309.3739 1920.1003 1172.1031
v  1306.2808 1914.7429 1172.1031
v  1305.2065 1908.6506 1172.1031
v  1306.2808 1902.5583 1172.1031
v  1309.3739 1897.2009 1172.1031
v  1314.1128 1893.2246 1172.1031
v  1319.9259 1891.1088 1172.1031
v  1326.1122 1891.1088 1172.1031
v  1331.9253 1893.2246 1172.1031
v  1336.6642 1897.2009 1172.1031
v  1339.7573 1902.5583 1172.1031
v  1323.0190 1908.6506 1172.1031
# 110 vertices

vn 0.0000 0.0000 -1.0000
vn 1.0000 -0.0000 0.0000
vn 0.9397 0.3420 0.0000
vn 0.7660 0.6428 0.0000
vn 0.5000 0.8660 0.0000
vn 0.1736 0.9848 0.0000
vn -0.1736 0.9848 0.0000
vn -0.5000 0.8660 0.0000
vn -0.7660 0.6428 0.0000
vn -0.9397 0.3420 0.0000
vn -1.0000 0.0000 0.0000
vn -0.9397 -0.3420 0.0000
vn -0.7660 -0.6428 0.0000
vn -0.5000 -0.8660 0.0000
vn -0.1736 -0.9848 0.0000
vn 0.1736 -0.9848 0.0000
vn 0.5000 -0.8660 0.0000
vn 0.7660 -0.6428 0.0000
vn 0.9397 -0.3420 0.0000
vn -1.0000 -0.0000 0.0000
vn 0.0000 0.0000 1.0000
# 21 vertex normals

vt 0.5000 0.0000 0.0000
vt 0.8056 0.0000 1.0000
vt 0.7500 0.0000 1.0000
vt 0.8611 0.0000 1.0000
vt 0.9167 0.0000 1.0000
vt 0.9722 0.0000 1.0000
vt 0.0278 0.0000 1.0000
vt -0.0278 0.0000 1.0000
vt 0.0833 0.0000 1.0000
vt 0.1389 0.0000 1.0000
vt 0.1944 0.0000 1.0000
vt 0.2500 0.0000 1.0000
vt 0.3056 0.0000 1.0000
vt 0.3611 0.0000 1.0000
vt 0.4167 0.0000 1.0000
vt 0.4722 0.0000 1.0000
vt 0.5278 0.0000 1.0000
vt 0.5833 0.0000 1.0000
vt 0.6389 0.0000 1.0000
vt 0.6944 0.0000 1.0000
vt 0.8056 0.2000 1.0000
vt 0.7500 0.2000 1.0000
vt 0.8611 0.2000 1.0000
vt 0.9167 0.2000 1.0000
vt 0.9722 0.2000 1.0000
vt 0.0278 0.2000 1.0000
vt -0.0278 0.2000 1.0000
vt 0.0833 0.2000 1.0000
vt 0.1389 0.2000 1.0000
vt 0.1944 0.2000 1.0000
vt 0.2500 0.2000 1.0000
vt 0.3056 0.2000 1.0000
vt 0.3611 0.2000 1.0000
vt 0.4167 0.2000 1.0000
vt 0.4722 0.2000 1.0000
vt 0.5278 0.2000 1.0000
vt 0.5833 0.2000 1.0000
vt 0.6389 0.2000 1.0000
vt 0.6944 0.2000 1.0000
vt 0.8056 0.4000 1.0000
vt 0.7500 0.4000 1.0000
vt 0.8611 0.4000 1.0000
vt 0.9167 0.4000 1.0000
vt 0.9722 0.4000 1.0000
vt 0.0278 0.4000 1.0000
vt -0.0278 0.4000 1.0000
vt 0.0833 0.4000 1.0000
vt 0.1389 0.4000 1.0000
vt 0.1944 0.4000 1.0000
vt 0.2500 0.4000 1.0000
vt 0.3056 0.4000 1.0000
vt 0.3611 0.4000 1.0000
vt 0.4167 0.4000 1.0000
vt 0.4722 0.4000 1.0000
vt 0.5278 0.4000 1.0000
vt 0.5833 0.4000 1.0000
vt 0.6389 0.4000 1.0000
vt 0.6944 0.4000 1.0000
vt 0.8056 0.6000 1.0000
vt 0.7500 0.6000 1.0000
vt 0.8611 0.6000 1.0000
vt 0.9167 0.6000 1.0000
vt 0.9722 0.6000 1.0000
vt 0.0278 0.6000 1.0000
vt -0.0278 0.6000 1.0000
vt 0.0833 0.6000 1.0000
vt 0.1389 0.6000 1.0000
vt 0.1944 0.6000 1.0000
vt 0.2500 0.6000 1.0000
vt 0.3056 0.6000 1.0000
vt 0.3611 0.6000 1.0000
vt 0.4167 0.6000 1.0000
vt 0.4722 0.6000 1.0000
vt 0.5278 0.6000 1.0000
vt 0.5833 0.6000 1.0000
vt 0.6389 0.6000 1.0000
vt 0.6944 0.6000 1.0000
vt 0.8056 0.8000 1.0000
vt 0.7500 0.8000 1.0000
vt 0.8611 0.8000 1.0000
vt 0.9167 0.8000 1.0000
vt 0.9722 0.8000 1.0000
vt 0.0278 0.8000 1.0000
vt -0.0278 0.8000 1.0000
vt 0.0833 0.8000 1.0000
vt 0.1389 0.8000 1.0000
vt 0.1944 0.8000 1.0000
vt 0.2500 0.8000 1.0000
vt 0.3056 0.8000 1.0000
vt 0.3611 0.8000 1.0000
vt 0.4167 0.8000 1.0000
vt 0.4722 0.8000 1.0000
vt 0.5278 0.8000 1.0000
vt 0.5833 0.8000 1.0000
vt 0.6389 0.8000 1.0000
vt 0.6944 0.8000 1.0000
vt 0.8056 1.0000 1.0000
vt 0.7500 1.0000 1.0000
vt 0.8611 1.0000 1.0000
vt 0.9167 1.0000 1.0000
vt 0.9722 1.0000 1.0000
vt 0.0278 1.0000 1.0000
vt -0.0278 1.0000 1.0000
vt 0.0833 1.0000 1.0000
vt 0.1389 1.0000 1.0000
vt 0.1944 1.0000 1.0000
vt 0.2500 1.0000 1.0000
vt 0.3056 1.0000 1.0000
vt 0.3611 1.0000 1.0000
vt 0.4167 1.0000 1.0000
vt 0.4722 1.0000 1.0000
vt 0.5278 1.0000 1.0000
vt 0.5833 1.0000 1.0000
vt 0.6389 1.0000 1.0000
vt 0.6944 1.0000 1.0000
vt 0.5000 1.0000 0.0000
# 116 texture coords

g Cylinder001
f 2508/1765/2304 2509/1766/2304 2510/1767/2304 
f 2508/1765/2304 2511/1768/2304 2509/1766/2304 
f 2508/1765/2304 2512/1769/2304 2511/1768/2304 
f 2508/1765/2304 2513/1770/2304 2512/1769/2304 
f 2508/1765/2304 2514/1771/2304 2513/1772/2304 
f 2508/1765/2304 2515/1773/2304 2514/1771/2304 
f 2508/1765/2304 2516/1774/2304 2515/1773/2304 
f 2508/1765/2304 2517/1775/2304 2516/1774/2304 
f 2508/1765/2304 2518/1776/2304 2517/1775/2304 
f 2508/1765/2304 2519/1777/2304 2518/1776/2304 
f 2508/1765/2304 2520/1778/2304 2519/1777/2304 
f 2508/1765/2304 2521/1779/2304 2520/1778/2304 
f 2508/1765/2304 2522/1780/2304 2521/1779/2304 
f 2508/1765/2304 2523/1781/2304 2522/1780/2304 
f 2508/1765/2304 2524/1782/2304 2523/1781/2304 
f 2508/1765/2304 2525/1783/2304 2524/1782/2304 
f 2508/1765/2304 2526/1784/2304 2525/1783/2304 
f 2508/1765/2304 2510/1767/2304 2526/1784/2304 
f 2510/1767/2305 2527/1785/2306 2528/1786/2305 
f 2510/1767/2305 2509/1766/2306 2527/1785/2306 
f 2509/1766/2306 2529/1787/2307 2527/1785/2306 
f 2509/1766/2306 2511/1768/2307 2529/1787/2307 
f 2511/1768/2307 2530/1788/2308 2529/1787/2307 
f 2511/1768/2307 2512/1769/2308 2530/1788/2308 
f 2512/1769/2308 2531/1789/2309 2530/1788/2308 
f 2512/1769/2308 2513/1770/2309 2531/1789/2309 
f 2513/1772/2309 2532/1790/2310 2531/1791/2309 
f 2513/1772/2309 2514/1771/2310 2532/1790/2310 
f 2514/1771/2310 2533/1792/2311 2532/1790/2310 
f 2514/1771/2310 2515/1773/2311 2533/1792/2311 
f 2515/1773/2311 2534/1793/2312 2533/1792/2311 
f 2515/1773/2311 2516/1774/2312 2534/1793/2312 
f 2516/1774/2312 2535/1794/2313 2534/1793/2312 
f 2516/1774/2312 2517/1775/2313 2535/1794/2313 
f 2517/1775/2313 2536/1795/2314 2535/1794/2313 
f 2517/1775/2313 2518/1776/2314 2536/1795/2314 
f 2518/1776/2314 2537/1796/2315 2536/1795/2314 
f 2518/1776/2314 2519/1777/2315 2537/1796/2315 
f 2519/1777/2315 2538/1797/2316 2537/1796/2315 
f 2519/1777/2315 2520/1778/2316 2538/1797/2316 
f 2520/1778/2316 2539/1798/2317 2538/1797/2316 
f 2520/1778/2316 2521/1779/2317 2539/1798/2317 
f 2521/1779/2317 2540/1799/2318 2539/1798/2317 
f 2521/1779/2317 2522/1780/2318 2540/1799/2318 
f 2522/1780/2318 2541/1800/2319 2540/1799/2318 
f 2522/1780/2318 2523/1781/2319 2541/1800/2319 
f 2523/1781/2319 2542/1801/2320 2541/1800/2319 
f 2523/1781/2319 2524/1782/2320 2542/1801/2320 
f 2524/1782/2320 2543/1802/2321 2542/1801/2320 
f 2524/1782/2320 2525/1783/2321 2543/1802/2321 
f 2525/1783/2321 2544/1803/2322 2543/1802/2321 
f 2525/1783/2321 2526/1784/2322 2544/1803/2322 
f 2526/1784/2322 2528/1786/2305 2544/1803/2322 
f 2526/1784/2322 2510/1767/2305 2528/1786/2305 
f 2528/1786/2305 2545/1804/2306 2546/1805/2305 
f 2528/1786/2305 2527/1785/2306 2545/1804/2306 
f 2527/1785/2306 2547/1806/2307 2545/1804/2306 
f 2527/1785/2306 2529/1787/2307 2547/1806/2307 
f 2529/1787/2307 2548/1807/2308 2547/1806/2307 
f 2529/1787/2307 2530/1788/2308 2548/1807/2308 
f 2530/1788/2308 2549/1808/2309 2548/1807/2308 
f 2530/1788/2308 2531/1789/2309 2549/1808/2309 
f 2531/1791/2309 2550/1809/2310 2549/1810/2309 
f 2531/1791/2309 2532/1790/2310 2550/1809/2310 
f 2532/1790/2310 2551/1811/2311 2550/1809/2310 
f 2532/1790/2310 2533/1792/2311 2551/1811/2311 
f 2533/1792/2311 2552/1812/2312 2551/1811/2311 
f 2533/1792/2311 2534/1793/2312 2552/1812/2312 
f 2534/1793/2312 2553/1813/2313 2552/1812/2312 
f 2534/1793/2312 2535/1794/2313 2553/1813/2313 
f 2535/1794/2313 2554/1814/2323 2553/1813/2313 
f 2535/1794/2313 2536/1795/2314 2554/1814/2323 
f 2536/1795/2314 2555/1815/2315 2554/1814/2323 
f 2536/1795/2314 2537/1796/2315 2555/1815/2315 
f 2537/1796/2315 2556/1816/2316 2555/1815/2315 
f 2537/1796/2315 2538/1797/2316 2556/1816/2316 
f 2538/1797/2316 2557/1817/2317 2556/1816/2316 
f 2538/1797/2316 2539/1798/2317 2557/1817/2317 
f 2539/1798/2317 2558/1818/2318 2557/1817/2317 
f 2539/1798/2317 2540/1799/2318 2558/1818/2318 
f 2540/1799/2318 2559/1819/2319 2558/1818/2318 
f 2540/1799/2318 2541/1800/2319 2559/1819/2319 
f 2541/1800/2319 2560/1820/2320 2559/1819/2319 
f 2541/1800/2319 2542/1801/2320 2560/1820/2320 
f 2542/1801/2320 2561/1821/2321 2560/1820/2320 
f 2542/1801/2320 2543/1802/2321 2561/1821/2321 
f 2543/1802/2321 2562/1822/2322 2561/1821/2321 
f 2543/1802/2321 2544/1803/2322 2562/1822/2322 
f 2544/1803/2322 2546/1805/2305 2562/1822/2322 
f 2544/1803/2322 2528/1786/2305 2546/1805/2305 
f 2546/1805/2305 2563/1823/2306 2564/1824/2305 
f 2546/1805/2305 2545/1804/2306 2563/1823/2306 
f 2545/1804/2306 2565/1825/2307 2563/1823/2306 
f 2545/1804/2306 2547/1806/2307 2565/1825/2307 
f 2547/1806/2307 2566/1826/2308 2565/1825/2307 
f 2547/1806/2307 2548/1807/2308 2566/1826/2308 
f 2548/1807/2308 2567/1827/2309 2566/1826/2308 
f 2548/1807/2308 2549/1808/2309 2567/1827/2309 
f 2549/1810/2309 2568/1828/2310 2567/1829/2309 
f 2549/1810/2309 2550/1809/2310 2568/1828/2310 
f 2550/1809/2310 2569/1830/2311 2568/1828/2310 
f 2550/1809/2310 2551/1811/2311 2569/1830/2311 
f 2551/1811/2311 2570/1831/2312 2569/1830/2311 
f 2551/1811/2311 2552/1812/2312 2570/1831/2312 
f 2552/1812/2312 2571/1832/2313 2570/1831/2312 
f 2552/1812/2312 2553/1813/2313 2571/1832/2313 
f 2553/1813/2313 2572/1833/2314 2571/1832/2313 
f 2553/1813/2313 2554/1814/2323 2572/1833/2314 
f 2554/1814/2323 2573/1834/2315 2572/1833/2314 
f 2554/1814/2323 2555/1815/2315 2573/1834/2315 
f 2555/1815/2315 2574/1835/2316 2573/1834/2315 
f 2555/1815/2315 2556/1816/2316 2574/1835/2316 
f 2556/1816/2316 2575/1836/2317 2574/1835/2316 
f 2556/1816/2316 2557/1817/2317 2575/1836/2317 
f 2557/1817/2317 2576/1837/2318 2575/1836/2317 
f 2557/1817/2317 2558/1818/2318 2576/1837/2318 
f 2558/1818/2318 2577/1838/2319 2576/1837/2318 
f 2558/1818/2318 2559/1819/2319 2577/1838/2319 
f 2559/1819/2319 2578/1839/2320 2577/1838/2319 
f 2559/1819/2319 2560/1820/2320 2578/1839/2320 
f 2560/1820/2320 2579/1840/2321 2578/1839/2320 
f 2560/1820/2320 2561/1821/2321 2579/1840/2321 
f 2561/1821/2321 2580/1841/2322 2579/1840/2321 
f 2561/1821/2321 2562/1822/2322 2580/1841/2322 
f 2562/1822/2322 2564/1824/2305 2580/1841/2322 
f 2562/1822/2322 2546/1805/2305 2564/1824/2305 
f 2564/1824/2305 2581/1842/2306 2582/1843/2305 
f 2564/1824/2305 2563/1823/2306 2581/1842/2306 
f 2563/1823/2306 2583/1844/2307 2581/1842/2306 
f 2563/1823/2306 2565/1825/2307 2583/1844/2307 
f 2565/1825/2307 2584/1845/2308 2583/1844/2307 
f 2565/1825/2307 2566/1826/2308 2584/1845/2308 
f 2566/1826/2308 2585/1846/2309 2584/1845/2308 
f 2566/1826/2308 2567/1827/2309 2585/1846/2309 
f 2567/1829/2309 2586/1847/2310 2585/1848/2309 
f 2567/1829/2309 2568/1828/2310 2586/1847/2310 
f 2568/1828/2310 2587/1849/2311 2586/1847/2310 
f 2568/1828/2310 2569/1830/2311 2587/1849/2311 
f 2569/1830/2311 2588/1850/2312 2587/1849/2311 
f 2569/1830/2311 2570/1831/2312 2588/1850/2312 
f 2570/1831/2312 2589/1851/2313 2588/1850/2312 
f 2570/1831/2312 2571/1832/2313 2589/1851/2313 
f 2571/1832/2313 2590/1852/2314 2589/1851/2313 
f 2571/1832/2313 2572/1833/2314 2590/1852/2314 
f 2572/1833/2314 2591/1853/2315 2590/1852/2314 
f 2572/1833/2314 2573/1834/2315 2591/1853/2315 
f 2573/1834/2315 2592/1854/2316 2591/1853/2315 
f 2573/1834/2315 2574/1835/2316 2592/1854/2316 
f 2574/1835/2316 2593/1855/2317 2592/1854/2316 
f 2574/1835/2316 2575/1836/2317 2593/1855/2317 
f 2575/1836/2317 2594/1856/2318 2593/1855/2317 
f 2575/1836/2317 2576/1837/2318 2594/1856/2318 
f 2576/1837/2318 2595/1857/2319 2594/1856/2318 
f 2576/1837/2318 2577/1838/2319 2595/1857/2319 
f 2577/1838/2319 2596/1858/2320 2595/1857/2319 
f 2577/1838/2319 2578/1839/2320 2596/1858/2320 
f 2578/1839/2320 2597/1859/2321 2596/1858/2320 
f 2578/1839/2320 2579/1840/2321 2597/1859/2321 
f 2579/1840/2321 2598/1860/2322 2597/1859/2321 
f 2579/1840/2321 2580/1841/2322 2598/1860/2322 
f 2580/1841/2322 2582/1843/2305 2598/1860/2322 
f 2580/1841/2322 2564/1824/2305 2582/1843/2305 
f 2582/1843/2305 2599/1861/2306 2600/1862/2305 
f 2582/1843/2305 2581/1842/2306 2599/1861/2306 
f 2581/1842/2306 2601/1863/2307 2599/1861/2306 
f 2581/1842/2306 2583/1844/2307 2601/1863/2307 
f 2583/1844/2307 2602/1864/2308 2601/1863/2307 
f 2583/1844/2307 2584/1845/2308 2602/1864/2308 
f 2584/1845/2308 2603/1865/2309 2602/1864/2308 
f 2584/1845/2308 2585/1846/2309 2603/1865/2309 
f 2585/1848/2309 2604/1866/2310 2603/1867/2309 
f 2585/1848/2309 2586/1847/2310 2604/1866/2310 
f 2586/1847/2310 2605/1868/2311 2604/1866/2310 
f 2586/1847/2310 2587/1849/2311 2605/1868/2311 
f 2587/1849/2311 2606/1869/2312 2605/1868/2311 
f 2587/1849/2311 2588/1850/2312 2606/1869/2312 
f 2588/1850/2312 2607/1870/2313 2606/1869/2312 
f 2588/1850/2312 2589/1851/2313 2607/1870/2313 
f 2589/1851/2313 2608/1871/2323 2607/1870/2313 
f 2589/1851/2313 2590/1852/2314 2608/1871/2323 
f 2590/1852/2314 2609/1872/2315 2608/1871/2323 
f 2590/1852/2314 2591/1853/2315 2609/1872/2315 
f 2591/1853/2315 2610/1873/2316 2609/1872/2315 
f 2591/1853/2315 2592/1854/2316 2610/1873/2316 
f 2592/1854/2316 2611/1874/2317 2610/1873/2316 
f 2592/1854/2316 2593/1855/2317 2611/1874/2317 
f 2593/1855/2317 2612/1875/2318 2611/1874/2317 
f 2593/1855/2317 2594/1856/2318 2612/1875/2318 
f 2594/1856/2318 2613/1876/2319 2612/1875/2318 
f 2594/1856/2318 2595/1857/2319 2613/1876/2319 
f 2595/1857/2319 2614/1877/2320 2613/1876/2319 
f 2595/1857/2319 2596/1858/2320 2614/1877/2320 
f 2596/1858/2320 2615/1878/2321 2614/1877/2320 
f 2596/1858/2320 2597/1859/2321 2615/1878/2321 
f 2597/1859/2321 2616/1879/2322 2615/1878/2321 
f 2597/1859/2321 2598/1860/2322 2616/1879/2322 
f 2598/1860/2322 2600/1862/2305 2616/1879/2322 
f 2598/1860/2322 2582/1843/2305 2600/1862/2305 
f 2617/1880/2324 2600/1862/2324 2599/1861/2324 
f 2617/1880/2324 2599/1861/2324 2601/1863/2324 
f 2617/1880/2324 2601/1863/2324 2602/1864/2324 
f 2617/1880/2324 2602/1864/2324 2603/1865/2324 
f 2617/1880/2324 2603/1867/2324 2604/1866/2324 
f 2617/1880/2324 2604/1866/2324 2605/1868/2324 
f 2617/1880/2324 2605/1868/2324 2606/1869/2324 
f 2617/1880/2324 2606/1869/2324 2607/1870/2324 
f 2617/1880/2324 2607/1870/2324 2608/1871/2324 
f 2617/1880/2324 2608/1871/2324 2609/1872/2324 
f 2617/1880/2324 2609/1872/2324 2610/1873/2324 
f 2617/1880/2324 2610/1873/2324 2611/1874/2324 
f 2617/1880/2324 2611/1874/2324 2612/1875/2324 
f 2617/1880/2324 2612/1875/2324 2613/1876/2324 
f 2617/1880/2324 2613/1876/2324 2614/1877/2324 
f 2617/1880/2324 2614/1877/2324 2615/1878/2324 
f 2617/1880/2324 2615/1878/2324 2616/1879/2324 
f 2617/1880/2324 2616/1879/2324 2600/1862/2324 
# 216 faces

#
# object Cylinder002
#

v  2280.7908 1710.6802 -593.8656
v  2297.5291 1716.7725 -593.8656
v  2298.6033 1710.6802 -593.8656
v  2294.4360 1722.1299 -593.8656
v  2289.6970 1726.1062 -593.8656
v  2283.8838 1728.2220 -593.8656
v  2277.6978 1728.2220 -593.8656
v  2271.8845 1726.1062 -593.8656
v  2267.1455 1722.1299 -593.8656
v  2264.0525 1716.7725 -593.8656
v  2262.9783 1710.6802 -593.8656
v  2264.0525 1704.5879 -593.8656
v  2267.1455 1699.2305 -593.8656
v  2271.8845 1695.2542 -593.8656
v  2277.6978 1693.1383 -593.8656
v  2283.8838 1693.1383 -593.8656
v  2289.6970 1695.2542 -593.8656
v  2294.4360 1699.2305 -593.8656
v  2297.5291 1704.5879 -593.8656
v  2297.5291 1716.7725 -240.6718
v  2298.6033 1710.6802 -240.6718
v  2294.4360 1722.1299 -240.6718
v  2289.6970 1726.1062 -240.6718
v  2283.8838 1728.2220 -240.6718
v  2277.6978 1728.2220 -240.6718
v  2271.8845 1726.1062 -240.6718
v  2267.1455 1722.1299 -240.6718
v  2264.0525 1716.7725 -240.6718
v  2262.9783 1710.6802 -240.6718
v  2264.0525 1704.5879 -240.6718
v  2267.1455 1699.2305 -240.6718
v  2271.8845 1695.2542 -240.6718
v  2277.6978 1693.1383 -240.6718
v  2283.8838 1693.1383 -240.6718
v  2289.6970 1695.2542 -240.6718
v  2294.4360 1699.2305 -240.6718
v  2297.5291 1704.5879 -240.6718
v  2297.5291 1716.7725 112.5219
v  2298.6033 1710.6802 112.5219
v  2294.4360 1722.1299 112.5219
v  2289.6970 1726.1062 112.5219
v  2283.8838 1728.2220 112.5219
v  2277.6978 1728.2220 112.5219
v  2271.8845 1726.1062 112.5219
v  2267.1455 1722.1299 112.5219
v  2264.0525 1716.7725 112.5219
v  2262.9783 1710.6802 112.5219
v  2264.0525 1704.5879 112.5219
v  2267.1455 1699.2305 112.5219
v  2271.8845 1695.2542 112.5219
v  2277.6978 1693.1383 112.5219
v  2283.8838 1693.1383 112.5219
v  2289.6970 1695.2542 112.5219
v  2294.4360 1699.2305 112.5219
v  2297.5291 1704.5879 112.5219
v  2297.5291 1716.7725 465.7157
v  2298.6033 1710.6802 465.7157
v  2294.4360 1722.1299 465.7157
v  2289.6970 1726.1062 465.7157
v  2283.8838 1728.2220 465.7157
v  2277.6978 1728.2220 465.7157
v  2271.8845 1726.1062 465.7157
v  2267.1455 1722.1299 465.7157
v  2264.0525 1716.7725 465.7157
v  2262.9783 1710.6802 465.7157
v  2264.0525 1704.5879 465.7157
v  2267.1455 1699.2305 465.7157
v  2271.8845 1695.2542 465.7157
v  2277.6978 1693.1383 465.7157
v  2283.8838 1693.1383 465.7157
v  2289.6970 1695.2542 465.7157
v  2294.4360 1699.2305 465.7157
v  2297.5291 1704.5879 465.7157
v  2297.5291 1716.7725 818.9094
v  2298.6033 1710.6802 818.9094
v  2294.4360 1722.1299 818.9094
v  2289.6970 1726.1062 818.9094
v  2283.8838 1728.2220 818.9094
v  2277.6978 1728.2220 818.9094
v  2271.8845 1726.1062 818.9094
v  2267.1455 1722.1299 818.9094
v  2264.0525 1716.7725 818.9094
v  2262.9783 1710.6802 818.9094
v  2264.0525 1704.5879 818.9094
v  2267.1455 1699.2305 818.9094
v  2271.8845 1695.2542 818.9094
v  2277.6978 1693.1383 818.9094
v  2283.8838 1693.1383 818.9094
v  2289.6970 1695.2542 818.9094
v  2294.4360 1699.2305 818.9094
v  2297.5291 1704.5879 818.9094
v  2297.5291 1716.7725 1172.1031
v  2298.6033 1710.6802 1172.1031
v  2294.4360 1722.1299 1172.1031
v  2289.6970 1726.1062 1172.1031
v  2283.8838 1728.2220 1172.1031
v  2277.6978 1728.2220 1172.1031
v  2271.8845 1726.1062 1172.1031
v  2267.1455 1722.1299 1172.1031
v  2264.0525 1716.7725 1172.1031
v  2262.9783 1710.6802 1172.1031
v  2264.0525 1704.5879 1172.1031
v  2267.1455 1699.2305 1172.1031
v  2271.8845 1695.2542 1172.1031
v  2277.6978 1693.1383 1172.1031
v  2283.8838 1693.1383 1172.1031
v  2289.6970 1695.2542 1172.1031
v  2294.4360 1699.2305 1172.1031
v  2297.5291 1704.5879 1172.1031
v  2280.7908 1710.6802 1172.1031
# 110 vertices

vn 0.0000 0.0000 -1.0000
vn 1.0000 -0.0000 0.0000
vn 0.9397 0.3420 0.0000
vn 0.7660 0.6428 0.0000
vn 0.5000 0.8660 0.0000
vn 0.1736 0.9848 0.0000
vn -0.1736 0.9848 0.0000
vn -0.5000 0.8660 0.0000
vn -0.7660 0.6428 0.0000
vn -0.9397 0.3420 0.0000
vn -1.0000 0.0000 0.0000
vn -0.9397 -0.3420 0.0000
vn -0.7660 -0.6428 0.0000
vn -0.5000 -0.8660 0.0000
vn -0.1736 -0.9848 0.0000
vn 0.1736 -0.9848 0.0000
vn 0.5000 -0.8660 0.0000
vn 0.7660 -0.6428 0.0000
vn 0.9397 -0.3420 0.0000
vn -1.0000 -0.0000 0.0000
vn 0.0000 0.0000 1.0000
# 21 vertex normals

vt 0.5000 0.0000 0.0000
vt 0.8056 0.0000 1.0000
vt 0.7500 0.0000 1.0000
vt 0.8611 0.0000 1.0000
vt 0.9167 0.0000 1.0000
vt 0.9722 0.0000 1.0000
vt 0.0278 0.0000 1.0000
vt -0.0278 0.0000 1.0000
vt 0.0833 0.0000 1.0000
vt 0.1389 0.0000 1.0000
vt 0.1944 0.0000 1.0000
vt 0.2500 0.0000 1.0000
vt 0.3056 0.0000 1.0000
vt 0.3611 0.0000 1.0000
vt 0.4167 0.0000 1.0000
vt 0.4722 0.0000 1.0000
vt 0.5278 0.0000 1.0000
vt 0.5833 0.0000 1.0000
vt 0.6389 0.0000 1.0000
vt 0.6944 0.0000 1.0000
vt 0.8056 0.2000 1.0000
vt 0.7500 0.2000 1.0000
vt 0.8611 0.2000 1.0000
vt 0.9167 0.2000 1.0000
vt 0.9722 0.2000 1.0000
vt 0.0278 0.2000 1.0000
vt -0.0278 0.2000 1.0000
vt 0.0833 0.2000 1.0000
vt 0.1389 0.2000 1.0000
vt 0.1944 0.2000 1.0000
vt 0.2500 0.2000 1.0000
vt 0.3056 0.2000 1.0000
vt 0.3611 0.2000 1.0000
vt 0.4167 0.2000 1.0000
vt 0.4722 0.2000 1.0000
vt 0.5278 0.2000 1.0000
vt 0.5833 0.2000 1.0000
vt 0.6389 0.2000 1.0000
vt 0.6944 0.2000 1.0000
vt 0.8056 0.4000 1.0000
vt 0.7500 0.4000 1.0000
vt 0.8611 0.4000 1.0000
vt 0.9167 0.4000 1.0000
vt 0.9722 0.4000 1.0000
vt 0.0278 0.4000 1.0000
vt -0.0278 0.4000 1.0000
vt 0.0833 0.4000 1.0000
vt 0.1389 0.4000 1.0000
vt 0.1944 0.4000 1.0000
vt 0.2500 0.4000 1.0000
vt 0.3056 0.4000 1.0000
vt 0.3611 0.4000 1.0000
vt 0.4167 0.4000 1.0000
vt 0.4722 0.4000 1.0000
vt 0.5278 0.4000 1.0000
vt 0.5833 0.4000 1.0000
vt 0.6389 0.4000 1.0000
vt 0.6944 0.4000 1.0000
vt 0.8056 0.6000 1.0000
vt 0.7500 0.6000 1.0000
vt 0.8611 0.6000 1.0000
vt 0.9167 0.6000 1.0000
vt 0.9722 0.6000 1.0000
vt 0.0278 0.6000 1.0000
vt -0.0278 0.6000 1.0000
vt 0.0833 0.6000 1.0000
vt 0.1389 0.6000 1.0000
vt 0.1944 0.6000 1.0000
vt 0.2500 0.6000 1.0000
vt 0.3056 0.6000 1.0000
vt 0.3611 0.6000 1.0000
vt 0.4167 0.6000 1.0000
vt 0.4722 0.6000 1.0000
vt 0.5278 0.6000 1.0000
vt 0.5833 0.6000 1.0000
vt 0.6389 0.6000 1.0000
vt 0.6944 0.6000 1.0000
vt 0.8056 0.8000 1.0000
vt 0.7500 0.8000 1.0000
vt 0.8611 0.8000 1.0000
vt 0.9167 0.8000 1.0000
vt 0.9722 0.8000 1.0000
vt 0.0278 0.8000 1.0000
vt -0.0278 0.8000 1.0000
vt 0.0833 0.8000 1.0000
vt 0.1389 0.8000 1.0000
vt 0.1944 0.8000 1.0000
vt 0.2500 0.8000 1.0000
vt 0.3056 0.8000 1.0000
vt 0.3611 0.8000 1.0000
vt 0.4167 0.8000 1.0000
vt 0.4722 0.8000 1.0000
vt 0.5278 0.8000 1.0000
vt 0.5833 0.8000 1.0000
vt 0.6389 0.8000 1.0000
vt 0.6944 0.8000 1.0000
vt 0.8056 1.0000 1.0000
vt 0.7500 1.0000 1.0000
vt 0.8611 1.0000 1.0000
vt 0.9167 1.0000 1.0000
vt 0.9722 1.0000 1.0000
vt 0.0278 1.0000 1.0000
vt -0.0278 1.0000 1.0000
vt 0.0833 1.0000 1.0000
vt 0.1389 1.0000 1.0000
vt 0.1944 1.0000 1.0000
vt 0.2500 1.0000 1.0000
vt 0.3056 1.0000 1.0000
vt 0.3611 1.0000 1.0000
vt 0.4167 1.0000 1.0000
vt 0.4722 1.0000 1.0000
vt 0.5278 1.0000 1.0000
vt 0.5833 1.0000 1.0000
vt 0.6389 1.0000 1.0000
vt 0.6944 1.0000 1.0000
vt 0.5000 1.0000 0.0000
# 116 texture coords

g Cylinder002
f 2618/1881/2325 2619/1882/2325 2620/1883/2325 
f 2618/1881/2325 2621/1884/2325 2619/1882/2325 
f 2618/1881/2325 2622/1885/2325 2621/1884/2325 
f 2618/1881/2325 2623/1886/2325 2622/1885/2325 
f 2618/1881/2325 2624/1887/2325 2623/1888/2325 
f 2618/1881/2325 2625/1889/2325 2624/1887/2325 
f 2618/1881/2325 2626/1890/2325 2625/1889/2325 
f 2618/1881/2325 2627/1891/2325 2626/1890/2325 
f 2618/1881/2325 2628/1892/2325 2627/1891/2325 
f 2618/1881/2325 2629/1893/2325 2628/1892/2325 
f 2618/1881/2325 2630/1894/2325 2629/1893/2325 
f 2618/1881/2325 2631/1895/2325 2630/1894/2325 
f 2618/1881/2325 2632/1896/2325 2631/1895/2325 
f 2618/1881/2325 2633/1897/2325 2632/1896/2325 
f 2618/1881/2325 2634/1898/2325 2633/1897/2325 
f 2618/1881/2325 2635/1899/2325 2634/1898/2325 
f 2618/1881/2325 2636/1900/2325 2635/1899/2325 
f 2618/1881/2325 2620/1883/2325 2636/1900/2325 
f 2620/1883/2326 2637/1901/2327 2638/1902/2326 
f 2620/1883/2326 2619/1882/2327 2637/1901/2327 
f 2619/1882/2327 2639/1903/2328 2637/1901/2327 
f 2619/1882/2327 2621/1884/2328 2639/1903/2328 
f 2621/1884/2328 2640/1904/2329 2639/1903/2328 
f 2621/1884/2328 2622/1885/2329 2640/1904/2329 
f 2622/1885/2329 2641/1905/2330 2640/1904/2329 
f 2622/1885/2329 2623/1886/2330 2641/1905/2330 
f 2623/1888/2330 2642/1906/2331 2641/1907/2330 
f 2623/1888/2330 2624/1887/2331 2642/1906/2331 
f 2624/1887/2331 2643/1908/2332 2642/1906/2331 
f 2624/1887/2331 2625/1889/2332 2643/1908/2332 
f 2625/1889/2332 2644/1909/2333 2643/1908/2332 
f 2625/1889/2332 2626/1890/2333 2644/1909/2333 
f 2626/1890/2333 2645/1910/2334 2644/1909/2333 
f 2626/1890/2333 2627/1891/2334 2645/1910/2334 
f 2627/1891/2334 2646/1911/2335 2645/1910/2334 
f 2627/1891/2334 2628/1892/2335 2646/1911/2335 
f 2628/1892/2335 2647/1912/2336 2646/1911/2335 
f 2628/1892/2335 2629/1893/2336 2647/1912/2336 
f 2629/1893/2336 2648/1913/2337 2647/1912/2336 
f 2629/1893/2336 2630/1894/2337 2648/1913/2337 
f 2630/1894/2337 2649/1914/2338 2648/1913/2337 
f 2630/1894/2337 2631/1895/2338 2649/1914/2338 
f 2631/1895/2338 2650/1915/2339 2649/1914/2338 
f 2631/1895/2338 2632/1896/2339 2650/1915/2339 
f 2632/1896/2339 2651/1916/2340 2650/1915/2339 
f 2632/1896/2339 2633/1897/2340 2651/1916/2340 
f 2633/1897/2340 2652/1917/2341 2651/1916/2340 
f 2633/1897/2340 2634/1898/2341 2652/1917/2341 
f 2634/1898/2341 2653/1918/2342 2652/1917/2341 
f 2634/1898/2341 2635/1899/2342 2653/1918/2342 
f 2635/1899/2342 2654/1919/2343 2653/1918/2342 
f 2635/1899/2342 2636/1900/2343 2654/1919/2343 
f 2636/1900/2343 2638/1902/2326 2654/1919/2343 
f 2636/1900/2343 2620/1883/2326 2638/1902/2326 
f 2638/1902/2326 2655/1920/2327 2656/1921/2326 
f 2638/1902/2326 2637/1901/2327 2655/1920/2327 
f 2637/1901/2327 2657/1922/2328 2655/1920/2327 
f 2637/1901/2327 2639/1903/2328 2657/1922/2328 
f 2639/1903/2328 2658/1923/2329 2657/1922/2328 
f 2639/1903/2328 2640/1904/2329 2658/1923/2329 
f 2640/1904/2329 2659/1924/2330 2658/1923/2329 
f 2640/1904/2329 2641/1905/2330 2659/1924/2330 
f 2641/1907/2330 2660/1925/2331 2659/1926/2330 
f 2641/1907/2330 2642/1906/2331 2660/1925/2331 
f 2642/1906/2331 2661/1927/2332 2660/1925/2331 
f 2642/1906/2331 2643/1908/2332 2661/1927/2332 
f 2643/1908/2332 2662/1928/2333 2661/1927/2332 
f 2643/1908/2332 2644/1909/2333 2662/1928/2333 
f 2644/1909/2333 2663/1929/2334 2662/1928/2333 
f 2644/1909/2333 2645/1910/2334 2663/1929/2334 
f 2645/1910/2334 2664/1930/2344 2663/1929/2334 
f 2645/1910/2334 2646/1911/2335 2664/1930/2344 
f 2646/1911/2335 2665/1931/2336 2664/1930/2344 
f 2646/1911/2335 2647/1912/2336 2665/1931/2336 
f 2647/1912/2336 2666/1932/2337 2665/1931/2336 
f 2647/1912/2336 2648/1913/2337 2666/1932/2337 
f 2648/1913/2337 2667/1933/2338 2666/1932/2337 
f 2648/1913/2337 2649/1914/2338 2667/1933/2338 
f 2649/1914/2338 2668/1934/2339 2667/1933/2338 
f 2649/1914/2338 2650/1915/2339 2668/1934/2339 
f 2650/1915/2339 2669/1935/2340 2668/1934/2339 
f 2650/1915/2339 2651/1916/2340 2669/1935/2340 
f 2651/1916/2340 2670/1936/2341 2669/1935/2340 
f 2651/1916/2340 2652/1917/2341 2670/1936/2341 
f 2652/1917/2341 2671/1937/2342 2670/1936/2341 
f 2652/1917/2341 2653/1918/2342 2671/1937/2342 
f 2653/1918/2342 2672/1938/2343 2671/1937/2342 
f 2653/1918/2342 2654/1919/2343 2672/1938/2343 
f 2654/1919/2343 2656/1921/2326 2672/1938/2343 
f 2654/1919/2343 2638/1902/2326 2656/1921/2326 
f 2656/1921/2326 2673/1939/2327 2674/1940/2326 
f 2656/1921/2326 2655/1920/2327 2673/1939/2327 
f 2655/1920/2327 2675/1941/2328 2673/1939/2327 
f 2655/1920/2327 2657/1922/2328 2675/1941/2328 
f 2657/1922/2328 2676/1942/2329 2675/1941/2328 
f 2657/1922/2328 2658/1923/2329 2676/1942/2329 
f 2658/1923/2329 2677/1943/2330 2676/1942/2329 
f 2658/1923/2329 2659/1924/2330 2677/1943/2330 
f 2659/1926/2330 2678/1944/2331 2677/1945/2330 
f 2659/1926/2330 2660/1925/2331 2678/1944/2331 
f 2660/1925/2331 2679/1946/2332 2678/1944/2331 
f 2660/1925/2331 2661/1927/2332 2679/1946/2332 
f 2661/1927/2332 2680/1947/2333 2679/1946/2332 
f 2661/1927/2332 2662/1928/2333 2680/1947/2333 
f 2662/1928/2333 2681/1948/2334 2680/1947/2333 
f 2662/1928/2333 2663/1929/2334 2681/1948/2334 
f 2663/1929/2334 2682/1949/2335 2681/1948/2334 
f 2663/1929/2334 2664/1930/2344 2682/1949/2335 
f 2664/1930/2344 2683/1950/2336 2682/1949/2335 
f 2664/1930/2344 2665/1931/2336 2683/1950/2336 
f 2665/1931/2336 2684/1951/2337 2683/1950/2336 
f 2665/1931/2336 2666/1932/2337 2684/1951/2337 
f 2666/1932/2337 2685/1952/2338 2684/1951/2337 
f 2666/1932/2337 2667/1933/2338 2685/1952/2338 
f 2667/1933/2338 2686/1953/2339 2685/1952/2338 
f 2667/1933/2338 2668/1934/2339 2686/1953/2339 
f 2668/1934/2339 2687/1954/2340 2686/1953/2339 
f 2668/1934/2339 2669/1935/2340 2687/1954/2340 
f 2669/1935/2340 2688/1955/2341 2687/1954/2340 
f 2669/1935/2340 2670/1936/2341 2688/1955/2341 
f 2670/1936/2341 2689/1956/2342 2688/1955/2341 
f 2670/1936/2341 2671/1937/2342 2689/1956/2342 
f 2671/1937/2342 2690/1957/2343 2689/1956/2342 
f 2671/1937/2342 2672/1938/2343 2690/1957/2343 
f 2672/1938/2343 2674/1940/2326 2690/1957/2343 
f 2672/1938/2343 2656/1921/2326 2674/1940/2326 
f 2674/1940/2326 2691/1958/2327 2692/1959/2326 
f 2674/1940/2326 2673/1939/2327 2691/1958/2327 
f 2673/1939/2327 2693/1960/2328 2691/1958/2327 
f 2673/1939/2327 2675/1941/2328 2693/1960/2328 
f 2675/1941/2328 2694/1961/2329 2693/1960/2328 
f 2675/1941/2328 2676/1942/2329 2694/1961/2329 
f 2676/1942/2329 2695/1962/2330 2694/1961/2329 
f 2676/1942/2329 2677/1943/2330 2695/1962/2330 
f 2677/1945/2330 2696/1963/2331 2695/1964/2330 
f 2677/1945/2330 2678/1944/2331 2696/1963/2331 
f 2678/1944/2331 2697/1965/2332 2696/1963/2331 
f 2678/1944/2331 2679/1946/2332 2697/1965/2332 
f 2679/1946/2332 2698/1966/2333 2697/1965/2332 
f 2679/1946/2332 2680/1947/2333 2698/1966/2333 
f 2680/1947/2333 2699/1967/2334 2698/1966/2333 
f 2680/1947/2333 2681/1948/2334 2699/1967/2334 
f 2681/1948/2334 2700/1968/2335 2699/1967/2334 
f 2681/1948/2334 2682/1949/2335 2700/1968/2335 
f 2682/1949/2335 2701/1969/2336 2700/1968/2335 
f 2682/1949/2335 2683/1950/2336 2701/1969/2336 
f 2683/1950/2336 2702/1970/2337 2701/1969/2336 
f 2683/1950/2336 2684/1951/2337 2702/1970/2337 
f 2684/1951/2337 2703/1971/2338 2702/1970/2337 
f 2684/1951/2337 2685/1952/2338 2703/1971/2338 
f 2685/1952/2338 2704/1972/2339 2703/1971/2338 
f 2685/1952/2338 2686/1953/2339 2704/1972/2339 
f 2686/1953/2339 2705/1973/2340 2704/1972/2339 
f 2686/1953/2339 2687/1954/2340 2705/1973/2340 
f 2687/1954/2340 2706/1974/2341 2705/1973/2340 
f 2687/1954/2340 2688/1955/2341 2706/1974/2341 
f 2688/1955/2341 2707/1975/2342 2706/1974/2341 
f 2688/1955/2341 2689/1956/2342 2707/1975/2342 
f 2689/1956/2342 2708/1976/2343 2707/1975/2342 
f 2689/1956/2342 2690/1957/2343 2708/1976/2343 
f 2690/1957/2343 2692/1959/2326 2708/1976/2343 
f 2690/1957/2343 2674/1940/2326 2692/1959/2326 
f 2692/1959/2326 2709/1977/2327 2710/1978/2326 
f 2692/1959/2326 2691/1958/2327 2709/1977/2327 
f 2691/1958/2327 2711/1979/2328 2709/1977/2327 
f 2691/1958/2327 2693/1960/2328 2711/1979/2328 
f 2693/1960/2328 2712/1980/2329 2711/1979/2328 
f 2693/1960/2328 2694/1961/2329 2712/1980/2329 
f 2694/1961/2329 2713/1981/2330 2712/1980/2329 
f 2694/1961/2329 2695/1962/2330 2713/1981/2330 
f 2695/1964/2330 2714/1982/2331 2713/1983/2330 
f 2695/1964/2330 2696/1963/2331 2714/1982/2331 
f 2696/1963/2331 2715/1984/2332 2714/1982/2331 
f 2696/1963/2331 2697/1965/2332 2715/1984/2332 
f 2697/1965/2332 2716/1985/2333 2715/1984/2332 
f 2697/1965/2332 2698/1966/2333 2716/1985/2333 
f 2698/1966/2333 2717/1986/2334 2716/1985/2333 
f 2698/1966/2333 2699/1967/2334 2717/1986/2334 
f 2699/1967/2334 2718/1987/2344 2717/1986/2334 
f 2699/1967/2334 2700/1968/2335 2718/1987/2344 
f 2700/1968/2335 2719/1988/2336 2718/1987/2344 
f 2700/1968/2335 2701/1969/2336 2719/1988/2336 
f 2701/1969/2336 2720/1989/2337 2719/1988/2336 
f 2701/1969/2336 2702/1970/2337 2720/1989/2337 
f 2702/1970/2337 2721/1990/2338 2720/1989/2337 
f 2702/1970/2337 2703/1971/2338 2721/1990/2338 
f 2703/1971/2338 2722/1991/2339 2721/1990/2338 
f 2703/1971/2338 2704/1972/2339 2722/1991/2339 
f 2704/1972/2339 2723/1992/2340 2722/1991/2339 
f 2704/1972/2339 2705/1973/2340 2723/1992/2340 
f 2705/1973/2340 2724/1993/2341 2723/1992/2340 
f 2705/1973/2340 2706/1974/2341 2724/1993/2341 
f 2706/1974/2341 2725/1994/2342 2724/1993/2341 
f 2706/1974/2341 2707/1975/2342 2725/1994/2342 
f 2707/1975/2342 2726/1995/2343 2725/1994/2342 
f 2707/1975/2342 2708/1976/2343 2726/1995/2343 
f 2708/1976/2343 2710/1978/2326 2726/1995/2343 
f 2708/1976/2343 2692/1959/2326 2710/1978/2326 
f 2727/1996/2345 2710/1978/2345 2709/1977/2345 
f 2727/1996/2345 2709/1977/2345 2711/1979/2345 
f 2727/1996/2345 2711/1979/2345 2712/1980/2345 
f 2727/1996/2345 2712/1980/2345 2713/1981/2345 
f 2727/1996/2345 2713/1983/2345 2714/1982/2345 
f 2727/1996/2345 2714/1982/2345 2715/1984/2345 
f 2727/1996/2345 2715/1984/2345 2716/1985/2345 
f 2727/1996/2345 2716/1985/2345 2717/1986/2345 
f 2727/1996/2345 2717/1986/2345 2718/1987/2345 
f 2727/1996/2345 2718/1987/2345 2719/1988/2345 
f 2727/1996/2345 2719/1988/2345 2720/1989/2345 
f 2727/1996/2345 2720/1989/2345 2721/1990/2345 
f 2727/1996/2345 2721/1990/2345 2722/1991/2345 
f 2727/1996/2345 2722/1991/2345 2723/1992/2345 
f 2727/1996/2345 2723/1992/2345 2724/1993/2345 
f 2727/1996/2345 2724/1993/2345 2725/1994/2345 
f 2727/1996/2345 2725/1994/2345 2726/1995/2345 
f 2727/1996/2345 2726/1995/2345 2710/1978/2345 
# 216 faces

#
# object Cylinder003
#

v  2305.5029 1701.6210 871.2466
v  2309.1201 1719.0751 878.1093
v  2305.5029 1701.6210 878.5497
v  2312.3010 1734.4240 876.8411
v  2314.6621 1745.8163 874.8981
v  2315.9182 1751.8781 872.5148
v  2315.9182 1751.8781 869.9784
v  2314.6621 1745.8163 867.5950
v  2312.3010 1734.4240 865.6520
v  2309.1201 1719.0751 864.3839
v  2305.5029 1701.6210 863.9435
v  2301.8857 1684.1669 864.3839
v  2298.7048 1668.8180 865.6520
v  2296.3438 1657.4257 867.5950
v  2295.0876 1651.3639 869.9784
v  2295.0876 1651.3639 872.5148
v  2296.3438 1657.4257 874.8981
v  2298.7048 1668.8180 876.8411
v  2301.8857 1684.1669 878.1093
v  2105.5078 1761.2719 878.1093
v  2101.8906 1743.8177 878.5497
v  2108.6887 1776.6207 876.8411
v  2111.0498 1788.0131 874.8981
v  2112.3059 1794.0748 872.5148
v  2112.3059 1794.0748 869.9784
v  2111.0498 1788.0131 867.5950
v  2108.6887 1776.6207 865.6520
v  2105.5078 1761.2719 864.3839
v  2101.8906 1743.8177 863.9435
v  2098.2734 1726.3636 864.3839
v  2095.0925 1711.0148 865.6520
v  2092.7317 1699.6224 867.5950
v  2091.4753 1693.5607 869.9784
v  2091.4753 1693.5607 872.5148
v  2092.7317 1699.6224 874.8981
v  2095.0925 1711.0148 876.8411
v  2098.2734 1726.3636 878.1093
v  1901.8955 1803.4686 878.1093
v  1898.2783 1786.0145 878.5497
v  1905.0764 1818.8175 876.8411
v  1907.4375 1830.2098 874.8981
v  1908.6937 1836.2716 872.5148
v  1908.6937 1836.2715 869.9784
v  1907.4375 1830.2098 867.5950
v  1905.0764 1818.8175 865.6520
v  1901.8955 1803.4686 864.3839
v  1898.2783 1786.0145 863.9435
v  1894.6611 1768.5604 864.3839
v  1891.4802 1753.2115 865.6520
v  1889.1194 1741.8192 867.5950
v  1887.8630 1735.7574 869.9784
v  1887.8630 1735.7574 872.5148
v  1889.1194 1741.8192 874.8981
v  1891.4802 1753.2115 876.8411
v  1894.6611 1768.5604 878.1093
v  1698.2833 1845.6654 878.1093
v  1694.6661 1828.2113 878.5497
v  1701.4642 1861.0142 876.8411
v  1703.8252 1872.4066 874.8981
v  1705.0814 1878.4683 872.5148
v  1705.0814 1878.4683 869.9784
v  1703.8252 1872.4066 867.5950
v  1701.4642 1861.0142 865.6520
v  1698.2833 1845.6654 864.3839
v  1694.6661 1828.2113 863.9435
v  1691.0490 1810.7572 864.3839
v  1687.8680 1795.4083 865.6520
v  1685.5071 1784.0160 867.5950
v  1684.2509 1777.9542 869.9784
v  1684.2509 1777.9542 872.5148
v  1685.5071 1784.0160 874.8981
v  1687.8680 1795.4083 876.8411
v  1691.0490 1810.7571 878.1093
v  1494.6710 1887.8621 878.1093
v  1491.0538 1870.4081 878.5497
v  1497.8519 1903.2109 876.8411
v  1500.2129 1914.6034 874.8981
v  1501.4691 1920.6650 872.5148
v  1501.4691 1920.6650 869.9784
v  1500.2129 1914.6033 867.5950
v  1497.8519 1903.2109 865.6520
v  1494.6710 1887.8621 864.3839
v  1491.0538 1870.4081 863.9435
v  1487.4366 1852.9540 864.3839
v  1484.2557 1837.6051 865.6520
v  1481.8948 1826.2128 867.5950
v  1480.6385 1820.1510 869.9784
v  1480.6385 1820.1510 872.5148
v  1481.8948 1826.2128 874.8981
v  1484.2557 1837.6050 876.8411
v  1487.4366 1852.9539 878.1093
v  1291.0588 1930.0588 878.1093
v  1287.4417 1912.6047 878.5497
v  1294.2397 1945.4077 876.8411
v  1296.6006 1956.8000 874.8981
v  1297.8569 1962.8618 872.5148
v  1297.8569 1962.8618 869.9784
v  1296.6006 1956.8000 867.5950
v  1294.2397 1945.4077 865.6520
v  1291.0588 1930.0588 864.3839
v  1287.4417 1912.6049 863.9434
v  1283.8245 1895.1508 864.3839
v  1280.6434 1879.8019 865.6520
v  1278.2825 1868.4095 867.5950
v  1277.0262 1862.3478 869.9784
v  1277.0262 1862.3478 872.5148
v  1278.2825 1868.4094 874.8981
v  1280.6434 1879.8018 876.8411
v  1283.8245 1895.1506 878.1093
v  1287.4417 1912.6047 871.2466
# 110 vertices

vn 0.9792 -0.2029 0.0000
vn -0.0000 -0.0000 1.0000
vn 0.0694 0.3349 0.9397
vn 0.1304 0.6294 0.7660
vn 0.1757 0.8480 0.5000
vn 0.1998 0.9643 0.1736
vn 0.1998 0.9643 -0.1736
vn 0.1757 0.8480 -0.5000
vn 0.1304 0.6294 -0.7660
vn 0.0694 0.3349 -0.9397
vn 0.0000 0.0000 -1.0000
vn -0.0694 -0.3349 -0.9397
vn -0.1304 -0.6294 -0.7660
vn -0.1757 -0.8480 -0.5000
vn -0.1998 -0.9643 -0.1736
vn -0.1998 -0.9643 0.1736
vn -0.1757 -0.8480 0.5000
vn -0.1304 -0.6294 0.7660
vn -0.0694 -0.3349 0.9397
vn -0.9792 0.2029 -0.0000
# 20 vertex normals

vt 0.5000 0.0000 0.0000
vt 0.8056 0.0000 1.0000
vt 0.7500 0.0000 1.0000
vt 0.8611 0.0000 1.0000
vt 0.9167 0.0000 1.0000
vt 0.9722 0.0000 1.0000
vt 0.0278 0.0000 1.0000
vt -0.0278 0.0000 1.0000
vt 0.0833 0.0000 1.0000
vt 0.1389 0.0000 1.0000
vt 0.1944 0.0000 1.0000
vt 0.2500 0.0000 1.0000
vt 0.3056 0.0000 1.0000
vt 0.3611 0.0000 1.0000
vt 0.4167 0.0000 1.0000
vt 0.4722 0.0000 1.0000
vt 0.5278 0.0000 1.0000
vt 0.5833 0.0000 1.0000
vt 0.6389 0.0000 1.0000
vt 0.6944 0.0000 1.0000
vt 0.8056 0.2000 1.0000
vt 0.7500 0.2000 1.0000
vt 0.8611 0.2000 1.0000
vt 0.9167 0.2000 1.0000
vt 0.9722 0.2000 1.0000
vt 0.0278 0.2000 1.0000
vt -0.0278 0.2000 1.0000
vt 0.0833 0.2000 1.0000
vt 0.1389 0.2000 1.0000
vt 0.1944 0.2000 1.0000
vt 0.2500 0.2000 1.0000
vt 0.3056 0.2000 1.0000
vt 0.3611 0.2000 1.0000
vt 0.4167 0.2000 1.0000
vt 0.4722 0.2000 1.0000
vt 0.5278 0.2000 1.0000
vt 0.5833 0.2000 1.0000
vt 0.6389 0.2000 1.0000
vt 0.6944 0.2000 1.0000
vt 0.8056 0.4000 1.0000
vt 0.7500 0.4000 1.0000
vt 0.8611 0.4000 1.0000
vt 0.9167 0.4000 1.0000
vt 0.9722 0.4000 1.0000
vt 0.0278 0.4000 1.0000
vt -0.0278 0.4000 1.0000
vt 0.0833 0.4000 1.0000
vt 0.1389 0.4000 1.0000
vt 0.1944 0.4000 1.0000
vt 0.2500 0.4000 1.0000
vt 0.3056 0.4000 1.0000
vt 0.3611 0.4000 1.0000
vt 0.4167 0.4000 1.0000
vt 0.4722 0.4000 1.0000
vt 0.5278 0.4000 1.0000
vt 0.5833 0.4000 1.0000
vt 0.6389 0.4000 1.0000
vt 0.6944 0.4000 1.0000
vt 0.8056 0.6000 1.0000
vt 0.7500 0.6000 1.0000
vt 0.8611 0.6000 1.0000
vt 0.9167 0.6000 1.0000
vt 0.9722 0.6000 1.0000
vt 0.0278 0.6000 1.0000
vt -0.0278 0.6000 1.0000
vt 0.0833 0.6000 1.0000
vt 0.1389 0.6000 1.0000
vt 0.1944 0.6000 1.0000
vt 0.2500 0.6000 1.0000
vt 0.3056 0.6000 1.0000
vt 0.3611 0.6000 1.0000
vt 0.4167 0.6000 1.0000
vt 0.4722 0.6000 1.0000
vt 0.5278 0.6000 1.0000
vt 0.5833 0.6000 1.0000
vt 0.6389 0.6000 1.0000
vt 0.6944 0.6000 1.0000
vt 0.8056 0.8000 1.0000
vt 0.7500 0.8000 1.0000
vt 0.8611 0.8000 1.0000
vt 0.9167 0.8000 1.0000
vt 0.9722 0.8000 1.0000
vt 0.0278 0.8000 1.0000
vt -0.0278 0.8000 1.0000
vt 0.0833 0.8000 1.0000
vt 0.1389 0.8000 1.0000
vt 0.1944 0.8000 1.0000
vt 0.2500 0.8000 1.0000
vt 0.3056 0.8000 1.0000
vt 0.3611 0.8000 1.0000
vt 0.4167 0.8000 1.0000
vt 0.4722 0.8000 1.0000
vt 0.5278 0.8000 1.0000
vt 0.5833 0.8000 1.0000
vt 0.6389 0.8000 1.0000
vt 0.6944 0.8000 1.0000
vt 0.8056 1.0000 1.0000
vt 0.7500 1.0000 1.0000
vt 0.8611 1.0000 1.0000
vt 0.9167 1.0000 1.0000
vt 0.9722 1.0000 1.0000
vt 0.0278 1.0000 1.0000
vt -0.0278 1.0000 1.0000
vt 0.0833 1.0000 1.0000
vt 0.1389 1.0000 1.0000
vt 0.1944 1.0000 1.0000
vt 0.2500 1.0000 1.0000
vt 0.3056 1.0000 1.0000
vt 0.3611 1.0000 1.0000
vt 0.4167 1.0000 1.0000
vt 0.4722 1.0000 1.0000
vt 0.5278 1.0000 1.0000
vt 0.5833 1.0000 1.0000
vt 0.6389 1.0000 1.0000
vt 0.6944 1.0000 1.0000
vt 0.5000 1.0000 0.0000
# 116 texture coords

g Cylinder003
f 2728/1997/2346 2729/1998/2346 2730/1999/2346 
f 2728/1997/2346 2731/2000/2346 2729/1998/2346 
f 2728/1997/2346 2732/2001/2346 2731/2000/2346 
f 2728/1997/2346 2733/2002/2346 2732/2001/2346 
f 2728/1997/2346 2734/2003/2346 2733/2004/2346 
f 2728/1997/2346 2735/2005/2346 2734/2003/2346 
f 2728/1997/2346 2736/2006/2346 2735/2005/2346 
f 2728/1997/2346 2737/2007/2346 2736/2006/2346 
f 2728/1997/2346 2738/2008/2346 2737/2007/2346 
f 2728/1997/2346 2739/2009/2346 2738/2008/2346 
f 2728/1997/2346 2740/2010/2346 2739/2009/2346 
f 2728/1997/2346 2741/2011/2346 2740/2010/2346 
f 2728/1997/2346 2742/2012/2346 2741/2011/2346 
f 2728/1997/2346 2743/2013/2346 2742/2012/2346 
f 2728/1997/2346 2744/2014/2346 2743/2013/2346 
f 2728/1997/2346 2745/2015/2346 2744/2014/2346 
f 2728/1997/2346 2746/2016/2346 2745/2015/2346 
f 2728/1997/2346 2730/1999/2346 2746/2016/2346 
f 2730/1999/2347 2747/2017/2348 2748/2018/2347 
f 2730/1999/2347 2729/1998/2348 2747/2017/2348 
f 2729/1998/2348 2749/2019/2349 2747/2017/2348 
f 2729/1998/2348 2731/2000/2349 2749/2019/2349 
f 2731/2000/2349 2750/2020/2350 2749/2019/2349 
f 2731/2000/2349 2732/2001/2350 2750/2020/2350 
f 2732/2001/2350 2751/2021/2351 2750/2020/2350 
f 2732/2001/2350 2733/2002/2351 2751/2021/2351 
f 2733/2004/2351 2752/2022/2352 2751/2023/2351 
f 2733/2004/2351 2734/2003/2352 2752/2022/2352 
f 2734/2003/2352 2753/2024/2353 2752/2022/2352 
f 2734/2003/2352 2735/2005/2353 2753/2024/2353 
f 2735/2005/2353 2754/2025/2354 2753/2024/2353 
f 2735/2005/2353 2736/2006/2354 2754/2025/2354 
f 2736/2006/2354 2755/2026/2355 2754/2025/2354 
f 2736/2006/2354 2737/2007/2355 2755/2026/2355 
f 2737/2007/2355 2756/2027/2356 2755/2026/2355 
f 2737/2007/2355 2738/2008/2356 2756/2027/2356 
f 2738/2008/2356 2757/2028/2357 2756/2027/2356 
f 2738/2008/2356 2739/2009/2357 2757/2028/2357 
f 2739/2009/2357 2758/2029/2358 2757/2028/2357 
f 2739/2009/2357 2740/2010/2358 2758/2029/2358 
f 2740/2010/2358 2759/2030/2359 2758/2029/2358 
f 2740/2010/2358 2741/2011/2359 2759/2030/2359 
f 2741/2011/2359 2760/2031/2360 2759/2030/2359 
f 2741/2011/2359 2742/2012/2360 2760/2031/2360 
f 2742/2012/2360 2761/2032/2361 2760/2031/2360 
f 2742/2012/2360 2743/2013/2361 2761/2032/2361 
f 2743/2013/2361 2762/2033/2362 2761/2032/2361 
f 2743/2013/2361 2744/2014/2362 2762/2033/2362 
f 2744/2014/2362 2763/2034/2363 2762/2033/2362 
f 2744/2014/2362 2745/2015/2363 2763/2034/2363 
f 2745/2015/2363 2764/2035/2364 2763/2034/2363 
f 2745/2015/2363 2746/2016/2364 2764/2035/2364 
f 2746/2016/2364 2748/2018/2347 2764/2035/2364 
f 2746/2016/2364 2730/1999/2347 2748/2018/2347 
f 2748/2018/2347 2765/2036/2348 2766/2037/2347 
f 2748/2018/2347 2747/2017/2348 2765/2036/2348 
f 2747/2017/2348 2767/2038/2349 2765/2036/2348 
f 2747/2017/2348 2749/2019/2349 2767/2038/2349 
f 2749/2019/2349 2768/2039/2350 2767/2038/2349 
f 2749/2019/2349 2750/2020/2350 2768/2039/2350 
f 2750/2020/2350 2769/2040/2351 2768/2039/2350 
f 2750/2020/2350 2751/2021/2351 2769/2040/2351 
f 2751/2023/2351 2770/2041/2352 2769/2042/2351 
f 2751/2023/2351 2752/2022/2352 2770/2041/2352 
f 2752/2022/2352 2771/2043/2353 2770/2041/2352 
f 2752/2022/2352 2753/2024/2353 2771/2043/2353 
f 2753/2024/2353 2772/2044/2354 2771/2043/2353 
f 2753/2024/2353 2754/2025/2354 2772/2044/2354 
f 2754/2025/2354 2773/2045/2355 2772/2044/2354 
f 2754/2025/2354 2755/2026/2355 2773/2045/2355 
f 2755/2026/2355 2774/2046/2356 2773/2045/2355 
f 2755/2026/2355 2756/2027/2356 2774/2046/2356 
f 2756/2027/2356 2775/2047/2357 2774/2046/2356 
f 2756/2027/2356 2757/2028/2357 2775/2047/2357 
f 2757/2028/2357 2776/2048/2358 2775/2047/2357 
f 2757/2028/2357 2758/2029/2358 2776/2048/2358 
f 2758/2029/2358 2777/2049/2359 2776/2048/2358 
f 2758/2029/2358 2759/2030/2359 2777/2049/2359 
f 2759/2030/2359 2778/2050/2360 2777/2049/2359 
f 2759/2030/2359 2760/2031/2360 2778/2050/2360 
f 2760/2031/2360 2779/2051/2361 2778/2050/2360 
f 2760/2031/2360 2761/2032/2361 2779/2051/2361 
f 2761/2032/2361 2780/2052/2362 2779/2051/2361 
f 2761/2032/2361 2762/2033/2362 2780/2052/2362 
f 2762/2033/2362 2781/2053/2363 2780/2052/2362 
f 2762/2033/2362 2763/2034/2363 2781/2053/2363 
f 2763/2034/2363 2782/2054/2364 2781/2053/2363 
f 2763/2034/2363 2764/2035/2364 2782/2054/2364 
f 2764/2035/2364 2766/2037/2347 2782/2054/2364 
f 2764/2035/2364 2748/2018/2347 2766/2037/2347 
f 2766/2037/2347 2783/2055/2348 2784/2056/2347 
f 2766/2037/2347 2765/2036/2348 2783/2055/2348 
f 2765/2036/2348 2785/2057/2349 2783/2055/2348 
f 2765/2036/2348 2767/2038/2349 2785/2057/2349 
f 2767/2038/2349 2786/2058/2350 2785/2057/2349 
f 2767/2038/2349 2768/2039/2350 2786/2058/2350 
f 2768/2039/2350 2787/2059/2351 2786/2058/2350 
f 2768/2039/2350 2769/2040/2351 2787/2059/2351 
f 2769/2042/2351 2788/2060/2352 2787/2061/2351 
f 2769/2042/2351 2770/2041/2352 2788/2060/2352 
f 2770/2041/2352 2789/2062/2353 2788/2060/2352 
f 2770/2041/2352 2771/2043/2353 2789/2062/2353 
f 2771/2043/2353 2790/2063/2354 2789/2062/2353 
f 2771/2043/2353 2772/2044/2354 2790/2063/2354 
f 2772/2044/2354 2791/2064/2355 2790/2063/2354 
f 2772/2044/2354 2773/2045/2355 2791/2064/2355 
f 2773/2045/2355 2792/2065/2356 2791/2064/2355 
f 2773/2045/2355 2774/2046/2356 2792/2065/2356 
f 2774/2046/2356 2793/2066/2357 2792/2065/2356 
f 2774/2046/2356 2775/2047/2357 2793/2066/2357 
f 2775/2047/2357 2794/2067/2358 2793/2066/2357 
f 2775/2047/2357 2776/2048/2358 2794/2067/2358 
f 2776/2048/2358 2795/2068/2359 2794/2067/2358 
f 2776/2048/2358 2777/2049/2359 2795/2068/2359 
f 2777/2049/2359 2796/2069/2360 2795/2068/2359 
f 2777/2049/2359 2778/2050/2360 2796/2069/2360 
f 2778/2050/2360 2797/2070/2361 2796/2069/2360 
f 2778/2050/2360 2779/2051/2361 2797/2070/2361 
f 2779/2051/2361 2798/2071/2362 2797/2070/2361 
f 2779/2051/2361 2780/2052/2362 2798/2071/2362 
f 2780/2052/2362 2799/2072/2363 2798/2071/2362 
f 2780/2052/2362 2781/2053/2363 2799/2072/2363 
f 2781/2053/2363 2800/2073/2364 2799/2072/2363 
f 2781/2053/2363 2782/2054/2364 2800/2073/2364 
f 2782/2054/2364 2784/2056/2347 2800/2073/2364 
f 2782/2054/2364 2766/2037/2347 2784/2056/2347 
f 2784/2056/2347 2801/2074/2348 2802/2075/2347 
f 2784/2056/2347 2783/2055/2348 2801/2074/2348 
f 2783/2055/2348 2803/2076/2349 2801/2074/2348 
f 2783/2055/2348 2785/2057/2349 2803/2076/2349 
f 2785/2057/2349 2804/2077/2350 2803/2076/2349 
f 2785/2057/2349 2786/2058/2350 2804/2077/2350 
f 2786/2058/2350 2805/2078/2351 2804/2077/2350 
f 2786/2058/2350 2787/2059/2351 2805/2078/2351 
f 2787/2061/2351 2806/2079/2352 2805/2080/2351 
f 2787/2061/2351 2788/2060/2352 2806/2079/2352 
f 2788/2060/2352 2807/2081/2353 2806/2079/2352 
f 2788/2060/2352 2789/2062/2353 2807/2081/2353 
f 2789/2062/2353 2808/2082/2354 2807/2081/2353 
f 2789/2062/2353 2790/2063/2354 2808/2082/2354 
f 2790/2063/2354 2809/2083/2355 2808/2082/2354 
f 2790/2063/2354 2791/2064/2355 2809/2083/2355 
f 2791/2064/2355 2810/2084/2356 2809/2083/2355 
f 2791/2064/2355 2792/2065/2356 2810/2084/2356 
f 2792/2065/2356 2811/2085/2357 2810/2084/2356 
f 2792/2065/2356 2793/2066/2357 2811/2085/2357 
f 2793/2066/2357 2812/2086/2358 2811/2085/2357 
f 2793/2066/2357 2794/2067/2358 2812/2086/2358 
f 2794/2067/2358 2813/2087/2359 2812/2086/2358 
f 2794/2067/2358 2795/2068/2359 2813/2087/2359 
f 2795/2068/2359 2814/2088/2360 2813/2087/2359 
f 2795/2068/2359 2796/2069/2360 2814/2088/2360 
f 2796/2069/2360 2815/2089/2361 2814/2088/2360 
f 2796/2069/2360 2797/2070/2361 2815/2089/2361 
f 2797/2070/2361 2816/2090/2362 2815/2089/2361 
f 2797/2070/2361 2798/2071/2362 2816/2090/2362 
f 2798/2071/2362 2817/2091/2363 2816/2090/2362 
f 2798/2071/2362 2799/2072/2363 2817/2091/2363 
f 2799/2072/2363 2818/2092/2364 2817/2091/2363 
f 2799/2072/2363 2800/2073/2364 2818/2092/2364 
f 2800/2073/2364 2802/2075/2347 2818/2092/2364 
f 2800/2073/2364 2784/2056/2347 2802/2075/2347 
f 2802/2075/2347 2819/2093/2348 2820/2094/2347 
f 2802/2075/2347 2801/2074/2348 2819/2093/2348 
f 2801/2074/2348 2821/2095/2349 2819/2093/2348 
f 2801/2074/2348 2803/2076/2349 2821/2095/2349 
f 2803/2076/2349 2822/2096/2350 2821/2095/2349 
f 2803/2076/2349 2804/2077/2350 2822/2096/2350 
f 2804/2077/2350 2823/2097/2351 2822/2096/2350 
f 2804/2077/2350 2805/2078/2351 2823/2097/2351 
f 2805/2080/2351 2824/2098/2352 2823/2099/2351 
f 2805/2080/2351 2806/2079/2352 2824/2098/2352 
f 2806/2079/2352 2825/2100/2353 2824/2098/2352 
f 2806/2079/2352 2807/2081/2353 2825/2100/2353 
f 2807/2081/2353 2826/2101/2354 2825/2100/2353 
f 2807/2081/2353 2808/2082/2354 2826/2101/2354 
f 2808/2082/2354 2827/2102/2355 2826/2101/2354 
f 2808/2082/2354 2809/2083/2355 2827/2102/2355 
f 2809/2083/2355 2828/2103/2356 2827/2102/2355 
f 2809/2083/2355 2810/2084/2356 2828/2103/2356 
f 2810/2084/2356 2829/2104/2357 2828/2103/2356 
f 2810/2084/2356 2811/2085/2357 2829/2104/2357 
f 2811/2085/2357 2830/2105/2358 2829/2104/2357 
f 2811/2085/2357 2812/2086/2358 2830/2105/2358 
f 2812/2086/2358 2831/2106/2359 2830/2105/2358 
f 2812/2086/2358 2813/2087/2359 2831/2106/2359 
f 2813/2087/2359 2832/2107/2360 2831/2106/2359 
f 2813/2087/2359 2814/2088/2360 2832/2107/2360 
f 2814/2088/2360 2833/2108/2361 2832/2107/2360 
f 2814/2088/2360 2815/2089/2361 2833/2108/2361 
f 2815/2089/2361 2834/2109/2362 2833/2108/2361 
f 2815/2089/2361 2816/2090/2362 2834/2109/2362 
f 2816/2090/2362 2835/2110/2363 2834/2109/2362 
f 2816/2090/2362 2817/2091/2363 2835/2110/2363 
f 2817/2091/2363 2836/2111/2364 2835/2110/2363 
f 2817/2091/2363 2818/2092/2364 2836/2111/2364 
f 2818/2092/2364 2820/2094/2347 2836/2111/2364 
f 2818/2092/2364 2802/2075/2347 2820/2094/2347 
f 2837/2112/2365 2820/2094/2365 2819/2093/2365 
f 2837/2112/2365 2819/2093/2365 2821/2095/2365 
f 2837/2112/2365 2821/2095/2365 2822/2096/2365 
f 2837/2112/2365 2822/2096/2365 2823/2097/2365 
f 2837/2112/2365 2823/2099/2365 2824/2098/2365 
f 2837/2112/2365 2824/2098/2365 2825/2100/2365 
f 2837/2112/2365 2825/2100/2365 2826/2101/2365 
f 2837/2112/2365 2826/2101/2365 2827/2102/2365 
f 2837/2112/2365 2827/2102/2365 2828/2103/2365 
f 2837/2112/2365 2828/2103/2365 2829/2104/2365 
f 2837/2112/2365 2829/2104/2365 2830/2105/2365 
f 2837/2112/2365 2830/2105/2365 2831/2106/2365 
f 2837/2112/2365 2831/2106/2365 2832/2107/2365 
f 2837/2112/2365 2832/2107/2365 2833/2108/2365 
f 2837/2112/2365 2833/2108/2365 2834/2109/2365 
f 2837/2112/2365 2834/2109/2365 2835/2110/2365 
f 2837/2112/2365 2835/2110/2365 2836/2111/2365 
f 2837/2112/2365 2836/2111/2365 2820/2094/2365 
# 216 faces

#
# object Cylinder004
#

v  2273.8816 1711.3929 1019.1025
v  2274.3884 1713.8387 1025.9652
v  2273.8816 1711.3929 1026.4056
v  2274.8342 1715.9896 1024.6970
v  2275.1650 1717.5861 1022.7541
v  2275.3411 1718.4354 1020.3707
v  2275.3411 1718.4354 1017.8344
v  2275.1650 1717.5861 1015.4510
v  2274.8342 1715.9896 1013.5080
v  2274.3884 1713.8387 1012.2399
v  2273.8816 1711.3929 1011.7994
v  2273.3748 1708.9471 1012.2399
v  2272.9290 1706.7963 1013.5080
v  2272.5981 1705.1998 1015.4510
v  2272.4221 1704.3505 1017.8344
v  2272.4221 1704.3505 1020.3707
v  2272.5981 1705.1998 1022.7541
v  2272.9290 1706.7963 1024.6970
v  2273.3748 1708.9471 1025.9652
v  2084.0691 1753.2808 1025.9652
v  2083.5623 1750.8348 1026.4056
v  2084.5149 1755.4315 1024.6970
v  2084.8457 1757.0280 1022.7541
v  2085.0217 1757.8774 1020.3707
v  2085.0217 1757.8774 1017.8344
v  2084.8457 1757.0280 1015.4510
v  2084.5149 1755.4315 1013.5080
v  2084.0691 1753.2808 1012.2399
v  2083.5623 1750.8348 1011.7994
v  2083.0554 1748.3890 1012.2399
v  2082.6096 1746.2382 1013.5080
v  2082.2788 1744.6417 1015.4510
v  2082.1028 1743.7924 1017.8344
v  2082.1028 1743.7924 1020.3707
v  2082.2788 1744.6417 1022.7541
v  2082.6096 1746.2382 1024.6970
v  2083.0554 1748.3890 1025.9652
v  1893.7499 1792.7227 1025.9652
v  1893.2429 1790.2767 1026.4056
v  1894.1956 1794.8734 1024.6970
v  1894.5264 1796.4698 1022.7541
v  1894.7025 1797.3193 1020.3707
v  1894.7025 1797.3193 1017.8344
v  1894.5264 1796.4698 1015.4510
v  1894.1956 1794.8734 1013.5080
v  1893.7499 1792.7227 1012.2398
v  1893.2429 1790.2767 1011.7994
v  1892.7361 1787.8309 1012.2398
v  1892.2904 1785.6801 1013.5080
v  1891.9595 1784.0837 1015.4509
v  1891.7834 1783.2343 1017.8344
v  1891.7834 1783.2343 1020.3707
v  1891.9595 1784.0837 1022.7541
v  1892.2904 1785.6801 1024.6970
v  1892.7361 1787.8309 1025.9652
v  1703.4305 1832.1646 1025.9652
v  1702.9236 1829.7188 1026.4056
v  1703.8762 1834.3154 1024.6970
v  1704.2070 1835.9119 1022.7541
v  1704.3831 1836.7612 1020.3707
v  1704.3831 1836.7612 1017.8344
v  1704.2070 1835.9119 1015.4509
v  1703.8762 1834.3154 1013.5080
v  1703.4305 1832.1646 1012.2398
v  1702.9236 1829.7188 1011.7994
v  1702.4167 1827.2728 1012.2398
v  1701.9709 1825.1221 1013.5080
v  1701.6401 1823.5256 1015.4509
v  1701.4641 1822.6761 1017.8344
v  1701.4641 1822.6761 1020.3707
v  1701.6401 1823.5256 1022.7541
v  1701.9709 1825.1221 1024.6970
v  1702.4167 1827.2728 1025.9652
v  1513.1113 1871.6064 1025.9652
v  1512.6044 1869.1606 1026.4056
v  1513.5570 1873.7573 1024.6970
v  1513.8878 1875.3538 1022.7541
v  1514.0638 1876.2031 1020.3707
v  1514.0638 1876.2031 1017.8344
v  1513.8878 1875.3538 1015.4509
v  1513.5570 1873.7573 1013.5080
v  1513.1113 1871.6064 1012.2398
v  1512.6044 1869.1606 1011.7994
v  1512.0974 1866.7147 1012.2398
v  1511.6517 1864.5640 1013.5080
v  1511.3209 1862.9675 1015.4509
v  1511.1449 1862.1180 1017.8344
v  1511.1449 1862.1180 1020.3707
v  1511.3209 1862.9675 1022.7541
v  1511.6517 1864.5640 1024.6970
v  1512.0974 1866.7147 1025.9652
v  1322.7920 1911.0483 1025.9652
v  1322.2850 1908.6025 1026.4056
v  1323.2377 1913.1992 1024.6970
v  1323.5685 1914.7957 1022.7541
v  1323.7445 1915.6450 1020.3707
v  1323.7445 1915.6450 1017.8344
v  1323.5685 1914.7957 1015.4509
v  1323.2377 1913.1992 1013.5080
v  1322.7920 1911.0483 1012.2398
v  1322.2850 1908.6025 1011.7994
v  1321.7781 1906.1567 1012.2398
v  1321.3324 1904.0059 1013.5080
v  1321.0016 1902.4094 1015.4509
v  1320.8256 1901.5601 1017.8343
v  1320.8256 1901.5601 1020.3707
v  1321.0016 1902.4094 1022.7540
v  1321.3324 1904.0059 1024.6970
v  1321.7781 1906.1567 1025.9652
v  1322.2850 1908.6025 1019.1025
# 110 vertices

vn 0.9792 -0.2029 0.0000
vn -0.0000 -0.0000 1.0000
vn 0.0694 0.3349 0.9397
vn 0.1304 0.6294 0.7660
vn 0.1757 0.8480 0.5000
vn 0.1998 0.9643 0.1736
vn 0.1998 0.9643 -0.1736
vn 0.1757 0.8480 -0.5000
vn 0.1304 0.6294 -0.7660
vn 0.0694 0.3349 -0.9397
vn 0.0000 0.0000 -1.0000
vn -0.0694 -0.3349 -0.9397
vn -0.1304 -0.6294 -0.7660
vn -0.1757 -0.8480 -0.5000
vn -0.1998 -0.9643 -0.1736
vn -0.1998 -0.9643 0.1736
vn -0.1757 -0.8480 0.5000
vn -0.1304 -0.6294 0.7660
vn -0.0694 -0.3349 0.9397
vn -0.0000 0.0000 1.0000
vn 0.0000 -0.0000 -1.0000
vn -0.9792 0.2029 -0.0000
# 22 vertex normals

vt 0.5000 0.0000 0.0000
vt 0.8056 0.0000 1.0000
vt 0.7500 0.0000 1.0000
vt 0.8611 0.0000 1.0000
vt 0.9167 0.0000 1.0000
vt 0.9722 0.0000 1.0000
vt 0.0278 0.0000 1.0000
vt -0.0278 0.0000 1.0000
vt 0.0833 0.0000 1.0000
vt 0.1389 0.0000 1.0000
vt 0.1944 0.0000 1.0000
vt 0.2500 0.0000 1.0000
vt 0.3056 0.0000 1.0000
vt 0.3611 0.0000 1.0000
vt 0.4167 0.0000 1.0000
vt 0.4722 0.0000 1.0000
vt 0.5278 0.0000 1.0000
vt 0.5833 0.0000 1.0000
vt 0.6389 0.0000 1.0000
vt 0.6944 0.0000 1.0000
vt 0.8056 0.2000 1.0000
vt 0.7500 0.2000 1.0000
vt 0.8611 0.2000 1.0000
vt 0.9167 0.2000 1.0000
vt 0.9722 0.2000 1.0000
vt 0.0278 0.2000 1.0000
vt -0.0278 0.2000 1.0000
vt 0.0833 0.2000 1.0000
vt 0.1389 0.2000 1.0000
vt 0.1944 0.2000 1.0000
vt 0.2500 0.2000 1.0000
vt 0.3056 0.2000 1.0000
vt 0.3611 0.2000 1.0000
vt 0.4167 0.2000 1.0000
vt 0.4722 0.2000 1.0000
vt 0.5278 0.2000 1.0000
vt 0.5833 0.2000 1.0000
vt 0.6389 0.2000 1.0000
vt 0.6944 0.2000 1.0000
vt 0.8056 0.4000 1.0000
vt 0.7500 0.4000 1.0000
vt 0.8611 0.4000 1.0000
vt 0.9167 0.4000 1.0000
vt 0.9722 0.4000 1.0000
vt 0.0278 0.4000 1.0000
vt -0.0278 0.4000 1.0000
vt 0.0833 0.4000 1.0000
vt 0.1389 0.4000 1.0000
vt 0.1944 0.4000 1.0000
vt 0.2500 0.4000 1.0000
vt 0.3056 0.4000 1.0000
vt 0.3611 0.4000 1.0000
vt 0.4167 0.4000 1.0000
vt 0.4722 0.4000 1.0000
vt 0.5278 0.4000 1.0000
vt 0.5833 0.4000 1.0000
vt 0.6389 0.4000 1.0000
vt 0.6944 0.4000 1.0000
vt 0.8056 0.6000 1.0000
vt 0.7500 0.6000 1.0000
vt 0.8611 0.6000 1.0000
vt 0.9167 0.6000 1.0000
vt 0.9722 0.6000 1.0000
vt 0.0278 0.6000 1.0000
vt -0.0278 0.6000 1.0000
vt 0.0833 0.6000 1.0000
vt 0.1389 0.6000 1.0000
vt 0.1944 0.6000 1.0000
vt 0.2500 0.6000 1.0000
vt 0.3056 0.6000 1.0000
vt 0.3611 0.6000 1.0000
vt 0.4167 0.6000 1.0000
vt 0.4722 0.6000 1.0000
vt 0.5278 0.6000 1.0000
vt 0.5833 0.6000 1.0000
vt 0.6389 0.6000 1.0000
vt 0.6944 0.6000 1.0000
vt 0.8056 0.8000 1.0000
vt 0.7500 0.8000 1.0000
vt 0.8611 0.8000 1.0000
vt 0.9167 0.8000 1.0000
vt 0.9722 0.8000 1.0000
vt 0.0278 0.8000 1.0000
vt -0.0278 0.8000 1.0000
vt 0.0833 0.8000 1.0000
vt 0.1389 0.8000 1.0000
vt 0.1944 0.8000 1.0000
vt 0.2500 0.8000 1.0000
vt 0.3056 0.8000 1.0000
vt 0.3611 0.8000 1.0000
vt 0.4167 0.8000 1.0000
vt 0.4722 0.8000 1.0000
vt 0.5278 0.8000 1.0000
vt 0.5833 0.8000 1.0000
vt 0.6389 0.8000 1.0000
vt 0.6944 0.8000 1.0000
vt 0.8056 1.0000 1.0000
vt 0.7500 1.0000 1.0000
vt 0.8611 1.0000 1.0000
vt 0.9167 1.0000 1.0000
vt 0.9722 1.0000 1.0000
vt 0.0278 1.0000 1.0000
vt -0.0278 1.0000 1.0000
vt 0.0833 1.0000 1.0000
vt 0.1389 1.0000 1.0000
vt 0.1944 1.0000 1.0000
vt 0.2500 1.0000 1.0000
vt 0.3056 1.0000 1.0000
vt 0.3611 1.0000 1.0000
vt 0.4167 1.0000 1.0000
vt 0.4722 1.0000 1.0000
vt 0.5278 1.0000 1.0000
vt 0.5833 1.0000 1.0000
vt 0.6389 1.0000 1.0000
vt 0.6944 1.0000 1.0000
vt 0.5000 1.0000 0.0000
# 116 texture coords

g Cylinder004
f 2838/2113/2366 2839/2114/2366 2840/2115/2366 
f 2838/2113/2366 2841/2116/2366 2839/2114/2366 
f 2838/2113/2366 2842/2117/2366 2841/2116/2366 
f 2838/2113/2366 2843/2118/2366 2842/2117/2366 
f 2838/2113/2366 2844/2119/2366 2843/2120/2366 
f 2838/2113/2366 2845/2121/2366 2844/2119/2366 
f 2838/2113/2366 2846/2122/2366 2845/2121/2366 
f 2838/2113/2366 2847/2123/2366 2846/2122/2366 
f 2838/2113/2366 2848/2124/2366 2847/2123/2366 
f 2838/2113/2366 2849/2125/2366 2848/2124/2366 
f 2838/2113/2366 2850/2126/2366 2849/2125/2366 
f 2838/2113/2366 2851/2127/2366 2850/2126/2366 
f 2838/2113/2366 2852/2128/2366 2851/2127/2366 
f 2838/2113/2366 2853/2129/2366 2852/2128/2366 
f 2838/2113/2366 2854/2130/2366 2853/2129/2366 
f 2838/2113/2366 2855/2131/2366 2854/2130/2366 
f 2838/2113/2366 2856/2132/2366 2855/2131/2366 
f 2838/2113/2366 2840/2115/2366 2856/2132/2366 
f 2840/2115/2367 2857/2133/2368 2858/2134/2367 
f 2840/2115/2367 2839/2114/2368 2857/2133/2368 
f 2839/2114/2368 2859/2135/2369 2857/2133/2368 
f 2839/2114/2368 2841/2116/2369 2859/2135/2369 
f 2841/2116/2369 2860/2136/2370 2859/2135/2369 
f 2841/2116/2369 2842/2117/2370 2860/2136/2370 
f 2842/2117/2370 2861/2137/2371 2860/2136/2370 
f 2842/2117/2370 2843/2118/2371 2861/2137/2371 
f 2843/2120/2371 2862/2138/2372 2861/2139/2371 
f 2843/2120/2371 2844/2119/2372 2862/2138/2372 
f 2844/2119/2372 2863/2140/2373 2862/2138/2372 
f 2844/2119/2372 2845/2121/2373 2863/2140/2373 
f 2845/2121/2373 2864/2141/2374 2863/2140/2373 
f 2845/2121/2373 2846/2122/2374 2864/2141/2374 
f 2846/2122/2374 2865/2142/2375 2864/2141/2374 
f 2846/2122/2374 2847/2123/2375 2865/2142/2375 
f 2847/2123/2375 2866/2143/2376 2865/2142/2375 
f 2847/2123/2375 2848/2124/2376 2866/2143/2376 
f 2848/2124/2376 2867/2144/2377 2866/2143/2376 
f 2848/2124/2376 2849/2125/2377 2867/2144/2377 
f 2849/2125/2377 2868/2145/2378 2867/2144/2377 
f 2849/2125/2377 2850/2126/2378 2868/2145/2378 
f 2850/2126/2378 2869/2146/2379 2868/2145/2378 
f 2850/2126/2378 2851/2127/2379 2869/2146/2379 
f 2851/2127/2379 2870/2147/2380 2869/2146/2379 
f 2851/2127/2379 2852/2128/2380 2870/2147/2380 
f 2852/2128/2380 2871/2148/2381 2870/2147/2380 
f 2852/2128/2380 2853/2129/2381 2871/2148/2381 
f 2853/2129/2381 2872/2149/2382 2871/2148/2381 
f 2853/2129/2381 2854/2130/2382 2872/2149/2382 
f 2854/2130/2382 2873/2150/2383 2872/2149/2382 
f 2854/2130/2382 2855/2131/2383 2873/2150/2383 
f 2855/2131/2383 2874/2151/2384 2873/2150/2383 
f 2855/2131/2383 2856/2132/2384 2874/2151/2384 
f 2856/2132/2384 2858/2134/2367 2874/2151/2384 
f 2856/2132/2384 2840/2115/2367 2858/2134/2367 
f 2858/2134/2367 2875/2152/2368 2876/2153/2385 
f 2858/2134/2367 2857/2133/2368 2875/2152/2368 
f 2857/2133/2368 2877/2154/2369 2875/2152/2368 
f 2857/2133/2368 2859/2135/2369 2877/2154/2369 
f 2859/2135/2369 2878/2155/2370 2877/2154/2369 
f 2859/2135/2369 2860/2136/2370 2878/2155/2370 
f 2860/2136/2370 2879/2156/2371 2878/2155/2370 
f 2860/2136/2370 2861/2137/2371 2879/2156/2371 
f 2861/2139/2371 2880/2157/2372 2879/2158/2371 
f 2861/2139/2371 2862/2138/2372 2880/2157/2372 
f 2862/2138/2372 2881/2159/2373 2880/2157/2372 
f 2862/2138/2372 2863/2140/2373 2881/2159/2373 
f 2863/2140/2373 2882/2160/2374 2881/2159/2373 
f 2863/2140/2373 2864/2141/2374 2882/2160/2374 
f 2864/2141/2374 2883/2161/2375 2882/2160/2374 
f 2864/2141/2374 2865/2142/2375 2883/2161/2375 
f 2865/2142/2375 2884/2162/2386 2883/2161/2375 
f 2865/2142/2375 2866/2143/2376 2884/2162/2386 
f 2866/2143/2376 2885/2163/2377 2884/2162/2386 
f 2866/2143/2376 2867/2144/2377 2885/2163/2377 
f 2867/2144/2377 2886/2164/2378 2885/2163/2377 
f 2867/2144/2377 2868/2145/2378 2886/2164/2378 
f 2868/2145/2378 2887/2165/2379 2886/2164/2378 
f 2868/2145/2378 2869/2146/2379 2887/2165/2379 
f 2869/2146/2379 2888/2166/2380 2887/2165/2379 
f 2869/2146/2379 2870/2147/2380 2888/2166/2380 
f 2870/2147/2380 2889/2167/2381 2888/2166/2380 
f 2870/2147/2380 2871/2148/2381 2889/2167/2381 
f 2871/2148/2381 2890/2168/2382 2889/2167/2381 
f 2871/2148/2381 2872/2149/2382 2890/2168/2382 
f 2872/2149/2382 2891/2169/2383 2890/2168/2382 
f 2872/2149/2382 2873/2150/2383 2891/2169/2383 
f 2873/2150/2383 2892/2170/2384 2891/2169/2383 
f 2873/2150/2383 2874/2151/2384 2892/2170/2384 
f 2874/2151/2384 2876/2153/2385 2892/2170/2384 
f 2874/2151/2384 2858/2134/2367 2876/2153/2385 
f 2876/2153/2385 2893/2171/2368 2894/2172/2385 
f 2876/2153/2385 2875/2152/2368 2893/2171/2368 
f 2875/2152/2368 2895/2173/2369 2893/2171/2368 
f 2875/2152/2368 2877/2154/2369 2895/2173/2369 
f 2877/2154/2369 2896/2174/2370 2895/2173/2369 
f 2877/2154/2369 2878/2155/2370 2896/2174/2370 
f 2878/2155/2370 2897/2175/2371 2896/2174/2370 
f 2878/2155/2370 2879/2156/2371 2897/2175/2371 
f 2879/2158/2371 2898/2176/2372 2897/2177/2371 
f 2879/2158/2371 2880/2157/2372 2898/2176/2372 
f 2880/2157/2372 2899/2178/2373 2898/2176/2372 
f 2880/2157/2372 2881/2159/2373 2899/2178/2373 
f 2881/2159/2373 2900/2179/2374 2899/2178/2373 
f 2881/2159/2373 2882/2160/2374 2900/2179/2374 
f 2882/2160/2374 2901/2180/2375 2900/2179/2374 
f 2882/2160/2374 2883/2161/2375 2901/2180/2375 
f 2883/2161/2375 2902/2181/2386 2901/2180/2375 
f 2883/2161/2375 2884/2162/2386 2902/2181/2386 
f 2884/2162/2386 2903/2182/2377 2902/2181/2386 
f 2884/2162/2386 2885/2163/2377 2903/2182/2377 
f 2885/2163/2377 2904/2183/2378 2903/2182/2377 
f 2885/2163/2377 2886/2164/2378 2904/2183/2378 
f 2886/2164/2378 2905/2184/2379 2904/2183/2378 
f 2886/2164/2378 2887/2165/2379 2905/2184/2379 
f 2887/2165/2379 2906/2185/2380 2905/2184/2379 
f 2887/2165/2379 2888/2166/2380 2906/2185/2380 
f 2888/2166/2380 2907/2186/2381 2906/2185/2380 
f 2888/2166/2380 2889/2167/2381 2907/2186/2381 
f 2889/2167/2381 2908/2187/2382 2907/2186/2381 
f 2889/2167/2381 2890/2168/2382 2908/2187/2382 
f 2890/2168/2382 2909/2188/2383 2908/2187/2382 
f 2890/2168/2382 2891/2169/2383 2909/2188/2383 
f 2891/2169/2383 2910/2189/2384 2909/2188/2383 
f 2891/2169/2383 2892/2170/2384 2910/2189/2384 
f 2892/2170/2384 2894/2172/2385 2910/2189/2384 
f 2892/2170/2384 2876/2153/2385 2894/2172/2385 
f 2894/2172/2385 2911/2190/2368 2912/2191/2367 
f 2894/2172/2385 2893/2171/2368 2911/2190/2368 
f 2893/2171/2368 2913/2192/2369 2911/2190/2368 
f 2893/2171/2368 2895/2173/2369 2913/2192/2369 
f 2895/2173/2369 2914/2193/2370 2913/2192/2369 
f 2895/2173/2369 2896/2174/2370 2914/2193/2370 
f 2896/2174/2370 2915/2194/2371 2914/2193/2370 
f 2896/2174/2370 2897/2175/2371 2915/2194/2371 
f 2897/2177/2371 2916/2195/2372 2915/2196/2371 
f 2897/2177/2371 2898/2176/2372 2916/2195/2372 
f 2898/2176/2372 2917/2197/2373 2916/2195/2372 
f 2898/2176/2372 2899/2178/2373 2917/2197/2373 
f 2899/2178/2373 2918/2198/2374 2917/2197/2373 
f 2899/2178/2373 2900/2179/2374 2918/2198/2374 
f 2900/2179/2374 2919/2199/2375 2918/2198/2374 
f 2900/2179/2374 2901/2180/2375 2919/2199/2375 
f 2901/2180/2375 2920/2200/2376 2919/2199/2375 
f 2901/2180/2375 2902/2181/2386 2920/2200/2376 
f 2902/2181/2386 2921/2201/2377 2920/2200/2376 
f 2902/2181/2386 2903/2182/2377 2921/2201/2377 
f 2903/2182/2377 2922/2202/2378 2921/2201/2377 
f 2903/2182/2377 2904/2183/2378 2922/2202/2378 
f 2904/2183/2378 2923/2203/2379 2922/2202/2378 
f 2904/2183/2378 2905/2184/2379 2923/2203/2379 
f 2905/2184/2379 2924/2204/2380 2923/2203/2379 
f 2905/2184/2379 2906/2185/2380 2924/2204/2380 
f 2906/2185/2380 2925/2205/2381 2924/2204/2380 
f 2906/2185/2380 2907/2186/2381 2925/2205/2381 
f 2907/2186/2381 2926/2206/2382 2925/2205/2381 
f 2907/2186/2381 2908/2187/2382 2926/2206/2382 
f 2908/2187/2382 2927/2207/2383 2926/2206/2382 
f 2908/2187/2382 2909/2188/2383 2927/2207/2383 
f 2909/2188/2383 2928/2208/2384 2927/2207/2383 
f 2909/2188/2383 2910/2189/2384 2928/2208/2384 
f 2910/2189/2384 2912/2191/2367 2928/2208/2384 
f 2910/2189/2384 2894/2172/2385 2912/2191/2367 
f 2912/2191/2367 2929/2209/2368 2930/2210/2367 
f 2912/2191/2367 2911/2190/2368 2929/2209/2368 
f 2911/2190/2368 2931/2211/2369 2929/2209/2368 
f 2911/2190/2368 2913/2192/2369 2931/2211/2369 
f 2913/2192/2369 2932/2212/2370 2931/2211/2369 
f 2913/2192/2369 2914/2193/2370 2932/2212/2370 
f 2914/2193/2370 2933/2213/2371 2932/2212/2370 
f 2914/2193/2370 2915/2194/2371 2933/2213/2371 
f 2915/2196/2371 2934/2214/2372 2933/2215/2371 
f 2915/2196/2371 2916/2195/2372 2934/2214/2372 
f 2916/2195/2372 2935/2216/2373 2934/2214/2372 
f 2916/2195/2372 2917/2197/2373 2935/2216/2373 
f 2917/2197/2373 2936/2217/2374 2935/2216/2373 
f 2917/2197/2373 2918/2198/2374 2936/2217/2374 
f 2918/2198/2374 2937/2218/2375 2936/2217/2374 
f 2918/2198/2374 2919/2199/2375 2937/2218/2375 
f 2919/2199/2375 2938/2219/2376 2937/2218/2375 
f 2919/2199/2375 2920/2200/2376 2938/2219/2376 
f 2920/2200/2376 2939/2220/2377 2938/2219/2376 
f 2920/2200/2376 2921/2201/2377 2939/2220/2377 
f 2921/2201/2377 2940/2221/2378 2939/2220/2377 
f 2921/2201/2377 2922/2202/2378 2940/2221/2378 
f 2922/2202/2378 2941/2222/2379 2940/2221/2378 
f 2922/2202/2378 2923/2203/2379 2941/2222/2379 
f 2923/2203/2379 2942/2223/2380 2941/2222/2379 
f 2923/2203/2379 2924/2204/2380 2942/2223/2380 
f 2924/2204/2380 2943/2224/2381 2942/2223/2380 
f 2924/2204/2380 2925/2205/2381 2943/2224/2381 
f 2925/2205/2381 2944/2225/2382 2943/2224/2381 
f 2925/2205/2381 2926/2206/2382 2944/2225/2382 
f 2926/2206/2382 2945/2226/2383 2944/2225/2382 
f 2926/2206/2382 2927/2207/2383 2945/2226/2383 
f 2927/2207/2383 2946/2227/2384 2945/2226/2383 
f 2927/2207/2383 2928/2208/2384 2946/2227/2384 
f 2928/2208/2384 2930/2210/2367 2946/2227/2384 
f 2928/2208/2384 2912/2191/2367 2930/2210/2367 
f 2947/2228/2387 2930/2210/2387 2929/2209/2387 
f 2947/2228/2387 2929/2209/2387 2931/2211/2387 
f 2947/2228/2387 2931/2211/2387 2932/2212/2387 
f 2947/2228/2387 2932/2212/2387 2933/2213/2387 
f 2947/2228/2387 2933/2215/2387 2934/2214/2387 
f 2947/2228/2387 2934/2214/2387 2935/2216/2387 
f 2947/2228/2387 2935/2216/2387 2936/2217/2387 
f 2947/2228/2387 2936/2217/2387 2937/2218/2387 
f 2947/2228/2387 2937/2218/2387 2938/2219/2387 
f 2947/2228/2387 2938/2219/2387 2939/2220/2387 
f 2947/2228/2387 2939/2220/2387 2940/2221/2387 
f 2947/2228/2387 2940/2221/2387 2941/2222/2387 
f 2947/2228/2387 2941/2222/2387 2942/2223/2387 
f 2947/2228/2387 2942/2223/2387 2943/2224/2387 
f 2947/2228/2387 2943/2224/2387 2944/2225/2387 
f 2947/2228/2387 2944/2225/2387 2945/2226/2387 
f 2947/2228/2387 2945/2226/2387 2946/2227/2387 
f 2947/2228/2387 2946/2227/2387 2930/2210/2387 
# 216 faces

#
# object Cylinder005
#

v  1805.1648 1805.4023 1019.1868
v  1828.0724 1813.7400 1019.1868
v  1829.5426 1805.4023 1019.1868
v  1823.8392 1821.0720 1019.1868
v  1817.3536 1826.5142 1019.1868
v  1809.3979 1829.4098 1019.1868
v  1800.9316 1829.4098 1019.1868
v  1792.9760 1826.5142 1019.1868
v  1786.4904 1821.0720 1019.1868
v  1782.2572 1813.7400 1019.1868
v  1780.7870 1805.4023 1019.1868
v  1782.2572 1797.0647 1019.1868
v  1786.4904 1789.7327 1019.1868
v  1792.9760 1784.2905 1019.1868
v  1800.9316 1781.3949 1019.1868
v  1809.3979 1781.3949 1019.1868
v  1817.3536 1784.2905 1019.1868
v  1823.8392 1789.7327 1019.1868
v  1828.0724 1797.0647 1019.1868
v  1828.0724 1813.7400 1393.9355
v  1829.5426 1805.4023 1393.9355
v  1823.8392 1821.0720 1393.9355
v  1817.3536 1826.5142 1393.9355
v  1809.3979 1829.4098 1393.9355
v  1800.9316 1829.4098 1393.9355
v  1792.9760 1826.5142 1393.9355
v  1786.4904 1821.0720 1393.9355
v  1782.2572 1813.7400 1393.9355
v  1780.7870 1805.4023 1393.9355
v  1782.2572 1797.0647 1393.9355
v  1786.4904 1789.7327 1393.9355
v  1792.9760 1784.2905 1393.9355
v  1800.9316 1781.3949 1393.9355
v  1809.3979 1781.3949 1393.9355
v  1817.3536 1784.2905 1393.9355
v  1823.8392 1789.7327 1393.9355
v  1828.0724 1797.0647 1393.9355
v  1805.1648 1805.4023 1393.9355
# 38 vertices

vn 0.0000 0.0000 -1.0000
vn 1.0000 -0.0000 0.0000
vn 0.9397 0.3420 0.0000
vn 0.7660 0.6428 0.0000
vn 0.5000 0.8660 0.0000
vn 0.1736 0.9848 0.0000
vn -0.1736 0.9848 0.0000
vn -0.5000 0.8660 0.0000
vn -0.7660 0.6428 0.0000
vn -0.9397 0.3420 0.0000
vn -1.0000 -0.0000 0.0000
vn -1.0000 0.0000 0.0000
vn -0.9397 -0.3420 0.0000
vn -0.7660 -0.6428 0.0000
vn -0.5000 -0.8660 0.0000
vn -0.1736 -0.9848 0.0000
vn 0.1736 -0.9848 0.0000
vn 0.5000 -0.8660 0.0000
vn 0.7660 -0.6428 0.0000
vn 0.9397 -0.3420 0.0000
vn 0.0000 0.0000 1.0000
# 21 vertex normals

vt 0.5000 0.0000 0.0000
vt 0.8056 0.0000 1.0000
vt 0.7500 0.0000 1.0000
vt 0.8611 0.0000 1.0000
vt 0.9167 0.0000 1.0000
vt 0.9722 0.0000 1.0000
vt 0.0278 0.0000 1.0000
vt -0.0278 0.0000 1.0000
vt 0.0833 0.0000 1.0000
vt 0.1389 0.0000 1.0000
vt 0.1944 0.0000 1.0000
vt 0.2500 0.0000 1.0000
vt 0.3056 0.0000 1.0000
vt 0.3611 0.0000 1.0000
vt 0.4167 0.0000 1.0000
vt 0.4722 0.0000 1.0000
vt 0.5278 0.0000 1.0000
vt 0.5833 0.0000 1.0000
vt 0.6389 0.0000 1.0000
vt 0.6944 0.0000 1.0000
vt 0.8056 1.0000 1.0000
vt 0.7500 1.0000 1.0000
vt 0.8611 1.0000 1.0000
vt 0.9167 1.0000 1.0000
vt 0.9722 1.0000 1.0000
vt 0.0278 1.0000 1.0000
vt -0.0278 1.0000 1.0000
vt 0.0833 1.0000 1.0000
vt 0.1389 1.0000 1.0000
vt 0.1944 1.0000 1.0000
vt 0.2500 1.0000 1.0000
vt 0.3056 1.0000 1.0000
vt 0.3611 1.0000 1.0000
vt 0.4167 1.0000 1.0000
vt 0.4722 1.0000 1.0000
vt 0.5278 1.0000 1.0000
vt 0.5833 1.0000 1.0000
vt 0.6389 1.0000 1.0000
vt 0.6944 1.0000 1.0000
vt 0.5000 1.0000 0.0000
# 40 texture coords

g Cylinder005
f 2948/2229/2388 2949/2230/2388 2950/2231/2388 
f 2948/2229/2388 2951/2232/2388 2949/2230/2388 
f 2948/2229/2388 2952/2233/2388 2951/2232/2388 
f 2948/2229/2388 2953/2234/2388 2952/2233/2388 
f 2948/2229/2388 2954/2235/2388 2953/2236/2388 
f 2948/2229/2388 2955/2237/2388 2954/2235/2388 
f 2948/2229/2388 2956/2238/2388 2955/2237/2388 
f 2948/2229/2388 2957/2239/2388 2956/2238/2388 
f 2948/2229/2388 2958/2240/2388 2957/2239/2388 
f 2948/2229/2388 2959/2241/2388 2958/2240/2388 
f 2948/2229/2388 2960/2242/2388 2959/2241/2388 
f 2948/2229/2388 2961/2243/2388 2960/2242/2388 
f 2948/2229/2388 2962/2244/2388 2961/2243/2388 
f 2948/2229/2388 2963/2245/2388 2962/2244/2388 
f 2948/2229/2388 2964/2246/2388 2963/2245/2388 
f 2948/2229/2388 2965/2247/2388 2964/2246/2388 
f 2948/2229/2388 2966/2248/2388 2965/2247/2388 
f 2948/2229/2388 2950/2231/2388 2966/2248/2388 
f 2950/2231/2389 2967/2249/2390 2968/2250/2389 
f 2950/2231/2389 2949/2230/2390 2967/2249/2390 
f 2949/2230/2390 2969/2251/2391 2967/2249/2390 
f 2949/2230/2390 2951/2232/2391 2969/2251/2391 
f 2951/2232/2391 2970/2252/2392 2969/2251/2391 
f 2951/2232/2391 2952/2233/2392 2970/2252/2392 
f 2952/2233/2392 2971/2253/2393 2970/2252/2392 
f 2952/2233/2392 2953/2234/2393 2971/2253/2393 
f 2953/2236/2393 2972/2254/2394 2971/2255/2393 
f 2953/2236/2393 2954/2235/2394 2972/2254/2394 
f 2954/2235/2394 2973/2256/2395 2972/2254/2394 
f 2954/2235/2394 2955/2237/2395 2973/2256/2395 
f 2955/2237/2395 2974/2257/2396 2973/2256/2395 
f 2955/2237/2395 2956/2238/2396 2974/2257/2396 
f 2956/2238/2396 2975/2258/2397 2974/2257/2396 
f 2956/2238/2396 2957/2239/2397 2975/2258/2397 
f 2957/2239/2397 2976/2259/2398 2975/2258/2397 
f 2957/2239/2397 2958/2240/2399 2976/2259/2398 
f 2958/2240/2399 2977/2260/2400 2976/2259/2398 
f 2958/2240/2399 2959/2241/2400 2977/2260/2400 
f 2959/2241/2400 2978/2261/2401 2977/2260/2400 
f 2959/2241/2400 2960/2242/2401 2978/2261/2401 
f 2960/2242/2401 2979/2262/2402 2978/2261/2401 
f 2960/2242/2401 2961/2243/2402 2979/2262/2402 
f 2961/2243/2402 2980/2263/2403 2979/2262/2402 
f 2961/2243/2402 2962/2244/2403 2980/2263/2403 
f 2962/2244/2403 2981/2264/2404 2980/2263/2403 
f 2962/2244/2403 2963/2245/2404 2981/2264/2404 
f 2963/2245/2404 2982/2265/2405 2981/2264/2404 
f 2963/2245/2404 2964/2246/2405 2982/2265/2405 
f 2964/2246/2405 2983/2266/2406 2982/2265/2405 
f 2964/2246/2405 2965/2247/2406 2983/2266/2406 
f 2965/2247/2406 2984/2267/2407 2983/2266/2406 
f 2965/2247/2406 2966/2248/2407 2984/2267/2407 
f 2966/2248/2407 2968/2250/2389 2984/2267/2407 
f 2966/2248/2407 2950/2231/2389 2968/2250/2389 
f 2985/2268/2408 2968/2250/2408 2967/2249/2408 
f 2985/2268/2408 2967/2249/2408 2969/2251/2408 
f 2985/2268/2408 2969/2251/2408 2970/2252/2408 
f 2985/2268/2408 2970/2252/2408 2971/2253/2408 
f 2985/2268/2408 2971/2255/2408 2972/2254/2408 
f 2985/2268/2408 2972/2254/2408 2973/2256/2408 
f 2985/2268/2408 2973/2256/2408 2974/2257/2408 
f 2985/2268/2408 2974/2257/2408 2975/2258/2408 
f 2985/2268/2408 2975/2258/2408 2976/2259/2408 
f 2985/2268/2408 2976/2259/2408 2977/2260/2408 
f 2985/2268/2408 2977/2260/2408 2978/2261/2408 
f 2985/2268/2408 2978/2261/2408 2979/2262/2408 
f 2985/2268/2408 2979/2262/2408 2980/2263/2408 
f 2985/2268/2408 2980/2263/2408 2981/2264/2408 
f 2985/2268/2408 2981/2264/2408 2982/2265/2408 
f 2985/2268/2408 2982/2265/2408 2983/2266/2408 
f 2985/2268/2408 2983/2266/2408 2984/2267/2408 
f 2985/2268/2408 2984/2267/2408 2968/2250/2408 
# 72 faces

#
# object Box002
#

v  1597.8123 1728.7813 1354.8158
v  1597.8123 1738.3563 1355.3344
v  1995.0159 1738.3563 1355.3344
v  1995.0159 1728.7813 1354.8158
v  1597.8123 1747.3162 1356.3180
v  1995.0157 1747.3162 1356.3180
v  1597.8123 1755.6606 1357.7665
v  1995.0159 1755.6606 1357.7665
v  1597.8123 1763.3900 1359.6799
v  1995.0159 1763.3900 1359.6799
v  1597.8123 1770.5040 1362.0585
v  1995.0157 1770.5040 1362.0585
v  1597.8123 1777.0029 1364.9019
v  1995.0159 1777.0029 1364.9019
v  1597.8123 1782.8865 1368.2103
v  1995.0159 1782.8865 1368.2103
v  1597.8123 1788.1548 1371.9836
v  1995.0159 1788.1548 1371.9836
v  1597.8123 1792.8079 1376.2220
v  1995.0159 1792.8079 1376.2220
v  1597.8123 1796.8456 1380.9253
v  1995.0157 1796.8456 1380.9253
v  1597.8123 1800.2682 1386.0936
v  1995.0159 1800.2682 1386.0936
v  1597.8123 1803.0756 1391.7269
v  1995.0159 1803.0756 1391.7269
v  1597.8123 1805.2676 1397.8251
v  1995.0159 1805.2676 1397.8251
v  1597.8123 1806.8444 1404.3883
v  1995.0159 1806.8444 1404.3883
v  1597.8123 1807.8059 1411.4165
v  1995.0159 1807.8059 1411.4165
v  1597.8123 1808.1522 1418.9097
v  1995.0159 1808.1522 1418.9097
v  1597.8123 1807.8833 1426.8677
v  1995.0159 1807.8833 1426.8677
v  1597.8123 1806.9991 1435.2908
v  1995.0159 1806.9991 1435.2908
v  1597.8123 1805.4998 1444.1788
v  1995.0159 1805.4998 1444.1788
v  1597.8123 1803.3850 1453.5319
v  1995.0159 1803.3850 1453.5319
v  1597.8123 1710.7434 1368.4478
v  1995.0159 1710.7434 1368.4478
v  1995.0159 1720.3185 1368.9663
v  1597.8123 1720.3185 1368.9663
v  1995.0157 1729.2783 1369.9498
v  1597.8123 1729.2783 1369.9498
v  1995.0159 1737.6228 1371.3984
v  1597.8123 1737.6228 1371.3984
v  1995.0159 1745.3522 1373.3119
v  1597.8123 1745.3522 1373.3119
v  1995.0157 1752.4662 1375.6903
v  1597.8123 1752.4662 1375.6903
v  1995.0159 1758.9651 1378.5338
v  1597.8123 1758.9651 1378.5338
v  1995.0159 1764.8486 1381.8422
v  1597.8123 1764.8486 1381.8422
v  1995.0159 1770.1169 1385.6156
v  1597.8123 1770.1169 1385.6156
v  1995.0159 1774.7700 1389.8540
v  1597.8123 1774.7700 1389.8540
v  1995.0157 1778.8077 1394.5573
v  1597.8123 1778.8077 1394.5573
v  1995.0159 1782.2303 1399.7256
v  1597.8123 1782.2303 1399.7256
v  1995.0159 1785.0377 1405.3588
v  1597.8123 1785.0377 1405.3588
v  1995.0159 1787.2297 1411.4570
v  1597.8123 1787.2297 1411.4570
v  1995.0159 1788.8065 1418.0203
v  1597.8123 1788.8065 1418.0203
v  1995.0159 1789.7681 1425.0485
v  1597.8123 1789.7681 1425.0485
v  1995.0159 1790.1145 1432.5415
v  1597.8123 1790.1145 1432.5415
v  1995.0159 1789.8455 1440.4996
v  1597.8123 1789.8455 1440.4996
v  1995.0159 1788.9613 1448.9227
v  1597.8123 1788.9613 1448.9227
v  1995.0159 1787.4619 1457.8108
v  1597.8123 1787.4619 1457.8108
v  1995.0159 1785.3472 1467.1638
v  1597.8123 1785.3472 1467.1638
# 84 vertices

vn 0.0000 0.0541 -0.9985
vn 0.0000 0.0816 -0.9967
vn 0.0000 0.1401 -0.9901
vn 0.0000 0.2058 -0.9786
vn 0.0000 0.2789 -0.9603
vn 0.0000 0.3593 -0.9332
vn 0.0000 0.4460 -0.8950
vn 0.0000 0.5370 -0.8436
vn 0.0000 0.6289 -0.7775
vn 0.0000 0.7174 -0.6966
vn 0.0000 0.7978 -0.6029
vn 0.0000 0.8660 -0.5000
vn 0.0000 0.9196 -0.3928
vn 0.0000 0.9581 -0.2864
vn 0.0000 0.9828 -0.1848
vn 0.0000 0.9959 -0.0910
vn 0.0000 1.0000 -0.0062
vn 0.0000 0.9976 0.0691
vn 0.0000 0.9908 0.1354
vn 0.0000 0.9811 0.1935
vn 0.0000 0.9754 0.2205
vn 0.0000 -0.0541 0.9985
vn 0.0000 -0.0816 0.9967
vn 0.0000 -0.1401 0.9901
vn 0.0000 -0.2058 0.9786
vn 0.0000 -0.2789 0.9603
vn 0.0000 -0.3593 0.9332
vn 0.0000 -0.4460 0.8950
vn 0.0000 -0.5370 0.8436
vn 0.0000 -0.6289 0.7775
vn 0.0000 -0.7174 0.6966
vn 0.0000 -0.7978 0.6029
vn 0.0000 -0.8660 0.5000
vn 0.0000 -0.9196 0.3928
vn 0.0000 -0.9581 0.2864
vn 0.0000 -0.9828 0.1848
vn 0.0000 -0.9959 0.0910
vn 0.0000 -1.0000 0.0062
vn 0.0000 -0.9976 -0.0691
vn 0.0000 -0.9908 -0.1354
vn 0.0000 -0.9811 -0.1935
vn 0.0000 -0.9754 -0.2205
vn 0.0000 -0.6029 -0.7978
vn 1.0000 -0.0000 -0.0000
vn 1.0000 0.0000 0.0000
vn 0.0000 0.6029 0.7978
vn -1.0000 0.0000 0.0000
# 47 vertex normals

vt 1.0000 0.0000 0.0000
vt 1.0000 0.0500 0.0000
vt 0.0000 0.0500 0.0000
vt 0.0000 0.0000 0.0000
vt 1.0000 0.1000 0.0000
vt 0.0000 0.1000 0.0000
vt 1.0000 0.1500 0.0000
vt 0.0000 0.1500 0.0000
vt 1.0000 0.2000 0.0000
vt 0.0000 0.2000 0.0000
vt 1.0000 0.2500 0.0000
vt 0.0000 0.2500 0.0000
vt 1.0000 0.3000 0.0000
vt 0.0000 0.3000 0.0000
vt 1.0000 0.3500 0.0000
vt 0.0000 0.3500 0.0000
vt 1.0000 0.4000 0.0000
vt 0.0000 0.4000 0.0000
vt 1.0000 0.4500 0.0000
vt 0.0000 0.4500 0.0000
vt 1.0000 0.5000 0.0000
vt 0.0000 0.5000 0.0000
vt 1.0000 0.5500 0.0000
vt 0.0000 0.5500 0.0000
vt 1.0000 0.6000 0.0000
vt 0.0000 0.6000 0.0000
vt 1.0000 0.6500 0.0000
vt 0.0000 0.6500 0.0000
vt 1.0000 0.7000 0.0000
vt 0.0000 0.7000 0.0000
vt 1.0000 0.7500 0.0000
vt 0.0000 0.7500 0.0000
vt 1.0000 0.8000 0.0000
vt 0.0000 0.8000 0.0000
vt 1.0000 0.8500 0.0000
vt 0.0000 0.8500 0.0000
vt 1.0000 0.9000 0.0000
vt 0.0000 0.9000 0.0000
vt 1.0000 0.9500 0.0000
vt 0.0000 0.9500 0.0000
vt 1.0000 1.0000 0.0000
vt 0.0000 1.0000 0.0000
vt 0.0500 0.0000 0.0000
vt 0.0500 1.0000 0.0000
vt 0.1000 0.0000 0.0000
vt 0.1000 1.0000 0.0000
vt 0.1500 0.0000 0.0000
vt 0.1500 1.0000 0.0000
vt 0.2000 0.0000 0.0000
vt 0.2000 1.0000 0.0000
vt 0.2500 0.0000 0.0000
vt 0.2500 1.0000 0.0000
vt 0.3000 0.0000 0.0000
vt 0.3000 1.0000 0.0000
vt 0.3500 0.0000 0.0000
vt 0.3500 1.0000 0.0000
vt 0.4000 0.0000 0.0000
vt 0.4000 1.0000 0.0000
vt 0.4500 0.0000 0.0000
vt 0.4500 1.0000 0.0000
vt 0.5000 0.0000 0.0000
vt 0.5000 1.0000 0.0000
vt 0.5500 0.0000 0.0000
vt 0.5500 1.0000 0.0000
vt 0.6000 0.0000 0.0000
vt 0.6000 1.0000 0.0000
vt 0.6500 0.0000 0.0000
vt 0.6500 1.0000 0.0000
vt 0.7000 0.0000 0.0000
vt 0.7000 1.0000 0.0000
vt 0.7500 0.0000 0.0000
vt 0.7500 1.0000 0.0000
vt 0.8000 0.0000 0.0000
vt 0.8000 1.0000 0.0000
vt 0.8500 0.0000 0.0000
vt 0.8500 1.0000 0.0000
vt 0.9000 0.0000 0.0000
vt 0.9000 1.0000 0.0000
vt 0.9500 0.0000 0.0000
vt 0.9500 1.0000 0.0000
# 80 texture coords

g Box002
f 2986/2269/2409 2987/2270/2410 2988/2271/2410 
f 2988/2271/2410 2989/2272/2409 2986/2269/2409 
f 2987/2270/2410 2990/2273/2411 2991/2274/2411 
f 2991/2274/2411 2988/2271/2410 2987/2270/2410 
f 2990/2273/2411 2992/2275/2412 2993/2276/2412 
f 2993/2276/2412 2991/2274/2411 2990/2273/2411 
f 2992/2275/2412 2994/2277/2413 2995/2278/2413 
f 2995/2278/2413 2993/2276/2412 2992/2275/2412 
f 2994/2277/2413 2996/2279/2414 2997/2280/2414 
f 2997/2280/2414 2995/2278/2413 2994/2277/2413 
f 2996/2279/2414 2998/2281/2415 2999/2282/2415 
f 2999/2282/2415 2997/2280/2414 2996/2279/2414 
f 2998/2281/2415 3000/2283/2416 3001/2284/2416 
f 3001/2284/2416 2999/2282/2415 2998/2281/2415 
f 3000/2283/2416 3002/2285/2417 3003/2286/2417 
f 3003/2286/2417 3001/2284/2416 3000/2283/2416 
f 3002/2285/2417 3004/2287/2418 3005/2288/2418 
f 3005/2288/2418 3003/2286/2417 3002/2285/2417 
f 3004/2287/2418 3006/2289/2419 3007/2290/2419 
f 3007/2290/2419 3005/2288/2418 3004/2287/2418 
f 3006/2289/2419 3008/2291/2420 3009/2292/2420 
f 3009/2292/2420 3007/2290/2419 3006/2289/2419 
f 3008/2291/2420 3010/2293/2421 3011/2294/2421 
f 3011/2294/2421 3009/2292/2420 3008/2291/2420 
f 3010/2293/2421 3012/2295/2422 3013/2296/2422 
f 3013/2296/2422 3011/2294/2421 3010/2293/2421 
f 3012/2295/2422 3014/2297/2423 3015/2298/2423 
f 3015/2298/2423 3013/2296/2422 3012/2295/2422 
f 3014/2297/2423 3016/2299/2424 3017/2300/2424 
f 3017/2300/2424 3015/2298/2423 3014/2297/2423 
f 3016/2299/2424 3018/2301/2425 3019/2302/2425 
f 3019/2302/2425 3017/2300/2424 3016/2299/2424 
f 3018/2301/2425 3020/2303/2426 3021/2304/2426 
f 3021/2304/2426 3019/2302/2425 3018/2301/2425 
f 3020/2303/2426 3022/2305/2427 3023/2306/2427 
f 3023/2306/2427 3021/2304/2426 3020/2303/2426 
f 3022/2305/2427 3024/2307/2428 3025/2308/2428 
f 3025/2308/2428 3023/2306/2427 3022/2305/2427 
f 3024/2307/2428 3026/2309/2429 3027/2310/2429 
f 3027/2310/2429 3025/2308/2428 3024/2307/2428 
f 3028/2272/2430 3029/2269/2430 3030/2270/2431 
f 3030/2270/2431 3031/2271/2431 3028/2272/2430 
f 3031/2271/2431 3030/2270/2431 3032/2273/2432 
f 3032/2273/2432 3033/2274/2432 3031/2271/2431 
f 3033/2274/2432 3032/2273/2432 3034/2275/2433 
f 3034/2275/2433 3035/2276/2433 3033/2274/2432 
f 3035/2276/2433 3034/2275/2433 3036/2277/2434 
f 3036/2277/2434 3037/2278/2434 3035/2276/2433 
f 3037/2278/2434 3036/2277/2434 3038/2279/2435 
f 3038/2279/2435 3039/2280/2435 3037/2278/2434 
f 3039/2280/2435 3038/2279/2435 3040/2281/2436 
f 3040/2281/2436 3041/2282/2436 3039/2280/2435 
f 3041/2282/2436 3040/2281/2436 3042/2283/2437 
f 3042/2283/2437 3043/2284/2437 3041/2282/2436 
f 3043/2284/2437 3042/2283/2437 3044/2285/2438 
f 3044/2285/2438 3045/2286/2438 3043/2284/2437 
f 3045/2286/2438 3044/2285/2438 3046/2287/2439 
f 3046/2287/2439 3047/2288/2439 3045/2286/2438 
f 3047/2288/2439 3046/2287/2439 3048/2289/2440 
f 3048/2289/2440 3049/2290/2440 3047/2288/2439 
f 3049/2290/2440 3048/2289/2440 3050/2291/2441 
f 3050/2291/2441 3051/2292/2441 3049/2290/2440 
f 3051/2292/2441 3050/2291/2441 3052/2293/2442 
f 3052/2293/2442 3053/2294/2442 3051/2292/2441 
f 3053/2294/2442 3052/2293/2442 3054/2295/2443 
f 3054/2295/2443 3055/2296/2443 3053/2294/2442 
f 3055/2296/2443 3054/2295/2443 3056/2297/2444 
f 3056/2297/2444 3057/2298/2444 3055/2296/2443 
f 3057/2298/2444 3056/2297/2444 3058/2299/2445 
f 3058/2299/2445 3059/2300/2445 3057/2298/2444 
f 3059/2300/2445 3058/2299/2445 3060/2301/2446 
f 3060/2301/2446 3061/2302/2446 3059/2300/2445 
f 3061/2302/2446 3060/2301/2446 3062/2303/2447 
f 3062/2303/2447 3063/2304/2447 3061/2302/2446 
f 3063/2304/2447 3062/2303/2447 3064/2305/2448 
f 3064/2305/2448 3065/2306/2448 3063/2304/2447 
f 3065/2306/2448 3064/2305/2448 3066/2307/2449 
f 3066/2307/2449 3067/2308/2449 3065/2306/2448 
f 3067/2308/2449 3066/2307/2449 3068/2309/2450 
f 3068/2309/2450 3069/2310/2450 3067/2308/2449 
f 2986/2272/2451 2989/2269/2451 3029/2309/2451 
f 3029/2309/2451 3028/2310/2451 2986/2272/2451 
f 2989/2272/2452 2988/2311/2453 3030/2312/2452 
f 3030/2312/2452 3029/2310/2452 2989/2272/2452 
f 2988/2311/2453 2991/2313/2453 3032/2314/2453 
f 3032/2314/2453 3030/2312/2452 2988/2311/2453 
f 2991/2313/2453 2993/2315/2452 3034/2316/2452 
f 3034/2316/2452 3032/2314/2453 2991/2313/2453 
f 2993/2315/2452 2995/2317/2453 3036/2318/2452 
f 3036/2318/2452 3034/2316/2452 2993/2315/2452 
f 2995/2317/2453 2997/2319/2452 3038/2320/2453 
f 3038/2320/2453 3036/2318/2452 2995/2317/2453 
f 2997/2319/2452 2999/2321/2452 3040/2322/2452 
f 3040/2322/2452 3038/2320/2453 2997/2319/2452 
f 2999/2321/2452 3001/2323/2453 3042/2324/2453 
f 3042/2324/2453 3040/2322/2452 2999/2321/2452 
f 3001/2323/2453 3003/2325/2453 3044/2326/2453 
f 3044/2326/2453 3042/2324/2453 3001/2323/2453 
f 3003/2325/2453 3005/2327/2453 3046/2328/2453 
f 3046/2328/2453 3044/2326/2453 3003/2325/2453 
f 3005/2327/2453 3007/2329/2453 3048/2330/2453 
f 3048/2330/2453 3046/2328/2453 3005/2327/2453 
f 3007/2329/2453 3009/2331/2452 3050/2332/2452 
f 3050/2332/2452 3048/2330/2453 3007/2329/2453 
f 3009/2331/2452 3011/2333/2453 3052/2334/2453 
f 3052/2334/2453 3050/2332/2452 3009/2331/2452 
f 3011/2333/2453 3013/2335/2453 3054/2336/2453 
f 3054/2336/2453 3052/2334/2453 3011/2333/2453 
f 3013/2335/2453 3015/2337/2453 3056/2338/2453 
f 3056/2338/2453 3054/2336/2453 3013/2335/2453 
f 3015/2337/2453 3017/2339/2453 3058/2340/2453 
f 3058/2340/2453 3056/2338/2453 3015/2337/2453 
f 3017/2339/2453 3019/2341/2453 3060/2342/2452 
f 3060/2342/2452 3058/2340/2453 3017/2339/2453 
f 3019/2341/2453 3021/2343/2452 3062/2344/2452 
f 3062/2344/2452 3060/2342/2452 3019/2341/2453 
f 3021/2343/2452 3023/2345/2453 3064/2346/2453 
f 3064/2346/2453 3062/2344/2452 3021/2343/2452 
f 3023/2345/2453 3025/2347/2453 3066/2348/2453 
f 3066/2348/2453 3064/2346/2453 3023/2345/2453 
f 3025/2347/2453 3027/2269/2453 3068/2309/2453 
f 3068/2309/2453 3066/2348/2453 3025/2347/2453 
f 3027/2272/2454 3026/2269/2454 3069/2309/2454 
f 3069/2309/2454 3068/2310/2454 3027/2272/2454 
f 3026/2272/2455 3024/2311/2455 3067/2312/2455 
f 3067/2312/2455 3069/2310/2455 3026/2272/2455 
f 3024/2311/2455 3022/2313/2455 3065/2314/2455 
f 3065/2314/2455 3067/2312/2455 3024/2311/2455 
f 3022/2313/2455 3020/2315/2455 3063/2316/2455 
f 3063/2316/2455 3065/2314/2455 3022/2313/2455 
f 3020/2315/2455 3018/2317/2455 3061/2318/2455 
f 3061/2318/2455 3063/2316/2455 3020/2315/2455 
f 3018/2317/2455 3016/2319/2455 3059/2320/2455 
f 3059/2320/2455 3061/2318/2455 3018/2317/2455 
f 3016/2319/2455 3014/2321/2455 3057/2322/2455 
f 3057/2322/2455 3059/2320/2455 3016/2319/2455 
f 3014/2321/2455 3012/2323/2455 3055/2324/2455 
f 3055/2324/2455 3057/2322/2455 3014/2321/2455 
f 3012/2323/2455 3010/2325/2455 3053/2326/2455 
f 3053/2326/2455 3055/2324/2455 3012/2323/2455 
f 3010/2325/2455 3008/2327/2455 3051/2328/2455 
f 3051/2328/2455 3053/2326/2455 3010/2325/2455 
f 3008/2327/2455 3006/2329/2455 3049/2330/2455 
f 3049/2330/2455 3051/2328/2455 3008/2327/2455 
f 3006/2329/2455 3004/2331/2455 3047/2332/2455 
f 3047/2332/2455 3049/2330/2455 3006/2329/2455 
f 3004/2331/2455 3002/2333/2455 3045/2334/2455 
f 3045/2334/2455 3047/2332/2455 3004/2331/2455 
f 3002/2333/2455 3000/2335/2455 3043/2336/2455 
f 3043/2336/2455 3045/2334/2455 3002/2333/2455 
f 3000/2335/2455 2998/2337/2455 3041/2338/2455 
f 3041/2338/2455 3043/2336/2455 3000/2335/2455 
f 2998/2337/2455 2996/2339/2455 3039/2340/2455 
f 3039/2340/2455 3041/2338/2455 2998/2337/2455 
f 2996/2339/2455 2994/2341/2455 3037/2342/2455 
f 3037/2342/2455 3039/2340/2455 2996/2339/2455 
f 2994/2341/2455 2992/2343/2455 3035/2344/2455 
f 3035/2344/2455 3037/2342/2455 2994/2341/2455 
f 2992/2343/2455 2990/2345/2455 3033/2346/2455 
f 3033/2346/2455 3035/2344/2455 2992/2343/2455 
f 2990/2345/2455 2987/2347/2455 3031/2348/2455 
f 3031/2348/2455 3033/2346/2455 2990/2345/2455 
f 2987/2347/2455 2986/2269/2455 3028/2309/2455 
f 3028/2309/2455 3031/2348/2455 2987/2347/2455 
# 164 faces

